Id,Shape,Weight,Clarity,Colour,Cut,Polish,Symmetry,Fluorescence,Price,Length,Width,Depth
1638147,CUSHION,0.5498047,SI2,E,EX,EX,VG,N,1378.65,5.0507812,4.3515625,2.9394531
1630155,CUSHION,0.5,VVS1,FANCY,EX,EX,VG,F,1379.74,4.6015625,4.3085938,2.9199219
1612606,CUSHION,0.5097656,VS2,H,EX,EX,VG,N,1380.19,4.7109375,4.3515625,2.9394531
1638140,CUSHION,0.5,VS2,H,EX,EX,VG,N,1380.61,4.9101562,4.2617188,2.8808594
1536093,CUSHION,0.52978516,SI1,D,EX,VG,VG,N,1383.13,4.6992188,4.4609375,3.0097656
1643527,CUSHION,0.52001953,VVS1,I,EX,EX,VG,N,1384.24,4.7617188,4.421875,2.9902344
1796907,CUSHION,0.5097656,VS2,I,EX,EX,VG,F,1385.26,5.1601562,4.2109375,2.8496094
1636092,CUSHION,0.5,SI1,E,VG,EX,VG,N,1385.91,4.9101562,4.171875,2.9003906
1771074,CUSHION,0.5,VVS2,I,EX,EX,VG,N,1385.94,4.4804688,4.3789062,3.0390625
1756392,CUSHION,0.5097656,SI1,I,EX,EX,EX,N,1387.05,4.5507812,4.5,3.0195312
1648845,CUSHION,0.5,SI1,D,EX,EX,GD,N,1389.25,4.890625,4.2382812,2.8398438
1766801,CUSHION,0.5,VS1,I,EX,EX,VG,N,1390.19,5.0507812,4.2109375,2.8300781
1631332,CUSHION,0.5498047,VVS1,I,EX,EX,VG,N,1391.02,4.6914062,4.5,3.0390625
1639565,CUSHION,0.5498047,VS1,H,EX,EX,EX,ST,1392.9,4.78125,4.5195312,3.0390625
1608375,CUSHION,0.91015625,SI1,M,EX,EX,EX,F,1393.76,6.0898438,5.109375,3.4707031
1623506,CUSHION,0.52001953,VS1,H,EX,EX,VG,M,1319.56,4.640625,4.4804688,3.0292969
1593561,CUSHION,0.5,VVS1,I,EX,EX,VG,N,1320.14,4.6289062,4.328125,2.9199219
1612588,CUSHION,0.70996094,VS1,K,EX,EX,VG,N,1320.7,5.7304688,4.7109375,3.1992188
200715-197,CUSHION,1.1201172,I3,FANCY,EX,VG,VG,F,1323.08,6.0117188,5.640625,3.8300781
1665793,CUSHION,0.5097656,VVS2,I,EX,EX,VG,N,1324.64,4.53125,4.4296875,3.0
200538-94,CUSHION,1.0,I1,W-X,EX,VG,GD,F,1325.01,6.5117188,5.3085938,3.2695312
1605155,CUSHION,0.52001953,VVS1,I,EX,EX,VG,N,1326.87,4.6914062,4.46875,3.0292969
1704922,CUSHION,0.72021484,VS2,FANCY,EX,EX,EX,F,1328.48,5.2109375,4.8710938,3.2109375
1608393,CUSHION,0.8198242,VS1,M,EX,EX,EX,M,1329.81,5.2304688,5.1992188,3.5292969
1597343,CUSHION,0.72021484,IF,Y-Z,EX,EX,GD,N,1330.5,5.0898438,4.8710938,3.2890625
1771082,CUSHION,0.5,SI2,H,EX,EX,VG,N,1330.91,5.1289062,4.1210938,2.7792969
1777340,CUSHION,0.5,SI2,E,EX,EX,VG,N,1331.01,4.671875,4.28125,2.9003906
1638113,CUSHION,0.7998047,SI1,N,EX,EX,VG,M,1332.09,5.46875,4.96875,3.3808594
1787775,CUSHION,0.52001953,SI1,I,EX,EX,VG,N,1332.82,4.6210938,4.3984375,2.9902344
1799601,CUSHION,0.52978516,VS1,J,EX,EX,EX,N,1422.74,4.6992188,4.4492188,3.0097656
1622628,CUSHION,0.5097656,VS1,FANCY,EX,VG,VG,F,1424.23,4.6210938,4.4804688,2.9707031
1667155,CUSHION,0.52978516,VS1,I,EX,EX,VG,N,1424.37,5.1914062,4.2890625,2.9003906
1775168,CUSHION,0.5,VS2,E,EX,EX,VG,M,1429.01,5.0117188,4.28125,2.7890625
1615073,CUSHION,0.52001953,VVS1,I,EX,EX,VG,N,1430.13,4.5703125,4.46875,3.0292969
1795575,CUSHION,0.5,VS2,F,VG,EX,EX,ST,1436.5,4.7617188,4.1992188,2.9394531
1589370,CUSHION,0.75,VS1,L,EX,EX,VG,F,1437.68,5.6992188,4.78125,3.2304688
1757200,CUSHION,0.5,VS2,H,VG,EX,VG,N,1439.96,4.9609375,4.2109375,2.8691406
1648815,CUSHION,0.9399414,SI1,M,VG,EX,VG,F,1441.31,5.8710938,5.1796875,3.609375
1506838,CUSHION,0.7001953,SI1,I,EX,EX,VG,N,1444.75,5.28125,4.8085938,3.2597656
1648843,CUSHION,0.5498047,VS2,H,EX,EX,VG,N,1445.15,5.3398438,4.2695312,2.859375
1665798,CUSHION,0.5,VS2,G,EX,EX,VG,F,1447.35,4.4882812,4.4609375,3.0097656
200702-562,CUSHION,1.0800781,SI1,FANCY,EX,VG,VG,N,1447.51,5.9492188,5.5703125,3.7597656
1777334,CUSHION,0.5,VS2,G,VG,EX,GD,N,1450.02,4.7695312,4.3203125,2.8496094
1796895,CUSHION,0.5,VS1,I,EX,EX,VG,N,1450.05,4.6914062,4.3398438,2.9199219
1549891,CUSHION,0.72021484,I1,FANCY,EX,VG,GD,M,1054.14,5.5507812,4.671875,3.1699219
1779754,CUSHION,0.4399414,SI1,D,EX,VG,GD,M,1059.29,4.9492188,4.0,2.6796875
1769463,CUSHION,0.39990234,VS2,I,EX,EX,VG,N,1065.38,4.78125,3.890625,2.640625
1798209,CUSHION,0.5498047,VS2,O-P,EX,EX,EX,N,1067.66,4.6289062,4.5703125,3.0996094
1795587,CUSHION,0.4099121,SI1,F,EX,EX,VG,N,1071.87,4.6601562,3.9804688,2.640625
1799605,CUSHION,0.3100586,VVS1,E,EX,EX,VG,N,1072.54,3.9492188,3.7792969,2.5292969
1622484,CUSHION,0.5498047,VVS1,K,EX,EX,VG,N,1075.21,4.7382812,4.4804688,3.0390625
1632732,CUSHION,0.7001953,VS2,N,EX,EX,VG,M,1078.14,5.2304688,4.75,3.2207031
1786432,CUSHION,0.39990234,VS1,I,EX,EX,VG,N,1078.32,4.25,4.0585938,2.7402344
1629717,CUSHION,0.6098633,VVS1,Y-Z,EX,EX,VG,N,1087.25,4.6601562,4.6015625,3.109375
1605151,CUSHION,0.75,SI1,K,EX,EX,VG,N,1087.54,5.5898438,4.8515625,3.2695312
1787776,CUSHION,0.52001953,SI1,K,EX,VG,VG,F,1094.65,4.6992188,4.4101562,2.9707031
1696747,CUSHION,0.58984375,SI2,F,EX,EX,VG,N,1094.8,4.96875,4.53125,3.0605469
1595358,CUSHION,0.5,VS2,FANCY,EX,EX,GD,N,1103.97,4.3085938,4.2890625,2.9101562
210106-130,CUSHION,1.0195312,SI1,FANCY,EX,EX,EX,F,1105.68,6.5117188,5.28125,3.5800781
1638138,CUSHION,0.5097656,VS1,J,EX,EX,VG,N,1199.41,4.9804688,4.25,2.8496094
1642243,CUSHION,0.75,VVS2,L,VG,EX,GD,ST,1205.7,5.2890625,4.9414062,3.4492188
1565348,CUSHION,0.52001953,VVS1,FANCY,EX,EX,VG,M,1207.12,4.46875,4.328125,2.9394531
1615092,CUSHION,0.52001953,SI1,I,EX,EX,VG,F,1211.61,4.7695312,4.4296875,2.9902344
1762719,CUSHION,0.64990234,VVS2,S-T,EX,EX,EX,M,1212.41,5.0,4.640625,3.1503906
1619470,CUSHION,0.52978516,VVS2,J,EX,EX,VG,N,1213.74,4.5898438,4.4492188,3.0097656
1574492,CUSHION,0.5698242,SI1,FANCY,EX,EX,GD,M,1214.05,4.828125,4.5585938,3.0800781
1648838,CUSHION,0.5,VS1,I,EX,EX,VG,M,1214.62,4.4414062,4.4296875,3.0097656
1669449,CUSHION,0.5,VVS2,J,EX,EX,VG,M,1215.54,4.5507812,4.3984375,2.9804688
1793049,CUSHION,0.4699707,SI1,F,EX,EX,GD,N,1217.29,4.9296875,4.1601562,2.7890625
1593546,CUSHION,0.5,SI1,E,EX,VG,GD,N,1226.85,5.1289062,4.1289062,2.8007812
1636055,CUSHION,0.70996094,VS2,N,EX,EX,EX,N,1230.89,5.8007812,4.640625,3.1503906
1667164,CUSHION,0.5,VS2,I,EX,EX,VG,F,1231.96,4.4414062,4.421875,2.9804688
1628224,CUSHION,0.89990234,SI1,M,EX,EX,EX,ST,1237.55,5.6210938,5.2695312,3.5605469
1601290,CUSHION,0.5,SI1,FANCY,EX,EX,VG,F,1241.42,4.4414062,4.4101562,2.9492188
1794071,CUSHION,0.5097656,SI1,J,EX,EX,VG,N,1286.16,4.6992188,4.3710938,2.9707031
1664763,CUSHION,0.5600586,SI2,FANCY,EX,GD,GD,F,1286.93,4.71875,4.4296875,3.0
1651013,CUSHION,0.52001953,VVS1,I,EX,EX,VG,F,1292.65,4.6015625,4.4882812,3.0292969
1790074,CUSHION,0.41992188,VVS1,FANCY,EX,EX,GD,M,1293.39,4.2382812,4.1601562,2.6796875
1593490,CUSHION,0.89990234,SI2,M,VG,EX,VG,F,1295.14,5.9101562,5.0507812,3.5195312
1549897,CUSHION,0.60009766,VVS1,FANCY,EX,EX,VG,M,1298.13,4.6601562,4.6210938,3.1308594
1786431,CUSHION,0.5097656,SI1,H,EX,EX,EX,ST,1299.02,4.5703125,4.4492188,2.9804688
1615085,CUSHION,0.5,VS1,H,VG,EX,VG,N,1301.12,4.890625,4.25,2.8496094
1654061,CUSHION,0.7001953,SI1,L,EX,EX,VG,N,1303.27,5.3085938,4.828125,3.2695312
1630158,CUSHION,0.5,SI1,FANCY,EX,VG,GD,F,1303.67,4.5703125,4.3515625,2.8808594
1636033,CUSHION,0.85009766,VS2,M,EX,EX,EX,ST,1311.39,6.1210938,4.8984375,3.3398438
1795583,CUSHION,0.5,SI1,I,EX,EX,VG,F,1313.99,4.9296875,4.2617188,2.8496094
1608410,CUSHION,0.70996094,VVS2,L,VG,EX,VG,N,1315.61,5.0390625,4.8203125,3.3691406
1767817,CUSHION,0.5,SI1,F,VG,VG,GD,N,1315.83,4.96875,4.2109375,2.8105469
1657715,CUSHION,0.5,SI1,G,EX,VG,VG,F,1317.62,4.7109375,4.2890625,2.9003906
1765489,CUSHION,0.5,VS2,F,VG,EX,EX,N,1584.58,4.7109375,4.2382812,2.9492188
1765494,CUSHION,0.5097656,VS2,H,EX,EX,VG,N,1586.1,5.0117188,4.3085938,2.8398438
1761480,CUSHION,0.5097656,VS2,H,EX,EX,VG,N,1586.1,4.921875,4.2617188,2.890625
1776164,CUSHION,0.5498047,SI1,E,EX,EX,EX,N,1587.37,4.8398438,4.4609375,3.0195312
1796900,CUSHION,0.5,VS2,F,VG,EX,VG,N,1587.87,4.53125,4.3710938,3.0390625
1665802,CUSHION,0.58984375,SI1,H,EX,EX,VG,N,1588.29,5.1796875,4.4882812,3.0507812
1790062,CUSHION,0.7001953,SI2,FANCY,EX,EX,GD,N,1588.43,4.7890625,4.7890625,3.25
1786430,CUSHION,0.52978516,SI1,F,EX,EX,VG,N,1588.5,4.7304688,4.390625,2.9804688
1776163,CUSHION,0.5,VS2,G,EX,EX,VG,N,1590.29,4.9414062,4.2382812,2.7890625
1756387,CUSHION,0.5,VS1,H,EX,EX,EX,N,1590.29,4.5585938,4.3789062,2.9707031
1796898,CUSHION,0.5,VS2,E,EX,EX,VG,F,1591.24,4.9101562,4.1914062,2.8398438
1781169,CUSHION,0.5,VS2,E,VG,EX,VG,N,1591.24,4.7382812,4.390625,2.859375
1658912,CUSHION,0.5097656,VVS1,G,EX,VG,VG,F,1592.88,4.9882812,4.2617188,2.8808594
1771075,CUSHION,0.5,VS1,E,EX,EX,VG,F,1593.89,4.9296875,4.2382812,2.8496094
1765493,CUSHION,0.5,VS2,G,EX,EX,VG,N,1594.52,4.859375,4.2109375,2.8496094
1771083,CUSHION,0.42993164,SI1,M,EX,EX,VG,M,683.22,4.3789062,4.3398438,2.7207031
1524552,CUSHION,0.52001953,VS1,S-T,EX,EX,VG,M,718.92,4.5507812,4.3789062,2.9707031
1651023,CUSHION,0.5,SI1,M,EX,EX,VG,F,725.32,4.859375,4.2304688,2.8691406
1632749,CUSHION,0.5,VS2,M,VG,EX,GD,N,771.13,4.5117188,4.46875,2.9804688
1660174,CUSHION,0.5,VVS2,M,EX,EX,VG,F,772.88,4.9414062,4.2695312,2.8808594
1784948,CUSHION,0.39990234,VS2,K,VG,EX,VG,M,795.69,4.5117188,3.8496094,2.6796875
1755000,CUSHION,0.3400879,SI1,FANCY,EX,VG,VG,M,803.43,4.03125,3.8808594,2.6699219
1602072,CUSHION,0.58984375,VS2,U-V,VG,EX,GD,N,807.91,4.640625,4.5703125,3.1894531
1652706,CUSHION,0.5097656,SI1,N,EX,EX,VG,F,816.68,4.921875,4.2695312,2.890625
1606825,CUSHION,0.5,VVS1,L,VG,EX,VG,ST,822.17,4.71875,4.2304688,2.9492188
1639567,CUSHION,0.5,VS1,K,VG,EX,VG,F,830.89,4.6992188,4.2382812,2.9296875
1619473,CUSHION,0.5097656,VS1,L,VG,EX,GD,N,839.64,4.6914062,4.3203125,2.9492188
1667158,CUSHION,0.5,VS1,M,VG,EX,VG,F,840.29,4.9101562,4.1914062,2.890625
1629722,CUSHION,0.6098633,SI2,Y-Z,EX,EX,FR,F,847.83,4.8203125,4.71875,3.0898438
1575622,CUSHION,0.52001953,SI1,L,EX,EX,VG,N,869.06,5.0195312,4.2304688,2.8808594
1619461,CUSHION,0.7998047,VS2,M,EX,EX,EX,N,1358.39,5.421875,5.0507812,3.4199219
1651870,CUSHION,0.5097656,SI1,FANCY,EX,EX,VG,N,1358.98,5.0117188,4.1210938,2.7890625
1798203,CUSHION,0.5,VS1,J,EX,EX,VG,N,1361.35,4.9296875,4.2617188,2.8691406
1671479,CUSHION,0.5,SI2,F,EX,EX,GD,N,1363.32,4.6210938,4.4609375,2.9707031
1651867,CUSHION,0.5097656,VS2,FANCY,EX,GD,GD,N,1364.27,4.75,4.28125,2.9003906
1642264,CUSHION,0.5,VS2,H,EX,EX,VG,N,1365.18,4.96875,4.2382812,2.8691406
1652701,CUSHION,0.52978516,VS1,I,EX,EX,VG,N,1365.72,4.7109375,4.5117188,3.0390625
1651019,CUSHION,0.5,VS2,H,EX,VG,VG,F,1366.08,4.609375,4.4296875,2.9492188
1665795,CUSHION,0.5097656,VS1,I,EX,EX,EX,M,1373.97,4.6289062,4.4296875,2.9707031
1759261,CUSHION,0.5,SI1,G,EX,VG,VG,N,1374.14,5.03125,4.171875,2.8300781
1741865,CUSHION,0.5,SI1,G,EX,EX,VG,N,1374.14,5.0585938,4.2304688,2.8398438
1643525,CUSHION,0.52001953,IF,I,EX,EX,VG,N,1374.36,5.078125,4.3085938,2.8691406
1672858,CUSHION,0.5,VS2,I,EX,EX,VG,N,1377.17,4.5195312,4.3515625,2.9296875
1795584,CUSHION,0.5,SI1,I,EX,EX,EX,F,1377.4,4.6992188,4.2695312,2.9003906
1787774,CUSHION,0.5,SI1,G,VG,EX,GD,N,1378.21,4.4296875,4.3984375,3.0703125
1794066,CUSHION,0.52001953,SI1,E,EX,EX,EX,F,1607.14,4.8203125,4.421875,2.890625
1794065,CUSHION,0.52001953,VS2,H,EX,EX,VG,F,1607.14,4.6210938,4.4804688,3.0097656
1761479,CUSHION,0.5,VS2,G,EX,VG,VG,N,1607.19,4.578125,4.390625,2.9609375
1619459,CUSHION,0.7998047,VVS2,K,VG,VG,VG,N,1607.28,5.25,5.078125,3.5195312
1767816,CUSHION,0.52001953,VS2,E,EX,EX,EX,F,1607.9,4.9609375,4.3085938,2.8300781
200772-70,CUSHION,1.0195312,SI2,L,EX,EX,EX,M,1609.43,6.2695312,5.4296875,3.6308594
1771077,CUSHION,0.5,VS2,G,EX,EX,VG,N,1609.73,4.5898438,4.3789062,2.9707031
1761477,CUSHION,0.5,VS1,F,EX,VG,VG,N,1610.67,4.859375,4.21875,2.8496094
1692232,CUSHION,0.89990234,VS2,FANCY,EX,EX,VG,N,1611.08,6.0390625,5.0898438,3.4199219
1790072,CUSHION,0.5600586,SI2,FANCY,EX,EX,GD,F,1611.85,4.5585938,4.46875,3.1191406
1786416,CUSHION,0.7001953,VS1,K,VG,EX,GD,N,1612.09,4.921875,4.828125,3.3691406
1612587,CUSHION,0.7597656,VS1,K,EX,EX,VG,N,1612.64,5.3515625,5.0117188,3.3808594
1798206,CUSHION,0.5,VS2,E,EX,EX,GD,N,1613.14,4.921875,4.25,2.8203125
1615611,CUSHION,0.6298828,VVS1,FANCY,EX,EX,VG,M,1615.89,5.1601562,4.8984375,3.0
1790975,CUSHION,0.52978516,VVS1,H,EX,EX,EX,F,1616.37,4.671875,4.53125,3.0507812
1591217,CUSHION,0.5097656,VS2,H,EX,EX,VG,N,1335.2,4.859375,4.21875,2.8691406
1634088,CUSHION,0.5,VS2,H,EX,EX,GD,N,1339.21,4.53125,4.46875,2.9804688
1602053,CUSHION,0.72021484,SI2,H,EX,EX,VG,N,1339.21,5.5507812,4.7890625,3.25
1608451,CUSHION,0.5097656,SI1,H,EX,EX,EX,N,1339.58,4.7382812,4.3203125,2.9394531
1774086,CUSHION,0.5,VS2,H,EX,VG,VG,ST,1341.05,4.8710938,4.171875,2.8300781
1755526,CUSHION,0.48999023,VS2,F,VG,EX,GD,N,1345.05,4.640625,4.421875,3.0195312
1750154,CUSHION,0.5097656,SI1,H,EX,EX,VG,N,1349.01,5.1992188,4.171875,2.7304688
1762711,CUSHION,0.75,VS2,W-X,EX,EX,VG,N,1349.47,5.2890625,4.8515625,3.3007812
1786419,CUSHION,0.52001953,VVS1,J,EX,EX,VG,N,1349.52,5.078125,4.25,2.8808594
1776159,CUSHION,0.7001953,VVS1,W-X,VG,EX,VG,N,1350.65,4.7382812,4.6992188,3.3691406
1612597,CUSHION,0.5097656,VVS1,I,EX,EX,VG,N,1352.82,4.7304688,4.3203125,2.9199219
1642263,CUSHION,0.5097656,VS2,H,EX,EX,VG,F,1352.98,4.78125,4.3710938,2.9394531
1667149,CUSHION,0.52001953,VVS1,I,EX,EX,VG,F,1354.57,4.71875,4.4414062,3.0
1565346,CUSHION,0.5498047,VVS2,FANCY,EX,EX,VG,N,1357.61,4.921875,4.390625,2.9199219
1638144,CUSHION,0.5,SI1,E,EX,EX,VG,N,1358.27,5.0507812,4.2617188,2.7890625
1765487,CUSHION,0.5,VS2,E,EX,EX,EX,M,1489.94,4.859375,4.4804688,2.8398438
1794072,CUSHION,0.45996094,VVS2,D,EX,EX,VG,F,1490.97,4.7617188,4.0898438,2.8203125
1796894,CUSHION,0.5,VS1,H,GD,EX,VG,N,1491.53,4.46875,4.2695312,3.0507812
1639573,CUSHION,0.52978516,SI1,E,EX,EX,VG,N,1495.95,5.0117188,4.3203125,2.9296875
1639570,CUSHION,0.5600586,VS2,G,EX,EX,VG,F,1497.14,5.078125,4.390625,2.9707031
1798198,CUSHION,0.5,VVS2,H,EX,EX,VG,F,1498.19,4.921875,4.2617188,2.8398438
1660170,CUSHION,0.70996094,VS1,K,EX,EX,EX,F,1498.58,5.0,5.0,3.390625
1660159,CUSHION,0.89990234,SI2,M,EX,EX,EX,F,1499.06,5.4804688,5.3515625,3.640625
1636088,CUSHION,0.52001953,VS2,F,EX,EX,VG,N,1499.35,5.0195312,4.3710938,2.9394531
1746040,CUSHION,0.5,VS1,H,EX,EX,VG,N,1502.48,4.46875,4.4296875,3.0
1665799,CUSHION,0.5,SI1,F,EX,EX,VG,N,1502.54,4.8789062,4.2304688,2.8496094
1572837,CUSHION,0.58984375,VS2,FANCY,VG,VG,GD,M,1502.6,4.6914062,4.5117188,3.0800781
1762708,CUSHION,0.77978516,VS1,U-V,EX,EX,VG,M,1507.24,5.2617188,5.1914062,3.1894531
1769458,CUSHION,0.52978516,VVS1,I,EX,EX,EX,N,1509.58,4.6601562,4.4804688,3.0292969
1657712,CUSHION,0.5,VS1,H,EX,EX,EX,N,1511.28,4.71875,4.3203125,2.9394531
1595359,CUSHION,0.60009766,VS1,FANCY,EX,EX,VG,M,1450.63,5.0390625,4.53125,3.0292969
1798211,CUSHION,0.5,SI1,G,EX,EX,VG,N,1451.86,4.671875,4.390625,2.9609375
1740241,CUSHION,0.5097656,SI1,G,EX,EX,EX,N,1453.32,4.75,4.328125,2.9296875
1663199,CUSHION,0.5,VS1,G,EX,EX,VG,M,1453.33,4.4804688,4.359375,2.9609375
1667150,CUSHION,0.52001953,VVS2,I,EX,EX,EX,N,1457.11,4.7617188,4.3515625,2.9296875
1762718,CUSHION,0.5097656,VVS2,I,EX,EX,EX,N,1457.64,5.0117188,4.2382812,2.8691406
201235-207,CUSHION,1.0,SI2,L,EX,EX,EX,N,1458.21,5.8398438,5.5507812,3.75
1639559,CUSHION,0.7001953,SI1,J,EX,EX,GD,N,1458.27,5.1914062,4.859375,3.3007812
1767814,CUSHION,0.5,VS1,H,VG,EX,VG,F,1459.48,4.9296875,4.2109375,2.9003906
1667141,CUSHION,0.8100586,SI2,L,EX,EX,EX,F,1462.03,5.46875,5.3007812,3.5
1651017,CUSHION,0.5,VS2,F,VG,EX,VG,N,1462.04,4.7695312,4.3789062,2.890625
1599891,CUSHION,0.7998047,SI1,K,VG,EX,EX,N,1462.09,5.171875,5.109375,3.5605469
1756389,CUSHION,0.5,SI1,E,EX,EX,EX,N,1462.71,4.8398438,4.2109375,2.8496094
1640841,CUSHION,0.89990234,SI1,L,GD,EX,EX,N,1463.08,5.2382812,5.2304688,3.7597656
1650992,CUSHION,0.7998047,VVS2,L,VG,EX,VG,F,1463.46,5.3203125,5.0703125,3.5292969
1651872,CUSHION,0.5,SI2,FANCY,EX,VG,GD,F,1108.29,4.5,4.359375,2.8398438
1608437,CUSHION,0.5,VVS2,J,EX,EX,VG,N,1127.33,4.7109375,4.328125,2.9394531
1657713,CUSHION,0.5097656,VS1,J,EX,EX,VG,M,1129.73,4.7617188,4.3710938,2.9609375
1606855,CUSHION,0.5097656,VS2,J,EX,EX,EX,N,1131.6,4.6015625,4.4296875,3.0
1781759,CUSHION,0.5,SI1,FANCY,EX,EX,VG,F,1133.99,4.671875,4.2304688,2.9492188
1615090,CUSHION,0.5,VS2,J,EX,VG,VG,N,1136.92,4.5195312,4.421875,2.9804688
1656380,CUSHION,0.5,SI2,J,EX,EX,VG,N,1137.73,4.7617188,4.328125,2.890625
1781168,CUSHION,0.5,VS1,W-X,EX,EX,VG,N,1142.44,4.78125,4.3789062,2.9394531
1667156,CUSHION,0.5,VS1,I,VG,EX,VG,N,1142.87,4.46875,4.3203125,2.9902344
1668185,CUSHION,0.5,VVS1,J,EX,EX,VG,ST,1142.87,4.96875,4.1796875,2.8496094
1610237,CUSHION,0.52001953,SI1,FANCY,EX,VG,VG,ST,1142.98,4.6015625,4.3984375,2.9902344
1591185,CUSHION,0.91015625,SI2,N,EX,EX,VG,F,1143.58,5.4492188,5.421875,3.640625
1594991,CUSHION,0.7597656,SI1,M,EX,EX,EX,N,1148.68,5.2109375,5.109375,3.4296875
111000-5962,CUSHION,1.0097656,I2,FANCY,EX,VG,VG,N,1155.27,5.890625,5.6289062,3.5292969
1745020,CUSHION,0.7001953,VVS2,W-X,EX,EX,VG,N,1156.64,5.1015625,4.71875,3.1992188
1663189,CUSHION,0.7998047,VS2,K,VG,EX,VG,N,1594.88,5.5898438,4.890625,3.3691406
1651862,CUSHION,0.5600586,VVS1,FANCY,EX,EX,VG,N,1595.8,4.640625,4.4882812,3.0195312
1654410,CUSHION,0.5600586,VVS2,FANCY,EX,EX,VG,F,1597.73,4.859375,4.5507812,2.9296875
200376-372,CUSHION,1.2001953,SI2,U-V,GD,EX,VG,F,1599.33,6.4296875,5.390625,3.8496094
1786427,CUSHION,0.52001953,VS2,H,EX,EX,VG,N,1600.87,5.21875,4.2617188,2.8398438
1773470,CUSHION,0.7001953,SI2,J,EX,EX,VG,F,1601.56,5.078125,4.9492188,3.3300781
1660166,CUSHION,0.8198242,VS2,L,EX,VG,EX,M,1603.42,5.4414062,5.171875,3.5097656
1640852,CUSHION,0.7001953,SI2,H,VG,EX,VG,N,1603.54,5.2304688,4.71875,3.2890625
1642252,CUSHION,0.7001953,SI2,J,VG,EX,EX,N,1604.51,5.171875,4.78125,3.2890625
1629716,CUSHION,0.7001953,SI2,H,EX,EX,VG,N,1604.7,5.2304688,4.828125,3.2792969
1765490,CUSHION,0.5,VS2,F,EX,EX,VG,N,1604.79,4.9882812,4.28125,2.8691406
1616434,CUSHION,0.52978516,IF,G,EX,EX,VG,F,1604.91,4.5585938,4.5117188,3.0605469
1790073,CUSHION,0.52001953,I1,FANCY,EX,VG,GD,N,1605.23,4.78125,4.2617188,2.8808594
1790980,CUSHION,0.60009766,SI1,H,EX,EX,EX,F,1605.5,5.2109375,4.53125,3.0605469
1667154,CUSHION,0.58984375,VS1,I,EX,VG,VG,N,1606.66,4.8085938,4.6210938,3.1308594
1782544,CUSHION,0.52001953,VVS2,H,EX,EX,EX,N,1621.05,4.7695312,4.4101562,2.9707031
1622625,CUSHION,0.7001953,I1,FANCY,EX,EX,VG,N,1623.88,5.1015625,4.6914062,3.2597656
1667161,CUSHION,0.5,VS2,E,VG,EX,VG,N,1624.52,4.6992188,4.2382812,2.9492188
1550932,CUSHION,0.89990234,SI2,K,EX,EX,EX,ST,1626.73,5.609375,5.3085938,3.5898438
1656373,CUSHION,0.5097656,VS1,G,EX,EX,EX,N,1627.21,4.7617188,4.328125,2.9394531
203202-238,CUSHION,1.0097656,SI1,FANCY,EX,EX,GD,F,1628.78,5.7695312,5.5117188,3.75
1612604,CUSHION,0.5097656,VS2,G,EX,EX,EX,N,1628.99,4.6796875,4.3710938,2.9492188
1639563,CUSHION,0.5,VS1,E,EX,EX,GD,F,1630.65,5.0390625,4.171875,2.8300781
1796243,CUSHION,0.60009766,SI1,FANCY,EX,VG,VG,N,1630.85,4.8007812,4.5507812,3.0800781
1576905,CUSHION,0.60009766,VS2,FANCY,GD,VG,GD,ST,1633.21,4.2109375,5.1601562,3.0507812
1634081,CUSHION,0.72021484,VS2,J,EX,EX,VG,F,1634.37,5.53125,4.8085938,3.2597656
1794059,CUSHION,0.5,VS2,E,EX,EX,VG,N,1635.95,4.9609375,4.2890625,2.7890625
1794058,CUSHION,0.5,VS2,E,VG,EX,VG,N,1635.95,4.8203125,4.140625,2.8691406
1584399,CUSHION,0.7001953,SI2,H,EX,EX,VG,F,1638.4,5.2382812,4.8398438,3.2890625
1774085,CUSHION,0.52001953,VS2,G,EX,EX,VG,N,1640.38,4.5898438,4.390625,2.9804688
1634086,CUSHION,0.5097656,VS1,F,EX,EX,VG,N,1555.63,4.7304688,4.3085938,2.9199219
1760317,CUSHION,0.5,VS2,F,VG,EX,VG,N,1555.8,4.8085938,4.1796875,2.9003906
1605429,CUSHION,0.6098633,VS1,FANCY,EX,GD,VG,F,1556.58,4.828125,4.671875,3.1796875
1640849,CUSHION,0.7001953,SI2,E,GD,EX,VG,N,1558.52,5.21875,4.671875,3.3398438
1642257,CUSHION,0.52978516,VS1,G,EX,EX,VG,N,1560.02,5.03125,4.3515625,2.9199219
1665784,CUSHION,0.7001953,VVS2,K,VG,EX,VG,F,1562.27,5.0507812,4.859375,3.390625
1786425,CUSHION,0.5097656,VS2,D,VG,EX,EX,M,1563.76,4.4492188,4.390625,3.0507812
1759259,CUSHION,0.5,VS1,E,EX,EX,EX,M,1564.23,4.390625,4.359375,2.9609375
1669447,CUSHION,0.89990234,SI1,M,EX,EX,VG,F,1565.85,5.640625,5.390625,3.5996094
1786423,CUSHION,0.5,VS1,H,VG,EX,VG,N,1565.95,4.390625,4.3710938,3.0195312
1722047,CUSHION,0.7001953,SI1,J,EX,EX,VG,N,1566.21,5.4414062,4.71875,3.1992188
1574487,CUSHION,0.8100586,I1,FANCY,EX,VG,VG,F,1567.03,5.4804688,5.1015625,3.4003906
1654412,CUSHION,0.5097656,VVS2,FANCY,EX,EX,GD,N,1567.08,4.5585938,4.3710938,2.9609375
1640845,CUSHION,0.8100586,SI1,L,EX,EX,EX,F,1568.43,6.0703125,4.859375,3.2792969
1795582,CUSHION,0.58984375,SI1,H,EX,EX,VG,N,1570.42,5.3398438,4.3398438,2.9492188
1766803,CUSHION,0.52001953,VS2,G,EX,EX,GD,N,1526.14,4.5117188,4.46875,3.0292969
1795578,CUSHION,0.52001953,SI1,E,EX,EX,VG,N,1527.1,5.0117188,4.3007812,2.9199219
1616435,CUSHION,0.5097656,VVS2,G,EX,EX,VG,N,1528.28,4.9492188,4.2890625,2.890625
1782548,CUSHION,0.5,VS2,F,VG,EX,VG,N,1529.65,4.890625,4.171875,2.9199219
1654411,CUSHION,0.52978516,VVS2,FANCY,EX,VG,GD,M,1530.67,4.6210938,4.5195312,2.9394531
1774084,CUSHION,0.5,VS1,H,EX,EX,VG,N,1531.28,4.6210938,4.359375,2.9609375
1776162,CUSHION,0.5,VS1,F,EX,EX,VG,M,1533.78,4.578125,4.4101562,2.9394531
1791719,CUSHION,0.5,VS2,H,VG,EX,EX,N,1533.84,4.46875,4.3789062,3.0097656
1632725,CUSHION,0.70996094,VVS2,K,EX,EX,VG,N,1534.18,5.1210938,4.890625,3.2695312
1651868,CUSHION,0.5097656,VS2,FANCY,EX,EX,GD,N,1534.45,4.6289062,4.421875,2.9394531
201162-344,CUSHION,1.0,SI1,M,VG,EX,VG,F,1534.49,6.2382812,5.2695312,3.6601562
1778456,CUSHION,0.7001953,SI1,J,VG,EX,VG,N,1537.65,5.3515625,4.7304688,3.2890625
1782551,CUSHION,0.52978516,VS2,H,EX,VG,VG,N,1541.11,5.0,4.328125,2.9394531
1787769,CUSHION,0.52001953,SI1,E,EX,EX,EX,N,1542.87,4.7304688,4.4492188,3.0097656
1606849,CUSHION,0.5,VS2,G,EX,EX,EX,N,1544.19,4.75,4.3085938,2.9296875
200753-45,CUSHION,1.0,SI1,FANCY,EX,VG,VG,M,1512.88,5.7695312,5.359375,3.609375
1636023,CUSHION,0.89990234,SI2,K,VG,EX,VG,F,1514.71,5.609375,5.109375,3.5703125
1651869,CUSHION,0.5097656,SI1,FANCY,EX,EX,VG,F,1515.05,4.7109375,4.25,2.8808594
1654066,CUSHION,0.58984375,SI1,H,EX,EX,VG,N,1515.87,4.7617188,4.6210938,3.1191406
1615070,CUSHION,0.72021484,SI2,H,EX,EX,VG,N,1516.09,5.5195312,4.78125,3.2207031
1761481,CUSHION,0.52001953,SI1,E,EX,EX,VG,N,1517.4,4.96875,4.3203125,2.9296875
1771076,CUSHION,0.5,VS2,F,VG,EX,VG,N,1518.67,4.75,4.2890625,2.890625
1799597,CUSHION,0.5,VVS2,H,EX,VG,GD,N,1519.31,4.8984375,4.2304688,2.8691406
1646007,CUSHION,0.5,VVS1,G,EX,EX,VG,F,1521.74,4.7382812,4.3203125,2.9199219
1800581,CUSHION,0.5,SI1,F,EX,EX,VG,N,1522.74,5.1484375,4.171875,2.8105469
1660173,CUSHION,0.5,VVS1,G,EX,EX,VG,M,1524.32,4.7304688,4.3085938,2.9003906
200715-332,CUSHION,1.0097656,SI1,FANCY,EX,VG,VG,M,1524.68,5.8085938,5.71875,3.5605469
1772508,CUSHION,0.52978516,VS2,F,EX,EX,VG,M,1525.01,5.1992188,4.3085938,2.9101562
1765479,CUSHION,0.5097656,VVS1,H,EX,EX,VG,N,1525.77,4.5117188,4.4804688,3.0292969
1631325,CUSHION,0.72998047,VS2,K,EX,EX,EX,N,1525.93,5.6210938,4.8007812,3.2402344
1795577,CUSHION,0.58984375,VS2,I,VG,EX,EX,F,1570.48,4.8085938,4.578125,3.1992188
1773471,CUSHION,0.5,VS2,G,VG,VG,VG,N,1570.86,4.7382812,4.28125,2.9609375
1795573,CUSHION,0.5,VS1,H,EX,VG,VG,N,1571.02,4.5,4.4492188,2.9296875
1574493,CUSHION,0.66015625,VVS2,FANCY,EX,EX,VG,F,1571.38,4.9804688,4.6992188,3.1796875
1663198,CUSHION,0.5,VS1,G,EX,EX,VG,N,1572.63,4.6484375,4.359375,2.9707031
1668184,CUSHION,0.72998047,SI1,K,EX,EX,EX,N,1574.05,5.5390625,4.8007812,3.2597656
1772504,CUSHION,0.70996094,SI1,K,EX,EX,VG,N,1574.07,5.25,4.859375,3.3007812
1794063,CUSHION,0.5600586,VS2,H,VG,EX,EX,N,1575.91,4.8203125,4.4882812,3.1191406
1651021,CUSHION,0.5800781,SI1,D,EX,EX,VG,N,1579.27,5.1601562,4.4609375,3.0195312
1632705,CUSHION,0.91015625,VVS1,M,EX,EX,EX,N,1579.34,6.28125,5.1210938,3.4707031
1651012,CUSHION,0.52978516,VVS1,H,EX,VG,EX,F,1581.98,4.7109375,4.4492188,3.0
1582752,CUSHION,0.85009766,VS1,L,EX,EX,EX,F,1582.02,5.859375,5.0195312,3.4003906
1667165,CUSHION,0.5097656,SI2,D,VG,EX,VG,N,1582.12,4.890625,4.1796875,2.9199219
1660175,CUSHION,0.5097656,VS2,E,EX,EX,GD,N,1582.23,4.9609375,4.3007812,2.9101562
1765488,CUSHION,0.5,VS2,F,EX,EX,VG,N,1584.58,4.8984375,4.2109375,2.859375
1606827,CUSHION,0.52001953,VVS2,J,EX,EX,EX,N,1156.87,4.609375,4.5117188,3.0097656
1664490,CUSHION,0.7001953,VVS2,U-V,GD,EX,VG,ST,1160.33,4.921875,4.8085938,3.4609375
1606850,CUSHION,0.5,VS2,H,EX,EX,VG,VS,1162.75,4.53125,4.4882812,3.0097656
1652702,CUSHION,0.5,VS1,I,VG,EX,VG,M,1163.62,4.71875,4.3203125,2.9804688
1642258,CUSHION,0.5,VS1,I,VG,EX,VG,N,1163.62,4.4492188,4.3515625,3.0507812
1575625,CUSHION,0.5097656,VS2,I,EX,EX,VG,N,1165.07,4.6484375,4.3710938,2.9707031
1612607,CUSHION,0.52001953,VS2,I,EX,EX,VG,F,1166.78,4.6484375,4.4492188,3.0195312
1631335,CUSHION,0.5,VS1,J,EX,EX,VG,N,1178.31,4.6289062,4.3710938,2.9296875
1638141,CUSHION,0.5097656,VS2,J,EX,EX,VG,N,1180.03,4.9414062,4.2890625,2.890625
1624942,CUSHION,0.8100586,SI2,M,EX,EX,EX,M,1186.09,5.4296875,5.1484375,3.4804688
1616433,CUSHION,0.7001953,VS2,L,VG,EX,VG,F,1191.85,5.4101562,4.7109375,3.140625
1609797,CUSHION,0.52001953,VS2,I,EX,EX,VG,N,1194.64,4.5898438,4.5195312,3.0390625
1615089,CUSHION,0.5,VS2,I,EX,VG,VG,N,1194.84,5.1015625,4.21875,2.8398438
1636045,CUSHION,0.7998047,SI1,N,VG,EX,VG,M,1196.5,5.2382812,5.0898438,3.5
1667151,CUSHION,0.5498047,VVS2,J,EX,EX,VG,ST,1196.99,5.0507812,4.3710938,2.9609375
1668187,CUSHION,0.5,VS1,I,VG,EX,EX,F,1244.88,4.6210938,4.21875,2.9296875
1660167,CUSHION,0.7998047,SI1,M,EX,EX,VG,F,1246.32,5.46875,5.03125,3.4199219
1654062,CUSHION,0.5097656,VVS2,I,EX,EX,VG,N,1251.5,4.9804688,4.28125,2.890625
1794070,CUSHION,0.5,SI1,I,VG,EX,VG,N,1251.53,4.46875,4.390625,3.0703125
1595363,CUSHION,0.5,VVS1,FANCY,EX,EX,VG,N,1255.25,4.4296875,4.3515625,2.9492188
1621326,CUSHION,0.5,SI1,FANCY,EX,EX,GD,M,1255.25,4.5585938,4.3710938,2.9609375
1602307,CUSHION,0.5,VS1,FANCY,EX,EX,EX,N,1257.85,4.6992188,4.4101562,2.9804688
1624947,CUSHION,0.77001953,VS2,M,EX,EX,VG,N,1259.09,5.1992188,5.03125,3.4101562
1784946,CUSHION,0.5,SI1,G,VG,EX,GD,N,1259.15,4.8710938,4.2890625,2.7792969
1648844,CUSHION,0.5,VS2,H,VG,VG,VG,N,1264.05,4.6289062,4.3398438,3.0292969
1652705,CUSHION,0.5,SI1,H,EX,VG,GD,N,1273.41,4.7382812,4.3710938,2.890625
1604255,CUSHION,0.52978516,VS1,FANCY,EX,EX,VG,N,1274.08,4.7617188,4.4101562,2.9902344
1752876,CUSHION,0.5,SI1,G,VG,EX,VG,N,1276.9,4.6914062,4.1914062,2.9296875
1574494,CUSHION,0.52978516,VVS2,FANCY,EX,EX,VG,M,1277.75,4.5585938,4.4882812,2.9394531
1749091,CUSHION,0.5,SI1,I,EX,EX,VG,N,1281.88,4.890625,4.2890625,2.9199219
1796880,CUSHION,0.5,VVS1,F,EX,EX,VG,ST,1545.59,5.0,4.2109375,2.8007812
1794057,CUSHION,0.5,VS2,E,EX,EX,GD,N,1546.52,4.5898438,4.390625,2.9101562
1661585,CUSHION,0.5097656,VVS1,G,EX,EX,VG,M,1547.89,4.5390625,4.4101562,2.9902344
1798196,CUSHION,0.72998047,VS2,U-V,EX,VG,VG,N,1548.26,4.8984375,4.8398438,3.3691406
1606737,CUSHION,0.7998047,VVS2,L,EX,EX,VG,N,1549.36,5.3203125,5.0390625,3.4199219
1665776,CUSHION,0.89990234,SI1,L,EX,EX,EX,F,1550.22,5.6484375,5.390625,3.5898438
1608363,CUSHION,0.89990234,VS1,L,EX,EX,VG,F,1550.5,5.6914062,5.1914062,3.5195312
1771078,CUSHION,0.5,VS2,G,VG,EX,VG,N,1551.42,4.6484375,4.328125,2.9492188
1798202,CUSHION,0.5,VS1,H,EX,EX,VG,N,1551.56,4.7382812,4.3085938,2.9199219
1783711,CUSHION,0.5,VS2,H,EX,EX,VG,N,1552.3,4.578125,4.3515625,2.9296875
1595348,CUSHION,0.70996094,VS1,FANCY,EX,EX,VG,M,1553.75,5.578125,4.6015625,3.1191406
201162-370,CUSHION,1.0595703,SI2,K,EX,VG,VG,N,1553.91,5.96875,5.421875,3.6796875
1638111,CUSHION,0.7998047,SI1,L,EX,EX,VG,N,1554.79,5.390625,5.1210938,3.4707031
1708365,CUSHION,0.8100586,SI1,K,EX,EX,EX,N,1554.99,5.828125,4.890625,3.3105469
1667163,CUSHION,0.5,VS2,G,VG,EX,VG,N,1555.32,4.8398438,4.1914062,2.9199219
1572454,CUSHION,0.7998047,VS1,L,EX,EX,EX,N,1477.31,5.4492188,5.0585938,3.3398438
1787772,CUSHION,0.52978516,SI1,G,EX,EX,VG,N,1477.5,4.921875,4.5117188,2.8300781
1651871,CUSHION,0.52978516,SI2,FANCY,EX,VG,GD,N,1477.52,4.7109375,4.421875,2.9707031
1669448,CUSHION,0.8100586,VS1,M,EX,EX,VG,F,1478.93,5.7890625,4.9609375,3.3691406
1766804,CUSHION,0.5498047,VS2,I,EX,EX,EX,N,1479.49,5.1015625,4.3789062,2.9609375
1608402,CUSHION,0.7998047,VS2,L,EX,EX,EX,N,1481.58,5.2890625,5.2109375,3.4707031
1794068,CUSHION,0.52978516,SI1,G,EX,EX,EX,F,1481.83,4.6289062,4.4882812,3.0292969
1787771,CUSHION,0.5498047,SI1,G,EX,EX,VG,N,1482.23,4.7695312,4.5,3.0390625
1651861,CUSHION,0.75,I1,FANCY,EX,GD,GD,F,1483.05,5.21875,4.9414062,3.3496094
1667153,CUSHION,0.5,VS1,G,VG,EX,GD,N,1485.28,5.109375,4.25,2.8398438
1643529,CUSHION,0.5,VS1,H,EX,EX,VG,N,1486.18,4.7304688,4.3085938,2.9101562
1794053,CUSHION,0.5,VS1,I,EX,EX,VG,N,1486.49,4.9804688,4.2890625,2.8691406
1795572,CUSHION,0.5800781,VVS2,I,EX,EX,EX,N,1487.77,4.9101562,4.5390625,3.0800781
1732856,CUSHION,0.7001953,SI2,J,EX,EX,EX,N,1488.1,5.2890625,4.8085938,3.2695312
1631320,CUSHION,0.7998047,SI1,L,EX,EX,VG,F,1488.39,5.5117188,4.9804688,3.3300781
1533986,CUSHION,0.66015625,SI2,FANCY,EX,EX,EX,M,1014.51,4.8007812,4.7695312,3.2304688
1601292,CUSHION,0.66015625,I2,FANCY,EX,VG,VG,F,1014.51,5.0,4.7304688,3.1503906
1555209,CUSHION,0.5097656,SI2,I,EX,VG,VG,F,1015.11,4.828125,4.390625,2.9707031
1748166,CUSHION,0.6098633,I1,FANCY,EX,EX,GD,F,1016.33,4.8203125,4.78125,3.0996094
1784949,CUSHION,0.44995117,SI2,F,EX,EX,VG,N,1017.89,4.5195312,4.1601562,2.8203125
1601289,CUSHION,0.5,SI1,FANCY,GD,EX,VG,F,1018.38,4.1992188,4.140625,3.109375
1643526,CUSHION,0.52001953,IF,K,EX,EX,VG,N,1021.06,4.6289062,4.4101562,2.9902344
1622485,CUSHION,0.58984375,VVS1,Y-Z,EX,VG,VG,N,1034.37,4.8984375,4.5195312,3.0605469
1779755,CUSHION,0.39990234,SI1,G,VG,VG,VG,N,1034.99,4.3203125,3.9199219,2.7304688
1651014,CUSHION,0.5498047,VVS2,W-X,EX,EX,VG,N,1041.9,4.671875,4.421875,2.9902344
1604260,CUSHION,0.5097656,SI2,FANCY,EX,VG,VG,N,1044.18,4.6289062,4.4882812,2.9296875
1664498,CUSHION,0.5,VS2,K,EX,VG,VG,F,1046.08,5.1015625,4.2109375,2.7597656
1796910,CUSHION,0.3400879,VS1,H,EX,EX,VG,N,1050.5,4.21875,3.8398438,2.5605469
1668191,CUSHION,0.5097656,SI2,I,EX,EX,EX,F,1051.23,4.9882812,4.25,2.8808594
1761484,CUSHION,0.4099121,VS2,H,EX,EX,VG,F,1052.41,4.578125,3.9707031,2.6796875
1762709,CUSHION,0.70996094,VS1,Y-Z,EX,VG,VG,M,1402.31,5.1015625,4.9414062,3.1894531
1786428,CUSHION,0.5,VS2,H,VG,EX,VG,F,1402.85,4.640625,4.359375,2.8808594
1761483,CUSHION,0.60009766,SI1,H,EX,EX,VG,N,1406.76,4.9414062,4.6015625,3.109375
1575611,CUSHION,0.8300781,VS1,L,EX,EX,VG,N,1407.77,5.859375,4.9882812,3.3808594
1781165,CUSHION,0.70996094,SI2,K,VG,EX,VG,N,1410.74,5.1601562,4.8007812,3.3300781
1602058,CUSHION,0.5097656,VVS1,I,EX,EX,EX,N,1411.99,4.6914062,4.359375,2.9609375
1787773,CUSHION,0.5,SI1,G,EX,EX,VG,N,1412.99,4.5507812,4.3398438,2.9492188
1665801,CUSHION,0.5,SI1,G,EX,EX,VG,F,1414.37,4.640625,4.328125,2.9394531
1660176,CUSHION,0.5,VS2,G,EX,EX,GD,F,1416.14,4.5195312,4.5,3.0195312
1645988,CUSHION,0.7998047,VS2,L,VG,EX,VG,M,1417.83,5.4414062,4.9882812,3.4609375
201162-297,CUSHION,0.95996094,SI2,S-T,EX,EX,VG,N,1418.06,5.6289062,5.5,3.6894531
1772506,CUSHION,0.5,VVS2,I,EX,EX,VG,N,1418.79,4.4414062,4.4296875,3.0
1793048,CUSHION,0.45996094,VS1,E,VG,EX,VG,N,1421.0,4.5390625,4.109375,2.8496094
1657709,CUSHION,0.72021484,VS2,K,GD,EX,VG,N,1421.51,5.4804688,4.5703125,3.2890625
1608409,CUSHION,0.7597656,VVS2,L,EX,EX,EX,F,1422.0,5.4609375,4.9609375,3.3203125
1608444,CUSHION,0.5097656,VS1,K,EX,VG,VG,N,958.73,4.71875,4.3085938,2.9199219
1615081,CUSHION,0.52001953,VVS2,K,EX,EX,VG,N,959.96,5.0,4.3203125,2.9003906
1595345,CUSHION,0.72021484,SI2,FANCY,EX,EX,VG,F,960.77,5.03125,4.7890625,3.2597656
1665796,CUSHION,0.5,VS1,K,EX,EX,VG,F,963.05,4.9296875,4.28125,2.859375
1672859,CUSHION,0.52001953,VS2,U-V,EX,EX,VG,N,963.47,4.671875,4.5703125,2.7597656
1608428,CUSHION,0.5,VVS1,K,VG,EX,VG,N,968.24,4.5195312,4.3085938,2.9707031
1634090,CUSHION,0.52978516,VS2,L,EX,EX,VG,N,973.58,4.8710938,4.4296875,2.9199219
1664496,CUSHION,0.52978516,VVS2,U-V,EX,EX,VG,F,975.35,4.8203125,4.4609375,2.9707031
1728491,CUSHION,0.66015625,SI2,W-X,EX,EX,EX,F,981.59,4.8984375,4.828125,3.1894531
1608430,CUSHION,0.5698242,VVS1,L,EX,EX,VG,N,981.59,4.8398438,4.5507812,3.0507812
1591215,CUSHION,0.5,SI2,J,VG,EX,VG,N,987.31,4.6210938,4.3085938,2.9609375
1667152,CUSHION,0.5,VVS2,K,VG,EX,VG,N,994.18,4.921875,4.2695312,2.8496094
1740864,CUSHION,0.52978516,SI1,FANCY,EX,EX,VG,M,994.55,4.578125,4.46875,2.9394531
1793047,CUSHION,0.5097656,SI2,K,VG,EX,EX,N,994.82,4.921875,4.3515625,2.8105469
1622631,CUSHION,0.5097656,I1,FANCY,EX,VG,GD,F,1011.55,4.3789062,4.3789062,3.0390625
201163-343,CUSHION,1.2001953,SI1,W-X,EX,EX,VG,F,1665.16,5.96875,5.671875,3.8496094
203202-295,CUSHION,1.0,SI2,FANCY,EX,VG,GD,N,1669.15,6.0117188,5.6015625,3.4492188
1790075,CUSHION,0.4099121,VVS1,FANCY,EX,VG,VG,N,1669.75,4.25,4.0390625,2.6601562
1761475,CUSHION,0.5,VS1,E,EX,EX,VG,N,1669.86,4.5703125,4.390625,2.9707031
1761476,CUSHION,0.5,VS1,E,EX,EX,VG,N,1669.86,4.5507812,4.3984375,2.9804688
201249-118,CUSHION,1.0195312,SI1,M,EX,EX,VG,F,1670.45,5.9804688,5.4414062,3.6796875
1604040,CUSHION,0.70996094,VS2,J,EX,EX,EX,N,1670.49,5.4609375,4.71875,3.2109375
1756386,CUSHION,0.7001953,SI2,H,EX,EX,VG,N,1673.61,5.03125,4.9609375,3.3691406
1671930,CUSHION,0.5097656,VVS1,F,EX,EX,VG,F,1674.78,4.9101562,4.2382812,2.8808594
1664762,CUSHION,0.5,SI1,FANCY,EX,VG,GD,F,1675.4,4.5507812,4.21875,2.859375
1642251,CUSHION,0.7001953,SI2,J,EX,EX,VG,N,1675.92,5.0195312,5.0117188,3.2792969
200551-72,CUSHION,1.0595703,SI1,FANCY,EX,VG,VG,F,1677.1,6.5117188,5.1601562,3.4902344
1640854,CUSHION,0.72998047,SI2,I,EX,EX,VG,N,1680.03,5.6210938,4.7890625,3.25
1798205,CUSHION,0.5,VS2,E,VG,EX,EX,N,1680.89,5.078125,4.1601562,2.8691406
1795562,CUSHION,0.89990234,VVS2,O-P,VG,EX,GD,F,1681.04,5.390625,5.359375,3.7402344
1522553,CUSHION,0.89990234,SI2,K,EX,EX,VG,N,1766.67,5.8203125,5.3203125,3.5800781
213089-75,CUSHION,1.0,SI2,W-X,EX,EX,VG,N,1769.63,5.3515625,5.2382812,3.6601562
1632746,CUSHION,0.58984375,VS2,F,VG,EX,VG,N,1770.93,5.0507812,4.5507812,3.1308594
1643519,CUSHION,0.7597656,VS2,J,EX,EX,VG,N,1771.59,5.3203125,5.109375,3.4394531
211176-293,CUSHION,0.95996094,SI1,M,EX,EX,VG,ST,1772.2,5.9414062,5.4296875,3.5703125
1636086,CUSHION,0.58984375,VVS2,H,EX,EX,VG,N,1773.02,4.9609375,4.5507812,3.0898438
1602304,CUSHION,0.75,VS2,FANCY,EX,EX,VG,F,1773.52,5.6015625,4.6914062,3.1601562
200551-365,CUSHION,1.0195312,SI2,FANCY,EX,EX,VG,M,1773.89,5.78125,5.5507812,3.7109375
1765480,CUSHION,0.6098633,VS1,G,EX,EX,VG,M,1774.13,5.1914062,4.5117188,3.0292969
1609777,CUSHION,0.7998047,VS1,K,EX,EX,EX,N,1774.68,5.96875,4.8984375,3.3203125
1595349,CUSHION,0.70996094,VS1,FANCY,EX,EX,EX,N,1780.85,4.9296875,4.921875,3.3398438
1793038,CUSHION,0.7001953,SI2,G,VG,EX,VG,N,1781.41,5.0195312,4.8984375,3.4199219
1796901,CUSHION,0.5,VS2,F,EX,EX,VG,N,1781.43,4.96875,4.2109375,2.8398438
1794051,CUSHION,0.5,VS1,G,EX,EX,VG,N,1781.43,5.109375,4.1015625,2.7792969
200695-126,CUSHION,1.2099609,SI1,S-T,EX,EX,VG,N,1782.88,5.9609375,5.921875,4.0117188
210454-346,CUSHION,1.0097656,VVS2,U-V,EX,EX,VG,N,2200.95,5.4882812,5.4609375,3.75
1619457,CUSHION,0.7998047,VVS2,I,EX,VG,GD,N,2200.95,5.359375,5.140625,3.4394531
1651860,CUSHION,0.7998047,VVS1,FANCY,EX,EX,VG,ST,2203.44,5.9492188,5.0117188,3.0390625
201251-159,CUSHION,1.2001953,SI2,L,VG,EX,GD,ST,2204.14,6.2109375,5.71875,3.9707031
1656360,CUSHION,0.7998047,VVS2,J,EX,EX,EX,F,2207.81,5.1796875,5.1601562,3.4902344
1651003,CUSHION,0.7998047,VS2,J,EX,EX,VG,N,2207.83,5.1914062,5.109375,3.4707031
1606751,CUSHION,0.7998047,VS1,I,VG,EX,VG,N,2207.9,5.4414062,4.9414062,3.4101562
1621152,CUSHION,0.7001953,SI2,D,EX,EX,EX,N,2209.85,5.3007812,4.8203125,3.2792969
1654405,CUSHION,0.8598633,VVS2,FANCY,EX,EX,VG,F,2210.42,5.4296875,5.3007812,3.5605469
1626227,CUSHION,0.8100586,SI1,I,EX,EX,VG,F,2099.21,5.5390625,5.078125,3.4492188
1725991,CUSHION,0.8100586,SI1,I,EX,EX,VG,N,2105.47,5.28125,5.2617188,3.5605469
1794037,CUSHION,0.7597656,SI1,I,EX,EX,VG,N,2106.91,5.3710938,5.0585938,3.4296875
201204-106,CUSHION,1.1103516,VVS2,S-T,EX,EX,EX,ST,2107.75,6.03125,5.6992188,3.8300781
1615061,CUSHION,0.8100586,SI2,D,EX,EX,VG,N,2111.99,5.7304688,4.9804688,3.3808594
1775164,CUSHION,0.7001953,VS2,H,VG,EX,VG,M,2112.72,5.640625,4.6289062,3.1699219
1642242,CUSHION,0.7998047,SI2,F,VG,EX,VG,M,2116.52,5.5117188,5.140625,3.4492188
1638131,CUSHION,0.7001953,SI2,D,EX,EX,VG,N,2117.68,5.2304688,4.9296875,3.3105469
1796899,CUSHION,0.58984375,VS2,F,EX,EX,VG,N,2117.98,4.9804688,4.5195312,3.0703125
1631323,CUSHION,0.75,VVS2,I,EX,EX,VG,F,2118.77,5.1015625,5.1015625,3.4199219
1534911,CUSHION,0.7998047,VS2,I,EX,EX,VG,F,2119.15,5.671875,4.9296875,3.3496094
1609780,CUSHION,0.7998047,VS2,I,VG,EX,VG,N,2119.15,5.6015625,4.9492188,3.4707031
1628223,CUSHION,0.89990234,SI1,K,EX,EX,VG,N,2119.75,5.6210938,5.2382812,3.5507812
1628248,CUSHION,0.70996094,VS2,H,VG,EX,VG,N,2123.35,5.2382812,4.71875,3.3007812
1639553,CUSHION,0.72021484,SI1,F,EX,EX,VG,N,2123.49,5.8007812,4.7109375,3.1796875
1610237,CUSHION,0.52001953,SI1,FANCY,EX,VG,VG,ST,2211.39,4.6015625,4.3984375,2.9902344
1615060,CUSHION,0.7998047,SI1,I,EX,EX,VG,N,2213.12,5.828125,5.0390625,3.3105469
1594996,CUSHION,0.7001953,SI1,E,VG,VG,VG,N,2213.67,5.03125,4.859375,3.3496094
1672853,CUSHION,0.7998047,VS2,I,EX,EX,VG,M,2214.81,5.28125,5.109375,3.4707031
1647278,CUSHION,0.7998047,VS1,I,VG,EX,VG,F,2216.11,5.4296875,5.0,3.4707031
1789826,CUSHION,0.7001953,SI1,H,EX,EX,EX,N,2216.65,5.6210938,4.6796875,3.1699219
1584395,CUSHION,0.7998047,VS1,I,EX,EX,VG,N,2235.53,5.2304688,5.1210938,3.4707031
1639552,CUSHION,0.7001953,SI1,D,EX,EX,VG,ST,2237.88,5.0117188,4.890625,3.3105469
1755522,CUSHION,0.7001953,SI1,G,EX,EX,VG,N,2239.13,5.1992188,4.8789062,3.3105469
1631308,CUSHION,0.7998047,VVS1,J,EX,EX,VG,N,2239.4,5.4492188,5.03125,3.4101562
1790971,CUSHION,0.7998047,SI2,I,EX,EX,VG,N,2240.43,5.8789062,4.8710938,3.3105469
1664750,CUSHION,0.8598633,VS1,FANCY,EX,EX,VG,M,2241.65,5.671875,5.1015625,3.4394531
111000-6368,CUSHION,1.0097656,SI2,FANCY,VG,VG,GD,ST,2241.67,6.1015625,5.359375,3.4804688
200550-179,CUSHION,1.0097656,SI2,H,EX,VG,VG,N,2243.69,6.0585938,5.5195312,3.5898438
1626216,CUSHION,0.91015625,SI2,J,EX,EX,EX,N,2245.14,5.78125,5.3007812,3.5898438
211169-26,CUSHION,1.0,SI2,L,VG,EX,VG,N,2247.57,6.21875,5.2695312,3.6191406
1667134,CUSHION,0.7998047,VS1,J,EX,VG,GD,N,2249.2,5.359375,5.1484375,3.5
201244-315,CUSHION,1.0,VS1,N,EX,EX,VG,N,2249.55,6.2890625,5.2617188,3.5703125
210028-396,CUSHION,1.0,SI1,L,EX,EX,VG,F,2249.7,6.1289062,5.328125,3.5898438
1668179,CUSHION,0.7998047,VS1,I,VG,EX,VG,M,2250.47,5.2617188,5.0390625,3.5195312
1654058,CUSHION,0.70996094,SI1,D,EX,EX,VG,ST,2251.38,5.28125,4.8007812,3.25
200715-266,CUSHION,1.5097656,SI1,FANCY,EX,VG,VG,N,2329.11,6.5703125,6.1914062,4.1015625
1771067,CUSHION,0.7001953,SI1,G,EX,EX,VG,N,2331.49,5.0195312,4.9296875,3.3398438
213121-401,CUSHION,1.0703125,VVS2,U-V,EX,EX,VG,N,2331.52,5.8203125,5.4101562,3.7792969
1794041,CUSHION,0.6098633,VVS1,G,EX,EX,VG,N,2331.78,5.0898438,4.7109375,3.1796875
1757198,CUSHION,0.72021484,SI1,F,EX,EX,VG,N,2332.4,5.5585938,4.8007812,3.1699219
1652695,CUSHION,0.70996094,SI1,H,EX,EX,VG,N,2335.84,5.78125,4.6601562,3.1601562
1658911,CUSHION,0.7001953,SI2,F,EX,EX,VG,N,2340.48,5.421875,4.9296875,3.25
1589353,CUSHION,0.8100586,VS2,I,EX,EX,VG,N,2341.58,5.578125,5.1015625,3.4199219
210300-84,CUSHION,1.2001953,VS2,W-X,EX,EX,VG,F,2343.25,5.890625,5.7617188,3.9101562
1650983,CUSHION,0.89990234,VS1,K,VG,EX,VG,N,2344.02,5.5585938,5.171875,3.609375
211007-465,CUSHION,1.0302734,SI1,U-V,EX,EX,VG,M,2347.97,5.78125,5.6015625,3.75
1771072,CUSHION,0.75,SI2,G,EX,VG,VG,N,2349.61,5.6210938,4.8789062,3.3105469
1615054,CUSHION,0.8198242,VS1,I,EX,EX,EX,F,2350.9,5.78125,5.0117188,3.4003906
1799592,CUSHION,0.7001953,SI2,E,EX,EX,VG,N,2351.72,5.1210938,4.9492188,3.3300781
1793034,CUSHION,0.7998047,SI2,E,EX,EX,VG,N,2352.72,5.5507812,5.0390625,3.4296875
1628252,CUSHION,0.7001953,SI1,E,EX,EX,VG,N,2306.49,5.2382812,4.8203125,3.2695312
1667146,CUSHION,0.7001953,SI2,F,EX,EX,VG,N,2306.59,5.3398438,4.890625,3.1796875
1652696,CUSHION,0.7001953,SI1,H,EX,EX,VG,N,2307.82,5.6914062,4.78125,3.1503906
200715-309,CUSHION,1.0,VVS2,W-X,EX,EX,VG,N,2310.88,5.921875,5.578125,3.640625
1645997,CUSHION,0.72021484,SI1,F,EX,EX,VG,N,2313.96,5.171875,5.1210938,3.4199219
1656368,CUSHION,0.72998047,SI1,F,EX,EX,VG,N,2315.11,5.578125,4.8515625,3.2890625
1796878,CUSHION,0.52001953,IF,D,EX,EX,EX,N,2316.45,4.5703125,4.4609375,3.0097656
1639532,CUSHION,0.91015625,VS1,K,EX,EX,VG,N,2319.07,5.75,5.2382812,3.5507812
1631310,CUSHION,0.8300781,VVS2,J,EX,EX,EX,N,2319.32,5.3203125,5.2890625,3.5507812
1605421,CUSHION,0.89990234,SI2,FANCY,GD,EX,VG,N,2319.86,5.7109375,5.1289062,3.609375
1606801,CUSHION,0.7001953,SI1,D,EX,EX,VG,N,2320.21,5.5507812,4.7382812,3.1992188
1656370,CUSHION,0.7001953,SI1,G,EX,EX,VG,N,2321.01,5.3398438,4.859375,3.25
1606715,CUSHION,0.89990234,VS1,K,EX,EX,EX,N,2322.17,5.4101562,5.359375,3.640625
1615609,CUSHION,0.7001953,VVS2,FANCY,EX,EX,GD,F,2322.22,5.078125,4.9609375,3.1894531
1631309,CUSHION,0.7998047,VVS1,J,EX,EX,EX,N,2327.93,5.1914062,5.1601562,3.5097656
1784938,CUSHION,0.77001953,SI2,E,EX,EX,VG,N,2160.17,5.2109375,5.1484375,3.4492188
1777330,CUSHION,0.72998047,SI1,I,EX,EX,EX,N,2160.24,5.2304688,4.8984375,3.3203125
1628253,CUSHION,0.7001953,SI1,E,EX,EX,VG,N,2161.39,5.75,4.6289062,3.140625
1628263,CUSHION,0.70996094,SI2,E,EX,VG,VG,N,2163.98,5.3710938,4.9296875,3.3300781
1626224,CUSHION,0.7998047,VS2,J,EX,EX,VG,N,2166.14,5.4101562,5.1015625,3.4707031
1628232,CUSHION,0.7998047,VS2,J,EX,EX,VG,F,2166.14,5.21875,5.1015625,3.4609375
1778454,CUSHION,0.7001953,VS2,I,EX,EX,VG,N,2167.1,5.1914062,4.7304688,3.2109375
1646000,CUSHION,0.70996094,SI1,I,EX,EX,VG,N,2167.54,5.1601562,5.0195312,3.4003906
1593536,CUSHION,0.7001953,VS2,H,VG,EX,VG,N,2171.12,5.1484375,4.7890625,3.3105469
1634076,CUSHION,0.7998047,SI1,I,EX,VG,VG,N,2174.39,5.4296875,5.0390625,3.4003906
1626234,CUSHION,0.75,VS2,I,EX,EX,VG,N,2176.9,5.078125,5.0507812,3.4296875
1624939,CUSHION,0.7998047,SI1,I,VG,EX,VG,N,2177.16,5.6992188,4.890625,3.3808594
1794039,CUSHION,0.52001953,VVS1,D,EX,EX,EX,F,2178.26,4.9492188,4.3007812,2.9003906
1777321,CUSHION,0.7998047,SI2,F,EX,EX,VG,N,2178.43,5.3203125,5.109375,3.4394531
1553657,CUSHION,0.7998047,SI1,H,EX,EX,GD,N,2178.56,5.3984375,5.140625,3.4804688
1787762,CUSHION,0.70996094,SI1,I,EX,EX,EX,N,2047.93,5.0585938,4.9804688,3.3691406
211020-413,CUSHION,1.0,SI2,K,EX,EX,VG,M,2049.9,5.8085938,5.5898438,3.640625
1648834,CUSHION,0.7001953,SI2,E,VG,EX,VG,N,2053.78,4.9882812,4.828125,3.3691406
200771-265,CUSHION,1.0097656,SI2,L,EX,EX,EX,M,2053.79,5.9609375,5.421875,3.6796875
1793044,CUSHION,0.64990234,SI1,D,EX,EX,VG,N,2053.86,5.2109375,4.7382812,3.2109375
1773464,CUSHION,0.8100586,SI2,J,VG,EX,EX,N,2056.1,5.1914062,5.0507812,3.5390625
1626245,CUSHION,0.72998047,SI1,H,EX,EX,VG,N,2058.82,5.359375,4.8789062,3.3203125
1652689,CUSHION,0.75,VS1,J,EX,VG,EX,F,2065.53,5.328125,5.1484375,3.4101562
1624958,CUSHION,0.72021484,SI2,F,EX,EX,EX,N,2066.33,5.140625,4.9882812,3.4003906
1779752,CUSHION,0.7001953,SI1,I,EX,EX,EX,N,2067.83,5.2382812,4.859375,3.3007812
1668180,CUSHION,0.8300781,VS2,K,EX,EX,VG,F,2067.92,5.2890625,5.25,3.5507812
1734201,CUSHION,0.75,SI1,G,EX,EX,EX,N,2074.78,5.671875,4.9101562,3.2890625
1642237,CUSHION,0.7998047,VS2,J,VG,EX,GD,N,2076.37,5.1992188,5.1914062,3.5
Eco Diamond LG180447,CUSHION,0.91015625,SI1,F,VG,EX,EX,N,2077.41,5.6210938,5.46875,3.7109375
1631311,CUSHION,0.7998047,VVS2,J,VG,VG,VG,N,2079.0,5.140625,5.0,3.5
1587771,CUSHION,0.7001953,SI1,E,EX,EX,VG,N,2125.23,5.6992188,4.6601562,3.1601562
1619458,CUSHION,0.7998047,VVS2,J,EX,EX,VG,N,2126.15,5.1992188,5.140625,3.4902344
200758-47,CUSHION,1.0,SI1,K,EX,EX,EX,ST,2126.49,5.5703125,5.5703125,3.7695312
1654059,CUSHION,0.72021484,SI1,E,EX,EX,VG,ST,2127.22,5.5390625,4.8007812,3.2109375
1646003,CUSHION,0.7001953,SI2,E,EX,EX,VG,N,2131.11,5.25,4.7695312,3.2402344
1651863,CUSHION,0.5600586,VVS1,FANCY,EX,VG,GD,N,2131.23,4.8085938,4.578125,3.0800781
1639546,CUSHION,0.7998047,SI1,I,VG,EX,GD,N,2131.51,5.0898438,5.078125,3.5605469
1628262,CUSHION,0.7001953,SI2,D,EX,EX,VG,N,2133.55,5.109375,4.9414062,3.359375
1631305,CUSHION,0.89990234,SI1,K,VG,EX,VG,N,2133.76,5.6601562,5.2109375,3.640625
1632713,CUSHION,0.89990234,SI2,I,VG,EX,VG,N,2133.85,5.421875,5.2304688,3.6601562
1632714,CUSHION,0.7998047,VVS1,J,VG,EX,VG,N,2135.66,5.1601562,5.1289062,3.5898438
1784937,CUSHION,0.7001953,SI2,D,EX,EX,VG,N,2138.86,5.0898438,4.890625,3.3203125
1793037,CUSHION,0.75,SI2,F,EX,EX,EX,N,2139.12,5.171875,5.0117188,3.4003906
210256-93,CUSHION,1.2001953,VS1,FANCY,EX,EX,VG,N,2140.45,6.0195312,5.859375,3.9296875
200528-105,CUSHION,1.1201172,SI1,FANCY,EX,VG,GD,ST,2140.5,6.0703125,5.6601562,3.6699219
201202-190,CUSHION,1.0097656,SI1,K,EX,EX,EX,F,2369.4,5.8984375,5.6210938,3.6601562
1645996,CUSHION,0.7001953,SI1,E,EX,EX,VG,N,2369.66,5.3007812,4.8398438,3.2597656
200672-291,CUSHION,1.2900391,SI1,FANCY,EX,VG,VG,M,2369.89,6.0898438,5.8984375,4.0
1628250,CUSHION,0.70996094,SI1,E,EX,EX,EX,N,2370.29,5.3203125,4.8398438,3.2695312
1624948,CUSHION,0.7001953,SI1,D,EX,EX,VG,F,2370.8,5.71875,4.5898438,3.1191406
1769456,CUSHION,0.70996094,SI1,D,EX,EX,EX,F,2376.9,5.328125,4.8515625,3.2695312
1760314,CUSHION,0.7998047,SI1,E,EX,EX,VG,ST,2378.47,5.2617188,5.03125,3.4101562
1623495,CUSHION,0.7998047,SI1,H,EX,EX,EX,N,2379.12,5.25,5.1796875,3.5097656
1606766,CUSHION,0.8100586,VS2,I,EX,EX,VG,N,2379.45,5.3085938,5.109375,3.4609375
1664759,CUSHION,0.60009766,VVS1,FANCY,EX,EX,EX,M,2380.14,4.8085938,4.640625,3.109375
210435-92,CUSHION,1.5097656,SI2,FANCY,EX,VG,GD,N,2387.28,6.1601562,5.9609375,4.1601562
1634080,CUSHION,0.7998047,SI2,F,EX,EX,VG,N,2390.34,5.421875,5.0117188,3.4003906
200715-160,CUSHION,1.2099609,SI1,W-X,EX,EX,VG,N,2394.42,6.1601562,5.9609375,3.7597656
200667-27,CUSHION,1.2001953,SI1,FANCY,EX,EX,VG,F,2399.32,6.1210938,5.7617188,3.9101562
1631317,CUSHION,0.8598633,SI1,D,EX,EX,VG,VS,2399.71,5.859375,5.0898438,3.4609375
1794038,CUSHION,0.75,SI1,I,EX,EX,VG,N,2179.86,5.6015625,4.8710938,3.3105469
200785-110,CUSHION,1.0302734,SI1,FANCY,EX,VG,VG,N,2180.15,5.6484375,5.5507812,3.7695312
1631315,CUSHION,0.8300781,VS2,I,EX,EX,VG,N,2181.55,5.828125,5.0507812,3.3808594
1790974,CUSHION,0.7001953,SI2,F,EX,VG,VG,N,2184.75,5.4882812,4.75,3.2207031
1636062,CUSHION,0.72021484,SI1,F,EX,EX,VG,N,2190.78,5.1289062,4.9609375,3.359375
1658909,CUSHION,0.8100586,SI1,J,EX,EX,EX,N,2191.89,5.3203125,5.140625,3.4804688
1631312,CUSHION,0.7998047,VVS2,J,EX,EX,VG,N,2192.54,5.46875,5.1289062,3.4609375
1585630,CUSHION,0.8100586,SI1,I,EX,EX,EX,N,2193.05,5.25,5.2304688,3.5292969
1800390,CUSHION,0.7001953,VVS2,FANCY,EX,EX,GD,M,2194.13,5.0507812,4.7382812,3.2402344
1779750,CUSHION,0.7001953,VS1,I,EX,VG,VG,N,2194.35,5.1484375,4.6484375,3.3203125
1628260,CUSHION,0.70996094,SI2,D,EX,EX,VG,N,2194.84,5.109375,5.03125,3.3691406
1632734,CUSHION,0.7001953,SI2,D,EX,EX,EX,N,2195.14,5.46875,4.75,3.2207031
1642246,CUSHION,0.7001953,SI1,E,VG,EX,VG,N,2196.69,5.1210938,4.8515625,3.2695312
1775161,CUSHION,0.7998047,VVS2,I,VG,EX,VG,ST,2199.7,5.5703125,4.890625,3.4003906
1572832,CUSHION,0.89990234,VS1,FANCY,EX,EX,GD,F,2200.67,5.421875,5.3710938,3.640625
1761976,CUSHION,0.85009766,VS1,FANCY,EX,EX,GD,M,2251.42,5.28125,5.0390625,3.5195312
1789827,CUSHION,0.7597656,SI2,H,EX,EX,VG,N,2251.76,5.171875,5.0117188,3.4101562
1629703,CUSHION,0.89990234,VS2,J,GD,EX,EX,N,2253.96,5.3984375,5.2695312,3.6894531
1636059,CUSHION,0.72021484,SI1,E,EX,EX,VG,N,2254.49,5.1484375,4.9609375,3.3300781
1773453,CUSHION,0.89990234,SI2,J,EX,EX,VG,N,2254.6,5.4492188,5.421875,3.6796875
200648-214,CUSHION,1.1103516,VVS1,U-V,EX,EX,VG,M,2255.38,6.5898438,5.2617188,3.5703125
1632721,CUSHION,0.7998047,VS2,J,EX,EX,VG,N,2257.43,5.5585938,5.0585938,3.390625
1761463,CUSHION,0.89990234,VS2,K,EX,EX,VG,F,2257.57,5.609375,5.2890625,3.5996094
1609771,CUSHION,0.7998047,VVS2,J,EX,EX,EX,N,2257.61,5.8515625,4.9609375,3.3691406
211139-207,CUSHION,1.0,VS2,M,EX,EX,VG,N,2258.86,5.8085938,5.4609375,3.6992188
1766795,CUSHION,0.89990234,SI2,J,VG,EX,VG,N,2262.4,5.4492188,5.328125,3.5800781
1615068,CUSHION,0.72998047,SI1,G,EX,EX,EX,N,2263.09,5.0703125,5.0507812,3.4003906
201167-293,CUSHION,1.0097656,VS1,FANCY,EX,EX,GD,F,2263.49,5.640625,5.609375,3.6601562
200683-152,CUSHION,1.0,SI2,FANCY,EX,EX,VG,N,2267.65,5.5117188,5.4804688,3.7207031
1787755,CUSHION,0.89990234,SI2,I,VG,EX,VG,F,2268.42,5.5195312,5.328125,3.7109375
210362-196,CUSHION,1.0097656,VS1,FANCY,EX,EX,VG,N,2079.5,5.5703125,5.46875,3.7109375
210041-562,CUSHION,1.2001953,SI2,N,EX,EX,EX,M,2080.3,6.0703125,5.8398438,3.9296875
1794061,CUSHION,0.6098633,VS2,G,EX,EX,VG,N,2082.28,4.8789062,4.6796875,3.1503906
1799595,CUSHION,0.70996094,SI2,I,EX,EX,EX,N,2088.89,4.9804688,4.96875,3.3691406
1609757,CUSHION,0.9199219,VVS1,L,EX,EX,EX,N,2089.31,5.7695312,5.2382812,3.5390625
1636046,CUSHION,0.7001953,VVS2,I,EX,EX,EX,N,2090.03,5.4882812,4.7109375,3.1894531
1664752,CUSHION,0.75,VVS1,FANCY,EX,EX,VG,M,2091.23,5.578125,4.8398438,3.2695312
1790059,CUSHION,0.72021484,VS2,FANCY,EX,EX,VG,M,2092.63,4.8710938,4.8515625,3.390625
1720939,CUSHION,0.91015625,VS2,K,VG,EX,EX,F,2092.96,5.578125,5.1992188,3.6308594
1593533,CUSHION,0.7001953,SI1,F,EX,VG,VG,N,2094.68,5.21875,4.78125,3.2402344
1584401,CUSHION,0.72021484,SI1,H,EX,EX,VG,N,2094.93,5.1289062,4.9492188,3.359375
1645987,CUSHION,0.7998047,VS2,J,VG,EX,VG,F,2095.55,5.3398438,5.0507812,3.5292969
1654408,CUSHION,0.7001953,SI2,FANCY,EX,EX,GD,F,2095.89,5.078125,4.859375,3.25
210433-154,CUSHION,1.0,SI1,L,VG,EX,VG,N,2096.38,5.6914062,5.3085938,3.7109375
211139-477,CUSHION,1.0,VS1,M,VG,EX,GD,F,2096.43,5.5585938,5.4882812,3.8496094
1781754,CUSHION,0.7998047,VVS1,FANCY,EX,EX,VG,F,2270.01,5.2382812,4.8710938,3.4003906
1623501,CUSHION,0.7001953,SI1,E,EX,EX,VG,N,2270.32,5.6992188,4.6601562,3.1503906
201221-327,CUSHION,0.95996094,VS1,K,EX,EX,GD,ST,2272.87,6.25,5.1289062,3.4902344
1591195,CUSHION,0.7998047,SI1,I,EX,EX,VG,N,2273.98,5.3007812,5.1601562,3.4707031
1636025,CUSHION,0.7998047,VVS1,J,EX,EX,VG,N,2273.98,5.4882812,5.0507812,3.3691406
1606770,CUSHION,0.7998047,VS2,J,EX,EX,EX,N,2274.17,5.2382812,5.21875,3.5507812
1761467,CUSHION,0.70996094,SI1,E,EX,EX,VG,N,2279.46,5.28125,4.9296875,3.3007812
1599882,CUSHION,0.7998047,VS1,I,EX,EX,EX,N,2279.6,5.2695312,5.078125,3.4609375
200701-116,CUSHION,1.0097656,SI2,F,EX,VG,VG,N,2281.0,5.9296875,5.7890625,3.8300781
1664493,CUSHION,0.7001953,SI1,F,EX,EX,VG,M,2282.33,5.3203125,4.8515625,3.2109375
1668183,CUSHION,0.7001953,SI1,F,VG,EX,EX,F,2282.33,5.2695312,4.7382812,3.3105469
1665772,CUSHION,0.89990234,VS1,K,VG,EX,VG,F,2283.52,5.4296875,5.28125,3.6699219
1632715,CUSHION,0.8100586,VVS2,J,EX,EX,EX,N,2288.56,5.4804688,5.109375,3.4609375
1783707,CUSHION,0.7001953,SI1,F,EX,EX,VG,N,2289.0,5.3085938,4.8398438,3.2695312
211007-210,CUSHION,1.0,VVS2,S-T,EX,EX,VG,N,2289.26,5.6601562,5.6015625,3.75
1597319,CUSHION,0.7998047,VS2,I,EX,EX,VG,N,2354.34,5.71875,4.9492188,3.3105469
1606768,CUSHION,0.7998047,VS2,I,EX,VG,EX,N,2354.34,6.1289062,4.9609375,3.2695312
200667-110,CUSHION,1.2304688,VS1,FANCY,EX,EX,VG,N,2354.88,5.9492188,5.9296875,3.9609375
1755517,CUSHION,0.89990234,SI1,K,EX,EX,VG,N,2356.37,5.7304688,5.21875,3.5390625
1670785,CUSHION,0.72998047,SI1,H,EX,EX,VG,N,2356.77,5.3789062,4.9296875,3.2792969
1664755,CUSHION,0.75,VS1,FANCY,EX,EX,VG,M,2357.06,5.1484375,4.9609375,3.3691406
200715-283,CUSHION,1.0195312,VVS2,Y-Z,EX,EX,VG,M,2358.92,6.2617188,5.4804688,3.5605469
1648829,CUSHION,0.75,SI1,F,EX,EX,VG,N,2359.81,5.1484375,5.0195312,3.4101562
1626217,CUSHION,0.8100586,VVS2,I,EX,EX,EX,N,2359.81,5.2617188,5.1914062,3.5195312
210364-114,CUSHION,1.2099609,SI1,FANCY,EX,EX,VG,F,2360.07,5.7617188,5.671875,3.9003906
1656359,CUSHION,0.7998047,VVS1,J,EX,EX,VG,N,2361.12,5.6796875,5.0,3.390625
1574140,CUSHION,0.8198242,SI2,F,EX,EX,VG,N,2362.06,5.7617188,5.0,3.390625
201202-534,CUSHION,1.0097656,SI2,H,EX,VG,VG,SL,2362.83,6.3710938,5.359375,3.5292969
1771068,CUSHION,0.7001953,SI1,G,EX,EX,VG,N,2365.95,5.7617188,4.6484375,3.1503906
1608400,CUSHION,0.7998047,VS2,I,EX,EX,EX,N,2368.37,5.4609375,5.0898438,3.4609375
1782543,CUSHION,0.75,SI1,H,EX,EX,VG,N,2401.57,5.609375,4.8515625,3.2792969
1667145,CUSHION,0.7001953,SI1,F,EX,EX,VG,N,2403.31,5.2382812,4.78125,3.2402344
1597337,CUSHION,0.72998047,SI1,D,EX,EX,VG,N,2404.83,5.6015625,4.8203125,3.2109375
1787763,CUSHION,0.7597656,SI2,E,EX,EX,EX,F,2404.87,5.2695312,5.1210938,3.4199219
1624920,CUSHION,0.89990234,SI2,I,GD,EX,GD,N,2404.99,5.359375,5.1015625,3.6699219
1771054,CUSHION,0.89990234,SI2,J,VG,EX,VG,N,2405.31,5.3984375,5.2890625,3.6796875
211003-724,CUSHION,0.95996094,SI2,K,EX,EX,VG,F,2405.8,6.0703125,5.28125,3.5800781
1664488,CUSHION,0.7998047,SI1,I,EX,EX,VG,N,2406.77,5.4609375,5.0,3.390625
210050-302,CUSHION,1.0097656,VS2,M,EX,EX,EX,N,2408.0,5.9492188,5.4101562,3.6601562
201192-13,CUSHION,1.2001953,I1,FANCY,EX,VG,VG,F,2411.29,6.078125,5.96875,3.8691406
1629709,CUSHION,0.8100586,VS2,I,EX,EX,VG,N,2412.96,5.8398438,5.0390625,3.3691406
201209-810,CUSHION,0.95996094,SI1,K,EX,EX,VG,N,2415.62,5.6210938,5.4492188,3.6894531
1645976,CUSHION,0.89990234,SI1,J,EX,EX,VG,F,2417.12,5.4882812,5.390625,3.5703125
1775166,CUSHION,0.70996094,SI1,F,EX,EX,VG,N,2417.66,5.3007812,4.859375,3.2890625
210034-134,CUSHION,0.95996094,VS2,K,EX,EX,VG,F,2419.01,6.0898438,5.2695312,3.5703125
1775167,CUSHION,0.7001953,SI2,E,EX,EX,VG,N,2142.31,5.5117188,4.7890625,3.25
1601102,CUSHION,0.8198242,VS2,J,EX,EX,VG,N,2145.22,5.4882812,5.1210938,3.4804688
1604247,CUSHION,0.8198242,SI2,FANCY,EX,EX,VG,F,2147.8,5.5390625,4.96875,3.359375
203227-107,CUSHION,1.0097656,SI1,K,EX,EX,EX,ST,2147.83,5.640625,5.5585938,3.7792969
211007-620,CUSHION,1.0,VS1,N,EX,EX,EX,ST,2147.95,6.2617188,5.4296875,3.6992188
211007-531,CUSHION,1.0,VS1,N,EX,EX,VG,M,2147.95,5.8710938,5.5898438,3.7402344
1665792,CUSHION,0.7001953,SI2,D,EX,VG,VG,N,2148.28,5.1914062,4.9296875,3.2792969
1651002,CUSHION,0.8100586,VS2,J,EX,EX,VG,N,2149.77,5.421875,5.0898438,3.4492188
210220-22,CUSHION,1.4199219,SI2,N,EX,EX,VG,N,2150.61,6.921875,6.0703125,3.8007812
1639547,CUSHION,0.7998047,SI1,I,VG,EX,VG,F,2155.03,5.2695312,5.1289062,3.5292969
200683-54,CUSHION,1.0703125,VVS2,W-X,EX,EX,EX,N,2155.85,5.828125,5.4492188,3.6894531
1602041,CUSHION,0.7998047,VS2,J,EX,EX,EX,N,2157.93,5.859375,4.9609375,3.359375
1602024,CUSHION,0.91015625,VVS2,K,EX,EX,EX,N,2158.66,5.3984375,5.390625,3.6503906
211020-294,CUSHION,1.2099609,SI2,K,EX,EX,EX,N,2159.07,6.3515625,6.0507812,4.109375
1634085,CUSHION,0.5097656,VVS2,D,EX,EX,VG,N,2159.88,4.71875,4.328125,2.9296875
1781757,CUSHION,0.7001953,VS1,FANCY,EX,EX,GD,N,2026.14,4.9882812,4.8203125,3.4394531
1615067,CUSHION,0.70996094,VS2,I,EX,EX,VG,N,2026.56,5.25,4.8398438,3.2695312
1786420,CUSHION,0.5498047,VVS2,E,EX,EX,EX,N,2027.1,4.7109375,4.4882812,3.0507812
1642230,CUSHION,0.9301758,SI1,K,EX,EX,EX,N,2027.74,6.0117188,5.1796875,3.5
1634071,CUSHION,0.8198242,VVS2,J,EX,EX,VG,N,2030.12,5.5703125,5.0703125,3.4296875
1594979,CUSHION,0.7998047,VS2,J,EX,EX,VG,N,2030.73,5.5117188,5.0195312,3.4101562
1775165,CUSHION,0.7001953,VS2,I,EX,EX,VG,N,2030.97,5.6484375,4.640625,3.1191406
1632735,CUSHION,0.7001953,SI2,D,EX,EX,VG,N,2032.09,5.578125,4.8515625,3.2304688
1794047,CUSHION,0.5800781,VS1,F,EX,EX,EX,N,2033.86,5.1484375,4.46875,3.0195312
1612572,CUSHION,0.7998047,VVS2,J,EX,EX,VG,N,2038.84,5.4882812,5.0390625,3.4101562
1650991,CUSHION,0.8100586,VVS2,J,EX,EX,EX,M,2040.5,5.4882812,5.0390625,3.4199219
1606782,CUSHION,0.8100586,SI2,I,EX,EX,EX,N,2043.47,5.4296875,5.140625,3.4609375
1793039,CUSHION,0.7001953,SI2,H,VG,EX,VG,N,2043.89,5.6992188,4.5585938,3.1191406
1631307,CUSHION,0.89990234,SI2,I,GD,EX,VG,N,2043.99,5.4609375,5.2109375,3.7207031
1795564,CUSHION,0.7998047,SI1,J,EX,EX,VG,F,2045.8,5.2617188,5.1601562,3.4804688
1626223,CUSHION,0.8100586,VS2,J,EX,EX,EX,M,2008.35,5.4101562,5.1796875,3.4492188
1671478,CUSHION,0.72998047,SI2,D,EX,EX,EX,F,2009.44,5.1210938,5.0195312,3.390625
1646005,CUSHION,0.7001953,SI2,G,EX,EX,VG,N,2012.64,5.2695312,4.7890625,3.25
200688-301,CUSHION,1.2001953,SI1,FANCY,EX,VG,VG,F,2014.29,6.2382812,5.53125,3.7597656
1777326,CUSHION,0.7001953,VS2,I,VG,EX,VG,N,2014.41,5.1992188,4.7382812,3.2792969
1652699,CUSHION,0.52001953,VVS2,E,EX,EX,VG,N,2014.58,4.9609375,4.3085938,2.9199219
1622482,CUSHION,0.7597656,VVS2,J,VG,EX,VG,N,2014.73,5.0585938,4.9882812,3.4902344
1749085,CUSHION,0.7001953,SI2,D,EX,EX,EX,N,2015.51,5.5585938,4.7382812,3.1992188
1795571,CUSHION,0.52001953,VVS2,D,EX,EX,EX,F,2015.68,4.5507812,4.5117188,3.0605469
202157-1046,CUSHION,1.0400391,VS2,K,EX,EX,EX,F,2016.71,6.421875,5.3515625,3.5898438
1773469,CUSHION,0.7597656,SI1,H,EX,EX,VG,N,2018.23,5.640625,4.9101562,3.3300781
1606798,CUSHION,0.72021484,SI1,D,EX,EX,VG,ST,2018.99,5.328125,4.8398438,3.2695312
1746022,CUSHION,0.8100586,SI1,H,EX,EX,VG,N,2020.41,5.7695312,4.9492188,3.3496094
1626231,CUSHION,0.70996094,VVS2,I,VG,EX,VG,N,2020.42,5.171875,4.7695312,3.3398438
1648830,CUSHION,0.70996094,SI1,H,EX,EX,VG,N,2021.49,5.3515625,4.890625,3.3007812
1632745,CUSHION,0.6098633,VS2,E,EX,EX,VG,N,2217.08,4.8710938,4.6914062,3.1503906
1796877,CUSHION,0.7001953,SI1,H,EX,EX,VG,N,2222.82,5.1289062,4.890625,3.3105469
1593512,CUSHION,0.7998047,VS2,I,EX,EX,VG,F,2223.08,6.078125,4.859375,3.1699219
211007-174,CUSHION,1.2001953,VS2,N,VG,EX,VG,N,2224.06,5.8984375,5.8789062,4.078125
211159-8,CUSHION,1.0,SI2,K,GD,EX,VG,F,2224.79,5.4101562,5.390625,3.890625
210019-107,CUSHION,1.0,SI1,K,EX,EX,VG,M,2224.84,5.671875,5.640625,3.8007812
1612582,CUSHION,0.7998047,SI1,I,EX,EX,EX,N,2225.57,5.5117188,5.0117188,3.390625
1626204,CUSHION,0.89990234,VVS1,K,GD,EX,GD,N,2227.14,5.4414062,5.1015625,3.6601562
202243-662,CUSHION,1.0,VS2,M,EX,EX,EX,F,2227.9,5.6601562,5.53125,3.75
1628221,CUSHION,0.89990234,VS2,K,EX,EX,VG,N,2228.75,5.9609375,5.1796875,3.4394531
1795565,CUSHION,0.7998047,SI2,E,EX,EX,VG,F,2229.48,6.0585938,4.859375,3.2890625
1643505,CUSHION,0.7998047,VS1,J,EX,VG,VG,F,2231.4,5.859375,4.921875,3.3398438
1773467,CUSHION,0.72021484,VS2,H,EX,EX,VG,M,2232.88,5.71875,4.6914062,3.1894531
1663186,CUSHION,0.7998047,VVS1,J,EX,EX,EX,F,2235.25,5.7617188,4.96875,3.2792969
1626215,CUSHION,0.9301758,SI2,I,EX,EX,VG,N,2235.37,5.4882812,5.46875,3.6992188
200705-30,CUSHION,1.0996094,VS1,U-V,EX,EX,GD,F,2289.26,6.3984375,5.7304688,3.4492188
1643504,CUSHION,0.8100586,VS1,J,EX,EX,VG,N,2289.75,5.7890625,5.0195312,3.3105469
1587750,CUSHION,0.7998047,VS2,I,EX,VG,VG,N,2290.68,6.0390625,4.828125,3.2109375
211020-492,CUSHION,1.0,SI2,J,EX,EX,EX,N,2291.32,6.359375,5.328125,3.5292969
1577739,CUSHION,0.8100586,VS2,I,VG,EX,VG,N,2291.34,5.25,5.1210938,3.5195312
1667147,CUSHION,0.75,SI2,G,EX,EX,GD,N,2296.25,5.6992188,4.859375,3.2890625
1781758,CUSHION,0.6098633,VS2,FANCY,EX,VG,VG,N,2299.8,4.78125,4.609375,3.2109375
1663191,CUSHION,0.7998047,SI1,I,VG,EX,VG,N,2300.26,5.171875,5.0507812,3.5
1636040,CUSHION,0.7998047,SI1,I,EX,EX,VG,N,2300.26,5.4804688,4.9804688,3.3808594
1646004,CUSHION,0.75,SI2,G,EX,EX,VG,N,2300.3,5.3710938,4.9101562,3.3300781
1584388,CUSHION,0.7998047,VS2,I,EX,EX,EX,N,2301.83,5.5,5.0,3.4003906
1609775,CUSHION,0.7998047,VS1,I,EX,EX,EX,N,2302.01,5.8203125,4.8710938,3.3007812
1665791,CUSHION,0.7597656,SI2,D,EX,VG,VG,N,2302.77,5.421875,4.9414062,3.3496094
1799590,CUSHION,0.7001953,SI1,G,VG,EX,VG,F,2305.38,5.2890625,4.7109375,3.2890625
1624952,CUSHION,0.72998047,SI1,F,EX,EX,EX,F,2306.11,5.2109375,4.9101562,3.3300781
1650984,CUSHION,0.89990234,VS2,H,EX,EX,VG,N,3856.69,5.4882812,5.3789062,3.6308594
211017-156,CUSHION,1.0097656,SI2,D,EX,EX,EX,M,3858.96,6.3398438,5.421875,3.6699219
211083-148,CUSHION,1.0,SI1,F,VG,EX,GD,F,3885.83,5.9492188,5.4101562,3.7207031
212001-219,CUSHION,1.0097656,VVS1,J,EX,EX,EX,F,3905.91,5.6601562,5.5390625,3.7597656
1648813,CUSHION,0.91015625,VS2,G,EX,EX,EX,N,3908.68,5.578125,5.4414062,3.640625
Eco Diamond LGC10383,CUSHION,1.5898438,VS1,I,GD,VG,VG,N,3909.51,6.9882812,6.578125,4.1601562
Eco Diamond LGC10291,CUSHION,1.5400391,SI1,H,VG,GD,GD,N,3910.9,6.6796875,6.5117188,4.390625
1608365,CUSHION,0.91015625,VS2,F,EX,EX,EX,N,3914.58,5.578125,5.3515625,3.6191406
1624912,CUSHION,0.89990234,SI1,E,EX,EX,VG,N,3915.77,5.5,5.421875,3.6601562
213091-376,CUSHION,1.0,SI1,G,VG,EX,VG,N,3916.61,5.8007812,5.359375,3.75
200467-36,CUSHION,1.7304688,SI2,FANCY,EX,EX,VG,F,3916.89,7.1796875,6.3007812,4.21875
212059-197,CUSHION,1.0,VS1,I,EX,EX,EX,N,3923.14,5.8984375,5.46875,3.7207031
200753-83,CUSHION,1.0,SI2,E,EX,EX,VG,N,3927.44,6.3203125,5.5,3.7402344
213057-115,CUSHION,0.95996094,SI1,F,EX,EX,VG,F,3928.74,6.3203125,5.1015625,3.4707031
200714-88,CUSHION,1.8203125,SI2,U-V,EX,EX,VG,N,3929.77,6.7695312,6.6796875,4.5507812
1743726,CUSHION,0.7998047,VS2,F,EX,EX,EX,M,3006.85,5.7695312,4.96875,3.3691406
1794033,CUSHION,0.7001953,VS1,G,VG,EX,EX,N,3007.03,4.96875,4.8515625,3.3691406
200715-219,CUSHION,1.0097656,SI2,FANCY,EX,EX,VG,M,3010.7,5.7617188,5.5195312,3.6894531
200688-178,CUSHION,1.0097656,SI2,E,EX,EX,VG,N,3018.02,6.03125,5.5,3.7207031
200715-247,CUSHION,1.2998047,VS1,S-T,EX,EX,EX,M,3018.93,6.1289062,6.0703125,4.1210938
1773459,CUSHION,0.7998047,SI1,F,EX,EX,VG,N,3019.15,5.8984375,4.9414062,3.2597656
1643495,CUSHION,0.89990234,SI2,E,EX,EX,EX,N,3019.53,5.4296875,5.3789062,3.6503906
200575-27,CUSHION,0.97021484,VS1,J,EX,VG,VG,N,3021.19,6.2695312,5.2304688,3.5507812
211007-602,CUSHION,1.0,VS2,K,EX,EX,EX,N,3022.76,6.2109375,5.3789062,3.6503906
211177-29,CUSHION,1.0,VS1,K,VG,EX,EX,N,3024.32,5.5390625,5.5117188,3.8496094
211176-5,CUSHION,1.0,VS1,K,VG,EX,EX,F,3024.32,5.9804688,5.2617188,3.6796875
1648818,CUSHION,0.7998047,VVS2,E,EX,EX,VG,M,3025.51,5.7890625,5.03125,3.4101562
1601093,CUSHION,0.89990234,SI1,D,EX,EX,EX,VS,3025.82,5.390625,5.390625,3.6601562
213074-296,CUSHION,1.0,SI1,J,EX,EX,EX,F,3031.11,5.7382812,5.4804688,3.7207031
211099-201,CUSHION,1.0,SI1,J,EX,EX,VG,M,3031.11,5.7382812,5.5585938,3.7207031
1584390,CUSHION,0.8100586,VS2,H,EX,EX,VG,N,2544.9,5.421875,5.2695312,3.5097656
1582750,CUSHION,0.8100586,VS2,H,EX,EX,VG,N,2544.9,5.828125,5.03125,3.3300781
1722920,CUSHION,0.89990234,SI1,I,EX,EX,VG,N,2545.21,5.5,5.390625,3.5898438
1758178,CUSHION,0.75,SI1,E,EX,EX,VG,F,2547.34,5.4101562,4.921875,3.3203125
1554273,CUSHION,0.64990234,IF,FANCY,EX,EX,VG,F,2551.92,4.859375,4.7890625,3.2207031
1642247,CUSHION,0.75,SI1,G,EX,EX,EX,N,2552.97,5.28125,4.9804688,3.3808594
1788942,CUSHION,0.75,SI1,F,EX,EX,EX,F,2555.25,5.6289062,4.890625,3.2890625
210330-815,CUSHION,1.0,VS2,L,VG,EX,EX,N,2559.38,5.7382812,5.3710938,3.75
200650-385,CUSHION,0.97021484,SI2,J,EX,EX,VG,N,2559.66,6.1015625,5.3007812,3.5898438
1632722,CUSHION,0.7998047,SI1,F,VG,EX,VG,N,2560.39,5.3203125,5.078125,3.5507812
210539-35,CUSHION,1.5,SI2,FANCY,EX,EX,VG,F,2560.74,6.3789062,6.0898438,4.1601562
210530-277,CUSHION,0.95996094,VVS2,K,GD,EX,GD,N,2565.76,5.6601562,5.1210938,3.8105469
1585621,CUSHION,0.89990234,VS2,J,EX,VG,EX,N,2566.67,5.46875,5.3984375,3.5703125
1652693,CUSHION,0.7001953,SI1,E,EX,EX,EX,N,2567.05,5.578125,4.7382812,3.2109375
1622624,CUSHION,0.8300781,IF,FANCY,EX,EX,VG,N,2567.29,5.2890625,5.2304688,3.5097656
203193-358,CUSHION,0.95996094,SI1,G,EX,EX,EX,N,3621.08,5.7890625,5.390625,3.6308594
1632707,CUSHION,0.91015625,VS1,I,EX,EX,VG,N,3623.78,5.46875,5.3203125,3.609375
210461-2,CUSHION,1.5097656,SI2,L,EX,EX,EX,ST,3624.29,6.4296875,6.328125,4.3007812
210041-522,CUSHION,1.2001953,SI1,K,VG,EX,EX,N,3624.45,5.9492188,5.7109375,4.0
1660161,CUSHION,0.85009766,VS1,F,EX,EX,EX,F,3631.94,5.6015625,5.1015625,3.4707031
1652677,CUSHION,0.8198242,VS2,D,EX,EX,EX,N,3632.78,6.1015625,4.9101562,3.3300781
1616425,CUSHION,0.9199219,SI1,G,EX,EX,EX,N,3632.78,5.5507812,5.3984375,3.6699219
201177-356,CUSHION,1.0097656,SI2,F,EX,EX,EX,N,3633.68,6.3398438,5.3203125,3.6191406
111000-6281,CUSHION,1.1904297,I2,FANCY,EX,VG,GD,M,3638.36,5.96875,5.5898438,3.8007812
211017-134,CUSHION,1.0097656,SI2,E,EX,EX,VG,F,3640.86,5.6992188,5.5585938,3.7695312
200713-41,CUSHION,0.97021484,SI2,G,EX,EX,VG,N,3641.97,6.4296875,5.1796875,3.5195312
210051-19,CUSHION,0.95996094,VS1,I,VG,EX,VG,F,3642.69,5.4492188,5.4296875,3.7890625
1602030,CUSHION,0.89990234,SI1,F,EX,EX,VG,N,3644.99,5.7382812,5.2617188,3.5703125
210229-171,CUSHION,1.0097656,SI2,F,EX,EX,EX,N,3645.57,5.7109375,5.5117188,3.7597656
200761-211,CUSHION,1.5,I1,FANCY,VG,EX,VG,F,3646.86,6.1914062,6.0703125,4.3515625
1621146,CUSHION,0.8100586,VS2,H,EX,EX,VG,N,2838.9,5.8203125,4.921875,3.3105469
1798194,CUSHION,0.7001953,VS1,E,GD,EX,VG,N,2839.1,4.96875,4.640625,3.3398438
1790970,CUSHION,0.7998047,SI1,F,EX,EX,VG,N,2839.34,5.921875,4.9492188,3.2792969
1636031,CUSHION,0.8100586,VS2,G,EX,EX,VG,F,2842.98,5.96875,5.0195312,3.2890625
1742969,CUSHION,0.9199219,VS1,J,EX,EX,VG,N,2843.19,5.9414062,5.1601562,3.4902344
1763860,CUSHION,0.7001953,SI1,D,EX,EX,EX,N,2843.7,5.3085938,4.8515625,3.2890625
1554272,CUSHION,0.6899414,VVS1,FANCY,EX,EX,VG,N,2847.54,4.9882812,4.8007812,3.25
Eco Diamond LGC10178,CUSHION,1.2802734,VS2,H,VG,GD,GD,N,2850.12,6.5507812,6.328125,4.0195312
1651004,CUSHION,0.7998047,SI1,E,EX,EX,VG,N,2851.0,5.4296875,5.0585938,3.4296875
211007-668,CUSHION,1.0302734,SI1,FANCY,EX,EX,VG,M,2851.4,5.6484375,5.6015625,3.7109375
211003-723,CUSHION,1.0302734,VS2,K,EX,EX,EX,M,2851.75,5.6914062,5.6796875,3.8496094
211082-15,CUSHION,1.3095703,VVS1,W-X,EX,VG,EX,M,2853.96,6.28125,6.0117188,3.890625
1536084,CUSHION,0.7998047,VS2,F,EX,EX,EX,N,2854.04,5.6601562,4.9101562,3.3398438
202225-1017,CUSHION,1.0996094,SI1,U-V,EX,EX,EX,N,2854.35,5.9101562,5.6601562,3.8398438
200787-391,CUSHION,1.2001953,SI2,I,VG,EX,EX,N,2854.7,5.9882812,5.6914062,3.9707031
200764-28,CUSHION,1.0097656,SI2,I,EX,EX,EX,N,3148.92,6.5,5.3984375,3.6601562
1647279,CUSHION,0.8100586,SI1,D,EX,EX,VG,N,3155.22,5.5703125,5.0703125,3.4101562
1769453,CUSHION,0.8100586,VS2,G,EX,EX,VG,N,3160.69,5.71875,4.9804688,3.3691406
1783704,CUSHION,0.89990234,SI2,E,VG,EX,VG,ST,3162.87,5.3984375,5.328125,3.6699219
1790052,CUSHION,0.8701172,VVS1,FANCY,EX,EX,VG,M,3163.92,5.140625,5.1210938,3.5703125
211157-313,CUSHION,1.2998047,VS1,Y-Z,EX,EX,VG,F,3168.43,6.1796875,6.171875,3.9609375
1638095,CUSHION,0.89990234,SI1,F,VG,EX,EX,N,3170.35,5.9492188,5.0507812,3.5097656
202228-764,CUSHION,1.0,SI1,I,EX,EX,EX,M,3172.28,5.7382812,5.4882812,3.7207031
210063-516,CUSHION,1.0097656,VVS1,FANCY,EX,EX,GD,F,3172.57,5.6601562,5.4882812,3.7304688
200761-138,CUSHION,1.4101562,SI1,U-V,EX,EX,EX,N,3173.58,6.3007812,6.140625,4.1601562
211003-1026,CUSHION,1.0302734,SI1,J,EX,EX,EX,F,3173.68,6.21875,5.4101562,3.6699219
1634072,CUSHION,0.7998047,VS2,F,EX,EX,EX,N,3174.67,5.46875,5.171875,3.4199219
Eco Diamond LG200509,CUSHION,1.5,I1,F,EX,EX,EX,N,3175.67,6.71875,6.3710938,4.5195312
1722918,CUSHION,0.91015625,VS2,I,EX,EX,EX,N,3180.36,5.5,5.3984375,3.6503906
202182-1289,CUSHION,1.0,SI2,F,EX,EX,VG,F,3180.61,6.0117188,5.4609375,3.5605469
1632720,CUSHION,0.7998047,VS2,H,EX,EX,VG,N,2567.32,5.4882812,4.9882812,3.390625
1575610,CUSHION,0.7998047,SI1,F,EX,VG,VG,N,2568.84,5.4804688,5.0703125,3.4492188
1623494,CUSHION,0.7998047,SI1,G,EX,EX,VG,N,2573.08,5.2890625,5.1289062,3.4902344
210478-47,CUSHION,1.2304688,VS1,Y-Z,EX,EX,VG,N,2573.59,6.0507812,5.8398438,3.9296875
200711-82,CUSHION,1.2099609,VS1,U-V,EX,EX,EX,M,2575.46,6.6914062,5.8710938,3.5390625
1711030,CUSHION,0.8100586,VS2,I,EX,EX,VG,N,2576.42,5.828125,5.0585938,3.4003906
213059-70,CUSHION,1.0097656,SI2,FANCY,EX,VG,VG,ST,2576.8,6.0390625,5.2382812,3.5292969
1636057,CUSHION,0.7001953,SI1,D,VG,EX,VG,N,2577.77,5.1015625,4.7890625,3.3007812
1795567,CUSHION,0.7001953,VS2,E,GD,EX,VG,F,2579.84,5.171875,4.46875,3.4101562
1652683,CUSHION,0.8100586,SI1,E,EX,EX,EX,M,2582.83,5.7617188,5.0117188,3.390625
1609760,CUSHION,0.89990234,VS1,J,EX,EX,VG,N,2583.7,5.7304688,5.2890625,3.5703125
1604246,CUSHION,0.7998047,VS2,FANCY,EX,EX,VG,F,2583.82,5.390625,4.9609375,3.3300781
1636052,CUSHION,0.70996094,VS2,G,EX,EX,VG,N,2585.08,5.3007812,4.8398438,3.2597656
1769455,CUSHION,0.7998047,SI2,E,EX,EX,VG,N,2587.83,5.7617188,4.8984375,3.3300781
1796875,CUSHION,0.72021484,VS2,G,EX,EX,VG,ST,2589.08,5.4804688,4.7617188,3.2109375
1643509,CUSHION,0.7998047,SI1,E,EX,EX,VG,N,2922.7,5.671875,4.9882812,3.3300781
200713-50,CUSHION,1.2001953,VS1,W-X,EX,EX,VG,M,2928.0,6.578125,5.5703125,3.609375
1664487,CUSHION,0.8300781,SI1,E,EX,EX,EX,M,2930.48,5.4296875,5.3984375,3.5507812
203210-257,CUSHION,1.0097656,SI1,J,EX,EX,VG,N,2931.82,5.8203125,5.5117188,3.7402344
1754807,CUSHION,0.7998047,VS1,G,EX,EX,VG,ST,2932.74,5.328125,5.0507812,3.4199219
1734197,CUSHION,0.89990234,SI1,I,EX,EX,EX,N,2934.53,5.4414062,5.3984375,3.6601562
1612578,CUSHION,0.8300781,VS2,E,EX,EX,VG,M,2934.67,5.359375,5.3203125,3.5390625
212004-321,CUSHION,1.0,SI2,I,EX,EX,VG,ST,2934.68,6.1484375,5.3515625,3.5996094
211007-648,CUSHION,1.0097656,VS1,K,VG,VG,GD,N,2935.14,5.7890625,5.5195312,3.7597656
201227-106,CUSHION,1.2597656,VS1,S-T,EX,EX,VG,F,2936.27,6.3203125,5.890625,3.9707031
1638105,CUSHION,0.7998047,VS2,E,EX,EX,VG,F,2937.92,5.9492188,4.8085938,3.2597656
200400-27,CUSHION,1.5996094,I1,FANCY,EX,VG,GD,F,2939.19,6.5507812,6.5507812,4.2617188
1596264,CUSHION,0.7998047,VS2,G,EX,EX,EX,N,2946.6,5.3203125,5.1601562,3.4804688
1773458,CUSHION,0.8198242,SI1,F,EX,EX,VG,N,2947.46,5.2617188,5.21875,3.5097656
210535-101,CUSHION,1.0302734,I1,I,EX,EX,VG,N,2951.11,5.7617188,5.5703125,3.7890625
211007-547,CUSHION,1.0097656,VS2,J,EX,EX,VG,N,3830.65,6.0507812,5.7695312,3.9199219
1798188,CUSHION,0.89990234,VS1,H,GD,EX,VG,N,3836.3,5.28125,5.0507812,3.9492188
1754804,CUSHION,0.7998047,VVS1,F,VG,EX,VG,N,3837.55,5.4804688,4.96875,3.4804688
212100-440,CUSHION,1.0,SI2,H,EX,EX,EX,F,3838.51,5.6992188,5.5,3.7207031
200702-1294,CUSHION,1.5097656,VS2,FANCY,EX,EX,VG,N,3840.15,7.2890625,5.8515625,3.9707031
210441-16,CUSHION,1.0195312,SI2,F,VG,EX,EX,M,3840.75,6.109375,5.3789062,3.7207031
200761-225,CUSHION,1.1201172,SI1,FANCY,EX,EX,VG,N,3842.37,6.3007812,5.5,3.6699219
1794027,CUSHION,0.7001953,VVS1,E,EX,EX,VG,N,3846.12,5.3515625,4.8710938,3.2207031
210430-296,CUSHION,1.0,SI2,H,VG,EX,EX,N,3846.38,5.859375,5.3710938,3.7597656
1786410,CUSHION,0.89990234,VVS2,H,VG,EX,EX,F,3847.49,5.6015625,5.21875,3.640625
211003-525,CUSHION,1.2001953,VS2,K,VG,EX,VG,N,3849.88,6.0507812,5.7109375,3.9902344
210504-342,CUSHION,1.5,VS1,FANCY,EX,EX,VG,M,3852.42,6.3007812,6.0585938,4.1914062
210407-269,CUSHION,1.6201172,VVS2,W-X,EX,VG,VG,N,3852.61,6.2617188,6.1796875,4.328125
1660154,CUSHION,0.89990234,VS1,E,EX,EX,VG,M,3854.87,5.4492188,5.3007812,3.5898438
211099-95,CUSHION,1.0097656,SI2,H,EX,EX,VG,N,3855.59,6.0,5.4609375,3.6894531
213112-261,CUSHION,0.95996094,SI2,F,VG,VG,VG,N,3647.7,5.6992188,5.2304688,3.6601562
1638098,CUSHION,0.89990234,SI1,H,EX,EX,VG,N,3650.01,5.8984375,5.0703125,3.4394531
1636012,CUSHION,0.89990234,SI1,F,EX,EX,VG,N,3650.11,5.890625,5.3515625,3.5195312
1636001,CUSHION,0.91015625,VS1,I,EX,EX,VG,N,3650.16,6.0195312,5.2109375,3.5195312
200596-154,CUSHION,1.0097656,SI2,G,EX,EX,EX,F,3651.12,5.921875,5.6601562,3.7890625
1788939,CUSHION,0.89990234,SI2,E,EX,VG,VG,N,3652.83,5.46875,5.3789062,3.6503906
1663185,CUSHION,0.89990234,SI1,F,VG,EX,VG,N,3653.05,5.6015625,5.25,3.640625
1786411,CUSHION,0.8100586,VS2,E,VG,EX,EX,N,3653.66,5.1796875,5.1601562,3.5507812
1654403,CUSHION,0.89990234,VS1,FANCY,EX,EX,VG,N,3655.62,5.5585938,5.2617188,3.5507812
211105-250,CUSHION,1.0302734,VS2,J,EX,EX,VG,F,3656.15,6.2382812,5.4296875,3.6308594
1638094,CUSHION,0.89990234,SI1,F,EX,EX,VG,N,3660.36,5.4882812,5.359375,3.640625
201209-957,CUSHION,1.0302734,VS2,J,EX,EX,EX,N,3663.2,6.1914062,5.3710938,3.6503906
1648817,CUSHION,0.7998047,VVS2,D,EX,VG,VG,N,3664.6,5.390625,5.0390625,3.4199219
1782535,CUSHION,0.7998047,VVS1,G,EX,EX,EX,N,3673.84,5.75,4.9492188,3.359375
1589338,CUSHION,0.89990234,VS2,F,EX,EX,EX,N,3680.92,5.8984375,5.1289062,3.4804688
1794028,CUSHION,0.72021484,VVS2,H,EX,EX,VG,N,2854.71,5.3203125,4.859375,3.2792969
1643507,CUSHION,0.7998047,SI1,D,EX,EX,VG,N,2859.3,5.6484375,4.9101562,3.3398438
1650995,CUSHION,0.7998047,VS1,H,EX,EX,VG,N,2859.51,5.3515625,5.2695312,3.5507812
1762701,CUSHION,0.89990234,SI2,H,VG,EX,VG,N,2864.45,5.7109375,5.2304688,3.5605469
1544465,CUSHION,0.7998047,VVS2,F,EX,EX,VG,ST,2868.84,5.8398438,4.8789062,3.3203125
202233-480,CUSHION,0.95996094,SI2,I,EX,EX,VG,N,2870.92,5.5703125,5.4296875,3.6992188
1639531,CUSHION,0.91015625,VS1,J,VG,EX,EX,N,2871.28,5.6796875,5.1484375,3.5703125
201235-318,CUSHION,1.5097656,SI2,W-X,EX,EX,VG,M,2873.76,6.46875,6.359375,4.1992188
1593508,CUSHION,0.7998047,SI1,D,EX,EX,VG,N,2874.53,5.7695312,5.0,3.3496094
211147-175,CUSHION,1.0097656,VVS2,K,EX,EX,VG,M,2879.08,6.21875,5.3710938,3.6503906
1639542,CUSHION,0.8100586,VS2,G,EX,EX,VG,F,2883.82,5.3398438,5.1914062,3.4394531
210530-455,CUSHION,0.95996094,VS2,J,GD,EX,GD,N,2884.0,5.4882812,5.328125,3.9003906
1767809,CUSHION,0.7001953,VS2,E,EX,EX,VG,N,2887.38,5.2617188,4.8398438,3.2890625
1716538,CUSHION,0.8100586,VS2,H,EX,EX,VG,N,2891.22,5.421875,5.1015625,3.4492188
1717267,CUSHION,0.77978516,VS2,E,EX,EX,EX,N,2891.4,5.4882812,4.9882812,3.3398438
1786413,CUSHION,0.7998047,SI1,G,EX,EX,EX,N,3207.27,5.2617188,5.0898438,3.4394531
211105-443,CUSHION,1.0195312,VVS2,K,EX,EX,EX,N,3209.25,5.6484375,5.6210938,3.8105469
1771051,CUSHION,0.89990234,SI1,F,GD,EX,VG,N,3211.78,5.5195312,5.140625,3.6894531
1781164,CUSHION,0.7998047,VVS2,H,EX,EX,EX,N,3212.39,5.2304688,5.171875,3.5097656
1665781,CUSHION,0.8100586,SI1,D,EX,EX,VG,M,3212.69,5.859375,5.0507812,3.390625
1794035,CUSHION,0.7001953,VS2,F,EX,EX,EX,N,3215.06,5.6210938,4.6992188,3.1699219
1798192,CUSHION,0.7998047,VS1,H,VG,EX,VG,N,3215.06,5.140625,5.0195312,3.5097656
211007-718,CUSHION,1.3603516,VVS2,U-V,EX,EX,VG,M,3215.28,6.3203125,5.9882812,4.0390625
210433-282,CUSHION,1.0,VVS1,L,EX,EX,EX,N,3219.29,6.0898438,5.2890625,3.5800781
210034-135,CUSHION,1.0302734,SI2,H,EX,EX,EX,VSL,3221.83,6.2695312,5.3984375,3.6308594
1534906,CUSHION,0.89990234,SI1,H,EX,EX,VG,N,3223.18,5.7109375,5.2617188,3.5605469
1639536,CUSHION,0.89990234,SI1,H,VG,VG,VG,N,3229.56,5.5390625,5.2617188,3.6503906
1665778,CUSHION,0.7998047,VS2,F,VG,EX,EX,N,3233.01,5.4609375,5.0390625,3.4707031
1636030,CUSHION,0.8701172,VS2,G,EX,EX,EX,N,3236.98,5.3710938,5.2695312,3.5605469
213114-25,CUSHION,0.95996094,SI2,D,EX,EX,EX,N,3237.69,6.1992188,5.1601562,3.5097656
1738028,CUSHION,0.7998047,VS1,F,VG,EX,VG,N,3336.77,5.171875,5.109375,3.5703125
200738-12,CUSHION,1.0,SI2,G,EX,EX,VG,N,3336.97,6.6601562,5.328125,3.5507812
200715-135,CUSHION,1.0195312,SI1,FANCY,EX,VG,VG,N,3340.76,5.8203125,5.4414062,3.6699219
1660157,CUSHION,0.89990234,VS2,I,VG,EX,EX,F,3343.19,5.4609375,5.4296875,3.75
1623493,CUSHION,0.7998047,VS2,E,EX,EX,EX,N,3349.0,5.671875,4.9296875,3.3496094
1579146,CUSHION,0.91015625,VS2,H,EX,EX,EX,N,3365.27,5.9492188,5.1484375,3.5
1756378,CUSHION,0.7998047,VS2,G,EX,EX,EX,N,3367.95,5.421875,5.0,3.390625
1660152,CUSHION,0.89990234,VVS2,H,VG,EX,VG,M,3368.06,5.4296875,5.2890625,3.6992188
203119-3,CUSHION,1.6298828,SI2,FANCY,EX,VG,VG,F,3368.13,6.6914062,6.2890625,4.2695312
211099-233,CUSHION,1.0097656,SI2,G,EX,EX,GD,ST,3371.32,6.3710938,5.2890625,3.5996094
1725987,CUSHION,0.7998047,VVS1,D,EX,EX,EX,M,3371.89,5.3789062,5.1210938,3.4804688
1639541,CUSHION,0.7998047,VS2,E,EX,EX,VG,N,3375.01,5.7617188,4.921875,3.3300781
211003-989,CUSHION,1.0097656,SI2,H,EX,EX,EX,N,3377.27,5.6289062,5.53125,3.7597656
200615-183,CUSHION,1.4003906,SI2,FANCY,EX,EX,VG,F,3381.53,6.828125,5.7617188,3.9101562
1790058,CUSHION,0.75,VS1,FANCY,EX,EX,GD,N,3383.8,5.1289062,4.7617188,3.3300781
1720941,CUSHION,0.91015625,SI1,F,EX,EX,EX,N,3421.52,5.53125,5.4101562,3.6191406
203184-41,CUSHION,0.95996094,SI1,G,EX,EX,VG,N,3421.66,5.7890625,5.46875,3.6796875
1794020,CUSHION,0.89990234,VS2,H,GD,EX,VG,N,3423.2,5.9296875,4.7890625,3.7792969
211090-148,CUSHION,1.0097656,VVS2,J,EX,EX,EX,N,3423.76,5.9804688,5.5,3.6699219
200448-51,CUSHION,1.0800781,SI2,F,EX,EX,EX,N,3424.5,5.9101562,5.7695312,3.8496094
200656-1050,CUSHION,1.2001953,SI2,G,EX,EX,VG,F,3425.25,5.921875,5.9101562,4.0
Eco Diamond LGC10220,CUSHION,1.6298828,VS1,J,VG,VG,VG,N,3426.7,7.5898438,6.8515625,4.1210938
1626209,CUSHION,0.89990234,VS2,G,EX,EX,EX,N,3427.05,6.1210938,5.1210938,3.4492188
Eco Diamond LGC10161,CUSHION,1.5996094,VS1,J,VG,VG,VG,N,3434.4,7.0703125,6.421875,4.2695312
1648812,CUSHION,0.89990234,VVS2,H,VG,EX,VG,N,3436.68,5.75,5.078125,3.5507812
211116-134,CUSHION,1.0,SI2,H,EX,EX,EX,N,3438.83,6.171875,5.359375,3.640625
211141-9,CUSHION,1.5,SI2,K,VG,EX,EX,ST,3441.31,6.6601562,6.1796875,4.3085938
201180-162,CUSHION,1.5097656,SI2,FANCY,EX,EX,EX,N,3442.51,6.6289062,6.1601562,4.1914062
202154-352,CUSHION,1.0,SI2,E,EX,EX,GD,N,3443.55,5.8515625,5.4101562,3.6699219
1608359,CUSHION,0.89990234,VS1,I,EX,EX,EX,N,3447.56,5.6914062,5.1992188,3.5292969
1612575,CUSHION,0.7998047,VS1,G,EX,VG,VG,F,2819.34,5.3203125,5.1992188,3.5
1670784,CUSHION,0.7998047,SI1,D,VG,EX,GD,F,2820.4,5.25,4.9804688,3.4902344
1642234,CUSHION,0.8100586,VS1,H,EX,EX,VG,N,2820.67,5.2695312,5.171875,3.5
1794032,CUSHION,0.7001953,VS1,F,GD,EX,GD,F,2822.3,4.7695312,4.71875,3.4394531
1774075,CUSHION,0.70996094,VVS2,D,VG,EX,VG,M,2823.23,5.2382812,4.7695312,3.3300781
1759252,CUSHION,0.7998047,SI1,F,EX,EX,VG,N,2823.25,5.671875,4.9296875,3.3496094
1794905,CUSHION,0.5,SI1,FANCY,EX,EX,VG,M,2823.99,4.8984375,4.2109375,2.8496094
1759253,CUSHION,0.7998047,SI1,G,VG,EX,VG,N,2827.4,5.1992188,5.1289062,3.5800781
1663184,CUSHION,0.89990234,VS2,J,EX,EX,VG,N,2829.58,5.4609375,5.4101562,3.6601562
200637-296,CUSHION,1.0,SI2,I,EX,EX,VG,N,2829.81,5.890625,5.5703125,3.6699219
212001-119,CUSHION,1.0,VS1,K,GD,EX,GD,N,2834.65,5.609375,5.2890625,3.8007812
1572834,CUSHION,0.85009766,VS2,FANCY,EX,EX,GD,F,2835.39,5.2109375,5.1796875,3.4902344
212055-532,CUSHION,1.0,VS2,K,EX,EX,EX,F,2837.71,5.8789062,5.4609375,3.6992188
210310-53,CUSHION,1.0097656,SI2,I,EX,EX,GD,F,2837.98,5.7695312,5.5703125,3.7597656
202214-267,CUSHION,1.0,SI2,I,GD,EX,VG,N,2838.02,5.640625,5.3085938,3.8203125
1648822,CUSHION,0.8300781,VS2,E,EX,EX,VG,N,3389.88,5.96875,5.0117188,3.3496094
1796869,CUSHION,0.75,VS1,G,EX,EX,VG,N,3391.44,5.0898438,5.078125,3.4492188
1796874,CUSHION,0.72021484,VS2,F,EX,EX,EX,N,3392.17,5.5898438,4.7890625,3.25
1615057,CUSHION,0.8198242,VS2,E,EX,EX,VG,N,3395.72,5.4296875,5.1289062,3.4707031
201244-212,CUSHION,1.2001953,SI1,K,EX,EX,VG,N,3397.09,5.96875,5.9609375,4.0390625
1794029,CUSHION,0.72998047,VS1,D,EX,EX,VG,F,3399.11,5.5507812,4.8203125,3.2207031
1794030,CUSHION,0.75,VS1,E,VG,EX,EX,M,3400.33,5.0507812,5.0,3.4492188
1796870,CUSHION,0.75,VS2,D,VG,EX,VG,N,3400.33,5.3203125,4.8789062,3.359375
200655-186,CUSHION,1.0498047,SI1,FANCY,EX,EX,VG,N,3404.8,6.390625,5.2109375,3.5292969
1789825,CUSHION,0.89990234,SI2,E,VG,EX,VG,N,3407.53,5.4492188,5.390625,3.75
201156-549,CUSHION,1.2099609,I1,F,VG,EX,VG,M,3410.29,6.28125,5.6796875,3.9902344
1786412,CUSHION,0.8100586,SI1,D,EX,EX,EX,N,3416.84,5.5507812,5.1015625,3.4707031
1760313,CUSHION,0.7998047,VS2,E,EX,EX,EX,F,3417.96,5.5390625,5.0507812,3.4003906
211007-308,CUSHION,1.5,VVS2,N,EX,EX,GD,ST,3419.67,6.5390625,6.3203125,4.28125
1612563,CUSHION,0.89990234,VS1,I,EX,EX,VG,N,3420.86,5.5117188,5.3984375,3.6308594
1660160,CUSHION,0.8100586,VVS1,F,VG,EX,VG,F,3480.49,5.5117188,4.9882812,3.4902344
211177-144,CUSHION,1.0,SI2,J,VG,VG,VG,N,3480.83,5.8789062,5.3398438,3.7304688
213091-622,CUSHION,0.95996094,SI1,H,VG,VG,VG,F,3480.99,6.0,5.1914062,3.6191406
203227-301,CUSHION,0.95996094,SI1,H,EX,EX,VG,ST,3483.07,6.3789062,5.140625,3.4902344
1799588,CUSHION,0.7001953,VVS2,E,VG,EX,VG,N,3486.08,4.9414062,4.8515625,3.3808594
212126-29,CUSHION,0.95996094,SI1,I,VG,EX,VG,N,3489.02,5.5585938,5.359375,3.75
1791711,CUSHION,0.89990234,SI1,E,VG,EX,VG,N,3489.83,5.578125,5.21875,3.6503906
Eco Diamond LGC10138,CUSHION,1.6796875,VS2,J,VG,VG,VG,N,3491.26,7.0507812,6.5898438,4.2890625
210407-79,CUSHION,1.5195312,VS2,W-X,EX,EX,VG,F,3496.52,6.4882812,6.03125,4.1914062
211099-224,CUSHION,1.0,SI1,I,EX,EX,VG,N,3498.72,6.1289062,5.3203125,3.609375
1743724,CUSHION,0.7998047,VS1,G,EX,EX,VG,N,3499.04,5.6914062,4.9492188,3.359375
1783702,CUSHION,0.89990234,VS1,H,GD,VG,GD,N,3499.06,5.5390625,4.9882812,3.6894531
1787753,CUSHION,0.89990234,SI1,F,GD,EX,VG,N,3499.16,5.6210938,5.0,3.6992188
210516-215,CUSHION,0.97021484,SI1,H,GD,VG,VG,N,3502.31,5.4492188,5.1210938,4.0117188
211007-694,CUSHION,1.2001953,VS1,K,VG,EX,GD,ST,3505.15,6.4804688,5.640625,3.8398438
210303-162,CUSHION,1.0097656,SI1,G,EX,EX,VG,N,3790.33,5.75,5.5390625,3.7304688
201244-170,CUSHION,1.0,VS1,I,EX,EX,VG,F,3792.23,5.8984375,5.3789062,3.6503906
200786-147,CUSHION,0.95996094,SI2,H,EX,EX,VG,N,3800.19,6.25,5.25,3.5292969
1781160,CUSHION,0.89990234,SI1,G,VG,EX,VG,N,3801.32,5.5195312,5.1210938,3.5898438
202238-274,CUSHION,0.95996094,VS2,I,EX,VG,VG,N,3801.62,5.8085938,5.3515625,3.640625
1794023,CUSHION,0.8198242,VS2,D,EX,EX,VG,N,3805.66,5.8710938,5.0,3.359375
200761-294,CUSHION,1.8095703,SI1,Y-Z,EX,EX,VG,F,3811.71,6.6992188,6.671875,4.5195312
202220-117,CUSHION,1.0,SI1,I,EX,EX,VG,N,3812.58,5.8398438,5.6992188,3.8496094
200770-120,CUSHION,1.2001953,SI2,H,EX,VG,VG,N,3814.51,6.5507812,5.6914062,3.8496094
200788-194,CUSHION,1.0097656,SI2,G,EX,EX,EX,M,3815.09,5.9101562,5.4414062,3.6894531
211031-153,CUSHION,0.97998047,SI1,H,VG,EX,VG,N,3819.36,5.6210938,5.3515625,3.7304688
200650-342,CUSHION,1.2001953,VVS2,K,EX,EX,VG,F,3824.38,6.2617188,5.7382812,3.9003906
211003-1064,CUSHION,1.1904297,VS2,J,EX,EX,GD,M,3824.5,6.109375,5.8398438,3.9199219
200635-60,CUSHION,1.5097656,SI1,FANCY,EX,EX,VG,N,3825.69,6.46875,6.2382812,4.2382812
200699-109,CUSHION,1.0195312,SI2,G,EX,EX,EX,N,3829.74,5.8007812,5.6796875,3.859375
210530-522,CUSHION,1.0,SI2,FANCY,VG,EX,VG,ST,3448.25,5.5117188,5.2382812,3.7402344
203221-1583,CUSHION,1.0,SI2,E,EX,EX,VG,ST,3448.44,6.3515625,5.5,3.6992188
1773444,CUSHION,0.89990234,VS2,I,EX,EX,VG,N,3448.68,5.46875,5.328125,3.640625
210534-150,CUSHION,1.25,SI1,FANCY,EX,EX,VG,N,3449.06,6.609375,5.5390625,3.8691406
1664753,CUSHION,0.72021484,VVS1,FANCY,EX,EX,VG,M,3456.76,5.5117188,4.7617188,3.1992188
210043-143,CUSHION,1.0097656,VS1,J,VG,EX,VG,M,3460.94,6.1914062,5.2617188,3.6503906
203207-100,CUSHION,1.0,SI2,G,EX,EX,VG,N,3461.91,5.8789062,5.7695312,3.9101562
210534-70,CUSHION,1.0097656,SI2,I,VG,EX,EX,N,3463.35,6.1015625,5.421875,3.7597656
1626220,CUSHION,0.7998047,VS2,E,EX,EX,EX,N,3466.3,5.3710938,5.109375,3.4609375
213061-78,CUSHION,1.0,SI2,G,EX,EX,VG,N,3468.24,6.140625,5.3085938,3.609375
210026-54,CUSHION,1.2900391,SI2,J,EX,VG,VG,N,3470.17,6.0703125,6.03125,4.078125
1734196,CUSHION,0.89990234,SI1,G,EX,EX,EX,N,3471.41,5.6289062,5.328125,3.609375
1664485,CUSHION,0.7998047,VS1,E,EX,EX,VG,F,3471.87,5.7617188,5.0,3.390625
211125-43,CUSHION,1.0,SI2,F,EX,EX,VG,ST,3473.08,6.359375,5.2617188,3.5800781
1606712,CUSHION,0.89990234,VS1,I,EX,VG,VG,N,3475.48,5.7109375,5.21875,3.5390625
1553648,CUSHION,0.89990234,SI2,H,VG,EX,VG,F,2611.79,5.6015625,5.1992188,3.5292969
1615058,CUSHION,0.7998047,VS2,H,EX,EX,VG,N,2618.67,5.5585938,5.140625,3.4003906
203186-280,CUSHION,0.95996094,VVS2,K,EX,EX,VG,N,2619.85,6.0390625,5.21875,3.5390625
1631318,CUSHION,0.7998047,SI1,E,VG,EX,VG,N,2619.95,5.4804688,4.9882812,3.4394531
1564530,CUSHION,0.89990234,SI2,E,EX,EX,VG,ST,2620.85,5.75,5.2304688,3.5390625
1767811,CUSHION,0.75,SI1,F,EX,EX,VG,N,2620.9,5.8398438,4.8710938,3.2304688
211169-12,CUSHION,1.0097656,I1,FANCY,EX,EX,VG,M,2621.11,5.75,5.6914062,3.6894531
1628240,CUSHION,0.7998047,SI1,G,EX,EX,VG,N,2622.65,6.0390625,4.8398438,3.2890625
1648827,CUSHION,0.72021484,VS2,F,EX,EX,VG,N,2623.08,5.1484375,4.9296875,3.3496094
1639560,CUSHION,0.75,SI2,F,EX,EX,VG,N,2623.1,5.5703125,4.8515625,3.2792969
1794025,CUSHION,0.8100586,VS2,J,VG,EX,EX,N,2625.6,5.3984375,5.0117188,3.5097656
1773452,CUSHION,0.9501953,SI2,H,EX,EX,VG,ST,2626.23,5.671875,5.4804688,3.6992188
1732848,CUSHION,0.8100586,SI1,E,EX,EX,VG,N,2626.83,5.890625,4.9882812,3.3496094
202233-575,CUSHION,1.0097656,SI2,I,VG,EX,VG,ST,2629.54,6.0,5.3398438,3.7304688
1657708,CUSHION,0.7001953,VS2,F,EX,EX,VG,N,2631.11,5.2304688,4.8984375,3.2792969
212080-318,CUSHION,1.0,SI2,H,EX,VG,EX,N,3759.15,5.6992188,5.5195312,3.75
210454-210,CUSHION,1.0,VS1,I,VG,VG,EX,M,3764.02,5.7695312,5.3085938,3.7207031
211090-244,CUSHION,1.0,SI2,F,EX,EX,VG,N,3765.58,6.2890625,5.4296875,3.6308594
201145-43,CUSHION,1.0195312,SI1,D,EX,EX,EX,ST,3768.42,5.921875,5.53125,3.7109375
1639533,CUSHION,0.89990234,VS2,H,EX,EX,VG,N,3771.04,5.5117188,5.3085938,3.5898438
211099-248,CUSHION,1.0097656,SI1,H,EX,VG,VG,ST,3775.07,6.2304688,5.4101562,3.6601562
212052-403,CUSHION,1.0097656,SI1,H,EX,EX,EX,F,3776.68,5.75,5.6289062,3.7695312
1638096,CUSHION,0.89990234,SI1,F,EX,EX,VG,N,3778.83,5.6289062,5.3398438,3.6308594
1647276,CUSHION,0.89990234,SI1,G,EX,EX,EX,N,3779.11,5.6210938,5.3398438,3.5898438
1632710,CUSHION,0.9199219,SI1,F,EX,EX,VG,N,3780.37,5.75,5.2304688,3.5507812
200636-118,CUSHION,1.7001953,SI2,L,VG,EX,GD,N,3781.67,6.6484375,6.5390625,4.4882812
200700-1110,CUSHION,1.0,SI2,F,EX,EX,VG,N,3784.61,5.890625,5.6210938,3.8007812
210423-70,CUSHION,1.0,SI1,F,EX,EX,VG,M,3788.46,5.921875,5.390625,3.6601562
211090-113,CUSHION,1.0097656,VS1,J,EX,EX,VG,N,3789.79,6.03125,5.5,3.7109375
211099-268,CUSHION,1.0195312,SI1,F,EX,EX,EX,ST,3789.97,5.7109375,5.671875,3.8398438
1758176,CUSHION,0.89990234,SI2,H,VG,EX,VG,N,2895.11,5.6992188,5.140625,3.5800781
200761-82,CUSHION,1.7099609,SI2,Y-Z,EX,EX,VG,N,2895.53,6.6914062,6.3789062,4.3203125
1584392,CUSHION,0.7998047,VS2,G,EX,EX,EX,N,2896.8,5.25,5.1914062,3.5195312
1754803,CUSHION,0.89990234,VS2,J,EX,EX,EX,N,2901.07,5.609375,5.25,3.5605469
200751-175,CUSHION,1.0097656,VS2,K,EX,EX,VG,F,2901.56,6.0507812,5.3710938,3.640625
1606764,CUSHION,0.7998047,VS2,G,EX,EX,EX,N,2902.28,5.5898438,5.0898438,3.4296875
1619452,CUSHION,0.89990234,VS1,J,EX,EX,VG,N,2902.58,5.3710938,5.3398438,3.609375
1766791,CUSHION,0.89990234,VVS2,J,VG,EX,EX,N,2902.86,5.3984375,5.21875,3.6308594
1773446,CUSHION,0.89990234,VS2,I,EX,EX,VG,M,2904.15,6.1914062,5.0898438,3.4609375
200763-51,CUSHION,1.0,SI2,I,EX,EX,EX,F,2904.99,5.9609375,5.7109375,3.7890625
1795566,CUSHION,0.7001953,VVS2,G,VG,EX,EX,F,2906.72,5.0,4.8710938,3.4003906
200697-93,CUSHION,1.0097656,SI1,FANCY,EX,EX,VG,M,2911.64,6.3984375,5.2304688,3.5507812
211177-135,CUSHION,0.95996094,SI1,J,VG,EX,VG,F,2916.16,5.6914062,5.3515625,3.7402344
211105-104,CUSHION,1.0097656,SI2,J,EX,EX,VG,N,2921.49,5.640625,5.6015625,3.7597656
1638099,CUSHION,0.89990234,SI2,D,EX,EX,EX,F,2921.58,5.3710938,5.3515625,3.609375
210344-291,CUSHION,1.0097656,SI1,J,VG,EX,VG,N,2798.53,5.75,5.4609375,3.8105469
1638109,CUSHION,0.7998047,SI1,F,EX,EX,VG,N,2799.77,5.1914062,5.1601562,3.5
1772499,CUSHION,0.7998047,VS1,I,EX,EX,VG,N,2800.26,5.4296875,5.0898438,3.4492188
211007-421,CUSHION,1.0097656,VS1,O-P,EX,EX,VG,N,2802.49,5.6992188,5.578125,3.7890625
211003-804,CUSHION,1.0097656,VS2,K,EX,EX,VG,M,2802.83,5.890625,5.4882812,3.7304688
1608396,CUSHION,0.7998047,VS2,G,EX,EX,EX,N,2805.18,5.2695312,5.25,3.5605469
200519-97,CUSHION,1.1103516,SI1,FANCY,EX,EX,VG,F,2805.3,5.921875,5.609375,3.8105469
210365-340,CUSHION,1.1298828,VS2,FANCY,EX,EX,VG,F,2805.77,6.3710938,5.359375,3.640625
1782534,CUSHION,0.89990234,VS1,J,VG,EX,VG,F,2806.82,5.6484375,5.21875,3.5800781
210479-310,CUSHION,0.95996094,I1,F,EX,EX,EX,N,2807.43,5.890625,5.3710938,3.640625
1642228,CUSHION,0.89990234,VS2,J,EX,EX,EX,N,2812.65,6.0117188,5.1289062,3.4902344
1643510,CUSHION,0.7998047,SI1,F,EX,EX,VG,N,2817.63,5.3398438,5.171875,3.4902344
1652680,CUSHION,0.8100586,VS2,F,EX,EX,VG,M,2817.8,5.4492188,5.1992188,3.4199219
210516-50,CUSHION,1.0,VVS2,L,GD,EX,EX,N,2817.95,5.359375,5.3515625,3.8496094
1767810,CUSHION,0.7001953,VS2,F,VG,EX,VG,N,2818.99,5.0195312,4.8007812,3.359375
1783706,CUSHION,0.72021484,VS2,F,EX,VG,VG,N,3237.87,5.6914062,4.8085938,3.1992188
1761464,CUSHION,0.89990234,SI2,E,VG,EX,VG,N,3238.89,5.6289062,5.2304688,3.6503906
1746974,CUSHION,0.8198242,VS1,H,EX,EX,EX,N,3248.18,5.7617188,5.0,3.3808594
210492-71,CUSHION,1.0,VVS2,K,VG,EX,EX,N,3250.49,5.7109375,5.3984375,3.75
1771056,CUSHION,0.7998047,VVS2,D,EX,EX,VG,M,3250.53,5.8710938,4.921875,3.3203125
1759248,CUSHION,0.89990234,SI2,D,VG,EX,VG,N,3251.21,6.0195312,5.109375,3.4492188
213081-239,CUSHION,1.0,VS1,J,GD,EX,VG,N,3255.46,5.8789062,5.1992188,3.7402344
210496-30,CUSHION,0.95996094,SI2,H,EX,EX,EX,ST,3257.15,5.7695312,5.7109375,3.5800781
1638106,CUSHION,0.7998047,VS2,G,EX,EX,VG,N,3260.31,5.2382812,5.1992188,3.4707031
212023-348,CUSHION,1.0,VS2,K,VG,EX,EX,N,3267.15,5.71875,5.3515625,3.7207031
1667142,CUSHION,0.72021484,VS1,G,EX,EX,EX,N,3268.8,5.2109375,4.921875,3.2890625
1778450,CUSHION,0.7998047,VS2,G,EX,EX,VG,N,3269.41,5.4414062,5.0390625,3.4199219
212109-506,CUSHION,1.2001953,SI2,K,EX,EX,VG,F,3269.71,6.640625,5.6015625,3.7597656
1798193,CUSHION,0.7001953,VS1,D,VG,EX,VG,N,3273.31,4.9414062,4.9101562,3.4199219
1759249,CUSHION,0.9199219,SI2,F,EX,VG,EX,N,3275.32,5.859375,5.3398438,3.4707031
1638120,CUSHION,0.7001953,SI1,E,EX,EX,VG,N,2421.52,5.3203125,4.8710938,3.2890625
1615056,CUSHION,0.7998047,VS1,I,EX,EX,VG,N,2422.26,5.3007812,5.2109375,3.5390625
1773460,CUSHION,0.7998047,SI1,G,EX,EX,VG,N,2422.89,5.8398438,4.9492188,3.3398438
200668-31,CUSHION,1.2900391,SI1,FANCY,EX,VG,VG,F,2423.51,6.109375,5.8515625,3.9609375
1648823,CUSHION,0.8300781,SI1,G,EX,EX,VG,N,2425.61,5.3398438,5.2109375,3.5390625
1548301,CUSHION,0.70996094,VS2,E,EX,EX,VG,N,2426.81,5.53125,4.7695312,3.1601562
210034-116,CUSHION,1.0097656,SI1,K,EX,EX,EX,M,2433.19,5.671875,5.578125,3.75
200689-24,CUSHION,1.2197266,VS1,FANCY,EX,VG,VG,N,2433.77,5.921875,5.890625,3.9492188
1790056,CUSHION,0.8598633,VS2,FANCY,EX,EX,VG,N,2433.8,5.2382812,5.0585938,3.5195312
1606767,CUSHION,0.8100586,VS2,I,EX,EX,EX,N,2434.07,5.28125,5.1601562,3.5
200753-97,CUSHION,1.5,SI2,W-X,VG,VG,GD,M,2435.5,6.6914062,5.9609375,4.1601562
1596261,CUSHION,0.8100586,SI1,G,EX,EX,VG,N,2435.56,5.4609375,5.1796875,3.5
212001-126,CUSHION,0.95996094,VS1,K,VG,EX,EX,N,2435.56,5.6601562,5.421875,3.75
201232-414,CUSHION,1.0097656,SI2,G,EX,VG,VG,ST,2436.86,6.2890625,5.4609375,3.6601562
1636066,CUSHION,0.75,SI1,G,EX,EX,VG,N,2437.61,5.1796875,4.9882812,3.390625
210019-106,CUSHION,1.0097656,SI2,I,EX,EX,EX,M,2772.47,6.3007812,5.328125,3.6191406
1642229,CUSHION,0.89990234,SI1,I,VG,EX,VG,F,2773.7,5.5507812,5.1484375,3.609375
210030-256,CUSHION,1.0703125,SI2,FANCY,EX,VG,GD,N,2774.9,6.5117188,5.4882812,3.4003906
211020-379,CUSHION,1.2998047,SI2,J,EX,EX,EX,VSL,2775.23,6.421875,5.9296875,3.9296875
1722012,CUSHION,0.89990234,SI1,I,EX,EX,EX,N,2776.28,5.5507812,5.3398438,3.609375
1672855,CUSHION,0.7001953,VVS1,G,GD,EX,VG,N,2778.78,5.0,4.640625,3.3398438
210551-108,CUSHION,1.2099609,VS2,W-X,EX,EX,EX,M,2782.81,5.8710938,5.6601562,3.9296875
1727007,CUSHION,0.8300781,SI2,FANCY,EX,EX,VG,F,2782.91,5.8203125,4.8203125,3.25
1656365,CUSHION,0.8701172,SI1,F,EX,EX,EX,ST,2784.33,5.578125,5.25,3.5292969
1606745,CUSHION,0.7998047,VS1,H,EX,EX,VG,N,2784.64,5.3007812,5.1210938,3.4492188
1575612,CUSHION,0.7998047,VS1,H,EX,EX,EX,N,2784.64,5.5703125,5.0507812,3.3808594
1652684,CUSHION,0.8300781,SI1,G,EX,EX,EX,N,2785.64,5.4804688,5.171875,3.4492188
200787-489,CUSHION,1.0195312,SI2,J,EX,EX,VG,F,2786.32,6.5117188,5.4882812,3.7109375
1729366,CUSHION,0.89990234,SI1,I,VG,EX,VG,N,2788.33,5.5195312,5.25,3.5800781
1650996,CUSHION,0.7998047,VS1,H,VG,EX,EX,N,2798.33,5.4492188,5.0,3.4609375
1623489,CUSHION,0.9301758,SI1,F,EX,EX,VG,N,3559.23,5.6796875,5.3984375,3.640625
1639540,CUSHION,0.8100586,VS2,E,EX,EX,EX,N,3560.2,5.46875,5.1015625,3.4394531
210028-379,CUSHION,0.95996094,SI2,H,EX,EX,EX,F,3561.17,5.828125,5.3398438,3.6191406
210407-384,CUSHION,1.5302734,VVS2,W-X,EX,EX,VG,F,3562.82,6.3789062,6.28125,4.28125
200518-324,CUSHION,2.0195312,SI2,W,EX,VG,VG,ST,3572.14,8.078125,6.46875,4.359375
1754143,CUSHION,0.7998047,VS1,F,EX,EX,VG,N,3574.69,5.3007812,5.0585938,3.4394531
1765470,CUSHION,0.8198242,VS2,D,EX,EX,EX,N,3578.22,5.9296875,5.0195312,3.4003906
1624914,CUSHION,0.89990234,SI1,F,EX,EX,EX,N,3579.91,5.7109375,5.28125,3.5800781
1624910,CUSHION,0.89990234,SI1,E,VG,EX,EX,N,3582.57,5.4414062,5.359375,3.7109375
1656362,CUSHION,0.8901367,VS2,G,EX,EX,EX,F,3586.53,5.6601562,5.2304688,3.5507812
210516-115,CUSHION,1.0,VS2,J,VG,EX,EX,N,3586.78,5.6484375,5.4414062,3.7890625
1782536,CUSHION,0.8198242,VS2,D,EX,EX,EX,F,3587.97,5.7695312,5.0,3.359375
211003-556,CUSHION,1.0097656,SI2,H,EX,VG,EX,N,3590.27,5.921875,5.8085938,3.9492188
200744-40,CUSHION,1.0097656,SI2,H,EX,EX,EX,N,3590.27,5.75,5.609375,3.7890625
1782538,CUSHION,0.75,VS1,F,EX,EX,EX,N,3597.05,5.3984375,5.0390625,3.2890625
1638101,CUSHION,0.8100586,VVS2,F,EX,EX,EX,N,3505.63,5.4882812,5.0,3.4003906
201209-716,CUSHION,1.0,VS2,I,VG,EX,VG,N,3506.48,6.1015625,5.2382812,3.6601562
203204-308,CUSHION,0.95996094,SI2,E,EX,EX,VG,N,3506.6,6.2109375,5.3515625,3.5195312
200699-110,CUSHION,1.2001953,SI2,I,EX,EX,VG,N,3506.66,6.078125,5.78125,3.9296875
1650986,CUSHION,0.89990234,SI1,I,EX,EX,VG,N,3508.11,5.390625,5.3515625,3.6191406
203211-503,CUSHION,0.95996094,SI2,E,EX,EX,VG,N,3510.08,5.6484375,5.4492188,3.6796875
111000-6369,CUSHION,1.3896484,SI1,FANCY,EX,EX,VG,N,3512.26,6.3984375,5.9101562,4.0195312
1775159,CUSHION,0.91015625,VS2,I,EX,EX,EX,N,3513.85,5.7109375,5.1992188,3.5292969
1624905,CUSHION,0.89990234,VS1,I,EX,EX,EX,N,3514.31,5.6992188,5.359375,3.6308594
201200-101,CUSHION,1.0,VS1,J,EX,EX,VG,N,3514.62,6.0703125,5.2890625,3.5898438
1581582,CUSHION,0.8598633,VS2,E,EX,EX,VG,F,3514.76,5.671875,5.2617188,3.5097656
1619451,CUSHION,0.89990234,VS1,I,EX,EX,VG,N,3519.17,5.4609375,5.3007812,3.5996094
1636011,CUSHION,0.89990234,SI1,E,VG,EX,VG,F,3519.28,5.6914062,5.2695312,3.6601562
1638103,CUSHION,0.7998047,VS2,E,EX,EX,EX,N,3520.52,5.2304688,5.1796875,3.5097656
201205-342,CUSHION,1.0097656,IF,FANCY,EX,EX,VG,F,3521.16,5.7695312,5.53125,3.7402344
200700-772,CUSHION,1.0097656,VS1,FANCY,EX,EX,VG,N,2473.38,6.0390625,5.28125,3.5605469
211007-452,CUSHION,1.0097656,VVS1,O-P,EX,EX,VG,N,2473.38,6.21875,5.3984375,3.6191406
1787761,CUSHION,0.70996094,SI1,G,EX,EX,VG,N,2477.47,5.4882812,4.7695312,3.2402344
1763859,CUSHION,0.89990234,SI2,I,EX,EX,EX,N,2478.23,5.4882812,5.421875,3.6601562
203186-384,CUSHION,0.95996094,VS1,FANCY,EX,VG,GD,N,2478.69,5.4296875,5.1992188,3.5292969
1642235,CUSHION,0.7998047,VS1,I,EX,EX,VG,N,2480.15,5.1992188,5.1015625,3.4707031
1665787,CUSHION,0.7001953,SI1,E,EX,EX,VG,N,2480.77,5.5117188,4.78125,3.2402344
1729365,CUSHION,0.91015625,VS2,K,EX,EX,EX,N,2482.02,5.5,5.328125,3.6191406
1773461,CUSHION,0.7998047,SI1,G,EX,EX,VG,N,2485.2,5.859375,5.0,3.2695312
1626219,CUSHION,0.7998047,VS1,I,EX,EX,EX,N,2485.75,5.3398438,5.1601562,3.4492188
1638117,CUSHION,0.72998047,SI1,D,EX,EX,VG,N,2486.84,5.1210938,4.9804688,3.390625
1771065,CUSHION,0.7001953,SI1,E,EX,EX,EX,N,2487.6,5.0507812,4.8789062,3.3105469
1642236,CUSHION,0.7998047,VS1,I,EX,EX,VG,N,2489.86,5.5390625,5.078125,3.4003906
1638119,CUSHION,0.70996094,SI1,E,EX,EX,EX,N,2490.5,5.171875,4.859375,3.3007812
1581580,CUSHION,0.7998047,VS2,I,EX,EX,EX,N,2491.37,5.578125,5.1015625,3.4296875
210331-22,CUSHION,1.0097656,SI2,G,EX,EX,EX,F,3714.83,6.4492188,5.2109375,3.5195312
210535-52,CUSHION,1.0097656,SI2,E,EX,EX,VG,N,3717.46,5.96875,5.4804688,3.6894531
211185-27,CUSHION,1.5097656,SI2,J,EX,EX,EX,N,3719.32,6.6601562,6.3007812,4.25
211157-11,CUSHION,1.2998047,SI1,FANCY,EX,EX,EX,N,3719.79,6.359375,5.8398438,4.078125
211179-20,CUSHION,1.4599609,VVS2,U-V,EX,EX,GD,F,3722.42,6.3203125,6.03125,4.1210938
211007-604,CUSHION,1.2998047,IF,Q-R,EX,VG,EX,F,3723.5,6.359375,5.9492188,3.9492188
1665774,CUSHION,0.91015625,VS2,H,VG,VG,VG,N,3728.59,5.6484375,5.1796875,3.6308594
1781161,CUSHION,0.89990234,SI1,G,GD,EX,VG,N,3736.3,5.7695312,5.0507812,3.6191406
210428-36,CUSHION,1.6699219,VS1,FANCY,EX,VG,VG,N,3748.26,6.5,6.28125,4.3710938
213094-436,CUSHION,1.0,VS1,I,GD,EX,VG,N,3753.88,5.6210938,5.2695312,3.7890625
1668178,CUSHION,0.91015625,SI1,F,EX,EX,VG,N,3754.13,6.21875,5.0390625,3.4199219
210454-253,CUSHION,1.0097656,SI1,F,GD,EX,VG,ST,3755.99,5.25,5.140625,4.0898438
211007-259,CUSHION,1.4003906,VVS1,S-T,EX,EX,VG,M,3756.25,6.3203125,6.140625,4.109375
1778446,CUSHION,0.91015625,SI1,H,EX,EX,EX,N,3756.79,5.578125,5.4609375,3.6699219
1609766,CUSHION,0.91015625,SI1,E,EX,EX,EX,N,3758.85,5.8007812,5.2890625,3.5898438
1636034,CUSHION,0.8100586,SI1,D,EX,EX,EX,N,3064.2,6.0390625,4.859375,3.3105469
1597308,CUSHION,0.89990234,SI1,H,VG,EX,VG,N,3067.51,5.4414062,5.2890625,3.6894531
1645980,CUSHION,0.7998047,VS1,E,EX,EX,GD,N,3068.11,5.7617188,4.96875,3.359375
201250-23,CUSHION,1.0097656,IF,L,EX,EX,VG,N,3069.61,5.71875,5.6484375,3.7695312
1664486,CUSHION,0.8100586,VS1,H,EX,EX,EX,F,3071.17,5.171875,5.171875,3.5097656
1759250,CUSHION,0.89990234,SI2,G,EX,EX,VG,N,3071.27,5.421875,5.3007812,3.609375
210041-521,CUSHION,1.2001953,VS2,W-X,EX,EX,GD,N,3071.64,6.0585938,5.71875,3.8691406
210561-57,CUSHION,0.97021484,SI2,F,EX,EX,EX,N,3072.35,5.5898438,5.5507812,3.7597656
213072-319,CUSHION,1.0195312,SI1,J,EX,EX,VG,N,3076.53,6.4296875,5.3789062,3.609375
1771062,CUSHION,0.75,VS2,E,EX,EX,VG,N,3082.27,5.6796875,4.8515625,3.2402344
1645989,CUSHION,0.7998047,SI1,E,EX,EX,EX,N,3083.53,5.5390625,5.03125,3.4101562
210598-11,CUSHION,1.0,SI2,H,GD,VG,VG,N,3086.33,5.5898438,5.421875,3.8300781
1656361,CUSHION,0.8100586,VS1,H,EX,EX,VG,N,3086.89,5.8984375,4.9882812,3.25
200753-125,CUSHION,0.95996094,SI2,G,VG,EX,EX,F,3088.25,5.4609375,5.4492188,3.8007812
201232-410,CUSHION,1.2001953,SI2,J,EX,VG,VG,M,3089.76,6.1914062,6.0507812,4.109375
200793-162,CUSHION,1.0302734,SI2,G,EX,EX,VG,N,3031.8,5.9414062,5.8203125,3.859375
1726859,CUSHION,0.7998047,VS1,H,EX,EX,VG,N,3040.92,5.8203125,4.8984375,3.2695312
1645984,CUSHION,0.7998047,VS2,F,EX,EX,VG,N,3043.26,5.5195312,5.1015625,3.4101562
1794031,CUSHION,0.7001953,VS1,E,VG,EX,VG,F,3043.66,5.2695312,4.6992188,3.2792969
1638102,CUSHION,0.8100586,VVS2,H,EX,EX,VG,N,3049.01,5.2695312,5.1914062,3.5195312
1643493,CUSHION,0.89990234,VS2,I,EX,EX,GD,N,3049.3,5.5390625,5.4296875,3.5605469
1624923,CUSHION,0.8198242,VVS2,H,EX,EX,EX,N,3049.59,5.3984375,5.1796875,3.5097656
1750139,CUSHION,0.8300781,SI1,E,EX,EX,EX,N,3049.77,5.3984375,5.2109375,3.5
1787758,CUSHION,0.70996094,VS2,E,EX,EX,VG,N,3049.79,5.8515625,4.8007812,3.140625
1650998,CUSHION,0.8100586,VS2,G,EX,EX,VG,N,3050.2,5.421875,5.140625,3.5
1638114,CUSHION,0.7597656,VS1,D,EX,EX,VG,F,3051.67,5.4804688,4.9882812,3.2792969
201229-104,CUSHION,1.2001953,SI1,J,VG,EX,GD,N,3053.85,6.109375,5.8085938,4.0507812
211003-1044,CUSHION,1.0097656,SI1,I,EX,EX,EX,M,3054.69,5.7695312,5.578125,3.7402344
213072-203,CUSHION,1.0,SI1,J,EX,EX,VG,N,3056.71,6.1289062,5.3085938,3.609375
211139-183,CUSHION,1.0097656,SI1,J,EX,EX,VG,N,3062.77,5.71875,5.578125,3.7890625
1777320,CUSHION,0.7998047,VVS2,I,EX,EX,VG,N,2651.54,5.8710938,4.8515625,3.2890625
1773466,CUSHION,0.7001953,VS2,G,VG,EX,VG,N,2653.49,5.6289062,4.609375,3.1992188
1658905,CUSHION,0.89990234,SI2,H,EX,EX,VG,ST,2653.81,5.71875,5.3007812,3.5605469
1634069,CUSHION,0.89990234,SI2,E,VG,EX,VG,N,2658.75,5.8085938,5.1289062,3.5800781
200300-537,CUSHION,2.0,I2,FANCY,EX,VG,GD,N,2658.94,7.0507812,6.890625,4.5703125
210347-61,CUSHION,1.1201172,SI2,FANCY,EX,EX,GD,M,2661.88,6.109375,5.671875,3.8105469
200786-24,CUSHION,0.95996094,SI2,I,EX,EX,VG,N,2663.32,6.078125,5.28125,3.5898438
1651001,CUSHION,0.7998047,VS2,H,EX,EX,VG,N,2665.6,5.2109375,5.109375,3.4609375
202233-534,CUSHION,0.95996094,SI2,F,VG,EX,VG,N,2674.88,5.53125,5.3710938,3.75
1773448,CUSHION,0.89990234,SI1,I,EX,EX,VG,M,2677.72,5.9414062,5.1601562,3.5
212046-476,CUSHION,1.0,I1,I,EX,EX,EX,N,2678.0,5.6992188,5.6015625,3.7402344
1636036,CUSHION,0.7998047,SI1,E,EX,EX,VG,N,2678.2,5.21875,5.140625,3.5
1746979,CUSHION,0.8198242,SI1,H,EX,EX,EX,N,2678.97,5.5703125,5.0703125,3.4394531
1665786,CUSHION,0.75,SI1,E,EX,VG,VG,N,2679.02,5.4101562,4.9414062,3.3496094
200761-271,CUSHION,1.2304688,VS2,W-X,EX,EX,EX,F,2680.02,6.03125,5.921875,3.9804688
1668181,CUSHION,0.7998047,SI1,F,EX,EX,VG,F,2697.24,5.8789062,4.9609375,3.2207031
210255-267,CUSHION,1.0,SI2,J,EX,VG,VG,F,2699.52,6.109375,5.5117188,3.4296875
211007-504,CUSHION,1.2099609,VVS1,O-P,EX,EX,VG,M,2700.18,6.8085938,5.578125,3.7890625
211007-677,CUSHION,1.2099609,VVS1,U-V,EX,EX,EX,N,2700.18,5.8984375,5.890625,3.9707031
1720958,CUSHION,0.7998047,VS1,I,EX,EX,VG,N,2703.02,5.4609375,5.0507812,3.4394531
200540-140,CUSHION,0.95996094,SI1,J,EX,EX,VG,N,2704.61,6.28125,5.3007812,3.4609375
1636038,CUSHION,0.8100586,SI1,G,EX,EX,VG,N,2708.48,5.25,5.1992188,3.5195312
1645991,CUSHION,0.7998047,SI1,F,EX,EX,VG,N,2708.53,5.4101562,5.0585938,3.4296875
1761469,CUSHION,0.75,SI1,F,EX,EX,EX,N,2715.83,5.6914062,4.9296875,3.2304688
1651865,CUSHION,0.5698242,VS2,FANCY,EX,EX,VG,F,2716.99,4.75,4.6210938,3.0898438
1623499,CUSHION,0.70996094,VS2,D,EX,EX,VG,N,2723.69,5.7382812,4.6796875,3.1191406
202222-456,CUSHION,0.95996094,SI2,F,EX,EX,VG,N,2724.68,6.0898438,5.1914062,3.5292969
1658907,CUSHION,0.7998047,VS2,H,EX,EX,EX,N,2724.9,5.53125,5.0507812,3.4003906
211012-201,CUSHION,1.1298828,VS2,W-X,EX,EX,VG,F,2727.75,6.0898438,5.7304688,3.7792969
211007-191,CUSHION,1.0703125,VS2,L,EX,VG,EX,N,2732.2,5.7617188,5.7382812,3.890625
Eco Diamond LGC10201,CUSHION,1.7099609,VS2,J,VG,VG,VG,N,3683.56,7.0507812,7.0117188,4.3984375
201231-142,CUSHION,1.2001953,VS2,J,GD,EX,VG,N,3684.33,5.8710938,5.71875,4.078125
202205-610,CUSHION,1.2001953,SI1,J,EX,EX,VG,N,3684.67,6.6601562,5.609375,3.7695312
1773455,CUSHION,0.8100586,VS2,F,EX,EX,EX,N,3686.33,5.7617188,4.9804688,3.3808594
211003-942,CUSHION,1.0097656,SI1,H,EX,EX,EX,N,3691.02,5.8085938,5.5390625,3.7402344
201221-92,CUSHION,1.2099609,VS2,J,VG,EX,GD,N,3692.0,5.9609375,5.78125,4.0195312
1755516,CUSHION,0.89990234,SI1,F,VG,EX,VG,N,3697.89,5.5585938,5.1914062,3.6191406
210534-143,CUSHION,1.2001953,VS1,FANCY,VG,VG,VG,F,3698.5,5.671875,5.5585938,4.0
211099-146,CUSHION,0.97998047,SI1,G,EX,EX,VG,N,3702.23,5.6992188,5.4414062,3.6894531
212091-415,CUSHION,1.0,SI1,G,VG,EX,GD,N,3703.38,5.859375,5.3007812,3.6992188
1790967,CUSHION,0.89990234,SI1,F,VG,EX,GD,N,3704.33,5.5507812,5.2617188,3.6601562
213045-69,CUSHION,1.0302734,SI1,I,EX,EX,EX,N,3706.2,6.359375,5.3515625,3.6191406
211157-17,CUSHION,1.5097656,SI2,W-X,EX,EX,VG,F,3706.42,6.6484375,6.0898438,4.25
210205-156,CUSHION,1.0097656,SI2,G,EX,EX,EX,N,3706.53,6.2304688,5.390625,3.6699219
200475-290,CUSHION,2.359375,SI2,FANCY,EX,EX,VG,N,3709.1,7.4296875,7.3085938,4.9609375
1781753,CUSHION,0.89990234,SI1,FANCY,VG,EX,GD,M,2516.07,5.1210938,4.9492188,3.9003906
1643520,CUSHION,0.75,SI1,F,EX,EX,VG,N,2516.77,5.1210938,5.0195312,3.4101562
200689-17,CUSHION,1.2001953,VVS1,W-X,EX,EX,EX,N,2517.03,6.1992188,5.7382812,3.859375
1656358,CUSHION,0.7998047,VVS1,I,VG,EX,EX,N,2524.34,5.421875,4.890625,3.4101562
1672857,CUSHION,0.72021484,SI1,D,EX,EX,EX,M,2525.64,5.109375,4.9882812,3.3496094
1790973,CUSHION,0.7001953,SI1,E,VG,EX,VG,N,2525.67,5.0898438,4.9414062,3.3007812
1624927,CUSHION,0.8100586,VS1,I,EX,EX,EX,N,2526.48,5.2695312,5.2617188,3.5507812
213104-212,CUSHION,1.0,VS2,Y-Z,EX,EX,EX,M,2526.88,5.4492188,5.3007812,3.7109375
1609785,CUSHION,0.75,VS2,F,EX,EX,VG,N,2533.68,5.6015625,4.828125,3.2792969
1577736,CUSHION,0.7998047,SI1,F,EX,EX,VG,N,2534.06,5.5390625,5.0390625,3.4199219
212130-2,CUSHION,1.0996094,VVS2,FANCY,EX,EX,VG,N,2536.14,6.078125,5.578125,3.8007812
1638121,CUSHION,0.7001953,SI1,E,EX,EX,EX,N,2536.55,5.109375,4.890625,3.2890625
200761-289,CUSHION,1.5,SI1,FANCY,EX,EX,VG,N,2538.44,6.3984375,6.3398438,4.2382812
1734195,CUSHION,0.89990234,VS2,J,VG,EX,EX,N,2538.95,5.859375,5.1601562,3.5996094
1584389,CUSHION,0.8198242,VS2,H,EX,EX,VG,N,2539.38,5.7890625,5.03125,3.4101562
1636067,CUSHION,0.75,SI1,G,EX,EX,VG,N,2437.61,5.3203125,5.03125,3.3808594
211176-135,CUSHION,1.2001953,SI2,L,VG,EX,VG,N,2439.22,6.3710938,5.578125,3.9003906
1795568,CUSHION,0.7001953,VS2,G,GD,EX,GD,F,2441.63,4.9101562,4.6992188,3.3203125
1777325,CUSHION,0.72021484,VS2,H,EX,EX,EX,N,2442.08,5.1992188,4.9414062,3.3105469
1557370,CUSHION,0.89990234,SI2,G,EX,EX,VG,N,2443.8,5.5195312,5.3515625,3.6308594
210365-472,CUSHION,1.2597656,SI1,FANCY,EX,EX,VG,F,2444.16,6.0117188,5.8984375,3.9394531
1628251,CUSHION,0.7001953,SI1,E,EX,EX,EX,N,2455.49,5.1210938,4.9101562,3.2890625
1631316,CUSHION,0.8198242,VS2,I,EX,EX,VG,N,2456.91,5.3710938,5.1914062,3.5097656
201001-136,CUSHION,1.5996094,SI2,FANCY,EX,VG,GD,N,2459.12,6.5,6.2617188,4.2304688
210646-1,CUSHION,1.5595703,SI1,Y-Z,EX,EX,VG,N,2460.87,6.8789062,6.0390625,4.2109375
210439-234,CUSHION,1.2900391,SI1,FANCY,EX,EX,VG,F,2461.08,5.9296875,5.8984375,3.9707031
1584362,CUSHION,0.89990234,SI2,I,GD,VG,VG,N,2462.49,5.75,5.03125,3.609375
210194-89,CUSHION,1.5,VS2,FANCY,EX,EX,VG,N,2464.8,6.3710938,6.359375,4.1484375
1616429,CUSHION,0.7998047,VVS1,I,EX,EX,VG,N,2467.91,5.2890625,5.1796875,3.5195312
200683-142,CUSHION,1.0097656,SI2,H,EX,VG,VG,VSL,2470.41,6.3984375,5.5117188,3.6699219
1794016,CUSHION,0.89990234,VS1,J,VG,EX,EX,N,3280.0,5.359375,5.28125,3.6894531
201156-535,CUSHION,1.7099609,SI1,W-X,EX,EX,VG,N,3280.34,6.9609375,6.4414062,4.3789062
1593516,CUSHION,0.7998047,VS2,E,EX,EX,VG,N,3286.48,5.1601562,5.1484375,3.4902344
211190-189,CUSHION,1.2099609,SI2,H,EX,EX,EX,N,3288.14,6.25,5.7890625,3.9199219
1672965,CUSHION,0.5800781,SI1,FANCY,VG,GD,GD,F,3296.1,4.9804688,4.578125,2.9492188
200764-709,CUSHION,1.2001953,SI2,J,EX,VG,EX,N,3301.06,6.46875,5.5507812,3.7792969
213115-57,CUSHION,0.95996094,SI2,F,EX,EX,VG,F,3302.45,6.109375,5.2109375,3.5507812
200760-30,CUSHION,1.0097656,SI2,E,EX,VG,VG,N,3303.52,5.7382812,5.578125,3.7792969
202214-77,CUSHION,1.0097656,SI2,F,EX,EX,EX,N,3304.58,5.8085938,5.5,3.7304688
213121-108,CUSHION,1.0097656,SI1,J,EX,VG,VG,N,3305.75,6.3007812,5.3203125,3.5390625
1771058,CUSHION,0.8598633,VS2,G,EX,EX,VG,F,3310.73,6.1289062,4.921875,3.3398438
1766794,CUSHION,0.89990234,VS2,I,EX,EX,VG,F,3311.66,5.3789062,5.359375,3.6503906
1706329,CUSHION,0.89990234,SI1,E,EX,EX,VG,N,3321.39,5.46875,5.4414062,3.6699219
210031-483,CUSHION,1.0195312,VVS2,FANCY,EX,EX,VG,N,3325.5,5.71875,5.5390625,3.6894531
1639535,CUSHION,0.89990234,SI1,G,EX,EX,EX,N,3327.44,5.5,5.3085938,3.609375
1650980,CUSHION,0.89990234,VVS2,J,EX,EX,VG,N,2736.16,5.390625,5.3203125,3.609375
1606761,CUSHION,0.8100586,VS2,E,EX,EX,VG,ST,2736.71,5.7304688,4.9882812,3.3496094
1642239,CUSHION,0.8300781,SI1,D,EX,EX,VG,M,2737.06,5.4296875,5.3007812,3.5605469
1771053,CUSHION,0.89990234,SI2,I,VG,EX,VG,N,2739.74,5.8710938,5.1210938,3.5390625
1790969,CUSHION,0.7998047,SI1,E,VG,EX,VG,F,2743.65,5.359375,4.9804688,3.4804688
1639545,CUSHION,0.8100586,SI1,F,EX,EX,VG,N,2746.64,5.78125,5.0195312,3.3105469
211157-332,CUSHION,1.2900391,SI1,U-V,EX,EX,VG,N,2748.27,6.0,5.9882812,4.1210938
1652679,CUSHION,0.7998047,VS2,E,VG,EX,VG,M,2749.8,5.96875,4.8085938,3.3496094
1601271,CUSHION,0.9199219,SI1,FANCY,EX,EX,VG,F,2752.5,5.3203125,5.2109375,3.5390625
1645978,CUSHION,0.89990234,SI2,G,EX,EX,VG,N,2757.79,5.7304688,5.28125,3.5507812
1783703,CUSHION,0.9199219,SI1,J,EX,EX,VG,N,2758.82,6.03125,5.1992188,3.5390625
1608395,CUSHION,0.7998047,VS2,G,EX,EX,VG,F,2762.35,5.6484375,4.921875,3.3398438
211003-777,CUSHION,1.0498047,VS1,L,EX,EX,VG,F,2762.63,6.4804688,5.390625,3.640625
1669445,CUSHION,0.89990234,VS1,J,VG,EX,VG,F,2762.91,5.8085938,5.140625,3.5800781
1773462,CUSHION,0.7998047,SI1,G,VG,EX,VG,F,2765.11,5.1796875,5.1210938,3.5898438
211157-73,CUSHION,1.25,VS1,Q-R,EX,EX,EX,N,3180.94,6.0195312,5.9882812,4.0507812
1772501,CUSHION,0.7998047,SI1,D,EX,EX,VG,N,3182.68,5.7304688,4.9804688,3.390625
1638104,CUSHION,0.7998047,VS2,E,VG,EX,VG,N,3184.13,5.4609375,4.9882812,3.4609375
210282-18,CUSHION,1.0097656,SI1,J,VG,EX,EX,N,3185.7,5.609375,5.5507812,3.8398438
1667129,CUSHION,0.89990234,VS2,I,VG,EX,GD,N,3187.67,5.4492188,5.3984375,3.6894531
1672854,CUSHION,0.85009766,SI1,F,EX,VG,EX,N,3188.48,5.640625,5.1796875,3.4707031
1765465,CUSHION,0.89990234,VS1,I,VG,EX,VG,N,3188.52,5.421875,5.2382812,3.6601562
1657705,CUSHION,0.7998047,VVS2,H,EX,EX,EX,N,3188.69,5.2617188,5.078125,3.4492188
211003-1081,CUSHION,1.0195312,SI2,H,EX,EX,EX,N,3193.78,5.71875,5.6289062,3.75
1643508,CUSHION,0.8100586,SI1,E,EX,EX,VG,N,3195.9,5.8085938,5.0390625,3.359375
202225-1089,CUSHION,1.0195312,SI2,FANCY,EX,EX,EX,F,3196.62,5.6015625,5.578125,3.7792969
201160-100,CUSHION,1.5800781,VS1,FANCY,EX,EX,VG,F,3198.96,6.46875,6.46875,4.3789062
210438-100,CUSHION,1.5,SI2,W-X,EX,EX,VG,N,3199.56,6.3085938,6.0585938,4.1601562
1593519,CUSHION,0.8198242,VS1,E,EX,EX,VG,N,3202.85,5.4882812,5.109375,3.4492188
1640839,CUSHION,0.89990234,SI1,H,EX,EX,GD,N,3203.4,5.8515625,5.1015625,3.4707031
1747872,CUSHION,0.89990234,SI1,F,EX,EX,VG,N,3522.03,5.5507812,5.3007812,3.5996094
201156-423,CUSHION,1.0097656,SI1,I,EX,EX,EX,N,3522.97,5.9492188,5.6015625,3.5996094
1794018,CUSHION,0.91015625,VS2,G,GD,EX,VG,F,3523.3,5.2382812,5.0585938,4.0117188
210530-586,CUSHION,1.0,VVS2,J,GD,EX,VG,F,3526.33,5.6992188,5.0390625,3.9707031
1791713,CUSHION,0.7998047,IF,H,EX,EX,EX,N,3534.21,5.5117188,5.0898438,3.4492188
1667132,CUSHION,0.89990234,SI2,G,EX,EX,VG,N,3535.96,5.640625,5.4882812,3.5703125
200496-137,CUSHION,1.5195312,SI2,K,EX,EX,EX,N,3536.54,7.0507812,6.4414062,3.890625
1752868,CUSHION,0.89990234,VS2,H,VG,EX,EX,N,3536.97,5.421875,5.2382812,3.6601562
212073-187,CUSHION,1.0097656,SI2,H,EX,EX,VG,N,3537.12,6.1796875,5.359375,3.640625
200683-60,CUSHION,1.2197266,SI2,H,EX,EX,VG,N,3539.38,5.96875,5.9414062,4.0
203227-227,CUSHION,0.95996094,VS1,H,VG,EX,VG,ST,3539.54,5.4882812,5.3789062,3.7597656
211177-311,CUSHION,1.0,SI1,I,GD,VG,VG,N,3546.24,5.8007812,5.1289062,3.6894531
200576-982,CUSHION,1.0097656,SI2,FANCY,GD,EX,GD,F,3546.35,5.6210938,5.25,3.7695312
200491-593,CUSHION,1.0,SI1,D,EX,EX,VG,VS,3546.45,6.2695312,5.4101562,3.6191406
210266-149,CUSHION,1.0195312,SI2,E,EX,EX,VG,M,3550.5,5.8984375,5.5703125,3.7402344
1654407,CUSHION,0.7001953,VVS1,FANCY,EX,EX,VG,N,2983.04,4.9609375,4.8203125,3.2597656
1664484,CUSHION,0.89990234,SI1,I,EX,EX,VG,N,2983.77,5.9492188,5.171875,3.4902344
200793-1039,CUSHION,1.0097656,SI2,H,EX,EX,VG,N,2987.38,6.3789062,5.2382812,3.5605469
200753-18,CUSHION,1.0,SI2,H,EX,EX,EX,N,2987.55,6.1210938,5.3085938,3.5996094
1778453,CUSHION,0.7001953,VS2,F,EX,EX,VG,N,2989.34,5.6210938,4.671875,3.140625
211003-1098,CUSHION,1.0898438,SI1,J,EX,EX,EX,ST,2991.07,6.4296875,5.4492188,3.6992188
1548293,CUSHION,0.8100586,VS2,F,EX,EX,EX,N,2991.83,5.5117188,5.1210938,3.4609375
210041-485,CUSHION,1.0195312,SI2,FANCY,EX,EX,VG,N,2993.13,6.1484375,5.2617188,3.4707031
201250-276,CUSHION,1.0195312,VVS2,L,EX,EX,EX,F,2993.33,6.2617188,5.4296875,3.6601562
1742973,CUSHION,0.89990234,SI1,I,EX,EX,VG,N,2998.6,5.9414062,5.1484375,3.4902344
200793-105,CUSHION,1.0097656,SI2,I,VG,EX,VG,N,3000.9,6.03125,5.25,3.6601562
200793-1325,CUSHION,1.0097656,SI2,G,EX,VG,VG,N,3001.29,6.328125,5.3710938,3.5800781
1790057,CUSHION,0.8198242,VS2,FANCY,EX,EX,VG,M,3001.51,5.109375,5.0390625,3.4707031
211105-342,CUSHION,1.0,VS1,K,VG,EX,VG,N,3005.08,5.7695312,5.390625,3.75
1773442,CUSHION,0.91015625,VVS2,J,EX,EX,EX,F,3005.11,5.7109375,5.2304688,3.5292969
1548291,CUSHION,0.8100586,VS2,H,EX,EX,EX,N,2591.06,5.3085938,5.1796875,3.5097656
1788940,CUSHION,0.7998047,SI2,E,EX,EX,EX,N,2594.54,5.3085938,5.140625,3.4804688
200772-234,CUSHION,1.0898438,SI2,H,EX,EX,VG,SL,2596.11,6.171875,5.609375,3.8105469
1761465,CUSHION,0.89990234,SI2,I,VG,EX,VG,N,2596.69,5.3085938,5.3007812,3.6796875
210344-112,CUSHION,1.0,SI2,K,EX,EX,VG,N,2596.85,6.3789062,5.2617188,3.5703125
1738040,CUSHION,0.75,SI1,D,EX,EX,GD,N,2597.07,5.390625,5.0,3.390625
1622480,CUSHION,0.7998047,VVS1,I,EX,EX,EX,N,2597.79,5.2695312,5.1992188,3.5
1762706,CUSHION,0.7998047,SI1,H,EX,EX,VG,N,2598.73,5.8203125,5.0507812,3.3691406
1671477,CUSHION,0.7001953,SI1,D,EX,EX,VG,F,2600.76,5.28125,4.828125,3.2402344
1631319,CUSHION,0.8198242,SI1,G,EX,EX,VG,F,2602.91,5.578125,5.0703125,3.4296875
1657703,CUSHION,0.89990234,SI1,J,VG,EX,VG,N,2603.86,6.109375,4.9296875,3.4296875
213003-785,CUSHION,1.0,SI1,J,VG,EX,VG,ST,2605.37,5.8710938,5.3710938,3.7304688
1628222,CUSHION,0.9199219,SI1,J,EX,EX,EX,N,2606.31,5.6210938,5.3398438,3.6191406
201202-583,CUSHION,1.0195312,SI2,I,EX,EX,VG,M,2606.53,6.0898438,5.5507812,3.7597656
1798195,CUSHION,0.7001953,VS2,F,GD,EX,GD,N,2611.73,5.0195312,4.609375,3.6503906
1593517,CUSHION,0.7998047,VS2,E,EX,EX,VG,N,3122.16,6.0117188,4.8515625,3.2890625
1636029,CUSHION,0.7998047,VS2,E,EX,EX,VG,N,3126.03,5.7109375,4.9414062,3.3398438
1777324,CUSHION,0.7001953,VS2,E,EX,EX,VG,N,3127.87,5.8710938,4.6992188,3.1191406
201209-1020,CUSHION,1.2001953,SI2,I,VG,EX,VG,F,3129.89,6.359375,5.609375,3.9199219
1790053,CUSHION,0.8598633,VVS1,FANCY,EX,EX,VG,F,3131.43,5.1289062,5.1015625,3.5507812
1784935,CUSHION,0.75,VS2,G,EX,EX,EX,F,3133.09,5.2695312,5.0117188,3.390625
1624930,CUSHION,0.7998047,VS2,G,EX,EX,EX,N,3135.82,5.3085938,5.1210938,3.4804688
1781755,CUSHION,0.8701172,VS2,FANCY,EX,EX,VG,M,3135.98,5.4296875,5.109375,3.5292969
200797-27,CUSHION,0.95996094,SI2,I,EX,VG,VG,N,3136.03,5.8203125,5.7109375,3.8398438
210052-414,CUSHION,1.0,SI2,H,EX,EX,VG,N,3137.67,5.7617188,5.5195312,3.7402344
1660168,CUSHION,0.75,VVS2,E,EX,EX,VG,M,3138.17,5.0898438,5.0507812,3.4199219
1790066,CUSHION,0.6899414,VS2,FANCY,EX,EX,GD,N,3140.14,4.8203125,4.671875,3.2304688
1794034,CUSHION,0.7001953,VS1,G,EX,EX,EX,N,3143.13,5.6015625,4.6484375,3.1503906
200715-274,CUSHION,1.0595703,SI2,FANCY,EX,EX,VG,F,3143.29,6.1914062,5.609375,3.6992188
210001-1078,CUSHION,1.0,IF,L,EX,EX,EX,N,3144.12,5.6484375,5.46875,3.7207031
212001-432,CUSHION,1.0,VS2,K,VG,EX,VG,ST,2680.12,5.5585938,5.5195312,3.8105469
211007-686,CUSHION,1.2001953,SI2,S-T,EX,EX,EX,M,2680.62,6.4609375,5.5898438,3.7792969
211007-715,CUSHION,1.2001953,VVS1,W-X,EX,EX,VG,F,2680.62,5.890625,5.8203125,3.9492188
1593495,CUSHION,0.91015625,VS2,J,EX,EX,EX,N,2680.97,6.0703125,5.1992188,3.4804688
1636053,CUSHION,0.77001953,VS2,H,EX,EX,VG,N,2682.54,5.7304688,4.9296875,3.3398438
1645990,CUSHION,0.8100586,SI1,F,EX,EX,VG,N,2683.3,5.4882812,5.0703125,3.4394531
210041-545,CUSHION,1.0302734,VS2,W-X,EX,EX,VG,N,2683.59,5.6601562,5.6015625,3.6601562
1626222,CUSHION,0.8300781,VS2,I,EX,EX,EX,N,2683.75,5.4414062,5.1992188,3.5195312
1645982,CUSHION,0.8100586,VS1,H,EX,EX,VG,F,2684.81,5.3398438,5.0585938,3.4296875
1665782,CUSHION,0.7998047,SI1,G,VG,EX,VG,N,2685.07,5.3398438,5.0,3.4804688
200585-44,CUSHION,1.5996094,SI1,U-V,EX,EX,VG,N,2686.39,6.640625,6.28125,4.2617188
1645993,CUSHION,0.7998047,SI1,G,EX,EX,EX,N,2689.04,5.4296875,5.0703125,3.4199219
1667143,CUSHION,0.7001953,VS2,D,VG,EX,VG,M,2689.18,5.5,4.640625,3.25
1667135,CUSHION,0.7998047,VS2,H,EX,EX,VG,F,2690.38,5.5117188,5.0195312,3.4003906
1606774,CUSHION,0.7998047,SI1,E,EX,EX,VG,N,2696.13,5.3984375,5.1289062,3.4609375
213013-369,CUSHION,1.0302734,VS2,G,EX,EX,EX,VS,4130.21,6.2617188,5.3398438,3.6191406
200776-18,CUSHION,1.0,VS1,H,EX,EX,EX,M,4131.98,5.9414062,5.6601562,3.7402344
Eco Diamond LGC10129,CUSHION,1.5800781,VS1,I,VG,VG,VG,N,4132.68,7.0585938,6.7382812,4.25
200616-38,CUSHION,1.2001953,VVS2,K,EX,EX,EX,N,4133.16,6.5390625,5.6796875,3.859375
210344-212,CUSHION,1.0,VS1,I,EX,EX,VG,N,4145.44,6.1914062,5.25,3.5703125
1669446,CUSHION,0.89990234,VS2,G,EX,EX,EX,N,4147.44,5.4296875,5.3007812,3.5996094
211017-133,CUSHION,1.5097656,SI2,K,EX,EX,EX,N,4148.72,6.7695312,6.1484375,4.1484375
212084-37,CUSHION,1.0,VS1,I,VG,EX,VG,N,4149.34,5.609375,5.3007812,3.7109375
201249-124,CUSHION,1.2099609,SI2,I,EX,EX,VG,N,4154.59,6.1796875,5.8710938,3.9804688
213066-458,CUSHION,0.9902344,SI1,G,EX,EX,VG,N,4156.69,5.5898438,5.5585938,3.7597656
200442-389,CUSHION,1.7001953,SI2,FANCY,EX,VG,VG,M,4161.09,6.8398438,6.4101562,4.3515625
210020-139,CUSHION,0.95996094,VS2,G,EX,EX,EX,M,4166.86,5.921875,5.6289062,3.5195312
211105-441,CUSHION,1.0,SI1,H,EX,EX,VG,N,4168.5,5.7695312,5.5195312,3.75
Eco Diamond LGC10130,CUSHION,1.5195312,SI1,H,VG,VG,VG,N,4170.27,6.8085938,6.3710938,4.3789062
200771-179,CUSHION,1.0898438,SI1,H,EX,VG,VG,F,4171.01,6.3984375,5.4882812,3.7207031
201221-269,CUSHION,1.0,VVS2,E,EX,EX,VG,F,6119.9,5.6289062,5.6015625,3.7792969
211083-124,CUSHION,1.0,VS1,E,EX,VG,VG,N,6137.89,6.2304688,5.3789062,3.640625
201221-213,CUSHION,1.0498047,VVS1,F,EX,EX,EX,M,6150.68,5.71875,5.671875,3.8203125
201251-116,CUSHION,1.0302734,VS1,D,EX,EX,EX,M,6151.17,5.859375,5.5390625,3.7304688
200772-143,CUSHION,1.2900391,SI2,D,VG,EX,EX,F,6151.3,6.21875,6.1992188,4.3085938
210312-2,CUSHION,1.0,VVS1,F,EX,EX,VG,N,6153.36,5.6289062,5.609375,3.8007812
Eco Diamond LG200965,CUSHION,1.5800781,VS1,F,EX,EX,EX,N,6156.05,7.1914062,5.9414062,4.2382812
210042-145,CUSHION,1.0302734,VVS1,F,EX,EX,EX,ST,6168.37,6.3203125,5.3515625,3.6308594
211099-114,CUSHION,1.2001953,SI1,H,GD,EX,VG,N,6173.62,5.9101562,5.78125,4.1601562
201199-142,CUSHION,1.2001953,VVS1,H,VG,EX,VG,M,6176.57,6.8789062,5.9414062,3.9609375
Eco Diamond LG200638,CUSHION,1.7099609,VS1,G,EX,EX,VG,N,6182.97,7.8710938,6.5195312,4.4414062
Eco Diamond LG200873,CUSHION,1.5195312,VVS2,E,EX,EX,EX,N,6184.51,6.46875,6.421875,4.28125
201235-90,CUSHION,1.5097656,SI1,J,VG,EX,VG,N,6206.88,6.5585938,6.1796875,4.3203125
210042-53,CUSHION,1.0097656,VS1,E,EX,EX,VG,N,6209.44,5.7109375,5.5898438,3.7695312
210433-122,CUSHION,2.0097656,VS2,U-V,EX,EX,VG,N,6219.47,6.828125,6.8007812,4.671875
1660149,CUSHION,0.89990234,VVS1,E,EX,EX,VG,N,5959.52,5.9804688,5.1210938,3.4707031
200665-32,CUSHION,2.0097656,SI1,FANCY,EX,VG,VG,N,5968.42,6.9492188,6.8789062,4.6601562
200733-109,CUSHION,1.5097656,SI2,I,EX,EX,EX,N,5979.0,6.6914062,6.3203125,4.28125
210381-956,CUSHION,1.0,VVS2,E,EX,EX,VG,M,5980.0,6.5585938,5.25,3.4101562
200808-41,CUSHION,2.0097656,I1,FANCY,EX,EX,VG,M,5981.25,8.0390625,6.6796875,4.3085938
210264-20,CUSHION,1.3300781,VS2,H,EX,EX,VG,ST,5981.33,6.1992188,6.0585938,4.1289062
200769-179,CUSHION,1.5996094,SI2,H,EX,VG,VG,VSL,5986.1,6.7109375,6.4609375,4.3007812
201205-386,CUSHION,2.0,VVS2,U-V,EX,EX,VG,F,5988.19,7.1210938,6.8203125,4.609375
211099-211,CUSHION,1.2001953,SI1,G,VG,EX,EX,F,5992.25,6.1796875,5.6484375,3.9492188
213069-101,CUSHION,1.0,VVS1,G,EX,EX,VG,F,5993.37,6.5390625,5.2382812,3.5507812
210530-232,CUSHION,1.2001953,VS1,H,GD,EX,VG,F,5994.24,5.6289062,5.5507812,4.2304688
210344-282,CUSHION,1.0302734,VS1,G,EX,EX,EX,N,5998.07,6.2382812,5.421875,3.6601562
211007-685,CUSHION,1.2001953,VS2,H,EX,VG,VG,F,6006.28,6.3984375,5.921875,3.9707031
210550-18,CUSHION,1.6103516,VS2,FANCY,EX,EX,VG,F,6010.82,6.4296875,6.25,4.359375
201251-141,CUSHION,1.0302734,VS2,E,EX,EX,VG,N,6012.71,6.28125,5.4609375,3.640625
200715-60,CUSHION,1.5097656,SI1,FANCY,EX,VG,EX,F,4782.45,6.578125,6.1601562,4.1210938
200776-140,CUSHION,1.0097656,SI1,E,EX,EX,EX,N,4783.98,5.9492188,5.7382812,3.8496094
210052-256,CUSHION,1.0,SI1,G,EX,EX,VG,N,4788.35,6.1914062,5.3085938,3.609375
211099-157,CUSHION,1.2001953,SI2,I,VG,EX,VG,N,4789.14,5.96875,5.75,3.9902344
200753-99,CUSHION,0.97021484,VS1,E,EX,EX,EX,N,4794.36,5.9101562,5.390625,3.640625
212127-322,CUSHION,1.0,VS2,G,EX,VG,VG,M,4795.54,5.7617188,5.4804688,3.6503906
212088-222,CUSHION,0.95996094,VS2,D,VG,EX,VG,F,4799.85,5.5585938,5.421875,3.7792969
210043-103,CUSHION,1.0,SI1,D,EX,VG,VG,M,4805.29,6.1914062,5.3710938,3.5703125
201229-66,CUSHION,1.2001953,VS1,I,GD,EX,VG,N,4805.37,6.078125,5.609375,4.0117188
201173-248,CUSHION,1.5,SI2,H,EX,VG,VG,N,4806.83,6.640625,6.3789062,4.3203125
201210-656,CUSHION,1.0,VS1,G,VG,EX,GD,N,4813.17,5.921875,5.28125,3.6796875
210439-286,CUSHION,1.5,SI2,H,EX,VG,VG,SL,4819.43,7.3515625,6.078125,4.0195312
211131-87,CUSHION,1.2001953,SI2,F,EX,VG,VG,N,4822.48,6.6914062,5.6796875,3.8496094
201244-180,CUSHION,1.0195312,VS2,H,EX,EX,VG,N,4822.85,5.921875,5.53125,3.7402344
213091-319,CUSHION,1.0,VS2,G,VG,EX,VG,N,4828.25,5.78125,5.359375,3.7304688
200715-335,CUSHION,1.2099609,VVS1,FANCY,EX,EX,GD,F,4498.58,7.0507812,5.6210938,3.6308594
201165-267,CUSHION,1.0,VS1,F,EX,EX,GD,F,4499.39,5.8398438,5.46875,3.7109375
200761-104,CUSHION,1.7597656,SI1,FANCY,EX,VG,VG,N,4504.55,6.6601562,6.5507812,4.421875
201192-337,CUSHION,1.5,SI1,L,EX,EX,VG,N,4504.58,6.6914062,6.3203125,4.2695312
1652671,CUSHION,0.91015625,VVS2,D,EX,EX,VG,M,4510.98,5.6992188,5.28125,3.5605469
201231-131,CUSHION,1.2001953,VS2,I,VG,EX,VG,N,4520.49,6.0117188,5.71875,4.0195312
201210-485,CUSHION,1.0498047,VS1,I,EX,EX,EX,N,4520.89,5.8710938,5.5117188,3.7402344
201210-1206,CUSHION,1.0,VS1,H,EX,EX,EX,F,4521.0,6.1015625,5.3085938,3.5996094
Eco Diamond LGC10259,CUSHION,1.6601562,SI1,H,VG,VG,VG,N,4524.53,7.4296875,7.078125,4.2890625
1749077,CUSHION,0.91015625,VS1,G,EX,EX,EX,N,4527.24,5.7890625,5.28125,3.5800781
212097-580,CUSHION,1.0,VVS2,I,VG,EX,VG,N,4541.88,5.609375,5.3710938,3.75
211157-187,CUSHION,1.5195312,SI2,FANCY,EX,EX,EX,F,4542.22,6.7617188,6.3515625,4.1484375
210439-55,CUSHION,1.0,SI2,D,EX,EX,VG,F,4542.4,6.2109375,5.3007812,3.5703125
1651859,CUSHION,0.89990234,VS2,FANCY,EX,VG,VG,M,4545.71,6.2382812,5.0703125,3.0507812
211169-86,CUSHION,1.0,VS2,H,EX,EX,GD,N,4549.16,6.390625,5.2382812,3.5507812
211007-450,CUSHION,1.2099609,VVS1,FANCY,EX,EX,EX,F,5262.99,6.3085938,5.921875,3.8105469
212114-647,CUSHION,1.2998047,SI2,G,EX,EX,VG,M,5275.09,6.8398438,5.7382812,3.9003906
211078-112,CUSHION,1.0195312,VS2,G,EX,EX,EX,N,5281.28,5.8398438,5.6796875,3.7890625
213074-356,CUSHION,1.0,VVS2,G,EX,EX,EX,M,5285.35,5.6914062,5.5,3.7304688
212096-24,CUSHION,1.0,VS1,G,EX,EX,EX,N,5286.84,5.7617188,5.5585938,3.75
211105-442,CUSHION,1.0195312,VS2,G,EX,EX,EX,N,5289.38,5.9296875,5.6210938,3.7109375
1798187,CUSHION,0.91015625,VS1,F,EX,EX,EX,N,5293.72,5.5507812,5.3203125,3.609375
200713-66,CUSHION,1.2001953,VS1,I,EX,EX,VG,N,5298.17,6.21875,5.7695312,3.9003906
200657-258,CUSHION,1.2001953,VS1,I,VG,EX,EX,F,5298.17,6.390625,5.5117188,3.8203125
211092-131,CUSHION,1.0195312,VS1,E,EX,EX,VG,M,5298.65,5.96875,5.6914062,3.7597656
200378-270,CUSHION,1.5,SI2,I,EX,EX,VG,N,5301.59,7.1601562,5.96875,4.0585938
200649-303,CUSHION,1.5996094,SI1,K,EX,EX,EX,F,5306.89,6.6914062,6.4609375,4.3984375
201244-338,CUSHION,1.0097656,VS2,G,EX,EX,VG,N,5309.69,5.9414062,5.4101562,3.6601562
200712-239,CUSHION,1.0097656,VVS2,F,EX,EX,EX,M,5316.14,6.28125,5.4492188,3.7109375
211177-563,CUSHION,1.0097656,VS1,F,GD,EX,VG,N,5323.7,5.8515625,5.2304688,3.7597656
210134-47,CUSHION,1.0,VVS1,E,EX,EX,VG,N,7215.98,5.75,5.6015625,3.7695312
210407-239,CUSHION,2.3105469,VS2,U-V,EX,EX,VG,N,7220.1,7.2382812,7.0,4.890625
200761-81,CUSHION,2.0195312,SI2,FANCY,VG,EX,VG,F,7247.4,6.8984375,6.7890625,4.71875
200712-223,CUSHION,1.0195312,VVS2,E,EX,EX,EX,N,7255.43,5.671875,5.671875,3.8105469
201252-103,CUSHION,1.5302734,VVS1,J,EX,EX,VG,M,7274.9,6.6015625,6.328125,4.25
200788-140,CUSHION,1.2304688,SI1,F,EX,EX,EX,N,7281.9,6.7695312,5.8515625,3.9707031
211087-176,CUSHION,1.0195312,IF,E,EX,EX,EX,F,7282.45,6.2695312,5.3203125,3.5898438
210089-478,CUSHION,1.0097656,IF,F,EX,EX,VG,N,7283.4,6.4882812,5.1992188,3.5195312
210020-142,CUSHION,1.2099609,SI1,D,EX,EX,EX,ST,7283.46,6.4609375,5.9882812,4.0390625
200719-16,CUSHION,1.0097656,IF,F,EX,EX,EX,N,7289.18,6.2109375,5.3984375,3.6308594
210267-160,CUSHION,1.2900391,VVS1,I,VG,EX,EX,N,7307.85,6.609375,5.6210938,3.9296875
201173-573,CUSHION,1.5,SI2,E,EX,EX,EX,N,7313.18,6.7695312,6.1914062,4.1992188
200671-587,CUSHION,1.2099609,VS1,D,EX,EX,EX,ST,7319.82,6.6914062,5.609375,3.7890625
200636-199,CUSHION,1.8095703,SI2,F,EX,EX,EX,N,7320.17,7.3203125,7.078125,4.6992188
Eco Diamond LG200587,CUSHION,1.5195312,VVS2,H,EX,EX,EX,N,4944.08,6.5585938,6.25,4.2109375
201251-95,CUSHION,1.0097656,VS2,E,EX,EX,VG,M,4947.13,5.9492188,5.4882812,3.6503906
210483-172,CUSHION,1.7099609,SI1,S-T,EX,EX,VG,N,4948.29,6.5390625,6.5117188,4.4882812
210047-383,CUSHION,1.2900391,VVS2,J,VG,EX,EX,ST,4958.89,6.359375,6.03125,4.1601562
201210-1179,CUSHION,1.0,VS2,G,EX,EX,EX,N,4959.29,5.6015625,5.5703125,3.7792969
211139-212,CUSHION,1.0,VS1,G,VG,EX,GD,N,4971.72,5.8789062,5.3984375,3.7695312
200667-34,CUSHION,1.2001953,SI2,FANCY,EX,EX,VG,N,4988.83,6.0390625,5.5507812,3.7792969
210267-64,CUSHION,1.0302734,IF,I,EX,EX,EX,N,4993.69,5.71875,5.578125,3.75
200781-157,CUSHION,1.0,VS2,G,EX,EX,EX,N,4994.6,5.8789062,5.4101562,3.6699219
201218-134,CUSHION,1.2001953,SI1,D,VG,VG,GD,N,5000.8,6.1914062,5.671875,3.9707031
210217-31,CUSHION,1.5097656,VS1,K,VG,EX,EX,F,5002.0,6.6015625,6.1289062,4.2695312
200764-730,CUSHION,1.0097656,SI1,F,EX,VG,VG,N,5002.73,5.828125,5.578125,3.7890625
210350-116,CUSHION,1.0,VS2,H,EX,EX,VG,N,5005.46,6.3203125,5.1992188,3.5292969
212073-223,CUSHION,1.2001953,VS2,I,VG,EX,VG,N,5009.13,5.8789062,5.8789062,4.109375
213074-84,CUSHION,1.0,VS1,H,VG,EX,VG,N,5029.7,5.859375,5.3984375,3.7792969
212073-173,CUSHION,1.0,SI1,H,VG,EX,VG,N,4007.66,5.75,5.390625,3.7695312
200715-157,CUSHION,1.7998047,VS1,FANCY,EX,EX,EX,ST,4007.88,6.921875,6.7695312,4.4414062
1660156,CUSHION,0.89990234,VS1,G,EX,EX,VG,ST,4007.99,5.5,5.3085938,3.5996094
1667125,CUSHION,0.89990234,VS1,G,EX,EX,VG,M,4007.99,5.78125,5.25,3.5507812
211007-740,CUSHION,1.0097656,VVS1,J,EX,EX,EX,N,4011.7,5.8984375,5.5585938,3.7207031
200742-36,CUSHION,1.2099609,SI2,F,EX,EX,EX,N,4012.24,6.2617188,5.8789062,4.0
1794019,CUSHION,0.89990234,VS2,H,EX,EX,EX,N,4012.8,5.75,5.2304688,3.5390625
1663183,CUSHION,0.9501953,VS1,I,EX,EX,VG,N,4022.17,6.328125,5.1601562,3.5097656
1795563,CUSHION,0.9199219,VS2,H,VG,EX,VG,N,4028.1,5.78125,5.1992188,3.6191406
202237-302,CUSHION,1.2001953,SI1,I,EX,EX,VG,F,4029.32,5.96875,5.8203125,3.9492188
210001-1132,CUSHION,1.0,SI1,I,EX,EX,EX,N,4030.43,5.7890625,5.4609375,3.7207031
210441-54,CUSHION,1.0097656,SI2,G,EX,EX,EX,N,4031.17,5.8789062,5.5,3.7304688
212041-804,CUSHION,1.0,VS1,I,EX,EX,VG,F,4033.9,5.6992188,5.4609375,3.7207031
210447-27,CUSHION,1.1904297,SI2,F,EX,VG,VG,N,4034.1,6.0507812,5.8398438,3.9394531
212059-262,CUSHION,1.0097656,VS1,I,EX,EX,VG,F,4036.32,5.8515625,5.3710938,3.6503906
211099-261,CUSHION,1.0195312,SI1,F,EX,EX,EX,N,4828.62,5.6601562,5.640625,3.8105469
200787-481,CUSHION,1.5703125,SI2,K,EX,EX,EX,N,4829.5,6.609375,6.4492188,4.359375
201229-117,CUSHION,1.0195312,VS2,G,EX,EX,EX,F,4833.72,6.0703125,5.5390625,3.7597656
1665770,CUSHION,0.91015625,VVS2,D,EX,EX,EX,ST,4837.05,6.2382812,5.0,3.390625
200650-48,CUSHION,1.0097656,VS1,G,EX,EX,VG,F,4838.19,5.6601562,5.5507812,3.7695312
211153-70,CUSHION,1.0302734,VS2,G,EX,EX,VG,M,4839.8,5.96875,5.5703125,3.7304688
211099-265,CUSHION,1.0097656,VS2,H,EX,VG,VG,N,4844.01,5.8789062,5.578125,3.8007812
201231-130,CUSHION,1.2001953,VVS2,I,VG,EX,VG,M,4849.5,5.8984375,5.8085938,4.0703125
210041-544,CUSHION,1.6103516,VVS2,W-X,EX,EX,EX,N,4854.47,6.4882812,6.3007812,4.2695312
Eco Diamond LG200871,CUSHION,1.5195312,SI1,F,EX,EX,EX,N,4854.82,6.6914062,6.6289062,4.421875
201251-139,CUSHION,1.0302734,SI1,F,EX,EX,EX,N,4856.94,6.078125,5.5390625,3.7402344
200656-901,CUSHION,1.2001953,SI2,D,EX,EX,VG,N,4858.12,6.2890625,5.7695312,3.9101562
210048-227,CUSHION,1.0097656,VS2,H,EX,EX,EX,F,4861.1,6.140625,5.3203125,3.6191406
201200-582,CUSHION,1.2001953,SI2,H,EX,EX,VG,F,4861.95,6.6796875,5.6914062,3.7695312
201163-324,CUSHION,1.2001953,SI1,D,EX,EX,VG,M,4861.95,6.171875,5.8085938,3.9492188
210030-216,CUSHION,0.95996094,SI1,F,EX,EX,VG,N,4324.44,5.859375,5.4492188,3.5996094
210492-7,CUSHION,1.0097656,VS1,I,EX,EX,EX,N,4331.75,5.9804688,5.4414062,3.6796875
200771-446,CUSHION,1.2001953,I1,D,VG,EX,VG,M,4338.46,6.3710938,5.7304688,3.8007812
210544-13,CUSHION,1.0,SI1,H,EX,EX,EX,N,4338.9,5.640625,5.5898438,3.7207031
200752-38,CUSHION,0.95996094,VS2,G,VG,EX,VG,N,4340.03,5.8710938,5.3007812,3.609375
202242-283,CUSHION,1.5,SI2,G,EX,EX,VG,N,7832.91,6.5195312,6.25,4.2382812
210433-207,CUSHION,1.7304688,VVS2,FANCY,EX,VG,VG,M,7833.56,6.6601562,6.390625,4.4414062
200793-1241,CUSHION,1.5097656,SI2,I,EX,EX,EX,N,7834.67,6.7109375,6.3085938,4.2695312
210310-91,CUSHION,1.3203125,SI1,H,EX,EX,EX,N,7848.41,6.75,5.8984375,3.9902344
211141-288,CUSHION,1.5,SI2,F,EX,EX,VG,N,7878.44,7.28125,5.9882812,4.0585938
210214-162,CUSHION,1.0195312,IF,D,EX,EX,EX,ST,7891.49,5.9609375,5.4882812,3.7207031
200648-10,CUSHION,1.7197266,SI2,FANCY,EX,EX,VG,F,7898.48,6.5117188,6.5117188,4.4101562
201205-444,CUSHION,2.0292969,VVS2,FANCY,EX,EX,VG,M,7903.76,6.96875,6.9414062,4.6484375
Eco Diamond LG200815,CUSHION,1.8398438,VVS2,F,EX,EX,EX,N,7922.8,7.0,6.7890625,4.5195312
Eco Diamond LG200817,CUSHION,1.7001953,VVS1,E,EX,EX,EX,N,7931.24,7.0390625,6.8203125,4.5117188
201235-250,CUSHION,1.5097656,SI2,H,VG,EX,GD,N,7951.83,6.671875,6.3515625,4.3710938
211146-35,CUSHION,2.0,SI2,J,EX,VG,VG,N,7960.77,8.25,6.6015625,4.4296875
211015-82,CUSHION,1.2001953,VS1,G,EX,EX,VG,N,7974.06,6.53125,5.6484375,3.8398438
201231-139,CUSHION,1.2001953,VS1,G,EX,EX,VG,N,7974.06,6.0585938,5.859375,3.9804688
201199-30,CUSHION,1.4003906,VS1,E,EX,EX,VG,VS,8003.01,6.9492188,5.859375,3.9804688
211067-105,CUSHION,1.2001953,SI1,I,EX,EX,VG,N,5744.23,6.0117188,5.859375,3.9609375
1760508,EMERALD,0.30004883,VVS2,D,EX,EX,GD,N,973.78,4.6796875,3.1601562,2.1503906
1794389,EMERALD,0.30004883,VVS2,E,VG,VG,GD,N,974.29,4.6210938,3.1894531,2.0292969
1794388,EMERALD,0.30004883,VVS2,E,VG,VG,GD,N,974.29,4.75,3.0605469,2.0898438
1799836,EMERALD,0.30004883,VS1,D,VG,EX,VG,N,974.29,4.3515625,3.2695312,2.2207031
1800651,EMERALD,0.30004883,VS1,D,VG,VG,GD,N,974.29,4.3984375,3.2792969,2.25
1799838,EMERALD,0.30004883,VS1,D,EX,EX,GD,F,974.29,4.46875,3.2207031,2.1503906
1795777,EMERALD,0.30004883,VS1,D,EX,EX,VG,M,974.29,4.4414062,3.2597656,2.2109375
1799845,EMERALD,0.30004883,VS1,D,EX,VG,GD,M,974.29,4.5898438,3.1894531,2.1699219
1773505,EMERALD,0.30004883,VS2,D,EX,EX,VG,N,974.35,4.609375,3.25,2.1308594
1771232,EMERALD,0.30004883,VS2,D,EX,EX,VG,N,974.35,4.640625,3.2109375,2.1894531
1766902,EMERALD,0.32006836,VS2,D,EX,EX,GD,N,974.56,4.6484375,3.5,2.2402344
1751799,EMERALD,0.3100586,VVS2,D,EX,VG,VG,N,974.57,4.9296875,3.1699219,2.0800781
1785113,EMERALD,0.32006836,VS2,F,VG,VG,VG,N,974.57,4.828125,3.25,2.1894531
1799870,EMERALD,0.32006836,VS1,H,EX,GD,GD,N,974.59,4.8398438,3.2304688,2.1699219
1798585,EMERALD,0.3100586,VVS2,E,VG,EX,GD,N,975.06,4.5507812,3.3808594,2.1992188
1799889,EMERALD,0.30004883,VS2,E,GD,GD,GD,F,901.8,4.8398438,3.1601562,2.0292969
1751817,EMERALD,0.32006836,SI1,D,EX,EX,VG,N,902.12,4.609375,3.3105469,2.2207031
1745110,EMERALD,0.32006836,VS1,F,EX,GD,GD,N,902.6,4.5507812,3.4101562,2.3300781
1746075,EMERALD,0.30004883,VS1,F,EX,VG,VG,N,902.81,4.5195312,3.3105469,2.1796875
1791752,EMERALD,0.30004883,VS2,D,VG,VG,GD,F,902.88,4.4882812,3.3496094,2.1699219
1791043,EMERALD,0.30004883,VS1,D,EX,EX,VG,VS,903.31,4.609375,3.3300781,2.1308594
1799738,EMERALD,0.41992188,VVS1,K,EX,EX,GD,F,903.73,5.0117188,3.6699219,2.4101562
1799900,EMERALD,0.30004883,VS2,F,VG,GD,GD,N,904.35,4.4101562,3.25,2.2402344
1766908,EMERALD,0.30004883,VS2,F,VG,EX,GD,N,904.35,4.5585938,3.4101562,2.0703125
1798618,EMERALD,0.30004883,VS1,G,VG,VG,GD,F,904.35,4.53125,3.3203125,2.1992188
1762880,EMERALD,0.30004883,VS2,H,EX,VG,VG,N,904.35,4.5390625,3.2402344,2.140625
1775245,EMERALD,0.30004883,VS2,E,VG,VG,GD,N,905.91,4.3203125,3.25,2.2695312
1671948,EMERALD,0.5498047,SI2,J,EX,EX,GD,N,905.96,5.7382812,3.7890625,2.5898438
1771245,EMERALD,0.3100586,SI1,D,EX,EX,GD,N,906.48,4.7304688,3.2109375,2.1699219
1795763,EMERALD,0.30004883,VVS2,D,VG,VG,GD,M,906.85,5.0390625,3.1894531,1.8896484
1795797,EMERALD,0.32006836,SI1,D,VG,VG,VG,F,924.28,4.9609375,3.3203125,1.9296875
1777433,EMERALD,0.30004883,VS2,F,EX,EX,GD,N,924.62,4.5507812,3.3808594,2.1191406
1750245,EMERALD,0.30004883,VS2,G,EX,EX,VG,N,924.67,4.7890625,3.1191406,2.0703125
1773497,EMERALD,0.30004883,VS1,D,VG,EX,VG,N,925.61,4.3515625,3.3398438,2.2890625
1771207,EMERALD,0.30004883,VS1,D,EX,EX,GD,N,925.61,4.4609375,3.3496094,2.1191406
1791057,EMERALD,0.30004883,VS2,E,EX,EX,VG,ST,925.63,4.6601562,3.2304688,2.0898438
1791062,EMERALD,0.30004883,SI1,D,EX,VG,GD,N,926.15,4.6210938,3.1894531,2.0996094
1771203,EMERALD,0.3100586,VS1,D,VG,VG,GD,F,926.34,4.75,3.2597656,2.0390625
1774230,EMERALD,0.30004883,VVS2,H,EX,EX,VG,N,926.68,4.4492188,3.2792969,2.2304688
1755558,EMERALD,0.33007812,VS1,D,EX,VG,VG,F,926.93,5.03125,3.25,2.0390625
1769493,EMERALD,0.41992188,VVS2,K,VG,EX,VG,N,927.17,4.8398438,3.6191406,2.5
1751800,EMERALD,0.30004883,VVS2,E,EX,VG,VG,F,927.64,4.8789062,3.140625,1.9697266
1786530,EMERALD,0.30004883,VVS2,D,VG,EX,GD,F,927.71,5.03125,3.0996094,2.0507812
1762862,EMERALD,0.30004883,VVS1,F,VG,EX,GD,N,928.15,4.421875,3.2695312,2.1699219
1799859,EMERALD,0.30004883,VS1,F,VG,VG,GD,N,928.72,4.4804688,3.2304688,2.1308594
1799810,EMERALD,0.30004883,VVS2,D,VG,VG,GD,N,1027.1,4.7109375,3.0097656,2.0195312
1797242,EMERALD,0.32006836,VVS2,E,EX,EX,VG,M,1027.52,4.9101562,3.3007812,2.0507812
1789039,EMERALD,0.30004883,VVS1,D,EX,GD,GD,F,1028.04,4.890625,3.1308594,1.8798828
1760507,EMERALD,0.3100586,VVS1,E,EX,EX,GD,N,1028.04,4.7109375,3.1699219,2.109375
1766886,EMERALD,0.30004883,VVS1,E,EX,VG,GD,N,1028.09,4.4414062,3.3300781,2.1503906
1779813,EMERALD,0.3798828,VS1,F,EX,EX,GD,F,1028.45,4.7695312,3.4902344,2.3808594
1738160,EMERALD,0.3100586,VVS2,F,EX,EX,VG,N,1029.11,4.7695312,3.1699219,2.0996094
1777430,EMERALD,0.3100586,VS2,E,EX,EX,VG,N,1029.62,4.5898438,3.3691406,2.1601562
1671504,EMERALD,0.5,SI1,K,EX,VG,GD,N,1029.67,5.1992188,3.8300781,2.5703125
1789047,EMERALD,0.30004883,VVS1,F,EX,VG,GD,N,1030.06,4.75,3.0898438,2.0996094
1786538,EMERALD,0.30004883,VS1,D,EX,VG,VG,N,1030.06,4.4609375,3.2792969,2.1191406
1779806,EMERALD,0.30004883,IF,E,EX,EX,VG,N,1030.12,4.421875,3.2695312,2.1894531
1777413,EMERALD,0.39990234,VS2,I,EX,VG,GD,N,1030.22,4.9804688,3.6796875,2.4101562
1782732,EMERALD,0.3100586,VS2,E,EX,EX,VG,N,1030.65,4.5507812,3.3398438,2.1503906
1781321,EMERALD,0.3100586,VS1,F,EX,EX,VG,N,1030.65,4.4492188,3.2792969,2.109375
1799878,EMERALD,0.3100586,VS2,D,EX,VG,VG,N,1041.16,4.8085938,3.1503906,2.0390625
1773491,EMERALD,0.32006836,VVS2,D,EX,EX,GD,N,1041.63,4.5390625,3.359375,2.2207031
1781319,EMERALD,0.3100586,VS1,E,EX,EX,VG,F,1041.65,4.7890625,3.140625,2.0898438
1783786,EMERALD,0.30004883,VS1,E,EX,EX,VG,N,1041.78,4.6796875,3.3691406,2.0703125
1789048,EMERALD,0.30004883,VVS1,G,EX,EX,VG,N,1041.78,4.7109375,3.1601562,2.0195312
1782713,EMERALD,0.30004883,VVS1,E,VG,EX,GD,N,1041.82,4.8203125,3.0996094,2.109375
1778516,EMERALD,0.30004883,VVS2,D,EX,EX,VG,N,1041.82,4.5,3.4003906,2.0996094
1775226,EMERALD,0.3100586,VVS2,E,EX,EX,VG,N,1042.12,4.8007812,3.2207031,2.1796875
1754867,EMERALD,0.3100586,VVS1,E,EX,EX,GD,N,1042.22,4.828125,3.140625,2.1308594
1795748,EMERALD,0.30004883,VVS1,D,EX,VG,VG,M,1042.29,4.75,3.1992188,2.0507812
1771209,EMERALD,0.3798828,VS1,E,VG,EX,GD,F,1042.53,4.6484375,3.4804688,2.4609375
1795780,EMERALD,0.32006836,VS1,E,EX,GD,GD,N,1043.29,4.5898438,3.3808594,2.0507812
1775244,EMERALD,0.33007812,VS2,E,EX,EX,VG,N,1044.12,4.9101562,3.2695312,2.0195312
1798573,EMERALD,0.30004883,VVS1,F,EX,EX,GD,N,1044.25,4.3984375,3.25,2.1894531
1794371,EMERALD,0.30004883,VVS1,F,EX,EX,GD,N,1044.25,4.8515625,3.140625,2.0292969
1793113,EMERALD,0.3100586,VS1,D,EX,EX,VG,F,1012.78,4.390625,3.2304688,2.2109375
1752913,EMERALD,0.32006836,IF,E,EX,EX,VG,N,1012.92,4.890625,3.1308594,2.109375
1775230,EMERALD,0.32006836,VVS2,F,EX,VG,VG,F,1012.99,4.828125,3.1796875,2.0898438
1783795,EMERALD,0.30004883,VS2,E,VG,VG,VG,N,1013.32,4.6210938,3.25,2.0898438
1781318,EMERALD,0.3100586,VS1,E,EX,VG,VG,F,1013.39,4.5898438,3.4101562,2.1894531
1798609,EMERALD,0.33007812,VS1,E,EX,VG,GD,F,1013.41,4.8203125,3.2402344,2.140625
1794390,EMERALD,0.32006836,VVS2,F,VG,EX,GD,F,1013.49,4.9296875,3.2304688,1.9902344
1799817,EMERALD,0.32006836,VVS2,F,EX,GD,FR,N,1013.49,4.8710938,3.4492188,2.0292969
1771220,EMERALD,0.35009766,VS1,G,EX,EX,VG,F,1013.53,4.6914062,3.4609375,2.1796875
1785091,EMERALD,0.30004883,VVS2,F,EX,EX,GD,N,1013.85,4.2695312,3.1992188,2.2304688
1789046,EMERALD,0.32006836,VVS1,F,EX,EX,GD,F,1014.0,4.9414062,3.1894531,2.0390625
1799828,EMERALD,0.3400879,VS1,D,EX,GD,GD,F,1014.3,4.7695312,3.5898438,2.3007812
1800639,EMERALD,0.30004883,VVS2,E,EX,VG,GD,N,1014.34,4.8007812,3.1601562,2.0605469
1798588,EMERALD,0.30004883,VVS2,E,EX,VG,GD,N,1014.34,4.8515625,3.0800781,2.0800781
1794386,EMERALD,0.30004883,VVS2,E,EX,EX,GD,N,1014.34,4.7304688,3.0898438,2.0390625
1783775,EMERALD,0.33007812,VVS2,F,EX,VG,VG,F,1061.4,4.5585938,3.3007812,2.2597656
1798576,EMERALD,0.32006836,VVS2,D,EX,EX,GD,N,1061.61,4.5195312,3.3300781,2.2109375
1799805,EMERALD,0.32006836,VVS2,D,VG,EX,GD,N,1061.61,4.671875,3.3105469,2.1503906
1779809,EMERALD,0.3100586,VS1,E,EX,EX,VG,N,1062.06,4.46875,3.3398438,2.1503906
1786528,EMERALD,0.35009766,VVS2,D,EX,EX,GD,F,1063.21,5.0,3.3398438,2.140625
1793084,EMERALD,0.4699707,VVS2,K,EX,VG,VG,N,1063.3,5.1210938,3.7695312,2.5605469
1787834,EMERALD,0.3100586,VS1,D,EX,EX,VG,N,1063.6,4.4414062,3.3300781,2.1796875
1743066,EMERALD,0.33007812,VVS2,F,EX,VG,VG,N,1063.64,4.9882812,3.2792969,2.0996094
1784985,EMERALD,0.5097656,VVS1,N,EX,EX,VG,N,1063.75,5.7695312,3.75,2.3496094
1795781,EMERALD,0.32006836,VS1,E,EX,GD,GD,N,1063.84,4.6796875,3.2109375,2.2207031
1798602,EMERALD,0.30004883,VS1,D,EX,EX,VG,N,1064.02,4.609375,3.25,2.1796875
1781317,EMERALD,0.32006836,VS1,E,EX,VG,GD,N,1064.36,4.96875,3.2304688,2.0605469
1789058,EMERALD,0.3100586,VS1,E,EX,EX,VG,N,1065.24,4.8007812,3.140625,2.1308594
1791037,EMERALD,0.3100586,VVS2,F,EX,VG,VG,N,1065.24,4.5195312,3.3398438,2.2597656
1785085,EMERALD,0.3100586,VVS1,G,EX,EX,VG,N,1065.24,4.6992188,3.1308594,2.1191406
1766893,EMERALD,0.32006836,VS1,D,EX,EX,VG,N,1065.38,4.5117188,3.390625,2.1699219
1798551,EMERALD,0.3100586,IF,E,EX,VG,GD,N,1065.76,4.3984375,3.3203125,2.2109375
1794358,EMERALD,0.3100586,VVS1,D,EX,EX,FR,N,1065.76,4.5703125,3.3808594,2.1191406
1783790,EMERALD,0.30004883,VS1,F,EX,EX,EX,N,1066.07,4.6796875,3.1191406,2.1308594
1754187,EMERALD,0.39990234,SI1,F,EX,EX,GD,N,1066.14,5.109375,3.4902344,2.3496094
1799804,EMERALD,0.33007812,VVS1,H,EX,EX,VG,N,1066.41,4.6914062,3.3496094,2.1601562
1781308,EMERALD,0.32006836,VVS2,D,EX,EX,GD,N,1066.49,4.859375,3.2597656,2.1308594
1771210,EMERALD,0.3400879,VS1,E,EX,EX,VG,N,1066.63,4.6796875,3.4492188,2.2304688
1785088,EMERALD,0.33007812,VVS2,E,EX,VG,GD,N,1066.91,4.578125,3.390625,2.2207031
1765603,EMERALD,0.36010742,VVS1,E,EX,VG,GD,F,1066.93,4.921875,3.3398438,2.25
1787825,EMERALD,0.30004883,VVS1,E,EX,EX,GD,N,1067.13,4.4101562,3.1699219,2.1601562
1785105,EMERALD,0.33007812,VS2,D,EX,EX,VG,N,1030.68,4.5898438,3.3691406,2.3007812
1791056,EMERALD,0.30004883,VS2,E,EX,EX,VG,N,1031.12,4.7695312,3.1308594,2.109375
1785100,EMERALD,0.30004883,VS1,F,EX,EX,VG,N,1031.12,4.75,3.2207031,2.0
1798592,EMERALD,0.3100586,VVS2,F,EX,EX,VG,F,1031.2,4.5507812,3.3105469,2.2304688
1799879,EMERALD,0.3100586,VS2,D,EX,EX,VG,N,1031.2,4.5585938,3.3398438,2.1992188
1763908,EMERALD,0.39990234,SI1,H,EX,VG,VG,N,1031.63,5.25,3.3808594,2.3105469
1782725,EMERALD,0.30004883,VVS2,D,EX,EX,GD,N,1031.66,4.71875,3.1699219,2.1191406
1795790,EMERALD,0.3100586,VS2,E,EX,VG,VG,N,1031.68,4.8007812,3.2792969,1.9404297
1772553,EMERALD,0.32006836,VS1,G,EX,EX,VG,N,1031.93,4.671875,3.3808594,2.1503906
1741306,EMERALD,0.32006836,VS1,D,EX,VG,VG,N,1032.39,4.7890625,3.1601562,2.1308594
1786532,EMERALD,0.3100586,VVS2,E,EX,EX,GD,N,1032.69,4.890625,3.1308594,2.0605469
1791750,EMERALD,0.3400879,VS1,G,VG,EX,GD,N,1032.71,4.7382812,3.4394531,2.140625
1778520,EMERALD,0.30004883,VVS2,E,EX,VG,VG,N,1033.1,4.7890625,3.1601562,2.0195312
1767869,EMERALD,0.30004883,VVS1,D,EX,EX,GD,N,1033.64,4.4882812,3.359375,2.2207031
1771217,EMERALD,0.33007812,VS1,F,EX,VG,VG,N,1034.08,4.9101562,3.25,2.1894531
1789842,EMERALD,0.52001953,SI1,L,EX,EX,VG,F,1057.74,5.578125,3.9902344,2.5195312
1665854,EMERALD,0.5,VS2,L,VG,VG,VG,N,1058.18,5.4609375,3.6503906,2.5097656
1772546,EMERALD,0.3100586,VS1,D,EX,VG,VG,N,1058.89,4.9609375,3.0996094,2.0507812
1783771,EMERALD,0.30004883,VVS2,E,EX,VG,VG,N,1058.95,4.78125,3.0996094,2.0996094
1785096,EMERALD,0.30004883,VS1,D,EX,VG,VG,N,1058.95,4.8789062,3.1796875,2.0292969
1787835,EMERALD,0.30004883,VS1,D,EX,VG,VG,N,1058.95,4.6601562,3.1308594,2.140625
1787837,EMERALD,0.30004883,VS1,D,EX,VG,VG,N,1058.95,4.3203125,3.2890625,2.2597656
1743844,EMERALD,0.54003906,VS1,L,EX,VG,VG,N,1058.97,5.390625,3.9902344,2.5996094
1798584,EMERALD,0.32006836,VVS2,E,EX,VG,GD,N,1059.43,5.0,3.2304688,2.1308594
1791748,EMERALD,0.30004883,VS1,E,EX,VG,VG,N,1060.0,4.9414062,3.1699219,2.0605469
1799811,EMERALD,0.30004883,VVS2,D,VG,VG,VG,N,1060.0,4.7617188,3.1191406,2.0
1782718,EMERALD,0.36010742,VVS1,H,EX,VG,VG,N,1060.24,4.9492188,3.4804688,2.2304688
Eco Diamond LG201009,EMERALD,0.5498047,VVS2,E,EX,EX,EX,N,1060.46,5.6289062,3.75,2.5996094
1774223,EMERALD,0.3100586,VVS2,D,EX,EX,VG,N,1060.56,4.4804688,3.3105469,2.2402344
1783774,EMERALD,0.33007812,VVS2,F,VG,VG,GD,N,1061.4,5.03125,3.1503906,2.1503906
1783758,EMERALD,0.39990234,SI1,H,EX,VG,VG,N,1055.32,5.0585938,3.6308594,2.2304688
1783755,EMERALD,0.39990234,VS2,I,VG,VG,GD,N,1055.32,5.140625,3.6503906,2.2304688
1771241,EMERALD,0.3798828,VS2,F,EX,VG,VG,N,1055.39,5.21875,3.4003906,2.2597656
1799873,EMERALD,0.3400879,VS2,D,EX,EX,GD,N,1055.71,4.8789062,3.2792969,2.1796875
1783782,EMERALD,0.3100586,VS1,E,EX,EX,VG,N,1055.79,4.5703125,3.3808594,2.2207031
1763915,EMERALD,0.32006836,VS1,D,EX,VG,VG,N,1056.18,4.7890625,3.1601562,2.109375
1763916,EMERALD,0.32006836,VS1,D,EX,EX,VG,N,1056.18,4.8398438,3.2597656,2.1503906
1795794,EMERALD,0.3400879,VS2,F,EX,VG,VG,F,1056.25,5.0703125,3.2597656,2.0996094
1769539,EMERALD,0.3400879,VS1,E,EX,EX,VG,N,1056.91,4.53125,3.359375,2.2792969
1799853,EMERALD,0.33007812,VS1,F,EX,EX,VG,N,1056.96,4.578125,3.3300781,2.2597656
1794404,EMERALD,0.33007812,VS1,F,EX,EX,VG,F,1056.96,4.828125,3.1992188,2.1894531
1797244,EMERALD,0.3100586,VVS2,E,VG,EX,VG,N,1057.31,4.5,3.3496094,2.1503906
1799802,EMERALD,0.3100586,VVS1,F,VG,EX,GD,N,1057.31,4.9882812,3.1796875,1.9199219
1794367,EMERALD,0.3100586,VVS1,F,EX,EX,GD,N,1057.31,4.4882812,3.4394531,2.2597656
1769531,EMERALD,0.30004883,VVS1,D,EX,VG,GD,N,1057.5,4.9492188,3.2109375,2.0390625
1799727,EMERALD,0.5,SI1,L,EX,EX,VG,N,1034.31,5.3710938,3.8300781,2.4296875
1781320,EMERALD,0.32006836,VS1,F,EX,EX,VG,N,1034.6,4.6289062,3.3496094,2.1503906
1798615,EMERALD,0.32006836,VS1,F,EX,VG,GD,N,1035.18,4.7382812,3.1992188,2.1699219
1771218,EMERALD,0.3100586,VS1,F,EX,VG,VG,N,1035.36,4.8398438,3.2109375,2.0996094
1771204,EMERALD,0.30004883,VS1,D,EX,EX,VG,N,1035.63,4.78125,3.2207031,2.0996094
1770394,EMERALD,0.32006836,IF,E,EX,GD,GD,N,1035.63,4.578125,3.3808594,2.2890625
1771183,EMERALD,0.30004883,VVS1,D,EX,VG,GD,N,1035.72,4.640625,3.1308594,2.0097656
1795793,EMERALD,0.30004883,VS2,E,EX,EX,VG,N,1036.14,4.4882812,3.3300781,2.1894531
1771176,EMERALD,0.39990234,SI1,G,EX,VG,GD,F,1036.38,5.109375,3.4804688,2.2792969
1762861,EMERALD,0.3400879,VVS1,F,EX,VG,VG,F,1036.71,4.8515625,3.4003906,2.2597656
1797246,EMERALD,0.3100586,VVS2,E,EX,EX,GD,N,1036.88,4.4414062,3.2792969,2.2402344
1797243,EMERALD,0.3100586,VVS2,E,EX,GD,GD,N,1036.88,4.390625,3.25,2.2109375
1795784,EMERALD,0.33007812,VS1,F,EX,EX,GD,N,1036.88,4.8085938,3.2792969,2.1796875
1771189,EMERALD,0.30004883,VVS1,E,VG,EX,VG,N,1037.24,4.8398438,3.2304688,1.9003906
1775224,EMERALD,0.30004883,VVS1,E,EX,VG,VG,F,1037.24,4.828125,3.109375,2.0703125
1797219,EMERALD,0.48999023,VS2,I,VG,EX,VG,F,1326.02,5.3515625,3.7304688,2.5605469
1771151,EMERALD,0.41992188,VS1,G,EX,EX,VG,N,1326.11,4.96875,3.6601562,2.4199219
1799782,EMERALD,0.39990234,VS2,F,EX,EX,GD,N,1326.33,5.140625,3.3808594,2.3007812
1797212,EMERALD,0.39990234,VS1,G,EX,VG,GD,N,1326.33,5.2109375,3.4707031,2.2402344
1774195,EMERALD,0.52001953,VS2,J,EX,EX,VG,N,1326.65,5.71875,3.7402344,2.4101562
1775208,EMERALD,0.4099121,VS2,E,EX,GD,VG,N,1328.24,5.3007812,3.3808594,2.2402344
1766874,EMERALD,0.39990234,VS2,E,EX,EX,VG,N,1328.48,4.9414062,3.7304688,2.3398438
1766859,EMERALD,0.41992188,VVS1,G,EX,EX,EX,F,1328.93,5.3007812,3.5800781,2.3300781
1773480,EMERALD,0.4099121,VVS2,D,VG,EX,VG,F,1328.98,5.0585938,3.8007812,2.3808594
1785054,EMERALD,0.39990234,VS1,D,VG,VG,GD,F,1329.02,5.3515625,3.4492188,2.2402344
1795738,EMERALD,0.39990234,VS2,D,VG,VG,VG,N,1329.03,4.9882812,3.7695312,2.25
1760451,EMERALD,0.52001953,VS1,J,EX,VG,GD,F,1329.32,5.671875,3.7695312,2.4394531
1799780,EMERALD,0.39990234,VS2,E,EX,VG,VG,N,1329.81,5.1015625,3.5292969,2.2304688
1669517,EMERALD,0.52001953,SI1,I,EX,EX,VG,F,1330.4,5.78125,3.7304688,2.4492188
1783751,EMERALD,0.4099121,VS2,F,EX,VG,GD,N,1330.96,5.421875,3.5292969,2.2890625
1782712,EMERALD,0.30004883,VVS1,D,EX,EX,VG,N,1140.11,4.5,3.3300781,2.1503906
1794365,EMERALD,0.3100586,VVS1,E,EX,EX,VG,N,1140.65,4.5898438,3.359375,2.1308594
1799816,EMERALD,0.3400879,VVS2,F,EX,EX,VG,N,1141.31,5.0117188,3.2695312,2.140625
1656486,EMERALD,0.5,SI2,F,VG,EX,VG,N,1142.87,5.921875,3.7597656,2.2402344
1773479,EMERALD,0.39990234,VVS1,I,EX,EX,VG,N,1143.18,5.109375,3.4394531,2.3496094
1798562,EMERALD,0.32006836,VVS1,E,EX,VG,GD,N,1143.35,4.8984375,3.1699219,2.1601562
1795759,EMERALD,0.32006836,VVS2,D,EX,EX,VG,N,1143.35,4.8085938,3.1308594,2.1308594
1793094,EMERALD,0.39990234,VS2,G,GD,EX,GD,F,1143.79,5.2382812,3.3007812,2.2597656
1791029,EMERALD,0.39990234,SI1,D,EX,VG,GD,N,1143.79,4.9296875,3.6992188,2.4003906
1794169,EMERALD,0.52001953,VVS1,K,EX,EX,GD,ST,1143.99,5.578125,3.7109375,2.4492188
1789066,EMERALD,0.38989258,VS2,D,VG,VG,VG,F,1144.1,5.25,3.4101562,2.1894531
1767863,EMERALD,0.4099121,VS2,H,VG,EX,GD,N,1144.57,4.8984375,3.6503906,2.3496094
1793095,EMERALD,0.39990234,VS2,H,EX,EX,VG,F,1145.23,4.859375,3.5390625,2.3808594
1793097,EMERALD,0.39990234,VS2,H,EX,VG,GD,F,1145.23,5.0,3.4707031,2.3691406
1794287,EMERALD,0.5,VS2,K,EX,EX,GD,F,1145.9,5.2617188,3.7792969,2.5703125
1799730,EMERALD,0.44995117,IF,J,EX,EX,VG,F,1170.83,5.5898438,3.5898438,2.3300781
1777419,EMERALD,0.3701172,VVS2,E,EX,EX,VG,N,1172.15,4.8085938,3.5292969,2.3203125
1799792,EMERALD,0.39990234,SI2,D,EX,EX,VG,N,1172.2,5.2617188,3.4199219,2.1894531
1798582,EMERALD,0.35009766,VVS2,E,EX,VG,VG,N,1173.2,5.1914062,3.3300781,2.2207031
1799785,EMERALD,0.39990234,VS2,G,GD,VG,GD,N,1173.54,4.640625,3.5195312,2.5195312
1798550,EMERALD,0.30004883,IF,D,EX,VG,GD,N,1173.57,4.578125,3.0996094,2.140625
1797169,EMERALD,0.5,VS2,J,GD,VG,GD,F,1173.79,5.0195312,3.75,2.6992188
1514216,EMERALD,0.5,VS2,I,EX,EX,VG,N,1174.15,5.1601562,3.7890625,2.5898438
1763904,EMERALD,0.39990234,VS2,G,VG,VG,GD,N,1174.21,5.3203125,3.4804688,2.2109375
1786524,EMERALD,0.33007812,VVS1,E,EX,VG,VG,N,1175.14,4.578125,3.3691406,2.2695312
1785081,EMERALD,0.33007812,VVS1,E,EX,EX,VG,N,1175.14,4.9609375,3.2109375,2.0996094
1778525,EMERALD,0.36010742,VS1,E,EX,EX,EX,N,1175.83,4.8398438,3.5390625,2.2695312
1799795,EMERALD,0.3100586,VVS1,D,EX,VG,VG,N,1176.27,4.9101562,3.1894531,2.1308594
1745094,EMERALD,0.41992188,VVS2,E,EX,EX,VG,M,1176.27,4.9804688,3.640625,2.3808594
1799775,EMERALD,0.39990234,VS2,D,VG,VG,FR,N,1176.97,4.96875,3.5097656,2.359375
1769513,EMERALD,0.39990234,VS1,H,EX,EX,VG,N,1284.47,4.8984375,3.5898438,2.2695312
1785071,EMERALD,0.4099121,VS2,H,EX,EX,EX,N,1285.26,5.4296875,3.4492188,2.2304688
1782688,EMERALD,0.39990234,VVS1,G,EX,EX,GD,N,1285.8,4.9804688,3.6699219,2.3007812
1789843,EMERALD,0.52001953,SI2,I,EX,EX,VG,N,1286.36,5.1796875,3.8300781,2.609375
1778502,EMERALD,0.39990234,VVS2,F,EX,VG,GD,N,1287.1,5.109375,3.5,2.3398438
1794352,EMERALD,0.3100586,IF,D,EX,EX,VG,N,1287.39,4.71875,3.1601562,2.1601562
1783729,EMERALD,0.5,SI2,H,VG,VG,GD,N,1287.86,5.53125,3.8398438,2.3398438
1794351,EMERALD,0.32006836,IF,D,EX,EX,VG,N,1288.19,4.4882812,3.3007812,2.25
1761590,EMERALD,0.39990234,VS1,D,VG,EX,GD,N,1288.46,5.2109375,3.5292969,2.2402344
1778510,EMERALD,0.4099121,VS2,E,VG,VG,GD,N,1288.76,5.21875,3.5292969,2.3398438
1785065,EMERALD,0.4099121,VS2,F,EX,VG,VG,F,1288.76,5.0195312,3.5996094,2.4199219
1762852,EMERALD,0.4099121,VS2,G,EX,EX,VG,N,1289.35,5.0898438,3.6503906,2.390625
1766879,EMERALD,0.45996094,SI1,E,VG,EX,GD,N,1289.67,5.5585938,3.5292969,2.4101562
1773478,EMERALD,0.4099121,VVS1,F,EX,EX,VG,F,1290.11,4.96875,3.8007812,2.4101562
1767862,EMERALD,0.4099121,VS2,E,EX,EX,VG,F,1290.13,4.8984375,3.6992188,2.4707031
1789050,EMERALD,0.3400879,VVS2,E,EX,VG,VG,N,1155.08,4.71875,3.4394531,2.2304688
1800612,EMERALD,0.5,SI1,J,VG,GD,GD,N,1155.23,5.5195312,3.5800781,2.5
1782710,EMERALD,0.3100586,VVS1,D,EX,EX,VG,N,1155.28,4.6796875,3.2890625,2.1191406
1773490,EMERALD,0.30004883,VVS1,D,EX,EX,VG,N,1155.32,4.6484375,3.2402344,2.1191406
1625014,EMERALD,0.5,SI1,J,EX,EX,EX,N,1155.94,5.5507812,3.6503906,2.5
1791015,EMERALD,0.39990234,VVS2,H,VG,VG,VG,F,1156.64,4.828125,3.4707031,2.4003906
1771149,EMERALD,0.39990234,VS1,F,EX,VG,VG,M,1156.7,5.1914062,3.4101562,2.3300781
1799812,EMERALD,0.3798828,VVS2,E,VG,EX,VG,N,1156.81,4.9296875,3.4003906,2.3496094
1799831,EMERALD,0.33007812,VS1,D,EX,EX,VG,N,1158.38,4.921875,3.2109375,2.1601562
1774213,EMERALD,0.42993164,VVS2,I,EX,VG,FR,N,1158.55,5.328125,3.5605469,2.2402344
1776264,EMERALD,0.4399414,VVS1,H,EX,VG,VG,M,1159.07,5.078125,3.7597656,2.3496094
1798549,EMERALD,0.30004883,IF,D,EX,EX,GD,N,1159.37,4.46875,3.2304688,2.1601562
1785078,EMERALD,0.3100586,VVS1,D,EX,VG,GD,N,1159.56,4.5585938,3.359375,2.1894531
1786525,EMERALD,0.32006836,VVS1,E,EX,EX,VG,N,1161.2,4.6015625,3.2597656,2.1894531
1769524,EMERALD,0.39990234,VS2,G,VG,EX,GD,N,1161.37,4.828125,3.5605469,2.4492188
1758207,EMERALD,0.39990234,VS1,G,VG,VG,GD,N,1176.98,5.0585938,3.3691406,2.3496094
1773482,EMERALD,0.39990234,VVS2,I,VG,EX,GD,N,1177.59,4.7382812,3.5097656,2.5
1798563,EMERALD,0.32006836,VVS1,E,EX,EX,VG,N,1177.96,4.7382812,3.3691406,2.1992188
1741886,EMERALD,0.39990234,VVS2,D,EX,VG,VG,M,1179.79,4.9414062,3.640625,2.3203125
1762846,EMERALD,0.39990234,VS1,G,VG,EX,GD,N,1181.66,4.6484375,3.5097656,2.4492188
1794315,EMERALD,0.39990234,VVS1,I,EX,EX,GD,N,1182.36,4.8398438,3.5292969,2.359375
1775203,EMERALD,0.39990234,VS2,D,VG,EX,GD,F,1182.41,4.9492188,3.4394531,2.3691406
1781303,EMERALD,0.39990234,SI1,G,EX,VG,VG,N,1182.43,5.078125,3.5,2.3398438
1791016,EMERALD,0.39990234,VVS2,H,VG,EX,VG,F,1183.0,5.0117188,3.5292969,2.4199219
1794366,EMERALD,0.3400879,VVS1,F,EX,EX,VG,N,1183.24,4.9609375,3.2402344,2.0703125
1789035,EMERALD,0.3100586,IF,D,EX,EX,GD,N,1184.12,4.53125,3.3300781,2.2402344
1791021,EMERALD,0.39990234,VS1,G,VG,EX,GD,F,1184.37,4.9882812,3.7597656,2.3007812
1669498,EMERALD,0.5,VVS2,K,EX,EX,VG,F,1185.32,5.1914062,3.8105469,2.5996094
1774210,EMERALD,0.39990234,VVS2,H,EX,VG,GD,N,1185.7,5.2617188,3.5097656,2.3105469
1769508,EMERALD,0.39990234,VS1,F,EX,VG,GD,N,1290.55,5.359375,3.4609375,2.2109375
1782699,EMERALD,0.39990234,VS1,F,EX,EX,GD,N,1290.55,5.03125,3.6191406,2.3808594
1763895,EMERALD,0.39990234,VS1,E,VG,VG,VG,N,1290.62,4.6992188,3.4804688,2.3496094
1789856,EMERALD,0.4099121,VS2,E,EX,EX,VG,M,1290.74,5.2382812,3.4804688,2.3105469
1779784,EMERALD,0.5,VS1,J,EX,EX,VG,N,1291.19,5.140625,3.8105469,2.5996094
1795737,EMERALD,0.4099121,VS2,D,EX,EX,VG,F,1291.5,5.2304688,3.4707031,2.2695312
1773487,EMERALD,0.39990234,VS2,E,EX,VG,VG,F,1291.89,5.1796875,3.5703125,2.3300781
1761587,EMERALD,0.39990234,VVS1,H,EX,VG,VG,N,1291.89,5.140625,3.4003906,2.2597656
1771152,EMERALD,0.39990234,VS1,G,VG,EX,VG,N,1291.97,5.3789062,3.4394531,2.1601562
1669508,EMERALD,0.5,VS1,J,VG,EX,GD,F,1292.53,5.0195312,3.7792969,2.6503906
1797203,EMERALD,0.39990234,VVS2,I,EX,EX,VG,N,1292.58,5.1796875,3.4003906,2.2890625
1756421,EMERALD,0.39990234,VS1,F,VG,EX,VG,N,1292.63,4.9492188,3.4804688,2.3808594
1756415,EMERALD,0.42993164,VVS1,H,EX,VG,VG,N,1292.93,5.4101562,3.5195312,2.2597656
1789029,EMERALD,0.39990234,VS2,F,VG,EX,VG,N,1293.26,4.9414062,3.5,2.4101562
1787823,EMERALD,0.39990234,VS2,F,EX,VG,VG,N,1293.26,4.71875,3.5605469,2.4609375
1798374,EMERALD,0.5698242,VVS2,L,EX,VG,GD,N,1198.33,5.828125,3.8691406,2.4707031
1799793,EMERALD,0.32006836,IF,D,EX,EX,GD,N,1199.6,4.7304688,3.3203125,2.1503906
1787824,EMERALD,0.33007812,VVS1,D,EX,EX,VG,N,1199.71,4.6484375,3.4101562,2.1699219
1658975,EMERALD,0.5,SI1,I,EX,VG,VG,N,1199.94,5.3398438,3.859375,2.5292969
1757208,EMERALD,0.39990234,VS2,E,VG,EX,VG,F,1199.98,5.1289062,3.359375,2.3398438
1763900,EMERALD,0.39990234,VS2,F,VG,EX,GD,N,1199.98,4.7382812,3.5390625,2.4003906
1764989,EMERALD,0.39990234,VS2,F,VG,EX,VG,F,1199.98,4.7695312,3.5195312,2.4101562
1750228,EMERALD,0.3100586,IF,D,EX,EX,VG,N,1200.41,4.671875,3.2109375,2.0605469
1756423,EMERALD,0.39990234,VS1,G,VG,VG,GD,N,1201.25,5.1992188,3.4003906,2.1992188
1747928,EMERALD,0.39990234,VS2,F,VG,EX,VG,N,1201.96,4.6796875,3.5195312,2.4609375
1764966,EMERALD,0.4099121,VVS2,H,VG,EX,VG,N,1202.05,4.9609375,3.8105469,2.4199219
1663252,EMERALD,0.5097656,VVS2,K,EX,EX,VG,N,1202.1,5.3007812,3.9199219,2.5
1791733,EMERALD,0.6201172,SI2,K,EX,VG,VG,M,1202.55,5.5195312,4.0898438,2.7890625
1795658,EMERALD,0.58984375,VVS2,L,VG,VG,GD,N,1202.59,6.0117188,3.9199219,2.6191406
1789010,EMERALD,0.39990234,VVS1,I,EX,VG,GD,N,1202.65,4.8710938,3.4902344,2.3691406
1767854,EMERALD,0.39990234,VVS2,D,EX,EX,VG,ST,1277.07,5.171875,3.5097656,2.2304688
1764991,EMERALD,0.45996094,SI1,E,EX,EX,VG,N,1277.12,5.1914062,3.8105469,2.390625
1769501,EMERALD,0.39990234,VS1,E,EX,EX,GD,N,1277.72,5.2304688,3.5292969,2.390625
1599950,EMERALD,0.5,VS1,I,VG,EX,VG,N,1277.73,5.28125,4.0,2.390625
1759288,EMERALD,0.39990234,VS2,F,EX,EX,VG,N,1277.78,4.8007812,3.5,2.390625
1799750,EMERALD,0.4699707,VVS2,I,EX,EX,GD,N,1277.78,5.5507812,3.5097656,2.4003906
1781264,EMERALD,0.5498047,VS2,J,VG,EX,GD,F,1277.78,5.2109375,3.9296875,2.75
1774197,EMERALD,0.5097656,VS2,J,EX,EX,VG,N,1279.25,5.6484375,3.6699219,2.4003906
Eco Diamond 440020244,EMERALD,0.7001953,SI1,E,EX,EX,EX,N,1279.4,5.7382812,4.2382812,2.8007812
Eco Diamond 445027346,EMERALD,0.7001953,SI1,E,EX,EX,EX,N,1279.4,5.0195312,4.9296875,3.109375
1657776,EMERALD,0.5,VS2,I,EX,VG,GD,F,1279.6,5.1992188,3.8398438,2.5800781
1789857,EMERALD,0.39990234,VS2,F,VG,GD,VG,N,1279.77,4.7695312,3.5800781,2.3300781
1778501,EMERALD,0.39990234,VVS2,E,VG,VG,GD,N,1280.34,4.7617188,3.5703125,2.4492188
1791006,EMERALD,0.52001953,VS2,J,EX,VG,VG,N,1281.09,5.3515625,3.8691406,2.640625
1761577,EMERALD,0.5698242,VS2,K,VG,EX,EX,F,1281.12,5.25,3.9492188,2.7597656
1799813,EMERALD,0.32006836,VVS2,E,EX,EX,VG,N,1133.52,4.8789062,3.2109375,2.109375
1781302,EMERALD,0.39990234,SI1,D,VG,VG,GD,N,1133.65,5.0195312,3.5292969,2.3203125
1789044,EMERALD,0.3100586,VVS1,E,EX,VG,VG,N,1135.48,4.5,3.2695312,2.1699219
1799726,EMERALD,0.58984375,SI1,L,EX,VG,VG,N,1135.71,6.0585938,3.9003906,2.5292969
1772539,EMERALD,0.39990234,VS2,H,EX,VG,GD,N,1136.46,5.0117188,3.5195312,2.2695312
1771190,EMERALD,0.35009766,VVS1,F,EX,EX,VG,N,1136.53,4.8710938,3.2304688,2.2109375
1775195,EMERALD,0.39990234,VVS2,H,VG,EX,FR,N,1137.03,5.28125,3.609375,2.109375
1766863,EMERALD,0.39990234,VVS2,G,EX,VG,GD,N,1137.07,4.8710938,3.5605469,2.390625
1741890,EMERALD,0.41992188,VVS2,G,EX,EX,VG,M,1137.37,5.0585938,3.7109375,2.3496094
1795747,EMERALD,0.30004883,VVS1,D,EX,EX,VG,N,1137.56,4.5195312,3.3203125,2.1796875
1747929,EMERALD,0.39990234,VS2,F,EX,VG,GD,N,1138.52,4.921875,3.6308594,2.2890625
1758209,EMERALD,0.39990234,VS2,F,VG,GD,GD,N,1139.08,4.7890625,3.5703125,2.4101562
1800596,EMERALD,0.5,VVS1,L,EX,EX,GD,F,1139.13,5.3710938,3.9707031,2.5390625
1798554,EMERALD,0.3100586,VVS1,D,EX,EX,GD,N,1139.57,4.8203125,3.140625,2.1503906
1786523,EMERALD,0.33007812,VVS1,E,VG,VG,GD,N,1140.06,4.5507812,3.359375,2.2890625
1771170,EMERALD,0.39990234,VS2,F,VG,EX,VG,N,1272.94,4.8984375,3.5097656,2.359375
1794308,EMERALD,0.4099121,VVS1,E,VG,EX,VG,ST,1273.42,5.609375,3.5292969,2.0195312
1786495,EMERALD,0.4099121,IF,G,EX,EX,GD,N,1273.53,4.890625,3.609375,2.4296875
1786515,EMERALD,0.39990234,VS2,G,EX,EX,GD,N,1273.58,4.9492188,3.6503906,2.4003906
1734230,EMERALD,0.39990234,VS1,D,EX,EX,GD,N,1273.58,5.0898438,3.640625,2.2597656
1764988,EMERALD,0.39990234,VS2,F,EX,EX,VG,N,1273.65,4.9101562,3.4902344,2.2890625
1750211,EMERALD,0.39990234,VS1,F,VG,EX,VG,N,1274.94,4.921875,3.6699219,2.2890625
1781287,EMERALD,0.39990234,VS1,E,EX,VG,GD,F,1275.07,5.46875,3.5195312,2.0800781
1767861,EMERALD,0.4099121,VS2,E,EX,VG,GD,N,1275.49,4.8984375,3.609375,2.4609375
1777410,EMERALD,0.4099121,VS2,F,EX,EX,GD,F,1275.51,5.1796875,3.5,2.2695312
1798326,EMERALD,0.52001953,VVS1,K,EX,EX,VG,F,1275.76,5.2304688,3.8808594,2.6191406
1789841,EMERALD,0.5,VS2,K,VG,VG,VG,N,1275.95,5.5390625,3.9003906,2.3398438
1640879,EMERALD,0.5,VS2,I,VG,VG,GD,N,1276.14,5.0585938,3.8203125,2.6503906
1764978,EMERALD,0.39990234,VS1,E,EX,EX,VG,F,1276.32,5.3203125,3.4609375,2.2402344
1769517,EMERALD,0.39990234,VS2,E,VG,VG,VG,N,1277.01,4.9492188,3.5292969,2.4101562
1795657,EMERALD,0.5,VVS2,K,EX,EX,GD,M,1146.77,5.5117188,3.640625,2.4804688
1783766,EMERALD,0.3100586,VVS1,E,EX,EX,VG,N,1147.0,4.8007812,3.1601562,2.0996094
1771174,EMERALD,0.39990234,VS2,H,EX,EX,VG,N,1147.17,4.828125,3.5605469,2.4003906
1657746,EMERALD,0.5,VVS2,K,VG,VG,VG,N,1147.19,5.1484375,3.8007812,2.5898438
1751784,EMERALD,0.4099121,VS2,D,EX,EX,VG,M,1148.07,5.0195312,3.5292969,2.3105469
1750214,EMERALD,0.39990234,VS1,G,VG,EX,GD,N,1148.59,4.859375,3.640625,2.3496094
1795775,EMERALD,0.36010742,VS1,D,EX,EX,VG,N,1149.61,4.6992188,3.4707031,2.3496094
1799801,EMERALD,0.3100586,VVS1,F,EX,EX,EX,N,1150.05,4.578125,3.3808594,2.1992188
1783768,EMERALD,0.35009766,VVS2,D,EX,VG,VG,N,1150.79,4.578125,3.390625,2.3007812
1789040,EMERALD,0.35009766,VVS1,E,EX,VG,VG,F,1151.31,4.6289062,3.4003906,2.25
1794356,EMERALD,0.3100586,VVS1,D,EX,EX,GD,N,1151.63,4.6601562,3.2402344,2.1503906
1794375,EMERALD,0.36010742,VVS2,D,EX,EX,GD,N,1152.06,4.9296875,3.4199219,2.2890625
1777403,EMERALD,0.39990234,VVS2,H,EX,EX,VG,N,1153.26,5.2109375,3.4492188,2.3496094
1672892,EMERALD,0.6801758,VS1,S-T,EX,EX,VG,N,1153.52,5.8085938,4.25,2.7402344
1797235,EMERALD,0.35009766,VVS1,G,EX,EX,VG,N,1153.7,4.6210938,3.4804688,2.2597656
1777415,EMERALD,0.44995117,SI1,G,EX,EX,GD,N,1161.67,5.1015625,3.6601562,2.4707031
1769529,EMERALD,0.39990234,SI1,G,EX,EX,VG,N,1162.09,4.9492188,3.7304688,2.2792969
1783764,EMERALD,0.33007812,VVS1,E,EX,EX,VG,N,1163.48,4.53125,3.3203125,2.2402344
1783765,EMERALD,0.33007812,VVS1,E,EX,EX,GD,N,1163.48,4.9414062,3.2695312,2.109375
1786522,EMERALD,0.35009766,VVS1,E,EX,EX,GD,N,1163.8,4.859375,3.390625,2.1503906
1612643,EMERALD,0.5097656,VS1,K,EX,VG,VG,N,1164.15,5.1484375,3.7890625,2.5898438
1799794,EMERALD,0.3100586,VVS1,D,EX,GD,VG,N,1164.21,4.5117188,3.4609375,2.2402344
1783739,EMERALD,0.4099121,VS1,I,EX,VG,GD,N,1164.66,5.21875,3.5605469,2.2109375
1779796,EMERALD,0.39990234,VVS1,I,EX,VG,GD,N,1164.76,5.3398438,3.4492188,2.140625
1781275,EMERALD,0.39990234,VVS1,H,VG,GD,GD,F,1164.88,5.4882812,3.4902344,2.0605469
1765602,EMERALD,0.32006836,VVS1,D,EX,EX,VG,N,1164.9,4.6289062,3.4296875,2.1894531
1800633,EMERALD,0.36010742,VVS1,E,EX,EX,VG,F,1164.92,4.78125,3.5292969,2.2695312
1762825,EMERALD,0.5,VS2,K,VG,EX,VG,F,1165.31,5.0585938,3.8007812,2.6601562
1789033,EMERALD,0.4099121,VS2,H,EX,VG,GD,F,1165.41,5.1015625,3.609375,2.359375
1657785,EMERALD,0.5,SI2,E,VG,VG,GD,F,1165.48,5.078125,3.8496094,2.6503906
1763891,EMERALD,0.4099121,VVS2,I,EX,VG,VG,N,1203.45,4.9492188,3.6601562,2.3808594
1781299,EMERALD,0.39990234,VS2,G,VG,EX,GD,N,1203.96,4.921875,3.640625,2.3203125
1775201,EMERALD,0.39990234,VS1,H,VG,EX,GD,N,1204.07,4.7890625,3.4804688,2.4296875
1798560,EMERALD,0.33007812,VVS1,E,EX,EX,VG,N,1204.23,4.859375,3.2304688,2.1992188
1795749,EMERALD,0.33007812,VVS1,E,VG,EX,EX,N,1204.23,4.7890625,3.4296875,2.0703125
1781304,EMERALD,0.47998047,SI2,D,EX,EX,GD,N,1204.45,5.3710938,3.6894531,2.5292969
1752907,EMERALD,0.39990234,VS2,E,VG,EX,VG,N,1204.73,4.75,3.5898438,2.4902344
1775184,EMERALD,0.52978516,VS1,K,EX,EX,GD,M,1205.93,5.6015625,3.890625,2.5898438
1777411,EMERALD,0.4099121,VS2,F,VG,EX,FR,N,1208.28,5.21875,3.6796875,2.1894531
1703569,EMERALD,0.5,VS2,J,VG,EX,VG,N,1208.47,5.078125,3.7597656,2.5996094
1797240,EMERALD,0.3701172,VVS2,E,EX,EX,VG,N,1209.04,4.7109375,3.4492188,2.3203125
1764990,EMERALD,0.39990234,VS2,G,VG,EX,GD,N,1209.36,5.0703125,3.5605469,2.390625
1786504,EMERALD,0.4099121,VVS1,I,EX,EX,VG,N,1211.1,5.1484375,3.7109375,2.3300781
1793102,EMERALD,0.32006836,IF,D,VG,EX,FR,F,1211.41,4.8789062,3.25,2.0292969
1756424,EMERALD,0.39990234,VS1,H,VG,VG,VG,F,1212.17,5.0703125,3.359375,2.3691406
1799767,EMERALD,0.39990234,VS1,G,VG,EX,GD,M,1187.06,4.7109375,3.5195312,2.4296875
Eco Diamond 414098415,EMERALD,0.70996094,SI2,D,VG,VG,VG,N,1188.14,5.75,4.1601562,2.9003906
Eco Diamond 440020240,EMERALD,0.70996094,SI2,D,EX,EX,EX,N,1188.14,5.6289062,4.2304688,2.9707031
1789859,EMERALD,0.39990234,SI1,G,EX,VG,VG,N,1188.41,4.8007812,3.5507812,2.4199219
1776273,EMERALD,0.39990234,VVS2,I,EX,EX,GD,N,1188.42,4.9804688,3.5292969,2.2890625
1557448,EMERALD,0.5,VS2,I,VG,VG,VG,N,1188.76,5.1484375,3.859375,2.5800781
1778512,EMERALD,0.39990234,VS2,G,VG,EX,GD,N,1190.44,5.0195312,3.5996094,2.1992188
1743879,EMERALD,0.4099121,VS1,G,EX,EX,VG,F,1190.98,4.921875,3.609375,2.4609375
1791011,EMERALD,0.5,SI2,E,VG,EX,GD,N,1191.53,5.328125,3.6308594,2.5703125
1786517,EMERALD,0.39990234,VS2,H,EX,VG,GD,N,1191.82,4.8789062,3.6601562,2.3203125
1783754,EMERALD,0.39990234,VS2,H,EX,EX,VG,N,1191.82,4.9101562,3.5605469,2.3496094
1794363,EMERALD,0.33007812,VVS1,E,EX,EX,VG,N,1192.45,4.5898438,3.390625,2.3007812
1648878,EMERALD,0.52978516,VVS1,K,EX,EX,VG,ST,1192.53,5.6914062,3.7792969,2.5390625
1800616,EMERALD,0.4099121,VVS1,J,EX,EX,VG,F,1193.06,5.3398438,3.4707031,2.2304688
1657767,EMERALD,0.5097656,VS1,K,EX,EX,VG,F,1193.29,5.328125,3.890625,2.5292969
1756418,EMERALD,0.4099121,VVS2,G,EX,VG,VG,N,1281.14,4.8984375,3.5800781,2.390625
1760409,EMERALD,0.5,VVS2,I,VG,EX,GD,M,1281.19,5.0585938,3.75,2.5703125
1758206,EMERALD,0.44995117,VS1,F,EX,VG,VG,M,1281.8,5.21875,3.7304688,2.4394531
1799800,EMERALD,0.38989258,VVS1,F,EX,EX,VG,N,1281.83,4.890625,3.5898438,2.3808594
1782683,EMERALD,0.5097656,SI1,J,EX,EX,VG,F,1281.9,5.5898438,3.6503906,2.4902344
1797189,EMERALD,0.5,SI1,J,EX,EX,GD,N,1281.93,5.1601562,3.8691406,2.640625
1794361,EMERALD,0.3701172,VVS1,E,EX,EX,GD,N,1282.25,4.9609375,3.5292969,2.2597656
1755548,EMERALD,0.4099121,VVS2,F,EX,VG,GD,N,1282.56,5.0117188,3.5800781,2.3496094
1743877,EMERALD,0.4099121,VS1,E,EX,VG,VG,N,1282.57,4.8085938,3.6191406,2.4609375
1764976,EMERALD,0.39990234,VS1,D,EX,EX,VG,M,1283.05,4.9609375,3.5390625,2.390625
1789020,EMERALD,0.41992188,VVS2,I,EX,EX,GD,N,1283.45,5.2382812,3.5390625,2.2695312
1800627,EMERALD,0.39990234,VS2,D,VG,EX,GD,N,1283.79,5.0390625,3.5097656,2.3300781
1776266,EMERALD,0.39990234,VVS1,H,EX,EX,VG,N,1283.86,5.1796875,3.5507812,2.2792969
1791031,EMERALD,0.32006836,IF,D,EX,EX,VG,N,1283.94,4.6289062,3.4199219,2.1699219
1798537,EMERALD,0.39990234,VS1,G,VG,VG,GD,N,1284.45,4.6992188,3.5996094,2.4492188
1769514,EMERALD,0.39990234,VS1,H,EX,EX,GD,N,1261.48,4.9296875,3.5390625,2.4003906
1771156,EMERALD,0.39990234,VS1,H,EX,EX,GD,N,1261.48,5.2109375,3.5390625,2.3398438
1776275,EMERALD,0.39990234,VS1,H,EX,EX,GD,N,1261.48,5.28125,3.5,2.1992188
1777402,EMERALD,0.4099121,VVS2,H,EX,VG,GD,N,1262.33,5.0898438,3.4902344,2.2792969
1800614,EMERALD,0.44995117,IF,I,EX,EX,VG,F,1262.77,5.359375,3.7792969,2.359375
1765600,EMERALD,0.39990234,VS1,E,VG,VG,GD,N,1262.8,5.421875,3.4394531,2.2597656
1771165,EMERALD,0.39990234,VS2,E,VG,EX,GD,N,1263.48,5.171875,3.6191406,2.2890625
1762837,EMERALD,0.39990234,VVS2,G,EX,EX,VG,N,1263.48,4.8398438,3.5507812,2.3808594
1775200,EMERALD,0.39990234,VS1,E,VG,EX,VG,N,1263.58,4.7890625,3.4902344,2.4902344
1778513,EMERALD,0.4099121,SI1,F,EX,EX,VG,N,1263.82,5.3515625,3.4804688,2.1796875
1668219,EMERALD,0.5,VVS2,J,VG,EX,GD,N,1263.99,4.9804688,3.7792969,2.640625
1751792,EMERALD,0.39990234,VS2,F,EX,VG,VG,N,1264.15,4.828125,3.5898438,2.4492188
1763909,EMERALD,0.32006836,IF,D,EX,EX,VG,N,1264.41,4.8007812,3.2109375,2.1796875
1791018,EMERALD,0.39990234,VS1,E,VG,EX,GD,F,1264.81,4.9101562,3.6503906,2.2207031
1786496,EMERALD,0.39990234,IF,H,EX,EX,VG,F,1264.81,5.3085938,3.4394531,2.2890625
1783740,EMERALD,0.39990234,VS1,I,EX,EX,VG,M,1166.12,4.9882812,3.640625,2.2792969
1769492,EMERALD,0.39990234,VVS2,I,EX,EX,VG,F,1166.15,5.1914062,3.4199219,2.2792969
1795736,EMERALD,0.41992188,VS1,I,EX,EX,GD,N,1166.37,5.078125,3.5898438,2.390625
1794364,EMERALD,0.32006836,VVS1,E,EX,EX,VG,N,1166.56,4.671875,3.1894531,2.1796875
1799806,EMERALD,0.32006836,VVS2,D,EX,EX,VG,N,1166.56,4.8515625,3.1796875,2.1699219
1785079,EMERALD,0.30004883,VVS1,D,EX,VG,VG,N,1168.47,4.4492188,3.2695312,2.140625
1797227,EMERALD,0.3400879,VVS1,E,EX,EX,GD,N,1168.91,4.6796875,3.4394531,2.2597656
1782709,EMERALD,0.32006836,VVS1,D,EX,EX,VG,N,1169.31,4.4804688,3.3007812,2.2402344
1785051,EMERALD,0.39990234,VVS2,H,EX,EX,VG,M,1169.48,5.1914062,3.6503906,2.2792969
1769507,EMERALD,0.39990234,VS1,F,VG,VG,VG,F,1169.5,4.7304688,3.5195312,2.4394531
1737045,EMERALD,0.39990234,VVS1,F,EX,VG,GD,F,1169.51,4.6484375,3.5996094,2.4902344
1763910,EMERALD,0.35009766,VVS1,E,EX,EX,VG,N,1169.67,4.7382812,3.5,2.2207031
1747038,EMERALD,0.4099121,VS2,D,EX,EX,VG,M,1170.21,4.921875,3.6308594,2.4394531
1778534,EMERALD,0.38989258,VS2,D,VG,VG,VG,N,1170.53,5.1015625,3.6503906,2.1894531
1632806,EMERALD,0.6098633,VS2,L,EX,EX,VG,F,1170.6,5.5898438,4.140625,2.7890625
1797216,EMERALD,0.4099121,VS2,E,EX,VG,VG,M,1309.48,5.4101562,3.5292969,2.1894531
1795718,EMERALD,0.4099121,VVS1,F,VG,VG,GD,ST,1309.56,5.53125,3.5,2.3007812
1738145,EMERALD,0.39990234,VVS1,E,EX,VG,VG,N,1310.1,4.9882812,3.5390625,2.390625
1765591,EMERALD,0.39990234,VVS1,F,EX,EX,GD,F,1310.12,4.859375,3.5703125,2.3808594
1750212,EMERALD,0.4099121,VS1,G,EX,EX,EX,N,1310.14,4.96875,3.6699219,2.390625
1751780,EMERALD,0.4099121,VS1,G,EX,VG,VG,N,1310.14,5.0390625,3.6894531,2.3496094
1783746,EMERALD,0.39990234,VS2,E,VG,EX,FR,N,1310.19,5.3710938,3.3691406,2.0703125
1786511,EMERALD,0.39990234,VS1,F,EX,EX,VG,F,1310.19,5.2617188,3.4804688,2.1699219
1785024,EMERALD,0.5,VS1,J,VG,VG,GD,F,1310.61,5.8007812,3.7109375,2.1894531
1643556,EMERALD,0.5,VVS2,I,VG,VG,FR,N,1310.72,5.421875,3.8496094,2.3808594
1776265,EMERALD,0.39990234,VVS1,H,EX,EX,VG,N,1310.78,5.2304688,3.4101562,2.2109375
1788970,EMERALD,0.52001953,IF,K,VG,VG,VG,M,1310.83,5.9101562,3.75,2.2207031
1672895,EMERALD,0.5,VS2,J,EX,EX,VG,F,1311.52,5.1484375,3.8007812,2.5996094
1657747,EMERALD,0.6298828,VVS2,L,EX,EX,EX,F,1406.85,5.9101562,4.1289062,2.7109375
1798524,EMERALD,0.41992188,VVS2,F,EX,VG,GD,N,1406.96,4.96875,3.6699219,2.390625
1762840,EMERALD,0.39990234,VS1,D,EX,EX,VG,N,1407.43,5.1484375,3.5,2.3691406
1776263,EMERALD,0.60009766,SI1,J,EX,VG,GD,N,1407.79,5.828125,3.890625,2.6601562
1782615,EMERALD,0.5,VVS1,J,VG,EX,VG,N,1407.85,5.03125,3.8007812,2.6503906
1783731,EMERALD,0.39990234,VVS1,E,VG,EX,VG,N,1408.11,4.7304688,3.4902344,2.5
1800623,EMERALD,0.4099121,VS1,G,EX,EX,VG,N,1408.65,5.1914062,3.4394531,2.3398438
1798495,EMERALD,0.5,SI1,I,EX,EX,VG,N,1408.72,5.2109375,3.8496094,2.5097656
1636185,EMERALD,0.5,SI1,F,EX,EX,VG,N,1409.15,5.1796875,3.8300781,2.609375
1671495,EMERALD,0.5,VVS1,I,EX,EX,VG,ST,1409.15,5.1289062,3.7890625,2.5898438
1668240,EMERALD,0.52001953,SI1,I,EX,EX,VG,N,1409.53,5.71875,3.75,2.3808594
1766860,EMERALD,0.39990234,VVS1,G,EX,EX,EX,N,1409.6,4.7695312,3.5195312,2.3691406
1789003,EMERALD,0.5,SI1,F,VG,VG,FR,F,1410.46,5.2109375,3.9394531,2.390625
1755545,EMERALD,0.39990234,VVS2,D,VG,EX,VG,N,1410.85,5.109375,3.3691406,2.3496094
1763886,EMERALD,0.41992188,VVS1,H,EX,EX,VG,N,1412.05,5.1992188,3.609375,2.25
1799741,EMERALD,0.4099121,VVS2,D,EX,EX,VG,N,1695.48,5.1484375,3.4707031,2.2792969
1623521,EMERALD,0.5,VS2,E,EX,VG,VG,N,1696.22,5.3085938,3.9199219,2.5605469
1798503,EMERALD,0.45996094,VVS1,E,EX,EX,GD,N,1697.1,5.4492188,3.5996094,2.3496094
1799656,EMERALD,0.5097656,VVS1,I,EX,VG,VG,N,1697.25,5.28125,3.859375,2.4902344
1781265,EMERALD,0.6098633,SI1,D,EX,EX,VG,M,1697.76,5.6601562,4.1992188,2.5996094
1638172,EMERALD,0.5,VVS2,E,EX,EX,VG,F,1698.05,5.1289062,3.7890625,2.5800781
1661599,EMERALD,0.5600586,VVS1,I,EX,EX,VG,N,1698.43,5.359375,3.9296875,2.6894531
1664506,EMERALD,0.58984375,IF,I,EX,EX,GD,N,1698.66,5.859375,3.9804688,2.6796875
1608492,EMERALD,0.5,VS1,D,EX,VG,GD,N,1698.83,5.5898438,3.7109375,2.4296875
1799663,EMERALD,0.5,VVS2,E,GD,EX,VG,F,1699.36,5.0898438,3.890625,2.75
1795662,EMERALD,0.5,VS1,D,VG,EX,VG,M,1699.36,5.3398438,3.9394531,2.3808594
1799678,EMERALD,0.5,VS1,D,EX,EX,VG,M,1699.36,5.1992188,3.7890625,2.5898438
1782686,EMERALD,0.4699707,VVS1,F,EX,EX,VG,N,1699.57,5.46875,3.5898438,2.4296875
1628311,EMERALD,0.5,VS1,D,EX,VG,GD,N,1700.64,5.3789062,3.9707031,2.5195312
1791004,EMERALD,0.5,VS2,H,VG,EX,VG,N,1701.95,5.1210938,3.8300781,2.6503906
1797211,EMERALD,0.39990234,VS1,G,EX,EX,VG,N,1423.71,5.0117188,3.4707031,2.3691406
1647286,EMERALD,0.5,VS1,I,VG,VG,GD,N,1423.83,5.0390625,3.8007812,2.6601562
1799711,EMERALD,0.58984375,VS2,K,EX,VG,EX,N,1423.84,5.4414062,4.0195312,2.7402344
1799658,EMERALD,0.52001953,VVS1,J,EX,EX,VG,ST,1424.25,5.6289062,3.6796875,2.5097656
1798477,EMERALD,0.52001953,VS2,J,EX,EX,VG,M,1424.25,5.7109375,3.7695312,2.4101562
1787813,EMERALD,0.39990234,VVS2,G,EX,EX,VG,N,1424.4,5.2695312,3.4609375,2.1992188
1664516,EMERALD,0.52001953,VVS2,J,EX,EX,VG,N,1424.73,5.2617188,3.8808594,2.640625
1798432,EMERALD,0.5,VS1,J,EX,VG,GD,N,1424.77,5.1484375,3.8808594,2.5605469
1798530,EMERALD,0.4099121,VS1,D,VG,VG,GD,F,1425.16,5.1992188,3.4707031,2.3808594
1797205,EMERALD,0.4099121,VS1,D,EX,EX,GD,F,1425.16,4.8710938,3.5800781,2.4394531
1794341,EMERALD,0.41992188,VS1,F,EX,GD,GD,N,1425.46,5.421875,3.6191406,2.2402344
1668235,EMERALD,0.5,VS2,I,VG,EX,VG,N,1425.61,5.3710938,3.890625,2.5898438
1782632,EMERALD,0.5097656,VVS2,J,EX,EX,GD,F,1425.72,5.671875,3.609375,2.4199219
1755546,EMERALD,0.39990234,VVS2,E,EX,EX,VG,N,1426.36,5.25,3.390625,2.3105469
1651101,EMERALD,0.5,VVS2,I,EX,EX,GD,M,1426.55,5.78125,3.7109375,2.3203125
1785064,EMERALD,0.41992188,VS2,F,EX,EX,VG,N,1426.87,5.1992188,3.5703125,2.4296875
1794350,EMERALD,0.3400879,IF,D,EX,EX,VG,N,1426.88,4.9492188,3.2207031,2.1796875
1658961,EMERALD,0.5,VS1,I,VG,EX,VG,F,1427.29,5.1484375,3.8007812,2.5507812
1755544,EMERALD,0.45996094,VVS1,D,VG,EX,GD,N,1427.36,5.3007812,3.5507812,2.3808594
1772526,EMERALD,0.4099121,VVS1,E,EX,EX,GD,N,1427.39,4.8085938,3.5605469,2.4101562
1656463,EMERALD,0.52001953,VS1,J,EX,EX,VG,N,1427.5,5.2890625,3.8398438,2.6191406
1762782,EMERALD,0.5,VVS2,I,VG,EX,GD,N,1428.12,5.1601562,3.6894531,2.5605469
1749124,EMERALD,0.39990234,VVS2,F,EX,EX,VG,N,1428.42,4.9101562,3.6308594,2.3496094
1799777,EMERALD,0.4399414,VS2,E,EX,VG,VG,N,1429.0,5.1484375,3.6894531,2.4492188
1785056,EMERALD,0.39990234,VS1,E,EX,EX,VG,N,1429.17,4.8984375,3.6308594,2.3691406
1791020,EMERALD,0.4099121,VS1,G,EX,EX,VG,N,1429.32,5.421875,3.4902344,2.2695312
1761583,EMERALD,0.42993164,VVS1,E,EX,VG,GD,N,1429.5,5.5585938,3.5292969,2.0898438
1634104,EMERALD,0.70996094,VS2,M,EX,EX,VG,N,1429.92,6.0898438,4.2695312,2.890625
1794325,EMERALD,0.4099121,VVS2,F,EX,EX,VG,F,1430.74,5.46875,3.4707031,2.1796875
1765589,EMERALD,0.39990234,VVS1,E,VG,EX,GD,N,1431.11,5.421875,3.4492188,2.0996094
1771162,EMERALD,0.39990234,VS2,D,EX,EX,VG,N,1367.58,5.1484375,3.6191406,2.2695312
1658959,EMERALD,0.5,VS1,G,VG,EX,FR,F,1368.68,5.078125,3.8007812,2.6503906
1791736,EMERALD,0.39990234,VS1,E,VG,VG,VG,N,1368.98,4.78125,3.5996094,2.4296875
1771147,EMERALD,0.4099121,VS1,F,EX,EX,EX,N,1369.09,4.9804688,3.4902344,2.3808594
1797213,EMERALD,0.41992188,VS1,H,EX,EX,VG,N,1369.42,5.2382812,3.4804688,2.2890625
1764977,EMERALD,0.45996094,VS1,E,VG,VG,VG,F,1369.69,4.8398438,3.6503906,2.5507812
1787814,EMERALD,0.4099121,VS1,D,VG,EX,FR,N,1370.42,4.9101562,3.609375,2.3691406
1752903,EMERALD,0.45996094,VS1,F,VG,EX,VG,N,1370.49,5.171875,3.9003906,2.4101562
1754848,EMERALD,0.5,VS1,I,GD,EX,VG,N,1370.67,4.890625,3.7402344,2.6796875
1771167,EMERALD,0.39990234,VS2,E,EX,EX,EX,N,1371.01,5.03125,3.390625,2.3105469
1799789,EMERALD,0.4099121,SI1,D,EX,EX,VG,N,1371.11,5.1601562,3.4003906,2.3105469
1756406,EMERALD,0.72021484,SI2,K,VG,VG,GD,M,1371.25,6.0117188,4.3398438,2.8691406
1776269,EMERALD,0.41992188,VVS2,E,EX,VG,GD,N,1371.47,4.8789062,3.609375,2.4492188
1782694,EMERALD,0.4099121,VVS2,G,EX,VG,GD,N,1371.84,5.0195312,3.5,2.5390625
1795740,EMERALD,0.39990234,VS2,G,EX,VG,VG,N,1372.28,5.0585938,3.4609375,2.3300781
1648890,EMERALD,0.5097656,VVS2,H,EX,EX,VG,N,1658.8,5.1914062,3.8105469,2.5996094
1790996,EMERALD,0.52001953,VVS2,I,EX,EX,VG,F,1658.89,5.2695312,3.890625,2.609375
1761549,EMERALD,0.52001953,VS1,E,EX,EX,GD,ST,1658.9,5.3789062,3.9492188,2.6796875
1648892,EMERALD,0.54003906,VVS2,I,EX,EX,VG,N,1659.46,5.8085938,3.7890625,2.4394531
1799652,EMERALD,0.5,VVS1,G,GD,VG,GD,F,1659.8,4.9882812,3.859375,2.7207031
1786491,EMERALD,0.5,SI1,F,EX,VG,VG,N,1660.49,5.4804688,3.8398438,2.4003906
1793076,EMERALD,0.5,VS1,I,EX,EX,VG,N,1660.49,5.3515625,3.9296875,2.5292969
1782661,EMERALD,0.5,VS1,I,EX,EX,VG,F,1660.49,5.6484375,3.640625,2.4394531
1788999,EMERALD,0.5,VS1,I,EX,VG,GD,N,1660.49,5.609375,3.6699219,2.4394531
1797184,EMERALD,0.5,SI1,G,EX,VG,GD,N,1660.54,5.3203125,3.8300781,2.4707031
1798474,EMERALD,0.5,VS2,I,EX,EX,GD,N,1660.54,5.21875,3.859375,2.5605469
1651137,EMERALD,0.5097656,VS1,I,EX,EX,VG,N,1660.55,5.46875,3.6894531,2.4902344
1749111,EMERALD,0.5,VS2,D,EX,VG,GD,F,1661.27,5.1289062,3.7792969,2.5800781
1797109,EMERALD,0.5498047,VS1,I,EX,EX,VG,M,1661.66,5.4609375,3.9804688,2.6191406
1643566,EMERALD,0.5,VS1,H,EX,VG,VG,N,1661.72,5.21875,3.8398438,2.5292969
1795704,EMERALD,0.5097656,SI1,D,EX,EX,VG,F,1690.32,5.53125,3.6699219,2.4707031
1797157,EMERALD,0.5,VS2,H,VG,EX,GD,N,1690.88,5.3085938,3.9296875,2.4609375
1747092,HEART,0.29003906,SI1,F,GD,VG,VG,F,829.54,3.9609375,4.6210938,2.8105469
1800754,HEART,0.30004883,VS1,J,EX,EX,EX,F,830.33,3.9394531,4.671875,2.7207031
1786572,HEART,0.32006836,VS1,I,EX,VG,GD,N,831.26,4.0703125,4.8007812,2.8300781
1785300,HEART,0.30004883,SI2,F,VG,EX,VG,N,832.33,4.1601562,4.4609375,2.6699219
1771394,HEART,0.29003906,SI1,E,VG,VG,GD,N,837.87,4.21875,4.5898438,2.5898438
1683265,HEART,0.29003906,SI1,E,VG,EX,GD,N,837.87,4.2304688,4.6210938,2.5800781
1800797,HEART,0.29003906,SI1,E,VG,VG,GD,N,838.36,3.9707031,4.6601562,2.7207031
1771313,HEART,0.30004883,VVS1,I,VG,EX,GD,N,838.41,4.0703125,4.671875,2.6992188
1775298,HEART,0.3701172,VS1,K,EX,EX,EX,N,840.78,4.46875,5.0,2.9707031
1783865,HEART,0.30004883,VS2,I,EX,EX,VG,F,840.96,4.0390625,4.75,2.8203125
1793204,HEART,0.30004883,VS2,I,VG,EX,VG,N,840.96,4.2617188,4.5,2.4804688
1778563,HEART,0.30004883,VS1,I,EX,VG,GD,N,841.48,3.9902344,4.671875,2.7597656
1791134,HEART,0.30004883,SI1,H,GD,VG,GD,N,845.05,4.0898438,4.578125,2.6992188
1800051,HEART,0.30004883,SI2,E,GD,EX,VG,N,846.08,4.1210938,4.53125,2.5195312
1800753,HEART,0.3100586,VS1,J,EX,VG,VG,N,846.74,3.9492188,4.6601562,2.7109375
1793202,HEART,0.32006836,VS2,H,EX,EX,VG,N,1094.04,4.1289062,4.8085938,2.75
1765644,HEART,0.32006836,VS1,G,EX,EX,GD,N,1095.73,4.1484375,4.828125,2.7402344
1775292,HEART,0.30004883,VS1,F,EX,EX,GD,N,1096.0,4.3007812,4.578125,2.7109375
1775278,HEART,0.39990234,SI1,H,VG,EX,VG,F,1096.52,4.7304688,5.1015625,2.9492188
1771347,HEART,0.3100586,VS2,F,EX,EX,VG,N,1096.64,4.1601562,4.671875,2.6796875
1774273,HEART,0.32006836,VVS2,F,EX,EX,GD,N,1096.83,4.25,4.671875,2.7207031
1789112,HEART,0.30004883,VS1,E,EX,VG,GD,N,1096.98,3.9296875,4.6484375,2.7304688
1787940,HEART,0.30004883,VS2,D,VG,EX,GD,N,1096.98,4.0390625,4.5703125,2.6992188
1789101,HEART,0.30004883,VVS2,E,VG,VG,GD,N,1097.99,4.0507812,4.7382812,2.8300781
1771342,HEART,0.30004883,VS2,D,EX,VG,GD,N,1098.53,3.9492188,4.6914062,2.7597656
1761688,HEART,0.32006836,VVS2,E,EX,EX,GD,N,1098.91,4.2382812,4.6796875,2.6796875
1771291,HEART,0.39990234,VS1,I,GD,EX,VG,F,1099.23,4.7304688,4.9882812,2.6992188
1787951,HEART,0.3100586,VS2,F,EX,VG,EX,F,1099.75,4.078125,4.7890625,2.6796875
1793179,HEART,0.3100586,VVS2,H,EX,EX,VG,N,1099.75,4.03125,4.7890625,2.8398438
1757237,HEART,0.3100586,VS1,F,EX,EX,VG,N,1099.77,4.2890625,4.78125,2.6601562
1789097,HEART,0.30004883,VVS1,I,EX,VG,VG,N,923.13,4.2382812,4.7109375,2.6699219
1779846,HEART,0.30004883,SI1,G,EX,EX,GD,N,923.59,4.0703125,4.6484375,2.7597656
1800788,HEART,0.32006836,SI2,F,EX,EX,EX,N,924.26,4.21875,4.6796875,2.7109375
1789942,HEART,0.30004883,SI1,G,EX,EX,GD,N,924.65,4.1289062,4.6796875,2.6308594
1789926,HEART,0.30004883,VS2,E,VG,GD,GD,M,925.63,4.0703125,4.7304688,2.7304688
1791804,HEART,0.3100586,SI1,F,EX,EX,VG,F,926.91,3.9199219,4.53125,2.7402344
1789118,HEART,0.3100586,VS1,I,VG,EX,VG,F,926.91,4.390625,4.6914062,2.5898438
1750304,HEART,0.32006836,SI1,E,EX,VG,VG,N,927.0,4.3789062,4.7890625,2.8105469
1767978,HEART,0.30004883,SI1,F,EX,VG,VG,N,927.17,4.03125,4.6914062,2.75
1750303,HEART,0.33007812,SI1,E,EX,EX,VG,N,928.62,4.1914062,4.890625,2.7890625
1717448,HEART,0.29003906,VS1,F,VG,VG,VG,N,929.06,3.9492188,4.6796875,2.7792969
1793208,HEART,0.30004883,SI1,E,VG,EX,GD,N,930.75,3.9804688,4.8398438,2.7109375
1789940,HEART,0.30004883,SI1,E,GD,VG,GD,N,930.75,4.3007812,4.640625,2.6503906
1749153,HEART,0.39990234,VS1,J,VG,EX,VG,F,932.2,4.7382812,5.03125,2.7890625
1775304,HEART,0.30004883,VS2,F,GD,EX,GD,F,932.29,4.1992188,4.5507812,2.6308594
1789945,HEART,0.30004883,SI2,F,EX,VG,GD,N,781.64,4.2890625,4.6992188,2.7890625
1781376,HEART,0.4099121,VS1,L,EX,EX,VG,N,782.15,4.5585938,5.28125,2.9707031
1778562,HEART,0.30004883,VS1,I,GD,VG,GD,F,786.71,3.8808594,4.6796875,2.7597656
1785297,HEART,0.3100586,SI1,I,GD,EX,VG,N,786.98,4.3710938,4.4609375,2.4707031
1783877,HEART,0.30004883,SI1,I,VG,EX,VG,N,788.23,4.0390625,4.671875,2.6191406
1785304,HEART,0.29003906,SI1,D,GD,VG,GD,N,791.33,3.9199219,4.75,2.8007812
1789933,HEART,0.30004883,VS2,I,GD,EX,EX,N,794.3,4.2695312,4.5117188,2.4609375
1785301,HEART,0.30004883,SI2,F,GD,VG,GD,N,794.37,4.328125,4.5703125,2.4707031
1775287,HEART,0.30004883,VVS2,J,VG,EX,VG,F,795.33,3.9003906,4.6015625,2.7792969
1717449,HEART,0.29003906,SI1,F,GD,EX,GD,N,796.23,3.859375,4.5507812,2.7597656
1785296,HEART,0.33007812,SI1,I,EX,EX,GD,F,798.1,4.078125,4.8515625,2.8496094
1793213,HEART,0.30004883,SI1,I,VG,EX,VG,N,799.39,4.2695312,4.5,2.4902344
1703692,HEART,0.39990234,SI1,I,EX,EX,VG,N,800.42,4.46875,5.109375,3.0097656
1789932,HEART,0.30004883,VS2,I,VG,EX,VG,M,805.98,3.9609375,4.6796875,2.8300781
1740726,HEART,0.29003906,VS2,I,GD,EX,VG,N,807.03,3.9902344,4.7304688,2.5605469
1789121,HEART,0.3100586,VS2,E,EX,EX,VG,N,999.72,3.9804688,4.7304688,2.8105469
1771363,HEART,0.35009766,SI1,D,EX,VG,GD,N,1000.56,4.1601562,4.9609375,2.9394531
1787955,HEART,0.30004883,VS2,F,EX,VG,GD,N,1000.72,4.03125,4.6484375,2.6308594
1787966,HEART,0.30004883,SI1,D,EX,EX,GD,N,1000.72,4.078125,4.6992188,2.7890625
1787896,HEART,0.39990234,VS1,J,GD,EX,VG,M,1001.16,4.3203125,5.0,3.0605469
1793210,HEART,0.3100586,SI1,F,EX,EX,VG,N,1002.83,4.03125,4.6796875,2.7597656
1783872,HEART,0.3100586,SI1,F,EX,EX,VG,N,1002.83,4.0390625,4.7890625,2.8007812
1756504,HEART,0.30004883,VS2,F,EX,EX,GD,N,1003.72,4.2382812,4.6484375,2.6191406
1756482,HEART,0.41992188,SI2,I,EX,EX,VG,N,1003.83,4.578125,5.0898438,2.8691406
1761706,HEART,0.30004883,VS2,G,EX,GD,EX,N,1004.23,4.1015625,4.78125,2.6796875
1783855,HEART,0.30004883,VS2,E,VG,EX,GD,N,1004.74,3.8808594,4.6484375,2.8105469
1789928,HEART,0.30004883,VS2,E,VG,VG,GD,N,1004.74,4.0390625,4.6210938,2.7792969
1800749,HEART,0.30004883,VS1,G,GD,VG,GD,N,1005.8,4.3515625,4.578125,2.5605469
1795893,HEART,0.30004883,VS2,G,VG,VG,GD,N,1006.26,4.328125,4.6484375,2.5703125
1800774,HEART,0.30004883,VS2,G,VG,VG,GD,N,1006.26,4.1601562,4.5,2.6796875
1771333,HEART,0.30004883,VS1,G,VG,EX,GD,N,1020.96,3.9609375,4.6289062,2.7597656
1795835,HEART,0.45996094,SI1,I,VG,EX,GD,N,1021.39,4.9492188,5.2382812,2.9609375
1767972,HEART,0.30004883,SI1,D,EX,VG,VG,N,1021.49,3.9394531,4.75,2.7109375
1791127,HEART,0.30004883,VS2,E,VG,VG,GD,N,1022.45,4.0117188,4.609375,2.7695312
1789927,HEART,0.30004883,VS2,E,VG,EX,GD,N,1022.45,4.0117188,4.7304688,2.7207031
1800031,HEART,0.30004883,VS2,G,EX,EX,VG,N,1022.48,4.2617188,4.7382812,2.6601562
1795901,HEART,0.30004883,SI1,D,VG,EX,GD,F,1022.52,4.0195312,4.6992188,2.640625
1795899,HEART,0.30004883,SI1,D,EX,EX,GD,N,1022.52,4.1210938,4.6601562,2.6992188
1793185,HEART,0.3100586,VS1,H,EX,EX,VG,N,1022.75,4.1992188,4.6914062,2.5898438
1787934,HEART,0.3100586,VS1,G,GD,VG,GD,N,1022.8,4.1210938,4.75,2.5996094
1787965,HEART,0.3100586,SI1,D,EX,EX,GD,F,1022.8,4.2382812,4.7109375,2.7109375
1769665,HEART,0.3400879,VS2,G,EX,EX,VG,N,1022.92,4.2109375,4.9882812,2.9101562
1785267,HEART,0.30004883,VS2,D,EX,EX,GD,F,1023.48,4.109375,4.6484375,2.5996094
1793194,HEART,0.30004883,VS2,D,GD,VG,VG,F,1023.48,3.9394531,4.6015625,2.6796875
1798678,HEART,0.30004883,VVS2,E,GD,VG,GD,N,1023.97,4.1992188,4.6015625,2.7207031
1761674,HEART,0.39990234,SI2,I,VG,EX,VG,M,867.31,4.53125,5.0195312,2.9804688
1782798,HEART,0.30004883,VS2,I,EX,EX,VG,N,868.34,4.21875,4.6015625,2.609375
1791131,HEART,0.3100586,VS2,I,EX,VG,VG,M,869.79,4.140625,4.7382812,2.7109375
1783866,HEART,0.30004883,VS2,I,EX,EX,VG,N,870.35,4.0703125,4.6601562,2.7207031
1787979,HEART,0.30004883,SI2,D,VG,VG,GD,N,871.87,4.1210938,4.640625,2.7792969
1775316,HEART,0.30004883,SI1,E,VG,EX,GD,F,875.42,3.8398438,4.5585938,2.7597656
1759339,HEART,0.3100586,SI1,E,VG,EX,GD,N,876.06,4.2382812,4.71875,2.640625
1771387,HEART,0.3100586,SI2,E,EX,EX,VG,N,877.68,4.140625,4.7109375,2.6992188
1772593,HEART,0.3100586,SI1,G,VG,VG,GD,N,879.73,4.171875,4.828125,2.7109375
1769675,HEART,0.30004883,SI1,E,VG,VG,GD,N,880.52,4.2695312,4.6914062,2.6308594
1800050,HEART,0.30004883,SI1,H,VG,VG,FR,F,881.03,4.0390625,4.5117188,2.4902344
1789931,HEART,0.3100586,VS2,I,EX,EX,VG,N,881.81,4.0703125,4.8203125,2.8691406
1781398,HEART,0.30004883,SI1,F,VG,EX,VG,N,882.52,4.0507812,4.7382812,2.6191406
1791138,HEART,0.3400879,SI2,F,EX,VG,VG,N,883.89,4.359375,4.8203125,2.8007812
1783876,HEART,0.30004883,SI1,G,VG,VG,GD,N,884.06,3.9804688,4.6289062,2.6796875
1800795,HEART,0.29003906,VS2,D,VG,EX,VG,N,1087.84,3.9902344,4.671875,2.6191406
1773520,HEART,0.30004883,VS1,E,EX,EX,GD,F,1087.94,4.0507812,4.7890625,2.7304688
1786569,HEART,0.30004883,VVS2,F,EX,VG,GD,N,1087.94,4.03125,4.7617188,2.7402344
1785248,HEART,0.30004883,VS1,E,VG,EX,GD,N,1088.41,4.1210938,4.7304688,2.75
1787928,HEART,0.30004883,VS1,E,EX,EX,GD,F,1088.41,4.109375,4.640625,2.609375
1785268,HEART,0.30004883,VS2,D,EX,EX,VG,F,1088.41,3.9804688,4.7109375,2.7402344
1789095,HEART,0.30004883,VVS1,F,GD,EX,GD,N,1088.87,3.9609375,4.640625,2.5605469
1789908,HEART,0.30004883,VS1,D,GD,VG,GD,N,1088.87,4.0703125,4.6484375,2.75
1777470,HEART,0.45996094,SI2,F,EX,VG,GD,N,1088.97,4.609375,5.3984375,3.0292969
1800011,HEART,0.30004883,VS1,F,EX,EX,GD,N,1089.9,4.1601562,4.6484375,2.6191406
1668273,HEART,0.52978516,SI2,K,VG,EX,VG,F,1089.93,5.1914062,5.5117188,3.0390625
1771340,HEART,0.30004883,VS2,D,EX,EX,GD,N,1089.95,3.9902344,4.7109375,2.8203125
1775293,HEART,0.32006836,VS1,G,EX,VG,GD,N,1090.32,4.2109375,4.7695312,2.7304688
1785251,HEART,0.3100586,VS1,F,VG,VG,GD,N,1090.34,4.3710938,4.6796875,2.6992188
1750289,HEART,0.35009766,VVS2,F,EX,EX,VG,F,1090.42,4.28125,4.8398438,2.859375
1778565,HEART,0.30004883,VS2,E,EX,EX,GD,F,1034.69,4.078125,4.8398438,2.7402344
1791802,HEART,0.32006836,SI1,D,EX,EX,GD,N,1036.26,4.3085938,4.6914062,2.7695312
1785265,HEART,0.3100586,VS2,D,VG,VG,VG,M,1036.38,4.1015625,4.6601562,2.8007812
1771392,HEART,0.29003906,VS2,E,VG,EX,GD,N,1036.87,3.8808594,4.6796875,2.6699219
1800012,HEART,0.3100586,VS1,G,EX,EX,GD,M,1036.97,3.9707031,4.71875,2.7890625
1800762,HEART,0.30004883,VS2,D,GD,VG,VG,N,1037.17,3.7304688,4.53125,2.8203125
1771349,HEART,0.3100586,VS2,F,EX,EX,VG,N,1038.49,4.0703125,4.828125,2.8007812
1765047,HEART,0.45996094,SI2,I,VG,VG,VG,N,1039.25,4.890625,5.171875,2.8496094
1754198,HEART,0.32006836,VVS1,F,EX,VG,VG,F,1039.42,4.0390625,4.8007812,2.75
1769657,HEART,0.30004883,VS2,E,VG,EX,VG,N,1039.7,4.3710938,4.671875,2.6894531
1795892,HEART,0.30004883,VS2,F,VG,VG,GD,N,1039.76,3.9707031,4.7695312,2.7304688
1795890,HEART,0.30004883,VS2,F,VG,VG,GD,N,1039.76,4.0117188,4.6914062,2.6601562
1785252,HEART,0.30004883,VS1,F,VG,VG,GD,N,1040.25,4.2304688,4.5703125,2.7304688
1773527,HEART,0.30004883,VS2,G,EX,VG,VG,N,1041.72,4.078125,4.609375,2.6894531
1789923,HEART,0.30004883,VS2,D,VG,EX,GD,F,1041.78,4.0195312,4.671875,2.6894531
1800026,HEART,0.33007812,VS2,F,EX,EX,GD,N,1118.85,4.21875,4.8007812,2.7792969
1771329,HEART,0.3100586,VS1,G,EX,EX,VG,N,1119.17,4.2617188,4.71875,2.6503906
1765058,HEART,0.3400879,VS1,H,EX,EX,VG,N,1119.46,4.1796875,4.890625,2.8300781
1785277,HEART,0.32006836,VS2,G,EX,EX,VG,N,1120.05,4.1210938,4.8085938,2.8398438
1761695,HEART,0.30004883,VS1,E,EX,EX,VG,N,1120.39,3.9394531,4.7109375,2.8300781
1756444,HEART,0.5,VS1,K,VG,VG,VG,N,1122.21,4.5585938,5.4882812,3.2792969
1800024,HEART,0.30004883,VS2,D,VG,VG,GD,N,1122.41,4.03125,4.75,2.6308594
1787915,HEART,0.45996094,SI2,G,EX,EX,GD,N,1122.5,4.671875,5.4492188,3.1992188
1789086,HEART,0.45996094,SI2,F,VG,EX,VG,N,1123.26,4.6601562,5.1601562,3.1191406
1769615,HEART,0.30004883,VVS1,F,VG,EX,VG,N,1123.34,4.0195312,4.640625,2.5703125
1800725,HEART,0.39990234,SI2,F,EX,EX,GD,N,1123.55,4.4609375,5.2695312,3.0195312
1769640,HEART,0.30004883,VS1,F,EX,EX,VG,N,1124.39,4.1992188,4.6015625,2.6601562
1766944,HEART,0.30004883,VS1,F,EX,VG,VG,N,1124.39,4.1015625,4.7382812,2.6601562
1769636,HEART,0.30004883,VS1,F,EX,EX,VG,N,1124.39,4.0117188,4.609375,2.7402344
1766940,HEART,0.30004883,VVS2,D,EX,EX,GD,F,1124.91,4.0585938,4.7890625,2.8105469
1771309,HEART,0.45996094,SI1,H,VG,EX,VG,N,1099.85,4.5117188,5.4296875,3.1699219
1785276,HEART,0.30004883,VS2,F,EX,EX,VG,N,1100.09,3.9804688,4.7382812,2.7792969
1785274,HEART,0.30004883,VS2,F,VG,EX,VG,N,1100.09,3.9492188,4.671875,2.6796875
1793200,HEART,0.30004883,VS2,F,EX,VG,VG,N,1100.09,4.03125,4.640625,2.7402344
1793184,HEART,0.30004883,VS1,G,EX,EX,VG,N,1100.09,4.0,4.609375,2.75
1769667,HEART,0.35009766,VS2,H,EX,EX,VG,N,1101.04,4.2304688,4.921875,2.7597656
1783854,HEART,0.30004883,VS2,E,EX,VG,VG,F,1101.12,3.9804688,4.7382812,2.8105469
1789922,HEART,0.33007812,VS2,D,EX,VG,VG,M,1102.1,4.1796875,4.8710938,2.8105469
1646094,HEART,0.5,SI2,I,VG,EX,VG,F,1102.27,4.9882812,5.53125,3.0703125
1769642,HEART,0.3100586,VS1,G,EX,EX,VG,N,1102.42,4.1601562,4.7109375,2.7597656
1797318,HEART,0.30004883,VS1,E,EX,EX,GD,N,1103.15,4.1796875,4.6601562,2.6503906
1787925,HEART,0.3100586,VS1,D,EX,EX,GD,F,1103.42,3.9804688,4.7304688,2.8203125
1791123,HEART,0.3100586,VS1,H,EX,EX,VG,N,1103.49,4.140625,4.828125,2.7207031
1783849,HEART,0.3100586,VS1,H,EX,EX,VG,N,1103.49,4.2617188,4.671875,2.7207031
1797312,HEART,0.30004883,VVS2,E,VG,EX,GD,F,1103.57,4.1484375,4.5703125,2.640625
1798684,HEART,0.30004883,VVS2,H,VG,VG,VG,N,1132.5,4.2382812,4.6015625,2.5390625
1777492,HEART,0.33007812,VS2,F,EX,EX,VG,N,1132.79,4.3007812,4.78125,2.6894531
1767913,HEART,0.45996094,SI1,H,VG,VG,VG,N,1133.31,4.5703125,5.4101562,3.25
1794494,HEART,0.30004883,VVS2,E,EX,VG,GD,N,1133.48,3.9394531,4.6796875,2.7597656
1763961,HEART,0.35009766,VVS2,G,EX,VG,GD,N,1134.18,4.359375,4.921875,2.7597656
1800740,HEART,0.30004883,VS1,F,VG,EX,VG,N,1134.51,3.9101562,4.640625,2.7890625
1791126,HEART,0.30004883,VS2,D,VG,EX,VG,N,1134.55,4.3007812,4.6210938,2.5605469
1775277,HEART,0.39990234,SI1,H,VG,EX,VG,N,1135.04,4.5898438,5.0195312,2.9003906
1783846,HEART,0.3100586,VS1,F,EX,EX,GD,N,1135.41,3.9804688,4.71875,2.7792969
1775283,HEART,0.30004883,VVS1,E,VG,EX,GD,N,1135.51,4.25,4.6015625,2.5507812
1771331,HEART,0.3100586,VS1,G,EX,EX,EX,N,1135.92,4.0585938,4.6601562,2.7695312
1767915,HEART,0.30004883,VVS1,D,VG,EX,GD,N,1136.1,4.0,4.640625,2.7207031
1787948,HEART,0.30004883,VS2,E,EX,EX,VG,N,1136.53,4.0507812,4.8203125,2.8300781
1785215,HEART,0.39990234,SI2,F,EX,EX,VG,N,1137.03,4.5195312,5.140625,3.0605469
1767916,HEART,0.30004883,VVS1,E,VG,VG,GD,N,1137.07,4.2695312,4.75,2.609375
1759341,HEART,0.30004883,SI1,H,VG,EX,VG,N,808.01,4.1914062,4.7109375,2.640625
1800796,HEART,0.29003906,SI1,D,GD,GD,GD,F,808.48,4.21875,4.5703125,2.6191406
1800755,HEART,0.30004883,VS1,J,EX,EX,VG,F,808.53,4.1210938,4.6914062,2.75
1800790,HEART,0.30004883,SI2,G,VG,EX,GD,N,809.51,4.0117188,4.6796875,2.8203125
1771390,HEART,0.30004883,SI2,F,VG,EX,VG,N,809.53,4.0195312,4.7617188,2.7207031
1794501,HEART,0.3400879,VVS2,J,EX,EX,VG,N,811.49,4.2109375,4.9882812,2.8105469
1772592,HEART,0.3100586,VS2,I,EX,EX,VG,F,815.8,4.0898438,4.7382812,2.6699219
1785282,HEART,0.30004883,VS2,I,VG,EX,GD,N,817.66,4.1914062,4.53125,2.5507812
1800778,HEART,0.33007812,VS2,J,EX,EX,VG,N,819.3,4.3710938,4.8515625,2.7304688
1795897,HEART,0.33007812,VS2,J,EX,EX,VG,F,819.3,4.3515625,4.75,2.7695312
1741345,HEART,0.3100586,SI1,F,EX,EX,VG,N,821.61,4.0898438,4.8203125,2.8007812
1766952,HEART,0.30004883,VS2,I,VG,EX,VG,N,822.22,4.0,4.6289062,2.75
1785283,HEART,0.30004883,VS2,I,GD,VG,VG,N,829.28,4.1992188,4.46875,2.5800781
1800789,HEART,0.30004883,SI2,F,GD,EX,VG,N,829.3,4.2382812,4.5390625,2.640625
1700302,HEART,0.29003906,SI1,F,GD,EX,VG,N,829.54,3.8691406,4.609375,2.7695312
1771377,HEART,0.30004883,SI1,F,EX,EX,VG,N,943.9,4.171875,4.5898438,2.7304688
1771375,HEART,0.30004883,SI1,F,EX,EX,VG,N,943.9,4.0,4.71875,2.7890625
1771376,HEART,0.30004883,SI1,F,EX,EX,VG,N,943.9,4.0898438,4.53125,2.6796875
1778572,HEART,0.3100586,SI1,G,EX,EX,EX,F,944.2,4.0117188,4.7382812,2.7597656
1771393,HEART,0.29003906,VS2,F,GD,EX,VG,N,944.29,3.890625,4.6015625,2.7402344
1787973,HEART,0.30004883,SI1,F,EX,EX,GD,N,944.42,4.171875,4.640625,2.6191406
1785257,HEART,0.3100586,VS1,G,GD,EX,GD,M,945.76,4.3203125,4.6289062,2.4902344
1771365,HEART,0.30004883,SI1,D,VG,EX,GD,N,945.89,4.0117188,4.6992188,2.7890625
1800752,HEART,0.30004883,VS1,I,EX,EX,VG,N,945.96,4.0585938,4.6992188,2.7109375
1789939,HEART,0.30004883,SI1,E,EX,EX,GD,N,946.4,4.03125,4.78125,2.75
1787969,HEART,0.30004883,SI1,E,EX,VG,GD,N,946.4,4.171875,4.578125,2.609375
1781402,HEART,0.30004883,SI1,H,EX,VG,VG,N,946.42,4.1289062,4.5585938,2.5898438
1729432,HEART,0.39990234,SI2,H,VG,EX,VG,N,947.09,4.4882812,5.140625,2.9296875
1771383,HEART,0.30004883,SI1,H,EX,VG,VG,N,948.46,4.0898438,4.6289062,2.7402344
1795910,HEART,0.3100586,SI1,G,EX,VG,VG,F,949.41,4.3007812,4.6484375,2.5195312
1800786,HEART,0.30004883,SI1,G,EX,EX,VG,N,992.57,4.0898438,4.671875,2.609375
1787926,HEART,0.3100586,VS1,D,EX,EX,GD,ST,992.88,4.1484375,4.7382812,2.8203125
1793187,HEART,0.30004883,VS1,H,EX,VG,VG,N,993.04,3.9902344,4.7382812,2.6992188
1785293,HEART,0.32006836,SI1,H,EX,VG,VG,N,993.52,4.25,4.8085938,2.7402344
1752963,HEART,0.29003906,VS2,E,VG,VG,GD,F,993.74,4.3085938,4.5898438,2.5195312
1789123,HEART,0.3100586,SI1,G,EX,EX,VG,N,993.94,4.078125,4.6484375,2.7597656
1791132,HEART,0.3100586,SI1,G,EX,EX,VG,N,993.94,4.171875,4.6914062,2.7597656
1626363,HEART,0.5,SI1,L,EX,EX,VG,F,994.18,4.8398438,5.46875,3.1601562
1793203,HEART,0.3100586,VS2,H,VG,VG,GD,N,994.97,4.390625,4.671875,2.5703125
1762933,HEART,0.30004883,VS2,G,EX,VG,VG,N,996.61,4.390625,4.6289062,2.5507812
1800775,HEART,0.3400879,VS2,H,GD,VG,GD,N,997.69,4.2109375,4.828125,2.9394531
1795875,HEART,0.30004883,VS1,H,EX,EX,GD,F,998.15,3.8808594,4.5898438,2.7304688
1794487,HEART,0.32006836,VVS1,I,EX,EX,VG,N,998.32,4.3398438,4.7382812,2.7597656
1793205,HEART,0.3100586,SI1,E,EX,VG,VG,N,998.71,4.1289062,4.671875,2.6191406
1800750,HEART,0.33007812,VS1,I,EX,VG,GD,F,999.5,4.25,4.7109375,2.640625
1783858,HEART,0.30004883,VS2,F,VG,EX,GD,N,1042.26,4.2890625,4.5390625,2.5
1791792,HEART,0.30004883,VS1,G,GD,EX,VG,N,1042.26,4.171875,4.390625,2.4296875
1756499,HEART,0.30004883,VS2,E,EX,GD,VG,N,1042.8,4.1796875,4.7304688,2.7304688
1789906,HEART,0.3100586,VS1,D,EX,EX,GD,M,1043.17,4.0585938,4.7109375,2.7304688
1763977,HEART,0.29003906,VS2,D,VG,VG,VG,N,1043.24,4.0117188,4.7382812,2.6894531
1762925,HEART,0.32006836,VVS2,E,VG,EX,GD,N,1044.28,4.2109375,4.78125,2.6894531
1779839,HEART,0.30004883,VS2,F,EX,EX,GD,N,1044.34,4.140625,4.6210938,2.6992188
1799973,HEART,0.48999023,SI1,K,GD,VG,VG,F,1044.37,4.890625,5.4492188,2.9707031
1791793,HEART,0.3798828,VS1,I,EX,VG,VG,N,1044.45,4.5195312,4.8789062,2.8105469
1783868,HEART,0.32006836,SI1,E,EX,EX,VG,N,1044.84,4.2304688,4.6992188,2.640625
1767921,HEART,0.30004883,VVS1,G,EX,EX,GD,N,1046.8,3.9804688,4.6992188,2.7402344
1800037,HEART,0.30004883,SI1,D,EX,EX,VG,N,1047.87,4.2695312,4.6484375,2.6601562
1795900,HEART,0.30004883,SI1,D,EX,EX,GD,F,1047.87,3.9804688,4.7304688,2.8105469
1787930,HEART,0.30004883,VS1,F,VG,VG,GD,N,1048.37,4.0898438,4.6992188,2.7792969
1783859,HEART,0.33007812,VS2,G,EX,EX,GD,N,1050.25,4.1992188,4.859375,2.8496094
1795914,HEART,0.30004883,SI2,F,EX,EX,GD,N,848.6,4.0117188,4.7382812,2.8105469
1800052,HEART,0.30004883,SI2,F,EX,VG,GD,N,848.6,3.9804688,4.7109375,2.7792969
1785299,HEART,0.3100586,SI2,F,EX,GD,VG,N,848.8,4.0507812,4.7109375,2.7597656
1793214,HEART,0.30004883,SI2,E,EX,EX,GD,N,850.12,3.9707031,4.7304688,2.8007812
1767982,HEART,0.30004883,SI1,G,VG,EX,VG,N,853.18,4.3007812,4.6601562,2.5703125
1763973,HEART,0.30004883,SI1,F,VG,EX,VG,N,855.14,4.0390625,4.7304688,2.6191406
1771384,HEART,0.3701172,SI1,I,EX,EX,VG,F,856.42,4.5507812,5.0117188,2.9394531
1791137,HEART,0.30004883,SI2,E,VG,EX,VG,N,856.73,4.0507812,4.6015625,2.5703125
1791801,HEART,0.30004883,VS2,I,GD,EX,VG,N,858.18,4.2890625,4.5195312,2.4609375
1800777,HEART,0.3100586,VS2,I,EX,EX,VG,F,861.93,4.2382812,4.6289062,2.6503906
1791807,HEART,0.30004883,SI2,E,GD,EX,GD,N,863.25,3.8808594,4.5898438,2.8203125
1786578,HEART,0.30004883,SI1,F,GD,VG,GD,F,864.27,4.140625,4.53125,2.75
1789934,HEART,0.30004883,VS2,I,EX,EX,VG,N,864.27,4.0507812,4.6601562,2.7207031
1767983,HEART,0.30004883,SI1,G,VG,VG,VG,N,866.31,3.9394531,4.640625,2.5507812
1674737,HEART,0.29003906,VS1,G,VG,VG,GD,F,866.33,4.0390625,4.8085938,2.6894531
1800745,HEART,0.33007812,VS1,G,EX,EX,VG,N,1137.81,4.3085938,4.828125,2.7402344
1785246,HEART,0.32006836,VS1,E,EX,EX,GD,N,1138.43,4.3710938,4.78125,2.7597656
1758231,HEART,0.3400879,VS2,E,EX,EX,VG,N,1138.43,4.2382812,4.9609375,2.8105469
1777476,HEART,0.30004883,VVS1,F,EX,EX,VG,N,1139.06,4.0585938,4.7304688,2.6796875
1775305,HEART,0.35009766,VS2,G,EX,EX,VG,N,1139.5,4.328125,5.0,2.8808594
1774269,HEART,0.32006836,VVS2,E,EX,VG,GD,N,1140.55,4.1289062,4.9101562,2.8691406
1751865,HEART,0.30004883,VS1,D,EX,VG,VG,N,1141.09,4.171875,4.6289062,2.5996094
1781395,HEART,0.33007812,VS2,F,EX,EX,VG,F,1141.12,4.2695312,4.96875,2.8398438
1789122,HEART,0.3400879,VS2,G,EX,EX,VG,N,1141.88,4.109375,4.890625,2.8496094
1759329,HEART,0.35009766,VS2,E,EX,EX,VG,N,1142.49,4.21875,4.9296875,2.8808594
1785256,HEART,0.3100586,VS1,G,EX,VG,VG,N,1142.78,4.2695312,4.640625,2.6699219
1786571,HEART,0.30004883,VS1,E,VG,EX,VG,N,1143.13,4.03125,4.78125,2.859375
1785269,HEART,0.30004883,VS2,D,EX,VG,VG,N,1143.13,3.9902344,4.7382812,2.7890625
1800769,HEART,0.30004883,VS2,E,EX,VG,VG,N,1143.64,3.9902344,4.7382812,2.6894531
1800771,HEART,0.30004883,VS2,E,EX,EX,VG,N,1143.64,4.1289062,4.578125,2.6894531
1731601,HEART,0.39990234,SI1,F,VG,VG,VG,F,1114.08,4.5195312,5.1992188,2.9296875
1781389,HEART,0.3100586,VVS1,G,VG,VG,GD,N,1114.42,4.1289062,4.6796875,2.8007812
1625059,HEART,0.5097656,SI1,I,VG,EX,VG,M,1114.81,5.0390625,5.3789062,3.0
1793201,HEART,0.36010742,VS2,G,EX,EX,VG,F,1114.99,4.5195312,4.9882812,2.8105469
1773521,HEART,0.30004883,VS1,F,VG,EX,EX,N,1115.81,3.859375,4.640625,2.8007812
1800770,HEART,0.30004883,VS2,E,VG,EX,VG,N,1116.82,3.9296875,4.5898438,2.7792969
1800009,HEART,0.30004883,VS1,F,GD,EX,VG,N,1116.82,4.0703125,4.46875,2.5292969
1789917,HEART,0.30004883,VS1,G,EX,EX,VG,N,1116.82,4.1601562,4.6796875,2.6699219
1789106,HEART,0.30004883,VVS2,H,EX,VG,VG,N,1116.82,4.2382812,4.6601562,2.6503906
1769649,HEART,0.30004883,VS2,D,EX,EX,VG,N,1116.84,4.0117188,4.7695312,2.8007812
1774271,HEART,0.30004883,VVS2,E,EX,EX,GD,N,1117.77,4.0390625,4.6914062,2.7402344
1760556,HEART,0.33007812,VVS1,G,EX,EX,GD,N,1118.31,4.171875,4.9101562,2.7695312
1791794,HEART,0.30004883,VS2,E,EX,EX,VG,N,1118.81,4.0507812,4.7109375,2.8007812
1769622,HEART,0.30004883,VVS2,F,VG,VG,VG,N,1118.85,4.1601562,4.609375,2.6992188
1769624,HEART,0.30004883,VVS2,F,VG,EX,VG,N,1118.85,4.1992188,4.6601562,2.5703125
1765068,HEART,0.30004883,SI2,D,EX,EX,VG,N,893.71,4.140625,4.7617188,2.6992188
1791806,HEART,0.30004883,SI2,D,VG,EX,VG,N,893.71,4.2382812,4.640625,2.609375
1726033,HEART,0.32006836,SI1,F,EX,EX,GD,N,893.99,4.2109375,4.7695312,2.8203125
1800044,HEART,0.30004883,SI1,E,VG,EX,GD,F,895.21,4.1914062,4.6289062,2.75
1767974,HEART,0.30004883,SI1,D,GD,EX,GD,N,895.73,3.8691406,4.5390625,2.7402344
1800017,HEART,0.35009766,VS1,I,EX,EX,GD,M,896.41,4.53125,4.9804688,2.6992188
1795906,HEART,0.30004883,SI1,F,VG,EX,GD,F,897.27,4.2617188,4.5898438,2.6894531
1791805,HEART,0.30004883,SI1,G,VG,VG,GD,F,897.74,4.2304688,4.7695312,2.640625
1783873,HEART,0.30004883,SI1,F,VG,EX,GD,F,900.77,3.9296875,4.7109375,2.7109375
1769681,HEART,0.29003906,VS1,F,VG,VG,VG,N,901.16,4.171875,4.6601562,2.5898438
1750305,HEART,0.30004883,SI1,E,VG,EX,VG,N,901.78,3.8808594,4.6601562,2.75
1791136,HEART,0.3100586,SI2,E,EX,EX,VG,N,902.26,4.0390625,4.78125,2.7597656
1767944,HEART,0.3100586,VS1,I,EX,VG,VG,N,902.81,4.0117188,4.7382812,2.7597656
1593741,HEART,0.5,SI1,K,EX,VG,VG,F,904.35,4.9492188,5.5507812,3.1191406
1766954,HEART,0.30004883,SI1,D,VG,VG,GD,N,905.91,4.0390625,4.7890625,2.6699219
1777474,HEART,0.3100586,VVS1,E,EX,VG,GD,N,1090.86,4.1015625,4.71875,2.6601562
1791796,HEART,0.30004883,VS2,F,VG,VG,VG,N,1091.99,3.9101562,4.75,2.8691406
1789916,HEART,0.30004883,VS1,G,EX,VG,VG,N,1091.99,3.9902344,4.6796875,2.7402344
1781393,HEART,0.30004883,VS1,G,EX,EX,VG,N,1091.99,4.25,4.6210938,2.6191406
1789105,HEART,0.30004883,VVS2,H,VG,EX,VG,N,1091.99,4.0117188,4.5703125,2.7597656
1771271,HEART,0.5,SI2,H,EX,EX,VG,M,1092.72,4.6796875,5.4804688,3.2402344
1797308,HEART,0.30004883,VVS2,D,GD,VG,FR,N,1093.01,3.8300781,4.6210938,2.7304688
1716650,HEART,0.30004883,VVS1,D,VG,VG,GD,N,1093.02,4.0898438,4.8085938,2.75
1730675,HEART,0.44995117,SI1,F,VG,VG,GD,M,1093.23,4.8515625,5.1914062,2.9199219
1785280,HEART,0.33007812,VS2,H,EX,VG,VG,N,1093.73,4.390625,4.7382812,2.6601562
1798673,HEART,0.30004883,VVS2,E,VG,EX,GD,F,1093.94,3.9296875,4.5117188,2.6894531
1800029,HEART,0.30004883,VS2,G,EX,VG,VG,N,1093.95,4.109375,4.6289062,2.7402344
1800016,HEART,0.30004883,VS1,H,EX,VG,VG,N,1093.95,4.0390625,4.71875,2.7792969
1800015,HEART,0.30004883,VS1,H,EX,VG,VG,N,1093.95,4.0390625,4.7890625,2.7890625
1800003,HEART,0.30004883,VS1,E,EX,EX,GD,N,1094.0,4.0195312,4.75,2.6796875
1775276,HEART,0.4099121,VS2,I,VG,EX,VG,N,1055.84,4.3710938,5.21875,3.140625
1800737,HEART,0.30004883,VS1,E,GD,EX,GD,F,1055.95,4.1601562,4.609375,2.4902344
1800041,HEART,0.30004883,SI1,D,EX,EX,VG,N,1056.49,4.140625,4.6210938,2.5898438
1787946,HEART,0.30004883,VS2,E,EX,EX,GD,N,1057.5,4.078125,4.7890625,2.7207031
1771319,HEART,0.3100586,VVS2,G,VG,EX,VG,N,1058.38,4.1289062,4.7617188,2.7304688
1785259,HEART,0.30004883,VS1,G,EX,VG,GD,N,1058.99,4.0703125,4.6484375,2.609375
1789912,HEART,0.30004883,VS1,E,EX,VG,GD,N,1060.0,4.1601562,4.7382812,2.6699219
1785235,HEART,0.30004883,VVS2,F,EX,VG,GD,N,1060.48,4.0117188,4.640625,2.7402344
1651236,HEART,0.5,SI1,K,VG,GD,VG,N,1062.49,4.7695312,5.5117188,3.0703125
1791130,HEART,0.30004883,VS2,G,VG,VG,VG,N,1063.04,4.2109375,4.5117188,2.5
1800746,HEART,0.33007812,VS1,G,EX,VG,GD,F,1063.09,4.0703125,4.8398438,2.8203125
1779835,HEART,0.30004883,VS1,H,EX,EX,VG,N,1063.53,4.1992188,4.6992188,2.6796875
1791124,HEART,0.3100586,VS1,H,EX,VG,GD,N,1063.67,4.1992188,4.7304688,2.7695312
1769660,HEART,0.3100586,VS2,F,EX,EX,VG,N,1063.69,4.0195312,4.78125,2.6992188
1751869,HEART,0.3100586,VS1,G,EX,EX,VG,N,1063.69,4.28125,4.6601562,2.640625
1785260,HEART,0.30004883,VS1,G,VG,GD,GD,F,975.81,3.8496094,4.6289062,2.7695312
1490932,HEART,0.27001953,VVS2,G,EX,VG,VG,N,975.86,3.9394531,4.4609375,2.640625
1785261,HEART,0.38989258,VS1,H,GD,VG,GD,M,976.75,4.6914062,5.0,2.6894531
1791800,HEART,0.30004883,VS2,G,GD,VG,VG,N,977.39,4.1796875,4.6289062,2.5507812
1800049,HEART,0.30004883,SI1,G,VG,EX,VG,N,978.37,3.8398438,4.6015625,2.7207031
1800782,HEART,0.3100586,SI1,E,EX,EX,VG,F,979.25,4.2304688,4.6914062,2.6191406
1789920,HEART,0.33007812,VS1,I,EX,EX,VG,F,979.42,4.2304688,4.9492188,2.890625
1787960,HEART,0.3100586,VS2,H,VG,VG,GD,N,979.81,3.9609375,4.7617188,2.8691406
1775313,HEART,0.30004883,SI1,D,VG,EX,VG,N,979.95,3.9492188,4.609375,2.7792969
1785287,HEART,0.30004883,SI1,F,EX,EX,VG,N,981.38,4.078125,4.6796875,2.7304688
1785288,HEART,0.30004883,SI1,F,EX,EX,VG,N,981.38,4.1992188,4.7382812,2.6601562
1777480,HEART,0.30004883,VVS1,H,EX,EX,GD,N,983.93,4.1601562,4.5390625,2.6601562
1787967,HEART,0.30004883,SI1,D,VG,EX,VG,N,984.43,3.9296875,4.578125,2.7597656
1781400,HEART,0.38989258,SI1,G,VG,EX,VG,F,984.66,4.609375,5.1914062,2.890625
1787957,HEART,0.30004883,VS2,G,VG,EX,GD,N,985.51,3.890625,4.6796875,2.8203125
1787992,MARQUISE,0.58984375,SI1,D,VG,EX,VG,N,1967.26,8.09375,4.4804688,2.6992188
1733853,MARQUISE,0.52978516,VVS1,E,EX,EX,VG,M,1968.43,9.1171875,4.1484375,2.4394531
1671998,MARQUISE,0.5,VS2,F,EX,EX,EX,N,1973.69,8.0078125,4.1289062,2.5996094
1643611,MARQUISE,0.5,VVS1,D,EX,EX,VG,M,1974.76,7.78125,4.2695312,2.6308594
1763984,MARQUISE,0.52001953,VS1,D,EX,EX,VG,M,1983.2,8.5625,4.2304688,2.4804688
1671997,MARQUISE,0.5,VS2,D,EX,EX,VG,N,1984.06,8.7109375,3.9296875,2.4296875
1777517,MARQUISE,0.5,VVS2,D,GD,EX,VG,F,1986.0,7.4101562,4.1210938,2.7109375
1789130,MARQUISE,0.5,VVS1,G,VG,VG,GD,N,1986.7,8.796875,4.0585938,2.3300781
212115-178,MARQUISE,1.0,SI2,M,VG,EX,VG,F,1987.62,9.1875,5.2109375,3.2597656
1776350,MARQUISE,0.5,VS2,F,EX,EX,VG,N,1989.27,8.3828125,4.0390625,2.4902344
1665949,MARQUISE,0.5,VS2,E,EX,EX,EX,N,1989.32,8.4296875,4.1015625,2.4707031
1660315,MARQUISE,0.52978516,VS2,F,EX,VG,VG,N,1999.88,8.5390625,4.28125,2.4902344
1743983,MARQUISE,0.9199219,VS1,L,EX,EX,EX,F,2000.39,9.796875,5.1289062,3.0
1754876,MARQUISE,0.52001953,VVS1,D,EX,EX,VG,M,2004.48,8.4921875,4.2617188,2.4296875
1774292,MARQUISE,0.52978516,VVS2,G,EX,VG,VG,N,2006.69,8.828125,4.109375,2.5
1777519,MARQUISE,0.5,VVS2,E,EX,EX,VG,M,2006.89,7.6015625,4.171875,2.6308594
1777526,MARQUISE,0.5,VS1,D,EX,VG,GD,N,2007.94,8.828125,4.0117188,2.3007812
1616635,MARQUISE,0.52001953,VVS2,E,EX,EX,VG,F,2008.37,7.8203125,4.3398438,2.6992188
1787991,MARQUISE,0.5,VS2,D,EX,EX,EX,F,2010.47,8.8203125,4.03125,2.3300781
1776342,MARQUISE,0.52978516,VS1,G,EX,EX,VG,N,2011.25,8.046875,4.3515625,2.5898438
1654248,MARQUISE,0.5,VVS1,G,EX,VG,VG,N,2016.12,7.9296875,4.1601562,2.5097656
1771409,MARQUISE,0.5097656,VVS1,F,EX,EX,GD,M,2018.08,8.328125,4.3515625,2.5195312
1776351,MARQUISE,0.5,VS2,G,EX,VG,VG,N,2019.55,7.859375,4.1914062,2.5605469
1795923,MARQUISE,0.5,VVS1,D,EX,EX,VG,M,2020.53,8.203125,4.1210938,2.4394531
1668301,MARQUISE,0.58984375,SI1,D,EX,EX,VG,F,2021.84,9.2578125,4.1289062,2.5
1755627,MARQUISE,0.5698242,VVS2,E,EX,EX,VG,ST,2024.03,9.1015625,4.2695312,2.4804688
1646136,MARQUISE,0.58984375,VS2,D,EX,EX,VG,ST,2025.02,9.078125,4.390625,2.5195312
1793245,MARQUISE,0.35009766,VS2,F,VG,EX,GD,N,1024.19,7.6484375,3.4902344,2.1503906
1795947,MARQUISE,0.30004883,VS2,D,EX,EX,VG,N,1027.54,7.3789062,3.3007812,2.1503906
1777551,MARQUISE,0.30004883,VS1,D,EX,EX,VG,N,1028.53,7.5,3.4199219,1.9199219
1773545,MARQUISE,0.32006836,VS1,F,EX,EX,VG,N,1029.14,6.8085938,3.7304688,2.2109375
1769709,MARQUISE,0.32006836,VS2,D,EX,VG,VG,N,1029.21,7.6796875,3.5390625,2.0292969
1668303,MARQUISE,0.5,SI1,K,EX,EX,EX,N,1029.67,8.8125,4.0585938,2.359375
1750328,MARQUISE,0.39990234,SI1,H,EX,EX,VG,F,1030.22,7.8789062,3.8691406,2.2304688
1789144,MARQUISE,0.30004883,VS2,D,EX,VG,VG,N,1032.64,6.6601562,3.5605469,2.109375
1789957,MARQUISE,0.30004883,VS2,D,EX,EX,VG,N,1032.64,7.4414062,3.4101562,2.140625
1791165,MARQUISE,0.36010742,VS1,F,EX,VG,VG,F,1032.86,6.8789062,3.7890625,2.2695312
1782813,MARQUISE,0.30004883,VS1,D,EX,EX,VG,F,1035.13,7.078125,3.5195312,2.0703125
1769699,MARQUISE,0.30004883,VVS1,D,EX,EX,VG,ST,1038.27,6.96875,3.4199219,2.0898438
1667285,MARQUISE,0.58984375,SI2,L,VG,VG,VG,N,1039.49,8.5,4.3515625,2.6191406
1795945,MARQUISE,0.3100586,VS2,D,EX,VG,VG,N,1041.16,7.6015625,3.4394531,1.9599609
1795943,MARQUISE,0.30004883,VS1,D,VG,VG,VG,N,1044.25,6.5507812,3.609375,2.1191406
1747974,MARQUISE,0.35009766,VVS1,H,EX,EX,VG,N,869.83,7.6914062,3.5097656,2.1894531
1771435,MARQUISE,0.30004883,SI1,D,EX,VG,GD,N,870.91,7.109375,3.6503906,2.1191406
1789959,MARQUISE,0.30004883,VS2,H,VG,EX,VG,N,871.87,6.8085938,3.4609375,2.1601562
1772611,MARQUISE,0.3100586,VS1,H,EX,VG,GD,N,875.07,7.3085938,3.4394531,2.1308594
1775345,MARQUISE,0.3100586,SI1,E,EX,VG,GD,F,877.65,7.6015625,3.4394531,1.9902344
1777560,MARQUISE,0.3100586,SI2,D,EX,EX,VG,N,882.37,7.5585938,3.3691406,2.0605469
1800104,MARQUISE,0.30004883,SI2,D,EX,EX,VG,F,882.52,7.0390625,3.5703125,2.0800781
1779873,MARQUISE,0.30004883,SI1,D,GD,VG,GD,N,884.61,6.5,3.6308594,2.0507812
1789140,MARQUISE,0.30004883,VVS1,I,EX,VG,VG,N,886.62,6.8085938,3.5605469,2.0800781
1761722,MARQUISE,0.30004883,VS2,F,EX,EX,VG,N,890.14,6.4414062,3.5703125,2.2402344
1781422,MARQUISE,0.30004883,SI1,D,GD,EX,VG,N,890.14,6.5703125,3.4296875,2.1601562
1777555,MARQUISE,0.30004883,VS2,F,EX,EX,VG,F,891.17,7.4296875,3.4902344,2.0390625
1771439,MARQUISE,0.3100586,SI2,D,EX,EX,VG,N,891.8,7.6210938,3.4804688,1.9804688
1793238,MARQUISE,0.39990234,VVS2,K,EX,EX,VG,F,895.77,7.46875,3.9101562,2.3007812
1778623,MARQUISE,0.30004883,SI1,D,VG,EX,VG,N,901.34,6.4882812,3.5292969,2.1894531
1775340,MARQUISE,0.35009766,VS1,F,VG,VG,GD,N,1008.24,7.5195312,3.8007812,2.1503906
1773547,MARQUISE,0.32006836,VS2,D,EX,EX,GD,N,1010.3,6.9609375,3.6191406,2.25
1639716,MARQUISE,0.5,VVS1,K,EX,EX,VG,N,1010.7,8.453125,4.109375,2.4394531
1769706,MARQUISE,0.30004883,VS1,D,EX,EX,VG,N,1010.79,7.0,3.4902344,2.1796875
1778614,MARQUISE,0.30004883,VS2,D,EX,EX,VG,N,1011.84,6.6796875,3.6992188,2.2207031
1795950,MARQUISE,0.3798828,SI1,D,EX,VG,GD,F,1012.36,8.2578125,3.7695312,2.1796875
1800095,MARQUISE,0.3100586,VS2,E,EX,EX,VG,N,1013.39,7.578125,3.3808594,2.0
1778605,MARQUISE,0.39990234,SI1,H,GD,VG,VG,N,1014.76,7.9414062,3.6191406,2.2304688
1795940,MARQUISE,0.32006836,VVS2,G,EX,EX,VG,N,1015.71,7.8203125,3.5390625,2.0292969
1800806,MARQUISE,0.32006836,VS2,G,EX,EX,EX,N,1016.72,7.4804688,3.5390625,2.0507812
1768002,MARQUISE,0.3400879,SI1,D,EX,EX,VG,N,1017.77,7.7304688,3.5507812,2.2109375
1790107,OVAL,0.32006836,SI2,FANCY,EX,VG,GD,M,962.08,5.25,3.5507812,2.2695312
1777665,OVAL,0.30004883,VS2,F,VG,VG,VG,N,962.18,5.3984375,3.7109375,2.2597656
1740333,OVAL,0.32006836,VS2,D,EX,VG,GD,F,962.62,6.0195312,3.8496094,2.2109375
1781606,OVAL,0.3100586,VVS2,G,EX,VG,GD,N,963.03,5.8984375,3.6992188,2.2890625
1666055,OVAL,0.64990234,VS1,N,EX,EX,VG,M,963.92,7.3085938,4.6484375,2.8808594
1796057,OVAL,0.30004883,VS2,E,EX,EX,VG,M,964.69,5.359375,3.7695312,2.3691406
1789992,OVAL,0.3400879,SI1,E,EX,VG,GD,N,965.46,6.1992188,3.890625,2.2695312
1789195,OVAL,0.35009766,VS1,I,EX,EX,VG,N,966.24,5.8007812,3.9804688,2.3398438
1777666,OVAL,0.3798828,SI1,E,EX,EX,VG,N,967.36,5.9296875,3.9707031,2.4609375
1789988,OVAL,0.30004883,VS2,D,VG,EX,VG,F,967.71,5.1015625,3.7792969,2.3496094
1778713,OVAL,0.39990234,SI2,G,EX,VG,GD,N,968.78,6.21875,4.21875,2.4394531
1773564,OVAL,0.39990234,VS2,J,EX,EX,VG,N,969.43,6.140625,4.140625,2.5195312
1791217,OVAL,0.30004883,VS2,E,EX,VG,GD,N,969.79,5.8007812,3.7304688,2.2109375
1783961,OVAL,0.30004883,VS1,F,EX,EX,VG,F,969.79,5.3085938,3.8398438,2.3691406
1783955,OVAL,0.30004883,VVS1,H,VG,EX,VG,N,969.79,5.8203125,3.7207031,2.1992188
1748049,OVAL,0.30004883,VVS1,F,EX,VG,GD,N,915.98,5.7695312,3.7597656,2.2207031
1800874,OVAL,0.30004883,SI1,E,EX,EX,VG,N,919.06,5.8789062,3.6894531,2.1601562
1791846,OVAL,0.3100586,VVS2,H,EX,EX,GD,N,920.12,5.2304688,3.8203125,2.4003906
1796060,OVAL,0.3100586,SI1,E,EX,EX,VG,F,921.66,5.3984375,3.7597656,2.3398438
1755761,OVAL,0.30004883,VS2,G,EX,EX,VG,N,922.64,5.0703125,3.7695312,2.3496094
1790108,OVAL,0.36010742,I2,FANCY,EX,VG,FR,F,922.67,5.0390625,3.7695312,2.5898438
1790102,OVAL,0.30004883,VVS2,FANCY,EX,VG,FR,F,923.08,5.3398438,3.7597656,2.0996094
1791220,OVAL,0.30004883,SI1,E,EX,EX,VG,N,923.11,5.2109375,3.8691406,2.3496094
1771565,OVAL,0.36010742,SI2,D,EX,EX,VG,N,976.28,6.2382812,3.9101562,2.3203125
1631500,OVAL,0.5097656,VS1,L,EX,EX,EX,N,977.2,6.1210938,4.5507812,2.8105469
Eco Diamond 445027348,OVAL,0.6201172,SI1,D,EX,EX,EX,N,977.54,6.5,4.78125,3.0800781
1652998,OVAL,0.5,SI2,I,VG,VG,VG,ST,977.78,5.9609375,4.421875,2.7890625
1623620,OVAL,0.58984375,VS2,L,EX,EX,VG,M,981.36,6.609375,4.7695312,2.8691406
1793287,OVAL,0.30004883,VVS2,E,EX,GD,GD,N,981.38,5.609375,3.8398438,1.9599609
1773565,OVAL,0.39990234,SI2,G,EX,EX,VG,N,981.55,5.78125,4.1210938,2.5996094
1785462,OVAL,0.33007812,VS1,H,EX,EX,VG,F,981.64,5.609375,4.0195312,2.3496094
1791851,OVAL,0.3100586,VS2,G,EX,VG,VG,F,982.43,5.8085938,3.6992188,2.2304688
1660413,OVAL,0.5,VVS2,K,EX,EX,VG,ST,983.02,6.2382812,4.6210938,2.7304688
1631448,OVAL,0.8100586,SI2,M,EX,EX,EX,ST,983.07,7.609375,5.0898438,3.0703125
1798765,OVAL,0.30004883,VVS2,E,VG,EX,GD,N,984.43,5.859375,3.6796875,2.1191406
1742069,OVAL,0.3100586,VS1,D,EX,EX,VG,F,984.49,5.3515625,3.9804688,2.4296875
1786651,OVAL,0.33007812,VS1,G,EX,VG,VG,M,984.98,5.9492188,3.890625,2.2792969
1764032,OVAL,0.39990234,SI2,H,EX,EX,VG,N,986.28,5.6796875,4.2382812,2.4707031
1755748,OVAL,0.39990234,SI1,K,EX,VG,VG,F,764.56,6.1796875,4.1484375,2.4707031
1652951,OVAL,0.5,VS2,L,EX,GD,GD,F,765.12,6.578125,4.4414062,2.6699219
1625323,OVAL,0.5,I1,L,EX,EX,VG,M,765.12,6.6914062,4.3515625,2.6894531
1789186,OVAL,0.39990234,SI1,K,VG,VG,GD,N,766.58,6.3085938,4.0390625,2.359375
1664660,OVAL,0.5,VS2,M,VG,EX,GD,ST,770.27,6.5585938,4.4414062,2.640625
1775464,OVAL,0.39990234,VS1,L,EX,EX,VG,N,772.67,5.96875,4.0507812,2.5097656
1626474,OVAL,0.5,SI1,M,EX,EX,VG,N,776.32,6.109375,4.46875,2.8105469
1589667,OVAL,0.5,SI2,L,VG,EX,VG,N,778.97,6.2890625,4.3085938,2.7402344
1789987,OVAL,0.30004883,VS1,I,VG,GD,GD,N,788.23,5.578125,3.6503906,2.1503906
1796043,OVAL,0.39990234,SI1,K,EX,VG,GD,N,788.89,6.46875,4.1289062,2.390625
1790103,OVAL,0.35009766,VS1,FANCY,GD,VG,GD,M,792.86,5.1914062,3.9394531,2.2792969
1765124,OVAL,0.3100586,SI2,F,EX,GD,FR,N,796.43,5.7695312,3.75,2.2304688
1791207,OVAL,0.42993164,VS1,L,EX,GD,GD,N,798.73,6.109375,4.3515625,2.5703125
1783969,OVAL,0.30004883,SI2,D,VG,EX,GD,M,798.86,5.1210938,3.8496094,2.4199219
1778709,OVAL,0.39990234,VS2,K,EX,EX,VG,F,803.8,5.6914062,4.2382812,2.6191406
1651541,OVAL,0.5800781,SI2,I,EX,EX,VG,M,1177.26,6.9609375,4.6210938,2.7792969
1793294,OVAL,0.3400879,VS2,D,EX,EX,VG,N,1177.54,5.9492188,3.8496094,2.3007812
1632950,OVAL,0.5,VS2,J,EX,VG,GD,M,1178.37,6.6796875,4.2109375,2.609375
1798752,OVAL,0.5498047,VS1,L,EX,VG,VG,F,1179.25,6.8515625,4.578125,2.7304688
1741376,OVAL,0.45996094,VS2,F,EX,EX,VG,ST,1180.06,6.390625,4.3984375,2.5292969
1788096,OVAL,0.36010742,VS1,D,EX,EX,VG,N,1180.63,6.1992188,3.9003906,2.359375
1747108,OVAL,0.89990234,SI1,N,GD,EX,VG,F,1180.68,7.21875,5.3398438,3.4804688
1626459,OVAL,0.5,VS2,J,EX,VG,VG,F,1181.89,6.1015625,4.5390625,2.7792969
1588323,OVAL,0.54003906,SI2,FANCY,EX,GD,GD,F,1182.36,6.359375,4.25,2.4902344
1636343,OVAL,0.5,VS2,K,EX,EX,VG,N,1182.72,6.578125,4.4609375,2.6601562
1788092,OVAL,0.39990234,SI1,D,EX,EX,GD,N,1183.0,6.21875,4.0898438,2.5507812
1639784,OVAL,0.60009766,VS1,K,EX,EX,VG,ST,1183.09,6.7695312,4.6289062,2.890625
1794668,OVAL,0.3400879,VVS2,E,EX,EX,VG,N,1183.24,5.7304688,3.9199219,2.3496094
1770413,OVAL,0.41992188,VVS2,I,EX,EX,EX,N,1184.83,6.3789062,4.1796875,2.5390625
1771545,OVAL,0.39990234,VS1,H,EX,EX,VG,N,1185.06,6.1484375,4.0898438,2.4804688
1651493,OVAL,0.58984375,VS2,K,EX,EX,VG,ST,1144.56,6.6796875,4.8007812,2.8496094
1631462,OVAL,0.7402344,VS2,N,EX,EX,VG,N,1145.58,7.2382812,4.9882812,3.0800781
1800846,OVAL,0.5,VS2,K,EX,EX,VG,F,1145.9,6.7304688,4.2890625,2.640625
1664662,OVAL,0.5,SI1,J,EX,VG,VG,M,1146.4,6.1992188,4.4101562,2.7792969
1642485,OVAL,0.5,SI1,J,EX,VG,GD,N,1146.4,6.609375,4.4609375,2.6191406
1660455,OVAL,0.5,SI1,J,EX,VG,VG,N,1147.23,6.3085938,4.4882812,2.8007812
1797422,OVAL,0.66015625,SI1,M,EX,EX,VG,N,1147.78,6.0703125,4.4882812,3.0292969
1782988,OVAL,0.5,VS2,K,EX,EX,VG,F,1148.44,6.2304688,4.5195312,2.7402344
1768051,OVAL,0.35009766,VVS2,D,EX,EX,VG,F,1148.96,5.3984375,4.0195312,2.4804688
1785391,OVAL,0.7001953,SI1,N,EX,EX,VG,N,1149.54,7.4882812,4.9296875,2.9707031
1597483,OVAL,0.77978516,SI2,U-V,EX,EX,VG,F,1149.58,7.0703125,5.1484375,3.1503906
1660460,OVAL,0.5,SI1,K,EX,EX,VG,N,1150.7,6.2890625,4.5507812,2.6308594
1639777,OVAL,0.5097656,VVS2,K,EX,EX,VG,N,1150.93,6.2109375,4.578125,2.8300781
1628422,OVAL,0.7998047,VS2,M,EX,VG,VG,N,1152.34,7.7304688,5.21875,3.0703125
1772647,OVAL,0.39990234,VS1,I,EX,VG,VG,N,1152.66,6.25,4.1796875,2.4394531
1652948,OVAL,0.52978516,VS2,I,EX,EX,VG,VS,1124.77,6.6484375,4.5585938,2.8007812
1646237,OVAL,0.5097656,SI2,J,EX,EX,VG,F,1125.39,6.7890625,4.4296875,2.6601562
1660457,OVAL,0.58984375,SI1,K,VG,VG,VG,ST,1126.24,7.421875,4.609375,2.6503906
1589669,OVAL,0.64990234,SI2,K,EX,EX,VG,N,1126.93,6.8710938,4.8007812,3.0195312
1639838,OVAL,0.5,SI2,J,EX,EX,VG,N,1127.36,6.671875,4.4414062,2.6699219
1607146,OVAL,0.5,VS2,K,EX,EX,VG,N,1127.41,6.890625,4.3398438,2.6894531
1726451,OVAL,0.5097656,SI2,J,VG,EX,VG,F,1127.5,6.71875,4.28125,2.6992188
1783957,OVAL,0.3400879,VVS2,D,EX,EX,GD,N,1127.57,5.6914062,3.890625,2.4707031
1748168,OVAL,0.7998047,SI1,FANCY,VG,EX,VG,M,1131.62,6.2617188,4.6992188,3.1308594
1771537,OVAL,0.5,SI2,J,EX,EX,VG,F,1133.25,6.0390625,4.5117188,2.8203125
1797426,OVAL,0.32006836,VVS2,E,EX,VG,VG,N,1133.52,5.3085938,3.9492188,2.4609375
1789986,OVAL,0.30004883,VVS1,D,EX,EX,VG,N,1133.55,5.7304688,3.859375,2.2402344
1800398,OVAL,0.39990234,VVS2,FANCY,EX,VG,FR,F,1133.65,5.2304688,3.8691406,2.6308594
1765771,OVAL,0.39990234,VS2,H,EX,EX,VG,F,1134.4,6.1914062,4.0898438,2.5195312
1643639,OVAL,0.72021484,VS1,M,EX,VG,GD,ST,1135.12,7.7109375,4.9296875,3.0292969
1755667,OVAL,0.7998047,SI2,K,EX,VG,VG,F,1257.36,7.890625,5.0898438,3.1503906
1631520,OVAL,0.5,SI1,I,EX,VG,GD,N,1257.99,7.0117188,4.390625,2.5507812
1749235,OVAL,0.39990234,VS1,F,EX,EX,VG,F,1258.73,6.3515625,4.0,2.4492188
1776415,OVAL,0.52001953,IF,J,EX,EX,VG,M,1260.01,7.0703125,4.4609375,2.5996094
1770410,OVAL,0.5,VS2,J,EX,EX,GD,N,1260.79,6.0703125,4.5195312,2.8105469
1672939,OVAL,0.5,SI1,I,EX,EX,VG,M,1261.41,6.3710938,4.4882812,2.8007812
1659105,OVAL,0.5097656,SI1,I,EX,EX,VG,ST,1263.85,6.21875,4.53125,2.8105469
1646173,OVAL,0.7001953,VS1,M,EX,EX,VG,N,1264.42,7.8085938,4.890625,2.8203125
1656608,OVAL,0.5,VS2,I,GD,VG,VG,N,1264.82,6.3710938,4.53125,2.609375
1761833,OVAL,0.39990234,VS2,G,EX,VG,GD,N,1267.5,5.8007812,4.0117188,2.4902344
1740316,OVAL,0.39990234,VS2,G,EX,EX,VG,N,1268.18,6.2304688,4.0,2.4707031
1610097,OVAL,0.5,SI2,G,EX,EX,VG,N,1268.26,6.6015625,4.4296875,2.6992188
1667384,OVAL,0.5,SI2,I,EX,VG,VG,F,1268.26,6.3789062,4.390625,2.7597656
1652931,OVAL,0.5,VS1,J,VG,EX,VG,N,1268.26,6.7695312,4.2304688,2.7109375
1668349,OVAL,0.5,VVS1,K,EX,EX,VG,N,1268.26,6.71875,4.4492188,2.6308594
1755758,OVAL,0.3701172,VS2,D,EX,VG,VG,N,1102.17,6.0507812,3.8691406,2.390625
1791216,OVAL,0.3100586,VS2,D,EX,EX,VG,N,1103.47,5.21875,3.8808594,2.3300781
1793295,OVAL,0.32006836,VS2,E,EX,EX,EX,N,1105.46,5.46875,3.8300781,2.4199219
1786647,OVAL,0.35009766,VVS2,G,EX,EX,VG,N,1105.87,5.7109375,3.859375,2.390625
1769782,OVAL,0.39990234,VS2,H,EX,EX,VG,N,1106.65,6.078125,4.1992188,2.4804688
1761802,OVAL,0.5,VS2,K,EX,EX,VG,F,1107.0,6.5117188,4.28125,2.6503906
1796036,OVAL,0.5,SI2,J,VG,VG,GD,F,1107.02,6.5,4.2382812,2.6992188
1800185,OVAL,0.48999023,SI2,I,VG,VG,GD,F,1108.13,6.3007812,4.3789062,2.7109375
1726452,OVAL,0.39990234,SI1,E,EX,EX,VG,N,1110.7,5.8398438,4.2695312,2.5996094
1656565,OVAL,0.7998047,SI2,M,VG,EX,GD,N,1110.81,7.3085938,5.1601562,3.2109375
1779952,OVAL,0.35009766,VS1,E,EX,EX,VG,N,1111.09,5.78125,3.9804688,2.4492188
1652900,OVAL,0.7001953,VS2,L,EX,VG,VG,N,1112.06,7.5117188,4.890625,2.890625
1761838,OVAL,0.36010742,VS1,E,EX,EX,VG,N,1113.76,5.6601562,3.9394531,2.4492188
1798764,OVAL,0.30004883,VVS2,D,EX,VG,VG,N,1114.76,5.671875,3.6894531,2.2597656
1796049,OVAL,0.3100586,VS1,F,EX,EX,VG,N,1114.96,5.6601562,3.75,2.3105469
1786653,OVAL,0.30004883,VS2,D,EX,VG,GD,N,1032.64,5.3515625,3.7792969,2.3691406
1604154,OVAL,0.70996094,SI2,K,EX,EX,VG,N,1316.94,6.7695312,5.0390625,3.1601562
1623630,OVAL,0.5,SI2,E,EX,EX,VG,F,1318.52,6.390625,4.4882812,2.7207031
1572841,OVAL,0.5698242,SI2,FANCY,EX,VG,GD,F,1318.52,6.46875,4.3789062,2.6601562
1775454,OVAL,0.39990234,VVS2,E,EX,EX,VG,M,1318.88,6.4296875,4.0585938,2.4394531
1649048,OVAL,0.7001953,VS1,K,VG,VG,VG,M,1318.95,7.5390625,4.8007812,2.9296875
1763025,OVAL,0.39990234,VS2,E,EX,EX,GD,N,1318.96,5.859375,4.1015625,2.4609375
1736143,OVAL,0.42993164,VS1,D,EX,EX,VG,F,1319.05,5.9492188,4.4296875,2.6503906
1665998,OVAL,0.7998047,SI2,L,EX,EX,VG,F,1319.66,6.9804688,5.171875,3.2402344
Eco Diamond 440020262,OVAL,0.75,SI2,D,EX,EX,EX,N,1319.76,6.8085938,5.1289062,3.25
1746173,OVAL,0.39990234,VS1,E,EX,EX,VG,N,1320.33,5.8710938,4.171875,2.5507812
1742055,OVAL,0.39990234,VS2,F,EX,EX,VG,N,1320.36,6.4804688,4.1015625,2.3691406
1639776,OVAL,0.5,VVS2,J,EX,EX,VG,F,1320.99,6.390625,4.421875,2.7695312
1622654,OVAL,0.52001953,SI1,FANCY,EX,EX,VG,N,1321.3,6.1601562,4.1914062,2.6992188
1760748,OVAL,0.39990234,VS1,E,EX,VG,GD,N,1322.34,6.359375,4.0390625,2.4199219
1782987,OVAL,0.5,VS2,J,GD,EX,GD,N,1322.54,6.2617188,4.5117188,2.6796875
1634445,OVAL,0.5,VS1,I,GD,EX,VG,N,1307.12,5.8789062,4.4414062,2.8496094
1651528,OVAL,0.5,SI2,E,EX,VG,GD,F,1307.26,6.140625,4.4804688,2.8105469
1652986,OVAL,0.5,SI2,E,VG,EX,GD,F,1307.26,6.7304688,4.2109375,2.6601562
1666079,OVAL,0.5,SI1,G,VG,EX,VG,ST,1307.26,6.6914062,4.46875,2.5800781
1730777,OVAL,0.5,VS2,J,EX,EX,VG,N,1307.33,6.640625,4.421875,2.7207031
1651438,OVAL,0.5,VVS2,J,EX,EX,VG,F,1308.01,6.6601562,4.4296875,2.7402344
1755730,OVAL,0.5097656,SI2,I,EX,VG,VG,N,1308.57,6.1796875,4.5898438,2.890625
1657906,OVAL,0.5,VS2,J,EX,VG,VG,N,1308.87,6.8984375,4.359375,2.5800781
1781588,OVAL,0.5,SI1,J,EX,EX,VG,N,1308.94,6.1210938,4.53125,2.7792969
1800178,OVAL,0.52978516,SI2,I,EX,EX,VG,F,1309.02,6.8203125,4.328125,2.6894531
1791208,OVAL,0.39990234,VS2,D,EX,EX,GD,F,1309.45,6.28125,4.0195312,2.4707031
1768041,OVAL,0.5097656,SI1,J,EX,EX,VG,F,1311.2,6.46875,4.4101562,2.7597656
1628520,OVAL,0.5,SI1,E,EX,EX,VG,M,1311.55,6.0195312,4.4804688,2.7792969
1740799,OVAL,0.4099121,VS1,E,EX,VG,GD,N,1311.58,6.1992188,3.8496094,2.5800781
1659103,OVAL,0.5097656,SI1,I,EX,EX,EX,ST,1312.26,6.28125,4.5898438,2.7695312
1796029,OVAL,0.5,SI2,D,GD,VG,GD,M,1348.62,5.9609375,4.359375,2.8398438
1758290,OVAL,0.39990234,VS2,F,EX,VG,VG,N,1348.76,6.171875,4.1015625,2.5
1623636,OVAL,0.5,SI2,H,EX,EX,VG,N,1349.48,5.9882812,4.4492188,2.8007812
1781589,OVAL,0.5,SI1,J,EX,EX,VG,N,1349.58,6.7890625,4.28125,2.640625
1669705,OVAL,0.5,SI2,I,EX,VG,VG,N,1349.59,6.578125,4.328125,2.6699219
1769777,OVAL,0.5097656,SI1,I,EX,EX,VG,ST,1349.89,6.4882812,4.4882812,2.7207031
1628525,OVAL,0.5,SI1,H,VG,VG,VG,N,1350.35,5.9296875,4.4492188,2.8105469
1649139,OVAL,0.5800781,VS2,J,EX,VG,VG,ST,1350.78,7.25,4.6210938,2.7207031
1781599,OVAL,0.39990234,VS2,G,EX,EX,VG,N,1351.32,5.6601562,4.21875,2.609375
1800860,OVAL,0.5,SI2,H,EX,EX,VG,M,1352.05,6.78125,4.2617188,2.609375
1755737,OVAL,0.39990234,VS1,F,EX,VG,VG,N,1352.71,6.3984375,4.0507812,2.4394531
1628480,OVAL,0.64990234,VVS1,L,EX,EX,VG,N,1354.03,7.0703125,4.828125,2.9609375
1788085,OVAL,0.39990234,VS2,D,VG,EX,VG,F,1354.06,6.3085938,3.9609375,2.5
1642430,OVAL,0.7402344,VS2,M,EX,VG,VG,F,1354.08,7.8398438,4.9101562,2.9707031
1778701,OVAL,0.5,SI1,I,VG,EX,VG,N,1354.6,6.0390625,4.53125,2.7890625
1593844,OVAL,0.7998047,SI1,K,VG,EX,VG,F,1299.0,7.0390625,5.2382812,3.2890625
1547176,OVAL,0.5097656,SI2,E,EX,EX,VG,N,1299.08,6.578125,4.5117188,2.7207031
1779942,OVAL,0.39990234,VS1,E,EX,EX,VG,M,1299.34,6.2890625,4.0898438,2.4199219
1660361,OVAL,0.8100586,SI1,M,EX,VG,GD,M,1301.09,8.09375,5.25,3.0898438
1628538,OVAL,0.5,SI2,G,EX,EX,VG,N,1301.11,6.140625,4.46875,2.7890625
1756594,OVAL,0.39990234,VS1,E,EX,EX,VG,F,1301.98,5.71875,4.28125,2.609375
1744148,OVAL,0.39990234,VS2,F,EX,VG,VG,N,1302.04,5.828125,4.2617188,2.5507812
1767053,OVAL,0.4099121,SI1,E,EX,EX,VG,N,1302.6,6.3398438,4.0390625,2.4902344
1584659,OVAL,0.5,SI2,F,EX,VG,VG,N,1302.8,6.2109375,4.5898438,2.8398438
1796044,OVAL,0.32006836,IF,D,EX,EX,VG,M,1303.33,5.4492188,4.0195312,2.3398438
1748029,OVAL,0.39990234,VS1,E,VG,EX,VG,N,1303.38,5.8515625,4.1210938,2.5605469
1660428,OVAL,0.5097656,VS1,J,EX,VG,VG,N,1303.53,6.328125,4.4609375,2.8105469
1632969,OVAL,0.5,SI2,D,EX,EX,VG,M,1303.79,6.4492188,4.390625,2.6992188
1764029,OVAL,0.39990234,VS2,F,EX,EX,VG,N,1304.75,5.578125,4.1484375,2.6308594
1740802,OVAL,0.39990234,VS2,F,EX,VG,VG,N,1305.46,5.7617188,4.28125,2.5605469
1660472,OVAL,0.5,SI2,H,EX,EX,VG,N,1398.81,6.7695312,4.3710938,2.640625
1666053,OVAL,0.5,VS1,J,EX,EX,VG,N,1398.81,6.5195312,4.390625,2.6894531
1800858,OVAL,0.5,SI2,E,GD,EX,VG,N,1399.34,6.46875,4.21875,2.6601562
1750406,OVAL,0.45996094,VVS1,E,EX,EX,VG,ST,1400.08,5.9101562,4.3984375,2.7695312
1750381,OVAL,0.5,VS2,I,EX,EX,VG,M,1400.22,6.328125,4.5,2.6601562
1750411,OVAL,0.4099121,VS1,E,EX,VG,VG,N,1400.33,6.46875,4.140625,2.4492188
1628417,OVAL,0.8198242,VS1,M,EX,EX,VG,N,1400.63,7.25,5.3710938,3.2597656
1628531,OVAL,0.5097656,SI2,E,EX,EX,GD,N,1401.3,6.3007812,4.4296875,2.75
1654290,OVAL,0.5097656,VVS2,J,EX,EX,VG,N,1401.3,6.4414062,4.4296875,2.7304688
1602211,OVAL,0.5,SI1,F,EX,EX,VG,N,1401.35,6.1210938,4.5,2.7597656
1608703,OVAL,0.5,SI2,F,EX,EX,VG,N,1403.95,6.171875,4.46875,2.7402344
1657916,OVAL,0.5097656,SI2,H,EX,VG,VG,N,1404.0,6.8007812,4.3984375,2.6894531
1668365,OVAL,0.5097656,SI2,H,EX,EX,VG,N,1404.0,6.2304688,4.5507812,2.859375
1649157,OVAL,0.5,SI1,F,EX,VG,GD,F,1404.02,6.53125,4.4492188,2.6894531
1761996,OVAL,0.70996094,SI2,FANCY,EX,EX,VG,N,1404.71,6.4609375,4.78125,3.0097656
1651538,OVAL,0.5,SI2,H,EX,EX,VG,N,1322.72,6.0507812,4.5,2.7792969
1667376,OVAL,0.5,SI1,I,EX,EX,GD,N,1322.72,6.46875,4.359375,2.6308594
1755006,OVAL,0.4699707,VVS2,FANCY,EX,VG,FR,M,1323.73,5.7304688,4.2382812,2.640625
1796026,OVAL,0.5,SI1,J,EX,EX,VG,F,1324.17,6.359375,4.4609375,2.6992188
1782985,OVAL,0.5,VS2,I,VG,VG,GD,ST,1324.27,6.0898438,4.4296875,2.8300781
1785447,OVAL,0.39990234,VS2,E,VG,VG,GD,N,1324.32,6.21875,3.9394531,2.4707031
1660431,OVAL,0.64990234,VS1,L,EX,EX,VG,M,1324.67,6.9882812,4.859375,2.9003906
1789161,OVAL,0.5498047,VVS1,K,EX,EX,VG,N,1325.28,7.0,4.53125,2.7304688
1664659,OVAL,0.5,VS2,J,EX,EX,VG,N,1326.21,6.5195312,4.3789062,2.640625
1631426,OVAL,0.89990234,SI2,M,EX,EX,VG,ST,1326.26,7.3789062,5.4804688,3.4199219
1783939,OVAL,0.7001953,SI2,L,EX,EX,VG,F,1327.11,6.859375,5.0390625,3.0800781
1659104,OVAL,0.5097656,SI1,I,EX,EX,VG,N,1328.13,6.53125,4.390625,2.7109375
1664639,OVAL,0.8198242,SI2,M,EX,VG,GD,M,1328.32,8.1171875,5.1210938,3.1308594
1631517,OVAL,0.52978516,SI1,I,EX,EX,VG,N,1329.2,6.890625,4.4492188,2.6796875
1619805,OVAL,0.7001953,SI1,K,EX,VG,VG,F,1472.64,7.6992188,4.8203125,2.8496094
1774484,OVAL,0.5,SI1,G,EX,EX,VG,N,1647.77,6.5585938,4.328125,2.6796875
1775439,OVAL,0.5,SI1,G,EX,EX,VG,N,1647.77,6.6914062,4.3085938,2.6699219
Eco Diamond 425061075,OVAL,0.72998047,VS1,D,VG,VG,VG,N,1647.95,6.6796875,5.0898438,3.2109375
1765105,OVAL,0.5,SI1,D,EX,VG,GD,N,1650.29,6.6992188,4.2109375,2.6191406
1782949,OVAL,0.5,VS1,H,VG,EX,VG,F,1650.32,6.0898438,4.5195312,2.8007812
1636340,OVAL,0.5,VS2,H,EX,EX,VG,N,1650.38,6.328125,4.421875,2.6992188
1796006,OVAL,0.5,VS1,I,VG,VG,GD,N,1650.45,6.5117188,4.5507812,2.609375
1797421,OVAL,0.5498047,SI1,H,EX,EX,VG,M,1650.45,7.0195312,4.5507812,2.7109375
1565021,OVAL,0.58984375,VS1,D,EX,EX,VG,ST,1650.73,7.0585938,4.53125,2.8105469
1666093,OVAL,0.52978516,SI2,D,EX,VG,VG,F,1650.76,7.1015625,4.4804688,2.6796875
1781537,OVAL,0.5,VS1,I,EX,EX,GD,N,1651.2,6.671875,4.4296875,2.6191406
1671549,OVAL,0.89990234,SI2,L,EX,EX,VG,F,1651.44,7.28125,5.4296875,3.4199219
Eco Diamond 425061064,OVAL,0.7001953,VVS2,D,VG,EX,VG,N,1651.46,6.7695312,5.0585938,3.0800781
1800164,OVAL,0.5,VS2,F,VG,EX,GD,M,1652.03,6.2382812,4.4492188,2.7792969
1797392,OVAL,0.5,VS1,G,VG,EX,VG,ST,1652.03,6.390625,4.3398438,2.75
1643668,OVAL,0.5,VS2,F,EX,VG,VG,F,1785.3,6.8398438,4.328125,2.6191406
1782974,OVAL,0.5,VS2,G,VG,EX,GD,N,1785.49,6.8984375,4.3203125,2.5703125
1651875,OVAL,0.60009766,VVS1,FANCY,EX,EX,GD,F,1785.71,6.2382812,4.3203125,2.8398438
1779932,OVAL,0.5,SI1,D,EX,EX,VG,N,1786.33,6.0898438,4.5390625,2.8105469
1794655,OVAL,0.5,VS2,H,EX,EX,VG,N,1786.5,6.171875,4.5195312,2.8007812
1623618,OVAL,0.5,VS2,F,EX,VG,VG,N,1786.96,6.03125,4.46875,2.8203125
1621269,OVAL,0.5,VS2,D,EX,VG,VG,N,1787.99,6.9296875,4.3085938,2.5292969
1764023,OVAL,0.5,SI1,E,EX,EX,VG,N,1788.05,6.140625,4.578125,2.75
1774430,OVAL,0.5,VS1,D,EX,EX,GD,F,1788.16,6.3710938,4.3515625,2.7109375
1776473,OVAL,0.5,VS2,D,EX,VG,VG,M,1788.95,6.3710938,4.390625,2.7695312
1625142,OVAL,0.5,VS1,D,VG,VG,GD,N,1790.38,6.8710938,4.3789062,2.5898438
1777644,OVAL,0.5,VS2,G,EX,EX,VG,N,1790.56,6.1796875,4.4882812,2.7695312
1735615,OVAL,0.52978516,VS2,F,EX,EX,VG,N,1790.94,6.3398438,4.6289062,2.8203125
1651471,OVAL,0.5,VS2,D,VG,EX,VG,N,1791.38,6.25,4.390625,2.7402344
1782919,OVAL,0.5,VVS2,F,EX,EX,VG,M,1792.38,6.109375,4.53125,2.8203125
1651460,OVAL,0.60009766,VS1,J,EX,VG,VG,N,1746.29,7.53125,4.71875,2.7109375
1660433,OVAL,0.5,VS2,D,EX,EX,GD,N,1746.36,6.2382812,4.4609375,2.75
1800169,OVAL,0.5,SI1,D,VG,EX,VG,N,1746.62,6.0507812,4.4296875,2.8007812
1765751,OVAL,0.5,VS2,E,EX,EX,VG,M,1746.83,6.7109375,4.3398438,2.6796875
200377-46,OVAL,0.95996094,SI2,I,EX,VG,VG,N,1746.93,8.2109375,5.4296875,3.3496094
1656613,OVAL,0.5,SI1,D,EX,EX,EX,F,1747.15,6.140625,4.5390625,2.8007812
1671553,OVAL,0.5097656,VVS1,G,EX,EX,VG,M,1747.15,6.9882812,4.4101562,2.5605469
1666048,OVAL,0.52978516,VS1,F,EX,VG,VG,M,1747.93,6.6914062,4.4414062,2.7402344
1643628,OVAL,0.89990234,SI2,L,VG,EX,VG,M,1748.11,7.2382812,5.4804688,3.3691406
1649128,OVAL,0.5,VS2,F,EX,VG,GD,N,1748.16,6.5507812,4.3203125,2.6894531
1781513,OVAL,0.5,VS1,D,VG,EX,VG,M,1748.34,6.0507812,4.4101562,2.7890625
1794657,OVAL,0.5,VS2,H,EX,EX,GD,N,1748.41,6.03125,4.4296875,2.8203125
1800856,OVAL,0.5,SI2,D,EX,EX,GD,N,1748.41,6.5,4.390625,2.7402344
1742019,OVAL,0.5,VS2,F,EX,EX,VG,N,1748.47,6.7109375,4.21875,2.5996094
Eco Diamond LG200389,OVAL,0.70996094,VS1,D,VG,VG,VG,N,1749.07,7.3710938,5.1210938,2.9707031
1782948,OVAL,0.5,VS1,H,EX,EX,VG,N,1862.45,6.8007812,4.3203125,2.6699219
1796020,OVAL,0.5,SI1,E,EX,EX,VG,N,1862.48,6.4609375,4.3710938,2.6992188
1774467,OVAL,0.5,VS2,F,EX,EX,VG,N,1862.5,6.0117188,4.4882812,2.7890625
1775414,OVAL,0.58984375,VS1,D,EX,EX,EX,ST,1862.8,6.6015625,4.75,2.9199219
1763007,OVAL,0.5,VS2,D,EX,EX,VG,N,1863.44,6.171875,4.5390625,2.8007812
200700-662,OVAL,1.0,SI1,N,EX,EX,VG,M,1863.66,7.6210938,5.6796875,3.4902344
1652924,OVAL,0.52001953,VS1,F,EX,EX,VG,N,1864.54,6.4296875,4.5,2.7695312
1790099,OVAL,0.4699707,SI1,FANCY,EX,EX,VG,ST,1864.64,6.4414062,4.1210938,2.4003906
1668355,OVAL,0.5,VS2,D,VG,EX,VG,N,1864.73,6.3710938,4.3203125,2.75
1652946,OVAL,0.5,VS2,G,EX,EX,VG,N,1864.9,6.890625,4.2890625,2.5605469
1782960,OVAL,0.52001953,VS2,E,EX,EX,VG,M,1865.59,6.75,4.4609375,2.7402344
1781561,OVAL,0.5,VS2,G,EX,EX,VG,N,1865.76,6.078125,4.53125,2.8203125
1781563,OVAL,0.5,VS2,G,EX,EX,VG,N,1865.76,6.4414062,4.3710938,2.6992188
1781560,OVAL,0.5,VS2,G,EX,EX,VG,N,1865.76,6.1210938,4.5195312,2.8007812
1782909,OVAL,0.5,VVS1,G,EX,EX,VG,N,1865.9,6.2695312,4.5195312,2.7597656
1800172,OVAL,0.5498047,SI1,G,EX,EX,VG,N,1658.89,6.4804688,4.5,2.8300781
1744076,OVAL,0.5,VS1,H,VG,VG,VG,N,1659.65,6.1914062,4.3789062,2.7890625
1769766,OVAL,0.5,VS2,F,VG,EX,GD,N,1659.72,6.0117188,4.4296875,2.8300781
1783940,OVAL,0.5,VS1,I,EX,EX,VG,F,1660.49,6.6992188,4.4492188,2.6308594
1628512,OVAL,0.5,SI1,D,EX,EX,VG,N,1660.7,6.3007812,4.4804688,2.7695312
Eco Diamond LG200386,OVAL,0.7001953,VVS2,E,VG,GD,GD,N,1661.81,6.6484375,4.9296875,3.1894531
1632891,OVAL,0.7998047,SI1,K,EX,EX,VG,N,1662.61,7.1796875,5.3007812,3.2695312
1646207,OVAL,0.52978516,VS2,H,EX,VG,VG,N,1662.66,6.8515625,4.5585938,2.6894531
1643677,OVAL,0.5097656,SI1,F,EX,EX,EX,N,1663.21,6.7890625,4.4609375,2.6601562
1639820,OVAL,0.5,SI1,G,EX,EX,VG,N,1663.45,6.6601562,4.3515625,2.7304688
1785435,OVAL,0.5097656,SI2,F,EX,VG,VG,N,1663.6,6.8710938,4.3984375,2.6601562
1758278,OVAL,0.5,VS2,H,EX,EX,VG,N,1663.86,6.25,4.4882812,2.7792969
1660444,OVAL,0.52001953,SI1,E,EX,VG,VG,N,1663.87,6.96875,4.3984375,2.7207031
1639761,OVAL,0.7001953,SI1,K,EX,EX,VG,N,1663.96,6.8398438,5.0585938,3.1308594
1794604,OVAL,0.52001953,VVS1,H,EX,EX,EX,ST,1664.14,6.7382812,4.4101562,2.7109375
1781492,OVAL,0.7001953,SI1,J,GD,EX,GD,N,1758.85,6.4296875,4.8398438,3.1308594
1781577,OVAL,0.5,SI1,D,EX,VG,GD,N,1760.14,6.359375,4.4804688,2.7304688
202217-99,OVAL,1.0,I1,L,VG,VG,GD,F,1760.6,8.328125,5.3515625,3.4003906
1748013,OVAL,0.5,SI1,D,EX,EX,EX,N,1760.98,6.171875,4.5,2.7402344
1765093,OVAL,0.89990234,SI2,M,EX,VG,VG,N,1761.66,8.0078125,5.1914062,3.1894531
1776493,OVAL,0.5,VS2,G,EX,EX,VG,N,1761.83,6.0703125,4.5,2.8007812
1639795,OVAL,0.5,VS2,G,EX,EX,VG,N,1761.9,6.921875,4.3710938,2.5195312
1768031,OVAL,0.5097656,VVS2,F,EX,EX,VG,M,1761.98,6.1210938,4.5507812,2.8007812
1762978,OVAL,0.7001953,VS1,K,EX,EX,VG,ST,1763.52,7.078125,4.96875,3.0898438
1777651,OVAL,0.5498047,SI1,D,EX,EX,VG,M,1765.71,6.3789062,4.6796875,2.859375
1660443,OVAL,0.5,SI1,D,EX,EX,VG,F,1766.17,6.578125,4.5,2.6796875
1786635,OVAL,0.5,SI1,F,EX,EX,VG,N,1767.01,6.0703125,4.4492188,2.8007812
1785429,OVAL,0.5,SI1,F,EX,VG,VG,N,1767.01,6.7304688,4.2890625,2.6503906
1589628,OVAL,0.7998047,SI1,K,EX,EX,VG,F,1767.73,7.3085938,5.1289062,3.2304688
1659084,OVAL,0.5,VS2,D,EX,VG,GD,N,1768.87,6.4414062,4.6210938,2.6894531
Eco Diamond LG200344,OVAL,0.70996094,VVS1,E,VG,VG,VG,N,1798.29,6.8515625,5.0898438,3.0507812
1798738,OVAL,0.5097656,VVS1,I,EX,EX,VG,N,1799.02,6.578125,4.3789062,2.6894531
1781502,OVAL,0.52978516,VVS1,I,EX,EX,VG,N,1799.78,6.578125,4.5195312,2.7792969
1790091,OVAL,0.5,VVS2,FANCY,EX,VG,GD,M,1799.85,5.6601562,4.1914062,2.5898438
1790094,OVAL,0.5,VS1,FANCY,EX,VG,GD,M,1799.85,5.8007812,4.21875,2.7695312
1750384,OVAL,0.5,SI1,D,EX,EX,VG,N,1799.85,6.2304688,4.4296875,2.7597656
1791196,OVAL,0.5,SI1,D,EX,EX,VG,N,1799.85,6.75,4.25,2.5996094
1786623,OVAL,0.5,VS1,H,EX,EX,VG,N,1799.99,6.0,4.46875,2.8203125
203221-1605,OVAL,1.0,SI1,FANCY,EX,EX,GD,F,1800.49,7.1601562,5.2617188,3.4609375
210014-983,OVAL,1.0,SI1,U-V,VG,EX,VG,N,1800.49,8.2578125,5.2890625,3.0292969
1664650,OVAL,0.7001953,SI2,J,EX,EX,VG,M,1800.58,7.390625,4.9882812,2.9707031
1636330,OVAL,0.5,VS1,H,EX,EX,VG,N,1800.75,6.3203125,4.3710938,2.6992188
1765734,OVAL,0.5,VS1,F,VG,EX,VG,N,1800.9,6.0,4.5117188,2.8808594
1647353,OVAL,0.5,VS2,E,VG,EX,VG,N,1800.96,6.0390625,4.5390625,2.7792969
1666050,OVAL,0.5,VS1,F,VG,VG,GD,N,1800.96,6.71875,4.2382812,2.6699219
1642407,OVAL,0.89990234,SI2,K,EX,GD,GD,F,1727.67,7.6914062,5.609375,3.3105469
1639810,OVAL,0.5,SI1,D,EX,EX,VG,N,1728.14,6.3789062,4.390625,2.7109375
1761819,OVAL,0.41992188,VVS1,E,EX,EX,VG,N,1728.58,6.2695312,4.1601562,2.5507812
1760734,OVAL,0.5,VS2,G,VG,EX,VG,F,1728.87,6.828125,4.4296875,2.6191406
1744078,OVAL,0.5,VS1,H,EX,EX,VG,N,1729.82,6.640625,4.3984375,2.7207031
1760682,OVAL,0.5,VVS1,I,EX,EX,VG,N,1729.82,6.5117188,4.3085938,2.6601562
1781519,OVAL,0.5,VS1,E,GD,EX,VG,F,1729.88,5.8203125,4.3984375,2.9003906
1744047,OVAL,0.52978516,VVS1,H,EX,EX,VG,M,1730.02,7.0703125,4.5507812,2.6699219
1760726,OVAL,0.5,VS2,E,EX,VG,VG,F,1730.63,6.5507812,4.328125,2.6796875
1800159,OVAL,0.5,VS1,H,VG,EX,VG,F,1730.63,6.609375,4.359375,2.6699219
1794637,OVAL,0.5,VS1,H,EX,EX,VG,F,1730.63,6.328125,4.4414062,2.7207031
1667314,OVAL,0.8100586,SI2,L,EX,EX,EX,N,1731.02,7.8203125,5.1484375,3.1308594
200588-8,OVAL,1.1699219,I2,FANCY,EX,EX,VG,F,1731.04,7.7304688,5.3789062,3.5507812
1744048,OVAL,0.5,VVS1,H,EX,EX,VG,N,1731.54,6.828125,4.4414062,2.6191406
1785423,OVAL,0.5,VS2,F,VG,EX,GD,N,1731.56,5.9296875,4.4609375,2.8203125
1659098,OVAL,0.5,SI1,E,EX,EX,VG,N,1749.78,6.609375,4.3984375,2.6894531
1776510,OVAL,0.48999023,VS2,E,VG,EX,VG,N,1749.91,6.0195312,4.4804688,2.8105469
212115-243,OVAL,1.0,SI2,M,VG,EX,GD,F,1750.19,7.8710938,5.4804688,3.4101562
1761806,OVAL,0.5698242,SI1,E,EX,EX,EX,N,1750.21,7.1289062,4.5117188,2.7695312
1796003,OVAL,0.5,VS1,D,VG,EX,VG,M,1750.96,6.1289062,4.5898438,2.7304688
1796002,OVAL,0.5,VS1,D,VG,EX,VG,M,1750.96,5.9609375,4.390625,2.7890625
1781542,OVAL,0.5,VS2,D,GD,EX,VG,F,1750.96,6.8203125,4.359375,2.6191406
200650-752,OVAL,1.0097656,SI1,U-V,EX,EX,VG,N,1751.36,7.390625,5.25,3.3398438
1659094,OVAL,0.5097656,SI1,D,EX,EX,VG,F,1751.37,6.4804688,4.4609375,2.7109375
1643669,OVAL,0.5,VS2,F,EX,EX,VG,N,1751.48,6.109375,4.5117188,2.8105469
1775430,OVAL,0.52001953,SI1,F,EX,EX,VG,N,1752.06,6.7695312,4.4296875,2.7402344
1652918,OVAL,0.5,VVS1,E,EX,EX,VG,ST,1752.51,6.6210938,4.5117188,2.6699219
1781557,OVAL,0.5,VS2,F,VG,VG,GD,N,1752.65,6.0585938,4.46875,2.8398438
1651522,OVAL,0.58984375,SI2,D,EX,EX,VG,N,1752.72,6.7382812,4.6992188,2.9296875
1750399,OVAL,0.58984375,SI2,D,EX,VG,VG,M,1752.99,6.53125,4.7695312,2.9199219
1789165,OVAL,0.5097656,VVS2,I,EX,EX,GD,N,1672.34,6.6210938,4.390625,2.7109375
1630161,OVAL,0.5498047,VVS2,FANCY,EX,VG,GD,N,1672.38,5.8984375,4.2617188,2.7597656
Eco Diamond LG200345,OVAL,0.70996094,VS1,E,VG,VG,VG,N,1672.44,6.8789062,5.1015625,3.25
1782997,OVAL,0.5498047,SI2,H,EX,EX,VG,N,1672.8,7.0,4.4882812,2.7109375
210451-383,OVAL,1.0,SI2,L,EX,VG,GD,N,1673.86,7.859375,5.4804688,3.4707031
1660417,OVAL,0.5,VS1,D,EX,VG,VG,ST,1674.71,6.3984375,4.3984375,2.7109375
1768040,OVAL,0.5,SI1,F,EX,EX,VG,N,1675.74,6.359375,4.4101562,2.7695312
1755650,OVAL,0.89990234,SI2,M,EX,EX,VG,F,1676.48,7.9804688,5.2695312,3.2792969
1788071,OVAL,0.5,SI1,D,EX,VG,GD,F,1678.17,6.1484375,4.3515625,2.7402344
1800845,OVAL,0.5,VS2,I,EX,EX,VG,F,1678.29,6.6289062,4.421875,2.6894531
1794647,OVAL,0.5097656,VS2,F,EX,EX,VG,ST,1678.31,6.1289062,4.5703125,2.8691406
1760722,OVAL,0.5,VS1,I,EX,EX,VG,N,1678.34,6.9492188,4.4101562,2.5703125
1776456,OVAL,0.5,VS1,G,EX,EX,VG,M,1679.05,6.078125,4.5195312,2.8300781
1751925,OVAL,0.58984375,VS1,I,EX,VG,VG,F,1679.18,6.9296875,4.5585938,2.8203125
1775431,OVAL,0.5,SI1,F,EX,EX,VG,N,1680.01,6.6601562,4.421875,2.7109375
1774470,OVAL,0.5,VS2,G,EX,EX,VG,N,1876.75,6.7304688,4.4609375,2.6191406
Eco Diamond LG200390,OVAL,0.7597656,VS1,D,VG,VG,VG,N,1876.87,7.578125,5.2695312,3.0390625
1782978,OVAL,0.52001953,VS2,H,EX,EX,VG,N,1876.96,6.9804688,4.4101562,2.6503906
1745237,OVAL,0.5,VS1,D,EX,VG,GD,N,1877.74,5.9804688,4.4609375,2.8398438
1776421,OVAL,0.58984375,VVS1,G,EX,EX,VG,M,1878.64,7.2304688,4.6796875,2.7402344
1776455,OVAL,0.5,VS1,G,EX,EX,VG,N,1879.42,6.1601562,4.5,2.7695312
1793281,OVAL,0.52001953,SI1,D,EX,EX,VG,N,1879.42,6.328125,4.5117188,2.7402344
1758271,OVAL,0.5,VS1,F,EX,EX,VG,N,1879.45,6.578125,4.328125,2.6699219
1651389,OVAL,0.7001953,VVS2,J,EX,VG,VG,N,1879.49,6.8710938,5.0507812,3.109375
1649120,OVAL,0.5097656,VS2,D,EX,VG,VG,N,1880.29,6.859375,4.46875,2.6191406
1777638,OVAL,0.54003906,VS2,F,EX,VG,GD,N,1880.29,6.3007812,4.671875,2.859375
210050-160,OVAL,1.0097656,SI1,N,EX,EX,VG,M,1880.65,7.5507812,5.6015625,3.5292969
1789180,OVAL,0.5,VS2,G,EX,VG,VG,N,1880.97,6.5585938,4.4414062,2.6191406
1765731,OVAL,0.5,VS1,E,VG,EX,VG,N,1881.82,5.8984375,4.3710938,2.8105469
1751917,OVAL,0.5,VVS2,H,EX,EX,EX,N,1881.82,6.140625,4.4101562,2.7792969
1753006,OVAL,0.5,VS2,E,EX,EX,VG,M,1596.26,6.9804688,4.3710938,2.5507812
1626463,OVAL,0.5,SI1,D,EX,EX,GD,N,1596.73,5.9609375,4.4492188,2.7792969
1621280,OVAL,0.5,SI1,F,EX,EX,EX,N,1596.87,6.0,4.4804688,2.8105469
1777655,OVAL,0.5,SI2,F,EX,EX,VG,N,1597.9,6.2890625,4.4492188,2.75
1798740,OVAL,0.5,VVS2,J,EX,EX,VG,N,1597.9,6.9609375,4.4101562,2.5605469
1793275,OVAL,0.7597656,SI2,K,EX,EX,VG,ST,1598.08,7.75,5.0703125,2.9902344
1651478,OVAL,0.52001953,VS2,G,EX,EX,VG,ST,1598.32,6.53125,4.6015625,2.7207031
1642476,OVAL,0.5,SI1,E,EX,EX,VG,N,1598.46,6.1015625,4.5195312,2.8398438
1631511,OVAL,0.5,SI1,F,EX,EX,VG,N,1598.58,6.5507812,4.359375,2.6894531
1783946,OVAL,0.5600586,SI1,G,EX,EX,VG,N,1598.64,6.921875,4.5507812,2.8007812
210318-45,OVAL,1.0,SI2,L,EX,EX,EX,F,1599.11,7.7617188,5.5507812,3.4804688
1774486,OVAL,0.5600586,SI1,I,EX,EX,VG,N,1599.59,7.1601562,4.5898438,2.6503906
1621279,OVAL,0.5097656,SI1,E,EX,EX,EX,N,1600.6,6.2617188,4.53125,2.8300781
1641007,OVAL,0.5,VS1,H,EX,EX,GD,N,1601.05,6.5703125,4.3203125,2.6601562
1628516,OVAL,0.5,SI1,D,VG,EX,VG,N,1601.05,5.96875,4.4804688,2.859375
1651363,OVAL,0.7998047,VS1,K,VG,EX,VG,M,1801.06,6.9882812,5.1914062,3.25
1744087,OVAL,0.5,VS2,E,EX,EX,VG,N,1801.59,6.8203125,4.3984375,2.5800781
1776448,OVAL,0.5,VS1,F,EX,EX,VG,M,1801.61,6.3007812,4.6484375,2.7890625
1781530,OVAL,0.5,VS1,G,VG,EX,VG,N,1801.64,5.9882812,4.4492188,2.8007812
200793-948,OVAL,0.95996094,SI2,M,EX,EX,VG,F,1801.69,7.578125,5.609375,3.4101562
210066-144,OVAL,1.0,I1,L,VG,EX,VG,ST,1802.15,7.4804688,5.578125,3.5507812
1800395,OVAL,0.58984375,VS1,FANCY,EX,VG,GD,N,1804.73,6.46875,4.3515625,2.5898438
1776420,OVAL,0.5,VVS1,F,EX,EX,VG,M,1804.92,6.3789062,4.4609375,2.7890625
1779933,OVAL,0.5,SI1,D,EX,EX,VG,N,1805.77,6.4101562,4.3710938,2.7402344
1794658,OVAL,0.5,SI1,E,EX,EX,VG,N,1805.93,6.4101562,4.3984375,2.7109375
1607122,OVAL,0.58984375,VVS2,H,EX,EX,VG,N,1806.81,6.8515625,4.7304688,2.7792969
1765744,OVAL,0.52978516,VS1,H,EX,EX,VG,F,1807.95,6.4609375,4.5117188,2.8300781
1667372,OVAL,0.5,SI1,D,EX,EX,VG,N,1808.53,6.9609375,4.3789062,2.5605469
200659-417,OVAL,1.0097656,SI2,L,EX,VG,VG,ST,1810.48,8.328125,5.5390625,3.3808594
1693401,OVAL,0.5,VS2,G,EX,VG,VG,N,1810.84,6.3398438,4.4296875,2.7402344
1667380,OVAL,0.64990234,SI2,G,EX,VG,VG,N,1854.18,7.1484375,4.75,2.9296875
1631435,OVAL,0.7998047,VS2,L,EX,EX,VG,N,1854.92,7.3515625,5.171875,3.2207031
1754929,OVAL,0.5,VVS2,D,EX,EX,VG,F,1854.94,5.9414062,4.4296875,2.7890625
1782913,OVAL,0.5498047,VVS2,D,EX,EX,EX,ST,1855.11,6.8007812,4.5507812,2.7792969
1781558,OVAL,0.5,VS2,F,EX,VG,GD,N,1858.32,6.1601562,4.4609375,2.7792969
1781556,OVAL,0.5,VS2,F,VG,VG,VG,N,1858.32,6.53125,4.4492188,2.6699219
1785340,OVAL,0.89990234,SI2,M,EX,EX,VG,N,1859.0,8.296875,5.2890625,3.109375
1786593,OVAL,0.89990234,SI2,N,EX,EX,VG,N,1859.0,7.8085938,5.3984375,3.4101562
1772637,OVAL,0.5,VS2,D,VG,EX,VG,F,1860.74,6.1992188,4.3984375,2.7695312
1647347,OVAL,0.7001953,SI2,J,EX,EX,VG,N,1861.1,7.1601562,4.9296875,3.0390625
1659082,OVAL,0.5,VS2,D,EX,VG,VG,N,1861.34,6.53125,4.3984375,2.7207031
203202-327,OVAL,0.95996094,SI2,L,VG,VG,GD,N,1861.46,8.2421875,5.4804688,3.1601562
1782926,OVAL,0.5,VVS2,I,EX,EX,EX,N,1861.7,6.5507812,4.359375,2.6894531
1743142,OVAL,0.52978516,VS2,D,EX,EX,VG,N,1861.7,6.78125,4.4609375,2.7597656
1781533,OVAL,0.5,VS1,H,EX,EX,VG,N,1862.45,6.8710938,4.4492188,2.5996094
1751934,OVAL,0.5,SI1,D,EX,EX,VG,N,1739.86,6.2695312,4.3710938,2.6992188
1761784,OVAL,0.7001953,SI2,K,EX,EX,VG,N,1739.94,6.9101562,5.0898438,3.140625
1740761,OVAL,0.7001953,SI1,I,EX,EX,VG,N,1739.96,7.2304688,4.9414062,3.0703125
1643658,OVAL,0.58984375,VVS2,G,EX,EX,GD,ST,1740.29,7.1289062,4.5507812,2.7890625
1781535,OVAL,0.52001953,VS1,I,EX,EX,VG,N,1740.65,6.3085938,4.4804688,2.8007812
1742028,OVAL,0.5,SI1,D,EX,EX,VG,N,1740.7,6.1210938,4.5585938,2.8398438
Eco Diamond 444074120,OVAL,0.89990234,SI2,D,EX,EX,VG,N,1740.96,7.4296875,5.609375,3.3300781
1789160,OVAL,0.5,VVS1,H,EX,EX,VG,F,1741.58,6.5195312,4.5117188,2.6503906
1748007,OVAL,0.5,VS2,F,EX,EX,VG,N,1742.54,6.7890625,4.3984375,2.5507812
1782982,OVAL,0.5,VS2,H,EX,VG,EX,N,1743.35,6.140625,4.578125,2.859375
1754940,OVAL,0.5,VS2,D,VG,EX,GD,N,1743.37,6.0703125,4.5117188,2.8007812
1659096,OVAL,0.5,SI1,D,EX,EX,VG,N,1744.56,6.3398438,4.4296875,2.7597656
1772640,OVAL,0.5,SI1,D,EX,EX,VG,N,1744.93,6.4101562,4.53125,2.7109375
1763006,OVAL,0.5,VS1,G,EX,EX,VG,F,1744.96,6.140625,4.609375,2.8007812
1641009,OVAL,0.5,VS2,D,EX,EX,VG,N,1745.63,6.4492188,4.5,2.7402344
1646233,OVAL,0.58984375,SI2,G,EX,VG,VG,N,1619.99,7.2695312,4.578125,2.8105469
1628514,OVAL,0.5,SI1,D,EX,EX,VG,N,1620.07,6.4804688,4.4296875,2.75
1785437,OVAL,0.5,SI2,F,EX,EX,VG,N,1620.71,5.9882812,4.46875,2.7695312
1600138,OVAL,0.5,VS1,E,EX,VG,VG,M,1620.97,6.4882812,4.328125,2.6699219
1721388,OVAL,0.7998047,SI2,FANCY,EX,EX,VG,F,1621.05,6.5507812,4.8515625,3.1894531
1666097,OVAL,0.64990234,SI2,I,EX,EX,VG,M,1621.42,7.3085938,4.7304688,2.9394531
1794664,OVAL,0.4099121,VVS1,E,EX,EX,EX,F,1621.94,6.5507812,4.1289062,2.4199219
1755720,OVAL,0.5498047,SI1,H,EX,EX,VG,N,1622.57,6.75,4.4492188,2.7890625
1798743,OVAL,0.5,VS1,D,EX,EX,VG,VS,1622.6,6.078125,4.5,2.7890625
1636327,OVAL,0.5,VS1,E,EX,EX,VG,ST,1622.67,6.640625,4.5117188,2.6894531
1631508,OVAL,0.5,SI1,D,EX,EX,VG,N,1622.67,6.4804688,4.4101562,2.7402344
Eco Diamond 440020249,OVAL,0.8300781,SI1,D,EX,EX,VG,N,1623.38,7.4296875,5.3515625,3.1894531
1781581,OVAL,0.5,SI1,F,EX,VG,GD,N,1624.24,6.6992188,4.3007812,2.640625
1788073,OVAL,0.5,SI1,F,VG,VG,GD,N,1624.24,6.109375,4.5390625,2.7890625
1782992,OVAL,0.5,SI1,F,EX,EX,GD,N,1624.24,6.2382812,4.6484375,2.7304688
1663369,OVAL,0.7001953,SI2,K,EX,EX,VG,N,1680.88,7.7617188,4.859375,2.8007812
1667371,OVAL,0.5,SI1,D,EX,EX,VG,N,1681.45,6.71875,4.4804688,2.6699219
1656620,OVAL,0.5,SI1,G,EX,EX,VG,N,1681.61,6.1914062,4.4804688,2.8105469
1750388,OVAL,0.5,SI1,E,EX,VG,VG,N,1682.51,6.0898438,4.4882812,2.8398438
1786634,OVAL,0.5,SI1,E,EX,VG,VG,N,1682.51,6.2304688,4.5117188,2.8203125
1776494,OVAL,0.5,VS2,H,EX,VG,GD,N,1682.51,6.7304688,4.4101562,2.6191406
1752977,OVAL,0.7998047,VVS1,M,EX,EX,VG,M,1683.29,8.046875,5.140625,3.0605469
1774451,OVAL,0.5,VS1,H,EX,EX,VG,F,1683.38,6.75,4.4804688,2.6191406
1765726,OVAL,0.5,VVS2,G,VG,EX,VG,F,1684.09,6.0117188,4.4492188,2.8398438
1778699,OVAL,0.5,VS2,H,EX,EX,VG,F,1684.27,6.8398438,4.4296875,2.5996094
1774449,OVAL,0.5,VS1,G,VG,EX,GD,N,1684.98,6.1015625,4.5390625,2.8105469
1622653,OVAL,0.5,SI1,FANCY,EX,EX,VG,ST,1685.78,6.0898438,4.3203125,2.5097656
1659095,OVAL,0.5097656,SI1,D,EX,EX,GD,N,1686.12,6.1601562,4.578125,2.7695312
1781538,OVAL,0.5,VS1,I,EX,EX,VG,N,1686.7,6.640625,4.3515625,2.6894531
1749227,OVAL,0.5,SI1,E,EX,EX,VG,N,1686.79,6.21875,4.5507812,2.8496094
1778634,OVAL,0.89990234,SI1,M,VG,VG,GD,F,1691.88,8.1015625,5.3007812,3.140625
1760701,OVAL,0.5,VS1,E,EX,EX,VG,M,1691.91,5.96875,4.4492188,2.7792969
1761815,OVAL,0.58984375,SI2,D,EX,VG,VG,N,1692.21,6.421875,4.78125,2.9394531
1777643,OVAL,0.5,VS2,G,VG,VG,VG,N,1693.38,5.9492188,4.4296875,2.8105469
1777641,OVAL,0.5,VS2,G,VG,VG,GD,N,1693.38,6.1796875,4.5117188,2.8300781
1663391,OVAL,0.52978516,SI1,D,EX,EX,VG,M,1693.78,7.0507812,4.4414062,2.6992188
1797423,OVAL,0.41992188,IF,E,EX,EX,VG,N,1695.27,6.25,4.1210938,2.5507812
1794639,OVAL,0.5097656,VS1,I,EX,VG,GD,N,1695.66,7.0117188,4.421875,2.609375
1785430,OVAL,0.5,SI1,F,EX,EX,VG,N,1696.0,6.609375,4.390625,2.6992188
1785401,OVAL,0.5498047,VVS2,J,EX,EX,VG,N,1696.0,7.1796875,4.5507812,2.640625
1745228,OVAL,0.7001953,SI1,K,EX,VG,VG,F,1696.13,6.8203125,4.9882812,3.0703125
1651514,OVAL,0.52001953,SI1,G,EX,EX,VG,N,1697.27,6.859375,4.4492188,2.7207031
1775434,OVAL,0.5,SI1,F,EX,VG,VG,N,1697.67,6.28125,4.328125,2.7207031
1667329,OVAL,0.7001953,VS2,K,EX,EX,VG,F,1697.79,6.78125,5.0390625,3.1503906
1649179,OVAL,0.64990234,SI2,H,EX,EX,VG,N,1697.93,6.609375,4.8515625,2.9804688
1776492,OVAL,0.5,VS2,G,EX,EX,EX,N,1819.29,6.21875,4.578125,2.7890625
1785412,OVAL,0.60009766,VS1,J,EX,EX,VG,N,1819.56,7.0390625,4.6601562,2.859375
1660440,OVAL,0.60009766,VS2,H,VG,EX,VG,F,1820.01,6.46875,4.671875,2.9394531
201200-38,OVAL,1.2001953,SI2,U-V,EX,EX,EX,N,1820.77,8.0625,6.0195312,3.7890625
1781544,OVAL,0.5,VS2,D,VG,EX,GD,F,1822.02,6.71875,4.3203125,2.6699219
1781545,OVAL,0.5,VS2,D,EX,VG,GD,F,1822.02,6.7617188,4.2382812,2.6601562
1781547,OVAL,0.5,VS2,D,EX,VG,GD,F,1822.02,6.6601562,4.2304688,2.640625
1796021,OVAL,0.5498047,SI1,F,EX,EX,VG,F,1822.6,7.2382812,4.53125,2.609375
1798751,OVAL,0.5498047,VS1,I,EX,EX,GD,N,1822.6,6.9804688,4.4492188,2.640625
1797390,OVAL,0.5,VS1,F,EX,EX,GD,F,1822.67,6.0703125,4.4882812,2.75
1769773,OVAL,0.5,SI1,D,EX,EX,EX,F,1822.67,5.9882812,4.4804688,2.8105469
1794656,OVAL,0.5,VS2,H,EX,EX,VG,N,1824.39,6.640625,4.2617188,2.6796875
1659075,OVAL,0.5,VS1,F,EX,VG,VG,N,1954.7,6.0585938,4.4492188,2.8007812
1765750,OVAL,0.5097656,VS2,E,EX,EX,VG,N,1955.13,6.109375,4.4882812,2.8105469
203202-340,OVAL,1.2001953,SI2,N,EX,VG,GD,F,1956.73,9.1796875,5.9492188,3.4902344
1770409,OVAL,0.5,VS2,D,EX,EX,VG,N,1957.05,6.0390625,4.5,2.8105469
1772636,OVAL,0.5,VS2,D,EX,EX,VG,N,1957.05,6.2304688,4.421875,2.7597656
1782924,OVAL,0.5,VVS2,H,EX,EX,VG,N,1957.87,6.25,4.4414062,2.8007812
1636332,OVAL,0.5097656,VS2,D,EX,EX,EX,N,1959.54,6.1914062,4.578125,2.8203125
200683-170,OVAL,1.0097656,SI2,O,VG,VG,VG,N,1959.57,7.8515625,5.0117188,3.3105469
1669702,OVAL,0.5,VS2,D,EX,VG,EX,N,1959.86,6.609375,4.3710938,2.7304688
1656602,OVAL,0.5,VS2,F,EX,EX,VG,N,1959.99,6.46875,4.4296875,2.7304688
1667353,OVAL,0.5,VVS1,D,EX,EX,VG,F,1960.06,6.1601562,4.578125,2.8105469
1647346,OVAL,0.70996094,SI2,J,EX,EX,VG,N,1960.08,7.6289062,4.7695312,3.0097656
1785420,OVAL,0.5,VS2,E,EX,EX,VG,N,1960.6,6.0898438,4.5117188,2.7792969
1789177,OVAL,0.5,VS2,E,EX,EX,VG,N,1960.6,6.21875,4.3984375,2.7304688
1747128,OVAL,0.72021484,VS1,K,EX,VG,VG,M,1961.21,7.6210938,4.7695312,2.9804688
1785405,OVAL,0.5,VS1,D,EX,EX,VG,F,2024.7,6.171875,4.5703125,2.7695312
1777629,OVAL,0.64990234,VS1,I,EX,VG,GD,N,2025.35,7.6015625,4.8085938,2.7890625
1622635,OVAL,0.77001953,VVS2,FANCY,EX,EX,GD,F,2025.94,6.6796875,4.921875,3.0605469
1783938,OVAL,0.75,SI2,J,EX,VG,VG,ST,2026.45,7.1914062,5.3398438,3.1308594
1660416,OVAL,0.5097656,VS1,D,EX,EX,VG,N,2026.66,6.1015625,4.5195312,2.8496094
1794625,OVAL,0.5600586,VS1,F,EX,VG,VG,M,2027.32,7.2617188,4.578125,2.6699219
1643660,OVAL,0.52978516,VS1,F,EX,EX,VG,N,2027.41,6.7695312,4.46875,2.7109375
1763002,OVAL,0.5,VVS2,F,EX,VG,VG,N,2028.12,6.0390625,4.5117188,2.8300781
1796244,OVAL,0.5097656,IF,FANCY,EX,EX,GD,F,2028.19,6.2617188,4.21875,2.4492188
1649097,OVAL,0.5,VS1,D,EX,EX,VG,N,2028.98,6.75,4.421875,2.6894531
1748003,OVAL,0.5,VS1,D,EX,EX,VG,N,2030.72,6.6289062,4.3398438,2.6308594
1660435,OVAL,0.58984375,VS2,F,EX,EX,VG,N,2031.18,6.890625,4.53125,2.8398438
1794629,OVAL,0.5,VS1,F,EX,EX,VG,N,2031.58,6.6484375,4.3789062,2.6796875
1605276,OVAL,0.7001953,SI2,I,EX,EX,VG,N,2031.8,7.5195312,4.9609375,2.9394531
1663377,OVAL,0.5097656,VS1,F,EX,EX,VG,N,2031.82,6.9882812,4.421875,2.5800781
1781529,OVAL,0.52001953,VS1,G,EX,EX,VG,N,1968.26,6.25,4.640625,2.859375
1782946,OVAL,0.5,VS1,G,EX,VG,VG,N,1969.05,6.578125,4.3710938,2.6894531
1781766,OVAL,0.4099121,VS1,FANCY,EX,EX,GD,F,1969.78,5.109375,3.7695312,2.5507812
1774459,OVAL,0.5097656,VS2,E,EX,EX,VG,N,1970.49,6.8710938,4.3515625,2.640625
1779926,OVAL,0.5,VS2,D,EX,EX,VG,N,1970.78,6.28125,4.5703125,2.8105469
1771521,OVAL,0.58984375,SI1,F,EX,EX,VG,N,1971.37,7.0117188,4.53125,2.7890625
1794624,OVAL,0.5,VS1,E,EX,EX,VG,N,1972.25,6.1914062,4.5585938,2.7597656
1779913,OVAL,0.72021484,SI1,K,EX,EX,VG,N,1972.37,7.21875,5.1289062,3.1191406
1765736,OVAL,0.5,VS1,F,EX,EX,VG,N,1972.43,6.2109375,4.5390625,2.7695312
1776486,OVAL,0.5,VS2,F,EX,EX,VG,N,1973.23,6.6914062,4.4296875,2.6191406
1660441,OVAL,0.60009766,SI1,D,VG,EX,VG,M,1973.48,6.359375,4.7695312,3.0292969
1667363,OVAL,0.5,VS2,F,EX,VG,VG,N,1973.69,6.8007812,4.359375,2.6601562
1628483,OVAL,0.5097656,VS1,D,EX,EX,VG,N,1974.55,6.1796875,4.53125,2.7597656
1782966,OVAL,0.5097656,VS2,F,EX,EX,VG,N,1974.78,6.3398438,4.5117188,2.8007812
1646199,OVAL,0.52001953,VS1,E,EX,EX,VG,F,1975.07,6.890625,4.359375,2.6503906
1785410,OVAL,0.52001953,VS1,H,EX,EX,VG,N,1919.0,7.0507812,4.4414062,2.5898438
1618152,OVAL,0.5,VS1,D,EX,EX,EX,N,1919.28,5.9882812,4.46875,2.75
1654413,OVAL,0.75,VS2,FANCY,EX,VG,GD,M,1920.05,6.4609375,4.9101562,3.2402344
1771505,OVAL,0.5498047,VVS2,G,EX,EX,GD,N,1920.08,7.1992188,4.53125,2.6601562
1656603,OVAL,0.5,VS2,F,EX,EX,VG,N,1920.16,6.0390625,4.4609375,2.8007812
202221-227,OVAL,1.0,SI2,S-T,VG,VG,VG,F,1920.19,8.2109375,5.3203125,3.4003906
1669703,OVAL,0.6699219,SI2,D,EX,EX,VG,M,1920.3,7.46875,4.8203125,2.9003906
1776452,OVAL,0.5,VS1,F,VG,VG,VG,N,1920.85,6.1914062,4.4296875,2.7402344
1601294,OVAL,0.70996094,VVS2,FANCY,EX,EX,GD,N,1922.03,7.2304688,4.890625,2.8300781
1793280,OVAL,0.5,VS2,G,EX,EX,EX,N,1922.38,6.9492188,4.3710938,2.5390625
1760685,OVAL,0.5,VVS2,D,EX,EX,VG,F,1922.43,6.1484375,4.421875,2.7792969
1778685,OVAL,0.75,SI1,K,EX,EX,VG,N,1922.51,7.46875,4.9804688,3.0507812
1795999,OVAL,0.7597656,SI2,K,EX,VG,VG,F,1922.98,7.3789062,5.0703125,3.0996094
1663384,OVAL,0.5,VS2,G,EX,VG,VG,N,1925.35,6.7695312,4.4101562,2.640625
1797402,OVAL,0.5,VS2,E,EX,EX,VG,F,1926.62,6.7109375,4.421875,2.6992188
1786620,OVAL,0.5,VVS2,F,EX,EX,VG,N,2056.78,6.1796875,4.5,2.7792969
1800830,OVAL,0.7001953,VS2,K,EX,EX,VG,F,2057.03,7.78125,4.9101562,2.8808594
1779924,OVAL,0.5,VS1,D,EX,EX,VG,N,2057.71,6.28125,4.5585938,2.75
1797372,OVAL,0.5,VVS1,F,VG,VG,VG,N,2059.28,6.671875,4.1601562,2.5898438
1651439,OVAL,0.58984375,VS1,D,EX,EX,VG,F,2059.58,6.859375,4.7109375,2.8496094
1800843,OVAL,0.52001953,VS2,E,EX,EX,VG,N,2059.67,6.8007812,4.4804688,2.7402344
202185-1080,OVAL,1.0703125,SI2,L,EX,VG,VG,N,2059.89,8.390625,5.7695312,3.4804688
1795979,OVAL,0.72021484,VS2,K,EX,EX,VG,N,2061.07,6.9296875,5.1484375,3.2207031
1774427,OVAL,0.5,VS1,D,EX,VG,VG,N,2061.11,6.328125,4.4296875,2.7304688
1785360,OVAL,0.7998047,SI1,L,EX,EX,VG,N,2063.15,7.0898438,5.2890625,3.2890625
1769762,OVAL,0.58984375,VS1,H,EX,EX,EX,N,2064.1,6.8398438,4.75,2.8300781
1789158,OVAL,0.7001953,SI1,J,EX,EX,VG,N,2064.13,6.9882812,4.9414062,3.0800781
1771495,OVAL,0.75,SI1,J,EX,EX,VG,VS,2064.42,6.9882812,5.171875,3.25
1782916,OVAL,0.5,VVS2,E,EX,EX,GD,N,2065.3,6.3710938,4.5507812,2.7304688
1775415,OVAL,0.5097656,VS1,F,EX,EX,VG,N,2065.45,6.390625,4.5898438,2.6992188
1781505,OVAL,0.5,VVS2,E,VG,EX,VG,N,2040.68,6.0507812,4.4804688,2.8203125
1796014,OVAL,0.52001953,VS2,F,EX,VG,VG,N,2041.15,6.3085938,4.6796875,2.8398438
1649123,OVAL,0.52001953,VS2,E,EX,EX,VG,N,2042.43,6.9492188,4.5117188,2.6308594
1776431,OVAL,0.5,VVS2,F,EX,EX,VG,N,2042.57,6.8398438,4.3515625,2.5898438
200392-46,OVAL,1.2001953,SI2,I,GD,VG,VG,N,2042.78,7.8984375,5.8007812,3.8203125
1744064,OVAL,0.5698242,VS1,F,EX,VG,VG,N,2043.19,7.2617188,4.640625,2.7304688
1507206,OVAL,0.5498047,VS2,FANCY,EX,EX,GD,N,2043.25,6.2382812,4.3789062,2.7109375
1789167,OVAL,0.5,VS1,F,EX,EX,VG,N,2043.41,6.359375,4.5117188,2.7695312
1775410,OVAL,0.5,VVS1,E,EX,EX,VG,F,2043.45,6.390625,4.359375,2.6894531
1782938,OVAL,0.5,VS1,F,EX,EX,VG,F,2044.12,6.6914062,4.5390625,2.6503906
1794613,OVAL,0.5,VVS2,F,EX,EX,VG,N,2044.29,6.0195312,4.4804688,2.8007812
1797396,OVAL,0.52978516,VS1,H,EX,EX,EX,N,2045.27,6.2304688,4.6210938,2.8691406
1777625,OVAL,0.5498047,VS1,G,EX,EX,VG,N,2045.64,7.03125,4.5507812,2.6894531
1785400,OVAL,0.5,VVS2,E,EX,EX,VG,F,2150.69,7.0585938,4.4296875,2.5605469
1785407,OVAL,0.5498047,VS1,E,EX,EX,VG,N,2151.57,6.78125,4.5195312,2.7890625
1636316,OVAL,0.7001953,SI2,H,EX,EX,VG,N,2151.67,6.9492188,5.140625,3.109375
1782911,OVAL,0.60009766,VVS1,H,EX,VG,VG,F,2152.06,7.3007812,4.6796875,2.8203125
1478747,OVAL,0.70996094,SI2,FANCY,EX,VG,GD,N,2152.81,6.5507812,4.8203125,3.0800781
1733022,OVAL,0.7001953,SI2,I,EX,EX,VG,N,2152.82,7.5390625,4.8203125,2.9199219
210050-125,OVAL,1.2001953,SI2,M,EX,EX,EX,ST,2154.22,7.8203125,5.8984375,3.8300781
1796000,OVAL,0.52001953,VVS2,E,EX,EX,VG,N,2154.55,6.7382812,4.46875,2.7304688
210363-96,OVAL,1.0,SI2,N,EX,VG,VG,F,2154.96,8.59375,5.421875,3.2792969
210008-125,OVAL,0.97021484,VS2,FANCY,EX,EX,VG,F,2155.42,7.1484375,5.2890625,3.4199219
210363-190,OVAL,1.0,SI1,N,EX,EX,VG,F,2156.38,8.7265625,5.4882812,3.1992188
Eco Diamond 436057436,OVAL,1.0498047,SI2,E,VG,VG,VG,N,2156.9,7.9414062,5.7617188,3.640625
1765721,OVAL,0.52978516,VVS2,E,EX,EX,VG,N,2157.27,6.1914062,4.609375,2.9003906
1669694,OVAL,0.52978516,VVS2,D,EX,EX,VG,F,2157.72,7.03125,4.5,2.7792969
1774440,OVAL,0.52001953,VS1,F,EX,VG,VG,N,2158.87,6.78125,4.4882812,2.7109375
1668347,OVAL,0.5,IF,D,GD,EX,VG,F,2292.07,6.0898438,4.2109375,2.8203125
1793272,OVAL,0.72998047,SI2,G,EX,EX,VG,M,2292.3,6.8398438,5.109375,3.1699219
1769740,OVAL,0.7001953,VS2,I,EX,EX,VG,ST,2292.32,7.5507812,4.7890625,2.9609375
213001-202,OVAL,1.0,SI2,L,EX,EX,EX,ST,2294.47,7.609375,5.671875,3.5605469
211012-135,OVAL,1.0195312,SI1,M,EX,EX,VG,ST,2294.48,7.5,5.5195312,3.2109375
1760675,OVAL,0.5097656,VVS1,D,EX,EX,VG,N,2294.6,6.890625,4.3710938,2.6503906
1661728,OVAL,0.58984375,VVS2,E,EX,VG,GD,N,2296.46,7.171875,4.5,2.8203125
211007-502,OVAL,0.95996094,SI1,L,EX,EX,VG,F,2299.43,7.7109375,5.75,3.3808594
211128-721,OVAL,1.0097656,SI2,L,EX,VG,VG,F,2299.64,8.5703125,5.5507812,3.2890625
1638263,OVAL,0.5097656,VVS1,D,EX,EX,EX,N,2299.95,6.9609375,4.3984375,2.6191406
1781461,OVAL,0.7001953,VVS2,G,VG,EX,VG,ST,2303.33,6.5585938,4.8984375,3.1308594
1657889,OVAL,0.5,VVS1,D,EX,EX,VG,N,2304.84,6.5585938,4.3710938,2.6796875
1747134,OVAL,0.7001953,VS2,I,GD,EX,VG,N,2305.57,6.6992188,4.828125,3.1191406
1621261,OVAL,0.58984375,VVS1,E,EX,VG,VG,N,2305.73,6.4414062,4.6601562,2.9199219
1619850,OVAL,0.66015625,SI1,F,EX,EX,VG,N,2306.5,7.5507812,4.78125,2.9707031
1649108,OVAL,0.58984375,VS1,G,EX,EX,VG,N,2132.05,7.0585938,4.6210938,2.7890625
1733015,OVAL,0.7001953,SI2,E,EX,EX,EX,N,2133.88,7.1914062,5.0703125,2.9296875
1664772,OVAL,0.66015625,IF,FANCY,EX,EX,VG,M,2136.25,6.421875,4.7109375,2.8691406
1615365,OVAL,0.64990234,VS2,F,VG,EX,GD,F,2138.39,6.3984375,4.8007812,3.0703125
1652885,OVAL,0.8300781,SI2,K,EX,EX,VG,N,2139.78,8.1328125,5.2695312,3.0996094
1643665,OVAL,0.58984375,VS2,E,EX,EX,VG,F,2140.33,6.9492188,4.5898438,2.8808594
1664770,OVAL,0.72021484,SI1,FANCY,EX,EX,VG,M,2140.92,6.5507812,4.8398438,3.0996094
Eco Diamond 425061019,OVAL,1.0,SI2,D,VG,VG,VG,N,2141.1,7.359375,5.5390625,3.5292969
1750355,OVAL,0.8100586,SI2,H,EX,EX,VG,F,2142.21,8.1328125,5.1210938,3.0195312
1794652,OVAL,0.66015625,VS2,G,VG,EX,GD,ST,2142.72,6.53125,4.9101562,3.0195312
1781504,OVAL,0.58984375,VVS2,E,EX,EX,VG,M,2143.77,6.96875,4.6015625,2.8496094
1776472,OVAL,0.60009766,VS2,D,EX,EX,VG,ST,2144.12,7.3984375,4.671875,2.7109375
210345-545,OVAL,1.0,SI2,L,EX,EX,VG,ST,2145.16,7.890625,5.5117188,3.3496094
1782936,OVAL,0.52978516,VS1,F,EX,EX,VG,N,2146.49,6.9882812,4.4804688,2.640625
1779921,OVAL,0.58984375,VVS1,E,EX,EX,VG,M,2149.05,6.5507812,4.6484375,2.9101562
1407964,OVAL,0.70996094,SI1,FANCY,EX,VG,GD,ST,2243.65,7.6914062,4.9609375,2.9804688
1774439,OVAL,0.5600586,VS1,F,EX,EX,VG,N,2244.08,6.859375,4.5507812,2.7792969
211176-407,OVAL,0.95996094,SI2,J,EX,EX,EX,N,2244.39,8.4375,5.3710938,3.3105469
1634425,OVAL,0.58984375,VVS1,G,EX,EX,VG,N,2246.26,7.2695312,4.6289062,2.7207031
1791828,OVAL,0.7001953,SI1,J,EX,VG,VG,N,2247.53,6.96875,5.078125,3.0507812
1793274,OVAL,0.7001953,SI2,I,EX,EX,VG,F,2248.78,7.4492188,4.8710938,2.9199219
1660421,OVAL,0.64990234,VS1,G,EX,VG,VG,M,2250.86,6.859375,5.0507812,2.9199219
1668335,OVAL,0.72021484,VS2,J,EX,EX,VG,F,2253.06,7.5585938,4.9296875,3.0292969
1781540,OVAL,0.58984375,VS2,D,EX,EX,GD,N,2255.71,7.2890625,4.6484375,2.75
210064-54,OVAL,1.0,SI1,N,EX,EX,VG,ST,2256.01,8.2734375,5.5507812,3.4199219
1798754,OVAL,0.6699219,VS2,E,EX,EX,GD,ST,2257.32,6.8007812,5.0195312,3.0390625
1657892,OVAL,0.5498047,VVS2,F,EX,EX,EX,N,2259.15,6.75,4.4492188,2.8007812
1764017,OVAL,0.7001953,SI2,I,EX,EX,VG,N,2259.29,6.6484375,4.9609375,3.109375
1788054,OVAL,0.7001953,SI1,I,EX,EX,VG,N,2259.45,6.78125,5.0585938,3.1796875
1634423,OVAL,0.52978516,VVS1,E,EX,EX,VG,N,2262.98,6.71875,4.4609375,2.7304688
1672928,OVAL,0.75,SI2,J,EX,EX,VG,N,2355.76,8.0,5.0195312,2.9199219
1628432,OVAL,0.7998047,SI1,J,EX,EX,VG,F,2358.48,7.96875,4.9882812,3.0390625
1800836,OVAL,0.7001953,SI1,I,GD,VG,GD,N,2358.8,7.3007812,4.640625,2.890625
202221-254,OVAL,1.0,SI2,L,EX,EX,VG,F,2361.0,8.546875,5.5117188,3.3300781
1778662,OVAL,0.7998047,SI2,J,EX,EX,VG,F,2362.08,7.0507812,5.2695312,3.3203125
1632914,OVAL,0.7001953,SI1,I,EX,EX,VG,N,2363.37,7.390625,4.8710938,3.0097656
Eco Diamond LG200379,OVAL,0.89990234,SI1,D,VG,VG,VG,N,2364.86,7.4101562,5.5,3.5097656
1785409,OVAL,0.64990234,VS1,H,VG,EX,VG,N,2364.87,7.5117188,4.7109375,2.7890625
212052-333,OVAL,1.0,SI2,L,EX,EX,VG,N,2366.05,8.328125,5.5117188,3.4003906
200669-13,OVAL,1.0097656,SI2,G,GD,VG,VG,N,2366.59,7.3515625,5.5,3.5195312
200648-121,OVAL,1.2900391,SI2,M,EX,EX,VG,ST,2367.85,8.8125,5.9296875,3.6503906
1672926,OVAL,0.7001953,SI2,H,EX,VG,VG,N,2368.35,6.9609375,5.1210938,3.0898438
Eco Diamond 425071044,OVAL,1.0097656,SI1,E,VG,VG,VG,N,2371.01,7.4492188,5.6914062,3.5800781
210480-110,OVAL,1.0,VS2,N,EX,EX,VG,M,2371.14,7.6210938,5.6289062,3.5292969
1782901,OVAL,0.52001953,IF,D,EX,EX,VG,F,2374.47,6.7304688,4.4414062,2.7207031
1785403,OVAL,0.52978516,VS1,D,EX,EX,VG,N,2232.52,6.25,4.671875,2.8300781
1667354,OVAL,0.6098633,VVS1,E,EX,EX,VG,ST,2232.76,6.5507812,4.8007812,3.0097656
1759381,OVAL,0.77001953,SI1,J,EX,EX,VG,F,2236.75,7.609375,5.03125,3.0800781
203221-1598,OVAL,1.0195312,SI1,L,EX,VG,VG,ST,2237.16,7.8398438,5.7382812,3.4804688
1782942,OVAL,0.58984375,VS1,G,EX,EX,GD,N,2237.49,7.0,4.6289062,2.8496094
111000-6305,OVAL,1.0,SI2,U-V,EX,EX,VG,M,2237.73,8.46875,5.390625,3.4199219
200630-348,OVAL,1.0,SI2,I,EX,VG,VG,N,2237.86,7.9492188,5.5585938,3.4492188
210318-93,OVAL,1.0,SI2,K,VG,EX,VG,F,2239.27,8.078125,5.671875,3.3203125
1672925,OVAL,0.7001953,SI2,F,EX,EX,VG,F,2240.16,7.1015625,5.03125,3.0
1766992,OVAL,0.89990234,SI1,L,EX,EX,VG,F,2240.77,7.328125,5.46875,3.3808594
210199-25,OVAL,1.0195312,VVS2,W-X,EX,EX,VG,F,2241.07,7.2695312,5.359375,3.4492188
1664766,OVAL,0.8100586,VS2,FANCY,EX,EX,VG,M,2242.06,7.53125,4.9101562,2.9609375
1668337,OVAL,0.72021484,SI1,J,EX,EX,EX,N,2243.22,6.921875,5.0898438,3.109375
1589651,OVAL,0.7001953,SI1,I,EX,EX,VG,N,2243.55,7.78125,4.9296875,2.8691406
210049-195,PEAR,1.0,SI1,J,EX,EX,VG,N,4322.6,8.9765625,5.421875,3.3691406
1569505,PEAR,0.91015625,SI1,D,EX,VG,VG,F,4325.04,8.5,5.5507812,3.4609375
1722995,PEAR,0.89990234,SI1,G,EX,EX,VG,N,4327.67,8.390625,5.390625,3.390625
1668391,PEAR,0.89990234,SI2,G,EX,EX,EX,N,4346.65,8.109375,5.3007812,3.3496094
1789994,PEAR,0.89990234,SI1,G,VG,EX,VG,M,4352.31,8.046875,5.4414062,3.4609375
1668385,PEAR,0.89990234,SI1,F,EX,EX,VG,F,4362.47,8.2578125,5.2890625,3.3300781
210605-1395,PEAR,1.2001953,SI2,H,VG,EX,VG,ST,4363.61,9.9765625,5.7695312,3.3203125
1781616,PEAR,0.89990234,SI2,D,EX,EX,VG,F,4373.52,8.28125,5.4804688,3.359375
1771569,PEAR,0.89990234,VS1,I,VG,EX,VG,M,4378.37,8.53125,5.1289062,3.2792969
210532-20,PEAR,1.0,SI2,H,VG,EX,VG,N,4379.77,8.28125,5.5117188,3.5390625
210467-10,PEAR,1.0,SI1,I,GD,EX,VG,N,4379.85,7.9296875,5.390625,3.5390625
1796068,PEAR,0.72998047,VS1,G,EX,EX,VG,N,4395.96,8.15625,4.890625,3.0390625
1672954,PEAR,0.89990234,SI1,G,VG,VG,VG,N,4396.73,8.046875,5.3515625,3.3496094
211105-204,PEAR,1.0,SI2,G,GD,EX,VG,N,4397.38,7.9101562,5.421875,3.5507812
1800283,PEAR,0.3701172,VS2,I,EX,VG,VG,F,897.69,6.5195312,4.0117188,2.3496094
1610172,PEAR,0.52001953,VS2,K,EX,EX,VG,F,897.87,6.9609375,4.5390625,2.8300781
1791869,PEAR,0.30004883,VS2,E,GD,VG,FR,N,899.25,5.4101562,3.7597656,2.4003906
1790021,PEAR,0.30004883,SI1,E,VG,EX,GD,N,899.27,5.8007812,3.6796875,2.3398438
1785624,PEAR,0.35009766,SI1,H,EX,VG,VG,F,899.94,6.0585938,4.0117188,2.4199219
1785620,PEAR,0.30004883,SI1,F,VG,EX,VG,N,900.77,6.0390625,3.6796875,2.2890625
1764095,PEAR,0.32006836,SI1,F,EX,VG,GD,N,900.97,6.328125,3.7695312,2.2207031
1785610,PEAR,0.30004883,VS2,H,VG,EX,VG,N,901.31,5.78125,3.6601562,2.2792969
1785623,PEAR,0.3100586,SI1,G,EX,EX,VG,N,902.26,5.8203125,3.8203125,2.390625
1772695,PEAR,0.3100586,VS1,G,EX,EX,VG,M,902.31,5.6796875,3.8300781,2.3300781
1628581,PEAR,0.52001953,VVS2,M,EX,EX,EX,N,902.4,6.9101562,4.4882812,2.8300781
1771661,PEAR,0.30004883,VVS2,E,VG,EX,GD,F,903.31,5.8007812,3.9199219,2.359375
1775581,PEAR,0.30004883,SI1,E,EX,EX,VG,N,903.81,5.75,3.8007812,2.3691406
1775572,PEAR,0.30004883,VS2,D,VG,EX,GD,N,904.91,5.5390625,3.7207031,2.3007812
1771680,PEAR,0.30004883,VS2,D,VG,EX,VG,M,904.91,5.5507812,3.7304688,2.3808594
1774552,PEAR,0.5,VS2,D,GD,VG,GD,M,1575.99,6.3710938,4.1210938,2.8691406
1785514,PEAR,0.5,SI1,D,VG,EX,VG,F,1576.77,6.5507812,4.4101562,2.7597656
1794706,PEAR,0.5,VVS2,I,GD,EX,GD,N,1576.79,6.671875,4.21875,2.640625
1759427,PEAR,0.5,SI1,D,VG,EX,GD,N,1578.46,6.5390625,4.4101562,2.7695312
1778742,PEAR,0.5097656,SI1,D,EX,EX,EX,M,1580.0,6.8515625,4.4804688,2.7890625
1774568,PEAR,0.5,SI1,F,EX,VG,VG,F,1582.79,7.2890625,4.3203125,2.7109375
1786688,PEAR,0.5,VS2,F,VG,GD,VG,M,1583.7,6.671875,4.421875,2.7402344
1767096,PEAR,0.5,SI1,D,VG,VG,GD,N,1585.22,6.5703125,4.4296875,2.7402344
1654366,PEAR,0.5,SI1,F,EX,EX,VG,N,1585.65,7.1796875,4.3203125,2.6894531
1651739,PEAR,0.5097656,SI1,E,EX,EX,VG,F,1587.41,6.859375,4.4609375,2.8007812
1788130,PEAR,0.5,VS2,E,VG,EX,GD,M,1587.81,6.5,4.3789062,2.75
1781668,PEAR,0.5,SI1,F,GD,EX,VG,N,1587.81,7.25,4.21875,2.7402344
1747203,PEAR,0.7001953,SI1,K,EX,VG,VG,F,1589.66,7.609375,4.9101562,3.0507812
1797495,PEAR,0.3100586,IF,D,EX,EX,GD,N,1589.72,6.2304688,3.7890625,2.2597656
1791240,PEAR,0.5,SI1,E,VG,EX,GD,N,1590.39,7.2890625,4.2695312,2.5800781
210470-272,PEAR,1.2001953,VS2,G,VG,EX,EX,N,9348.54,8.7421875,5.890625,3.75
210369-584,PEAR,1.5097656,SI2,H,GD,EX,GD,F,9350.66,9.34375,6.2109375,3.890625
210394-8,PEAR,1.5,SI2,H,GD,EX,VG,N,9383.95,9.21875,6.0390625,4.0585938
210507-156,PEAR,1.5,SI2,G,EX,GD,GD,N,9393.72,9.703125,6.3515625,4.0
210515-212,PEAR,1.2001953,VVS2,H,EX,EX,VG,N,9588.25,9.25,5.9804688,3.7597656
210353-287,PEAR,1.0097656,IF,F,VG,EX,EX,N,9641.69,9.1796875,5.3203125,3.359375
210369-589,PEAR,1.0,I1,L,EX,EX,VG,ST,2283.34,8.4921875,5.5585938,3.4707031
1748065,PEAR,0.72998047,SI2,E,EX,EX,VG,F,2285.03,7.7382812,4.9882812,3.1503906
1789199,PEAR,0.89990234,SI2,K,EX,EX,VG,M,2289.7,8.9921875,5.3085938,3.1796875
1742082,PEAR,0.58984375,VS1,E,EX,EX,VG,N,2296.47,7.7890625,4.5390625,2.7890625
1775519,PEAR,0.5097656,VS1,D,EX,EX,EX,F,2296.49,7.2109375,4.4492188,2.6601562
1781641,PEAR,0.5,VS1,E,EX,EX,VG,N,2296.93,6.7617188,4.46875,2.7890625
Eco Diamond LG200276,PEAR,1.0302734,VS2,J,VG,EX,EX,N,2303.26,8.6484375,5.6289062,3.5800781
1796080,PEAR,0.7001953,SI2,H,GD,VG,GD,N,2310.06,7.2695312,4.9296875,3.0800781
1796090,PEAR,0.64990234,VS2,E,VG,EX,GD,M,2315.4,7.2382812,4.6992188,2.9707031
1794699,PEAR,0.5,VVS2,E,EX,EX,VG,F,2316.25,7.1601562,4.5507812,2.6796875
1793326,PEAR,0.5,VS1,F,EX,EX,VG,N,2317.16,6.6992188,4.4296875,2.7597656
1653061,PEAR,0.75,VS2,J,EX,VG,VG,F,2318.26,8.453125,5.109375,2.9707031
1785489,PEAR,0.7001953,SI1,J,EX,EX,VG,F,2319.63,7.7382812,4.8007812,3.0
1783052,PEAR,0.5,VS1,E,EX,EX,VG,N,2319.73,7.421875,4.4296875,2.5800781
1783055,PEAR,0.5,VS1,E,EX,EX,VG,N,2319.73,6.8085938,4.46875,2.7792969
210517-19,PEAR,1.5,SI2,F,VG,VG,VG,N,8589.3,9.84375,6.4804688,3.9394531
1761860,PEAR,0.5,VS1,E,VG,EX,GD,N,1984.99,6.6289062,4.3984375,2.7792969
1634696,PEAR,0.5,VS1,F,EX,EX,VG,N,1986.62,6.8085938,4.4414062,2.75
1771606,PEAR,0.58984375,VS2,E,EX,EX,VG,N,1987.22,7.671875,4.5703125,2.7597656
1657951,PEAR,0.5,VVS1,D,EX,EX,VG,F,1988.57,7.1601562,4.28125,2.6601562
1771608,PEAR,0.52978516,VS2,G,EX,EX,VG,N,1988.78,7.21875,4.5195312,2.7792969
1772669,PEAR,0.72021484,SI2,J,EX,EX,VG,ST,1991.83,7.8398438,4.7890625,3.0
1796091,PEAR,0.5,VS2,E,EX,EX,VG,N,1993.46,7.1210938,4.53125,2.5996094
1800231,PEAR,0.5,VS2,F,EX,EX,VG,N,1996.74,7.3203125,4.4101562,2.6308594
1779971,PEAR,0.5097656,VS2,G,EX,EX,VG,N,1998.88,7.4804688,4.3984375,2.5898438
1668407,PEAR,0.52001953,VS2,D,EX,EX,VG,N,2000.25,7.4609375,4.390625,2.7109375
1796093,PEAR,0.58984375,VS2,H,VG,EX,VG,F,2002.26,7.2890625,4.5585938,2.8691406
1783051,PEAR,0.5097656,VS1,E,EX,EX,VG,F,2002.43,7.390625,4.3085938,2.7207031
1785506,PEAR,0.5498047,VS2,E,EX,EX,VG,F,2002.9,7.7109375,4.5507812,2.6503906
1781646,PEAR,0.5,VS1,F,VG,VG,VG,N,2003.66,6.6015625,4.421875,2.7792969
1786686,PEAR,0.5,VS2,E,EX,EX,VG,N,2004.41,7.03125,4.3515625,2.7207031
200664-82,PEAR,1.0,SI1,G,VG,EX,VG,N,5215.69,8.546875,5.5898438,3.5195312
211156-225,PEAR,1.0,SI1,G,GD,EX,GD,N,5219.7,8.2578125,5.578125,3.3496094
210525-76,PEAR,1.0097656,SI2,F,VG,VG,VG,N,5247.17,8.2890625,5.6289062,3.5390625
212119-366,PEAR,1.0097656,SI2,F,EX,EX,VG,N,5247.17,8.4609375,5.609375,3.4804688
210053-192,PEAR,1.0,VS1,H,EX,EX,VG,VS,5248.91,9.578125,5.5703125,3.2207031
210480-154,PEAR,1.0097656,SI1,I,EX,VG,VG,N,5260.92,9.03125,5.6601562,3.4199219
1783972,PEAR,0.91015625,SI1,F,EX,EX,EX,N,5269.03,8.453125,5.5390625,3.3300781
210467-163,PEAR,1.2001953,SI2,I,GD,EX,VG,N,5280.42,8.7109375,5.71875,3.7304688
1767065,PEAR,0.8300781,VVS1,E,EX,EX,EX,F,5295.48,8.078125,5.3085938,3.2109375
210439-204,PEAR,1.0,SI2,D,EX,EX,VG,F,5297.83,8.5,5.5507812,3.4609375
213059-203,PEAR,1.0,SI1,G,EX,EX,VG,M,5299.55,8.5703125,5.5390625,3.4902344
1800880,PEAR,0.89990234,SI1,G,EX,VG,VG,N,5304.37,8.9375,5.21875,3.2890625
210354-53,PEAR,0.95996094,SI1,F,EX,EX,VG,N,5305.87,8.5,5.6210938,3.3105469
210365-384,PEAR,1.2001953,SI2,J,VG,VG,EX,N,5321.13,9.6796875,5.671875,3.5898438
210408-92,PEAR,1.0,SI1,I,EX,EX,EX,N,5325.26,8.7109375,5.5585938,3.4804688
1765803,PEAR,0.5,VS1,F,EX,VG,VG,N,2094.05,6.9882812,4.4804688,2.7304688
1800881,PEAR,0.7998047,VVS2,N,VG,EX,VG,F,2095.82,7.5703125,5.109375,3.25
1798782,PEAR,0.52001953,IF,H,EX,EX,EX,N,2099.32,7.0507812,4.5117188,2.7304688
1656683,PEAR,0.5,VS1,D,EX,EX,VG,N,2100.82,7.5507812,4.4492188,2.6191406
1783038,PEAR,0.5097656,VVS1,G,EX,EX,VG,N,2102.41,7.4296875,4.421875,2.6308594
1794734,PEAR,0.5097656,VS2,D,EX,EX,VG,N,2103.41,7.421875,4.3984375,2.640625
1797466,PEAR,0.5,VS2,F,EX,EX,VG,N,2105.05,7.3007812,4.25,2.640625
1798797,PEAR,0.52001953,VVS2,G,EX,EX,GD,N,2106.18,7.2695312,4.5195312,2.6699219
1756640,PEAR,0.5,VVS1,F,VG,EX,VG,N,2110.1,7.46875,4.3710938,2.5195312
1668402,PEAR,0.58984375,VS1,E,EX,EX,VG,ST,2110.71,7.6484375,4.5585938,2.8007812
1774526,PEAR,0.60009766,VS1,D,EX,EX,VG,ST,2111.5,7.1796875,4.6914062,2.9492188
1789208,PEAR,0.5,VS1,F,VG,VG,VG,N,2111.79,7.0117188,4.4882812,2.6699219
1771593,PEAR,0.7001953,SI1,I,GD,EX,VG,N,2113.97,7.5898438,4.8710938,2.9804688
1794749,PEAR,0.5498047,VS2,G,EX,EX,EX,F,2115.2,7.1210938,4.6289062,2.7304688
1794702,PEAR,0.5,VVS2,F,VG,EX,VG,N,2116.08,6.921875,4.1914062,2.6796875
210419-179,PEAR,1.2001953,SI1,N,VG,EX,VG,N,2916.55,8.796875,5.890625,3.7597656
210443-170,PEAR,1.0,SI2,FANCY,EX,EX,VG,ST,2923.38,8.671875,5.4296875,3.140625
1671581,PEAR,0.7001953,SI1,H,EX,EX,EX,N,2927.66,7.8398438,4.8710938,3.0703125
Eco Diamond LG201055,PEAR,1.0097656,VVS2,H,EX,EX,EX,N,2935.38,8.5390625,5.53125,3.5390625
1793322,PEAR,0.60009766,VVS2,E,EX,EX,GD,N,2936.02,8.0078125,4.6601562,2.6796875
1793316,PEAR,0.7597656,SI1,I,EX,VG,VG,N,2937.76,7.8007812,5.1484375,3.1992188
1763126,PEAR,0.89990234,VS2,FANCY,EX,EX,VG,F,2938.91,8.1875,5.140625,3.2109375
Eco Diamond LG200222,PEAR,1.0,VS2,G,VG,VG,VG,N,2939.62,8.71875,5.6914062,3.3203125
210053-425,PEAR,1.0,SI2,J,EX,EX,EX,N,2941.43,9.03125,5.71875,3.3300781
111000-6320,PEAR,1.0097656,SI2,E,EX,VG,VG,N,2953.85,9.390625,5.5195312,3.2402344
1783026,PEAR,0.70996094,VVS1,J,EX,EX,VG,N,2957.65,7.8203125,5.171875,3.1601562
1666187,PEAR,0.7001953,SI1,E,EX,EX,VG,N,2957.87,8.1875,4.8789062,2.9492188
200650-781,PEAR,1.0097656,VS2,K,EX,EX,EX,ST,2960.5,8.6796875,5.6796875,3.4609375
1800884,PEAR,0.7001953,SI1,D,EX,EX,VG,F,2962.27,8.25,4.859375,2.9199219
1796078,PEAR,0.75,SI2,F,EX,EX,VG,N,2969.47,7.828125,5.078125,3.109375
211147-199,PEAR,1.0,SI2,D,EX,EX,VG,N,5961.15,8.7734375,5.4882812,3.4296875
210033-59,PEAR,1.0097656,SI1,E,EX,EX,VG,N,5963.12,8.296875,5.609375,3.5195312
200700-289,PEAR,1.0,VS1,G,EX,EX,EX,ST,5976.89,8.5,5.609375,3.5
211124-265,PEAR,1.0,VS2,E,EX,VG,EX,VS,5991.94,9.0078125,5.6210938,3.3203125
210436-99,PEAR,1.0,SI1,D,EX,EX,VG,M,6024.69,9.390625,5.4804688,3.3300781
211173-70,PEAR,1.0,SI1,F,GD,EX,GD,N,6035.25,8.3671875,5.640625,3.3203125
210049-489,PEAR,1.2001953,SI2,I,EX,EX,EX,N,6056.16,9.328125,6.1601562,3.5800781
210451-347,PEAR,1.0097656,SI1,F,EX,EX,EX,N,6068.45,8.59375,5.671875,3.4707031
210479-280,PEAR,1.2001953,SI1,I,GD,EX,VG,N,6072.07,8.34375,5.7382812,3.5898438
210504-318,PEAR,1.2900391,SI2,H,VG,EX,EX,F,6086.0,8.9921875,6.0117188,3.8496094
210254-614,PEAR,1.2001953,SI2,H,VG,EX,VG,N,6087.33,8.9296875,5.9882812,3.7792969
210435-102,PEAR,1.0,SI1,E,EX,EX,VG,N,6092.16,8.7421875,5.5390625,3.3300781
210069-256,PEAR,1.0,VS1,H,VG,EX,GD,N,6096.99,8.171875,5.578125,3.5
201166-311,PEAR,1.5,SI2,H,VG,VG,VG,N,6493.52,9.9921875,6.1015625,3.890625
210273-61,PEAR,1.0,VS2,G,VG,VG,GD,N,6495.53,9.4765625,5.4492188,3.2597656
210369-103,PEAR,1.0,VS1,I,EX,EX,EX,N,6497.14,8.8984375,5.4609375,3.359375
210470-424,PEAR,1.2001953,SI2,H,EX,EX,VG,N,6497.45,9.140625,6.0195312,3.609375
1797429,PEAR,0.89990234,VS1,F,EX,EX,VG,N,6503.29,8.2734375,5.3984375,3.390625
210395-59,PEAR,1.2001953,VS2,I,VG,EX,VG,F,6514.3,8.6328125,5.8398438,3.7304688
210493-727,PEAR,1.0,VS2,G,GD,EX,GD,M,6516.35,8.046875,5.2695312,3.609375
211147-211,PEAR,1.0,SI1,D,VG,EX,VG,F,6518.33,8.6015625,5.53125,3.5097656
210470-212,PEAR,1.0,SI1,D,VG,EX,VG,N,6548.07,8.4296875,5.53125,3.3808594
211174-39,PEAR,1.0,VVS2,I,EX,EX,EX,N,6571.5,8.5234375,5.5,3.4609375
200687-75,PEAR,1.2001953,SI2,F,VG,EX,VG,N,6582.87,8.84375,5.8984375,3.7695312
210184-190,PEAR,1.0,VS1,H,EX,EX,EX,F,6599.13,8.453125,5.46875,3.4394531
210052-402,PEAR,1.0,VS1,E,VG,EX,EX,ST,6608.6,8.7890625,5.328125,3.4003906
1793305,PEAR,0.89990234,SI1,H,VG,EX,VG,N,4413.3,7.9609375,5.3789062,3.4199219
1794673,PEAR,0.7001953,VS1,E,EX,EX,VG,N,4420.96,8.1015625,4.7617188,2.9707031
210419-174,PEAR,0.95996094,SI2,F,VG,EX,VG,F,4429.69,8.2734375,5.4414062,3.4296875
210554-329,PEAR,1.0,SI2,G,VG,EX,VG,M,4430.27,8.3203125,5.6210938,3.4609375
1768058,PEAR,0.89990234,SI2,D,EX,EX,VG,F,4431.08,8.640625,5.390625,3.2304688
200743-197,PEAR,1.0097656,SI2,E,EX,VG,VG,N,4431.54,8.7890625,5.671875,3.5390625
213057-128,PEAR,1.0,SI2,G,EX,VG,VG,F,4434.76,9.0625,5.578125,3.3398438
1756622,PEAR,0.89990234,SI2,F,EX,EX,EX,N,4438.62,8.359375,5.4296875,3.3691406
212145-531,PEAR,1.0,SI2,H,VG,VG,VG,N,4441.26,8.921875,5.5,3.4199219
1667416,PEAR,0.89990234,VS1,H,EX,EX,EX,N,4441.58,8.3515625,5.3710938,3.3007812
210472-90,PEAR,1.2001953,I1,F,EX,EX,VG,N,4443.4,9.0703125,5.859375,3.6601562
213129-141,PEAR,1.0,SI2,E,VG,VG,VG,N,4447.63,8.5,5.4296875,3.390625
211132-127,PEAR,1.2001953,VS2,L,VG,EX,VG,F,4451.2,9.84375,5.71875,3.6503906
1789995,PEAR,0.89990234,SI2,D,VG,EX,VG,F,4453.83,8.8515625,5.2109375,3.1308594
210504-307,PEAR,1.0097656,SI2,I,EX,EX,EX,M,4458.04,9.453125,5.6484375,3.25
1626513,PEAR,0.89990234,VS1,M,EX,EX,EX,N,2032.84,8.9609375,5.3515625,3.1894531
1796088,PEAR,0.5,VS1,D,GD,EX,VG,N,2033.09,6.5898438,4.4101562,2.859375
1781638,PEAR,0.5,VVS2,F,EX,EX,GD,N,2034.0,7.4414062,4.390625,2.5800781
1777678,PEAR,0.7597656,VVS2,M,EX,EX,EX,N,2034.78,8.3828125,4.9414062,3.0605469
1764055,PEAR,0.5,VS1,F,VG,EX,VG,N,2034.9,6.671875,4.4414062,2.6894531
1785505,PEAR,0.52978516,VS2,D,EX,EX,VG,F,2035.49,6.8789062,4.4882812,2.75
1639898,PEAR,0.5,VS1,D,EX,VG,EX,N,2036.76,7.3007812,4.2890625,2.6894531
1797469,PEAR,0.5,VS2,F,EX,EX,VG,N,2040.02,7.1914062,4.4414062,2.5996094
1745265,PEAR,0.52001953,VS1,E,EX,EX,VG,N,2046.52,7.3789062,4.4101562,2.640625
1785510,PEAR,0.5,VS2,F,EX,EX,VG,N,2048.36,7.1015625,4.390625,2.6894531
1785511,PEAR,0.5,VS2,F,EX,VG,VG,N,2048.36,7.3789062,4.4296875,2.5898438
1797473,PEAR,0.5097656,VS2,G,EX,EX,VG,N,2049.73,7.3085938,4.3515625,2.7304688
1800228,PEAR,0.5097656,VS2,E,EX,EX,VG,N,2049.83,7.1914062,4.359375,2.6894531
1751988,PEAR,0.5,VS1,E,EX,EX,VG,N,2053.35,7.1484375,4.3789062,2.6191406
1670878,PEAR,0.7001953,SI2,H,VG,VG,VG,F,2054.93,8.03125,4.7304688,3.0
211174-18,PEAR,1.0097656,SI1,D,VG,EX,VG,ST,5330.81,8.2890625,5.578125,3.5390625
210465-44,PEAR,1.0,SI1,D,EX,EX,VG,F,5348.66,8.4296875,5.53125,3.4707031
211176-221,PEAR,1.0,VS1,I,VG,EX,EX,ST,5372.38,8.2734375,5.4882812,3.5097656
213090-252,PEAR,1.0,SI2,E,EX,VG,EX,N,5375.5,8.703125,5.578125,3.4609375
210364-112,PEAR,1.0,SI2,G,EX,EX,VG,N,5382.59,8.4609375,5.5585938,3.4902344
211053-27,PEAR,1.0097656,SI1,I,EX,VG,VG,N,5385.14,9.34375,5.5117188,3.2890625
200709-15,PEAR,1.2001953,SI2,E,VG,VG,VG,N,5413.8,9.1328125,6.0507812,3.5390625
210355-57,PEAR,1.0097656,VS1,J,EX,VG,VG,N,5414.97,9.0,5.609375,3.3691406
1797430,PEAR,0.89990234,VS2,G,VG,EX,VG,N,5421.55,8.296875,5.3203125,3.2695312
213001-205,PEAR,1.2001953,SI2,F,EX,EX,VG,N,5422.06,9.2421875,6.078125,3.7597656
210515-59,PEAR,1.0,SI1,G,GD,EX,VG,N,5425.03,8.4921875,5.8085938,3.2695312
210052-139,PEAR,1.0,SI1,G,VG,EX,VG,N,5429.81,8.2578125,5.5195312,3.5097656
210369-336,PEAR,1.0195312,VVS1,J,EX,EX,EX,N,5430.25,9.296875,5.53125,3.359375
210485-147,PEAR,1.2001953,SI1,I,GD,EX,EX,N,5430.62,8.2578125,5.8007812,3.6699219
210494-32,PEAR,1.0,SI1,G,GD,EX,VG,N,5436.44,7.8984375,5.4804688,3.5898438
210573-103,PEAR,1.2998047,SI2,H,VG,VG,VG,N,4092.27,9.4375,5.859375,3.7304688
1767071,PEAR,0.7001953,VS1,D,EX,VG,VG,F,4092.84,8.21875,4.8007812,2.9003906
210438-145,PEAR,1.0097656,VS1,FANCY,EX,EX,VG,M,4093.31,8.359375,5.328125,3.1894531
210180-188,PEAR,0.89990234,SI1,H,VG,VG,GD,N,4096.49,8.1015625,5.390625,3.3105469
210124-707,PEAR,1.0,SI2,G,EX,VG,VG,N,4099.88,9.6015625,5.578125,3.2109375
210479-342,PEAR,1.2001953,SI2,K,GD,EX,VG,F,4114.22,9.6171875,5.5117188,3.6308594
1788115,PEAR,0.91015625,SI1,I,EX,EX,VG,N,4115.5,8.328125,5.46875,3.3105469
203221-1603,PEAR,1.0097656,SI2,E,EX,VG,VG,VSL,4115.6,9.1328125,5.4492188,3.4199219
1775508,PEAR,0.7001953,VS1,D,VG,EX,GD,N,4116.79,8.0078125,4.6914062,2.9902344
1657946,PEAR,0.7001953,VS1,E,EX,EX,VG,N,4134.35,7.5507812,4.9609375,3.0605469
1663443,PEAR,0.7001953,VS1,E,EX,VG,VG,N,4134.35,7.859375,4.9414062,2.9609375
210419-8,PEAR,1.2001953,SI2,E,VG,VG,VG,N,4143.1,9.6796875,5.8007812,3.5605469
1796072,PEAR,0.7001953,VS2,G,EX,EX,VG,N,4158.33,8.3984375,4.8984375,2.8007812
210368-718,PEAR,1.0097656,SI2,D,EX,EX,EX,N,4161.25,8.4375,5.6210938,3.5195312
212130-412,PEAR,1.0,SI2,J,EX,VG,GD,N,4163.48,8.8671875,5.53125,3.4609375
210515-175,PEAR,1.0,SI1,F,EX,EX,EX,N,6824.22,8.5234375,5.5390625,3.4394531
200502-253,PEAR,1.5,SI2,G,VG,VG,VG,N,6829.35,9.421875,6.4609375,4.0
210395-18,PEAR,1.5097656,SI2,J,VG,EX,EX,M,6840.4,9.4609375,6.3007812,4.03125
210515-40,PEAR,1.0,SI1,E,EX,EX,VG,N,6846.16,9.2265625,5.3984375,3.3691406
210517-46,PEAR,1.0097656,SI1,F,GD,VG,VG,N,6862.55,8.6171875,5.2695312,3.4199219
201251-113,PEAR,1.0097656,VVS1,H,EX,EX,EX,N,6879.87,8.6484375,5.5703125,3.4199219
210394-200,PEAR,1.0097656,VS2,E,EX,EX,VG,M,6920.63,9.046875,5.6601562,3.390625
211173-34,PEAR,1.0,SI1,F,VG,EX,VG,N,6927.96,8.3671875,5.3789062,3.3691406
210531-3,PEAR,1.0,SI1,E,EX,EX,VG,N,6935.7,9.1171875,5.5703125,3.2109375
Eco Diamond LG200872,PEAR,1.5097656,VVS2,F,EX,EX,EX,N,6937.91,9.96875,6.2382812,4.078125
210005-21,PEAR,1.0097656,VS2,F,EX,EX,VG,F,6967.16,9.21875,5.8398438,3.3808594
211153-32,PEAR,1.0,VS2,G,EX,EX,EX,F,6976.29,8.5390625,5.6015625,3.4707031
211155-154,PEAR,1.2001953,SI2,D,VG,EX,VG,F,7146.18,9.6171875,5.640625,3.5996094
212019-271,PEAR,1.0,VVS2,F,GD,EX,VG,F,7178.84,8.2265625,5.4609375,3.5507812
1776515,PEAR,0.89990234,VS1,D,EX,EX,VG,N,7196.19,9.1328125,5.4296875,3.1503906
210504-338,PEAR,1.5097656,SI1,K,EX,EX,VG,N,7214.55,9.8828125,6.3085938,3.9707031
210343-65,PEAR,1.0,VS1,F,VG,EX,EX,M,7225.17,8.5234375,5.6289062,3.4199219
210480-157,PEAR,1.7001953,SI1,L,GD,EX,VG,N,7228.95,9.6875,6.6210938,4.0195312
211155-102,PEAR,1.0,VS2,E,VG,EX,VG,F,7232.03,8.6484375,5.4101562,3.4492188
201214-394,PEAR,0.95996094,VS1,D,EX,VG,VG,N,7259.69,8.796875,5.4492188,3.4199219
1791223,PEAR,0.89990234,VVS1,F,VG,EX,EX,N,7266.46,8.171875,5.5117188,3.2597656
211180-143,PEAR,1.5,SI2,H,EX,EX,EX,N,7272.31,9.7578125,6.4414062,4.0507812
1783153,PRINCESS,0.33007812,VVS2,E,EX,EX,GD,F,1010.59,3.8398438,3.7890625,2.6699219
1765234,PRINCESS,0.3400879,VS1,F,EX,EX,VG,N,1010.91,3.9492188,3.9003906,2.7695312
1775625,PRINCESS,0.33007812,VS1,D,EX,VG,GD,N,1012.26,3.8691406,3.8691406,2.6308594
1649332,PRINCESS,0.5,SI2,K,EX,EX,GD,N,1012.33,4.2109375,4.1914062,3.0390625
1786744,PRINCESS,0.42993164,VS2,J,EX,EX,GD,N,1012.43,4.2304688,4.1484375,3.0097656
1594165,PRINCESS,0.5097656,VVS2,K,VG,VG,VG,N,1012.43,4.3085938,4.21875,3.140625
1798883,PRINCESS,0.3100586,VS1,F,EX,EX,VG,N,1013.39,3.7304688,3.6992188,2.5996094
1800370,PRINCESS,0.33007812,VVS2,F,EX,VG,GD,N,1013.41,3.890625,3.8300781,2.7695312
1654387,PRINCESS,0.5,VS1,K,GD,EX,VG,F,1014.13,4.1210938,4.0195312,3.1894531
1775627,PRINCESS,0.3701172,VS2,E,EX,VG,GD,N,1015.23,4.0195312,4.0117188,2.6601562
1800373,PRINCESS,0.3100586,VS1,D,EX,EX,VG,N,1016.45,3.7597656,3.7207031,2.6503906
1797565,PRINCESS,0.3100586,VVS1,E,EX,VG,GD,N,1016.52,3.8007812,3.7597656,2.6699219
1771762,PRINCESS,0.30004883,VVS2,D,EX,EX,VG,N,1018.39,3.7890625,3.7304688,2.5
1769923,PRINCESS,0.30004883,VVS2,D,EX,EX,VG,N,1018.39,3.7402344,3.7304688,2.5390625
1656725,PRINCESS,0.5,SI2,J,VG,EX,GD,N,1020.11,4.1914062,4.1796875,3.1308594
1796228,PRINCESS,0.3400879,VVS2,H,EX,EX,GD,N,951.15,3.9003906,3.8496094,2.6191406
1800990,PRINCESS,0.30004883,VS1,E,EX,EX,VG,N,952.01,3.6601562,3.609375,2.5898438
1800371,PRINCESS,0.30004883,VVS2,F,EX,EX,VG,F,952.01,3.8007812,3.7890625,2.5390625
1774646,PRINCESS,0.33007812,VVS1,F,EX,EX,GD,F,952.03,3.9003906,3.8300781,2.6191406
1775629,PRINCESS,0.3400879,VS2,H,EX,EX,VG,N,952.28,3.8808594,3.8398438,2.7792969
1742151,PRINCESS,0.30004883,VS1,D,EX,EX,VG,N,952.99,3.8007812,3.7890625,2.5703125
1788261,PRINCESS,0.30004883,VS2,G,EX,EX,VG,N,954.02,3.8300781,3.8007812,2.6308594
1785751,PRINCESS,0.3100586,VS1,F,EX,EX,GD,N,954.65,3.8398438,3.7695312,2.609375
1790042,PRINCESS,0.32006836,VS2,E,EX,EX,GD,N,955.64,3.8691406,3.8105469,2.6796875
1781742,PRINCESS,0.3100586,VS1,E,EX,VG,VG,N,956.74,3.7792969,3.7109375,2.6796875
1765909,PRINCESS,0.30004883,VS1,D,EX,VG,GD,N,958.57,3.6308594,3.5898438,2.5996094
1784083,PRINCESS,0.30004883,VS2,D,EX,EX,VG,N,958.65,3.7890625,3.7304688,2.6601562
1788246,PRINCESS,0.30004883,VVS2,D,EX,EX,GD,N,959.62,3.7597656,3.7109375,2.6992188
1651820,PRINCESS,0.5,VS1,L,EX,VG,VG,M,959.65,4.28125,4.2617188,3.0996094
1790037,PRINCESS,0.3100586,VS1,E,EX,EX,VG,F,960.43,3.7207031,3.6699219,2.5898438
1785743,PRINCESS,0.33007812,VVS1,F,EX,EX,VG,N,1056.32,3.9101562,3.8398438,2.5800781
1784079,PRINCESS,0.33007812,VS1,D,EX,EX,VG,N,1056.32,3.8691406,3.8203125,2.7695312
1656720,PRINCESS,0.5097656,VS1,L,EX,VG,VG,F,1057.44,4.3515625,4.3007812,3.1191406
1798880,PRINCESS,0.30004883,VVS1,E,EX,EX,VG,N,1060.0,3.8398438,3.7890625,2.6992188
1778818,PRINCESS,0.30004883,VVS1,D,EX,EX,VG,N,1062.0,3.8105469,3.7402344,2.640625
1789300,PRINCESS,0.3100586,VVS1,D,EX,EX,GD,N,1063.62,3.8496094,3.7695312,2.6894531
1646367,PRINCESS,0.5,SI1,J,VG,EX,GD,N,1065.06,4.2304688,4.2109375,3.1191406
1786745,PRINCESS,0.39990234,SI1,E,VG,EX,GD,N,1066.12,4.109375,4.0195312,2.9003906
1781734,PRINCESS,0.4099121,SI1,F,VG,EX,GD,N,1066.25,4.171875,4.0390625,2.9902344
1781726,PRINCESS,0.39990234,VVS1,I,EX,EX,VG,M,1067.4,4.109375,4.0390625,2.8203125
1771758,PRINCESS,0.39990234,VS2,I,VG,EX,VG,N,1067.44,3.9902344,3.9804688,2.9804688
1800991,PRINCESS,0.3701172,VS1,G,EX,EX,GD,F,1067.76,3.9394531,3.8691406,2.8105469
1646368,PRINCESS,0.5,SI1,K,EX,EX,VG,N,1069.46,4.28125,4.2109375,3.0390625
1769921,PRINCESS,0.30004883,VVS1,D,EX,EX,VG,N,1069.67,3.7304688,3.6796875,2.640625
1789302,PRINCESS,0.32006836,VVS1,E,EX,EX,VG,N,1069.7,3.7792969,3.7597656,2.6796875
1669838,PRINCESS,0.5,VS2,L,EX,EX,VG,F,1037.43,4.3085938,4.2695312,3.0996094
1797566,PRINCESS,0.30004883,VVS1,E,EX,EX,VG,N,1038.25,3.7695312,3.7109375,2.5292969
1781738,PRINCESS,0.32006836,VVS2,E,EX,EX,VG,N,1041.04,3.8398438,3.8300781,2.6796875
1783154,PRINCESS,0.33007812,VVS2,E,EX,EX,VG,N,1041.82,3.9609375,3.9003906,2.6191406
1781736,PRINCESS,0.4099121,SI1,I,EX,VG,VG,N,1042.07,4.109375,4.109375,2.9609375
1785747,PRINCESS,0.3100586,VS1,D,EX,EX,VG,N,1043.17,3.7402344,3.7109375,2.6699219
1659226,PRINCESS,0.5,VS1,M,VG,EX,VG,N,1045.23,4.2109375,4.1484375,3.0996094
1713113,PRINCESS,0.5,VS2,K,EX,EX,GD,N,1047.8,4.2617188,4.2304688,3.0800781
1797568,PRINCESS,0.30004883,VVS2,D,EX,EX,VG,N,1048.85,3.7792969,3.7207031,2.5097656
1800356,PRINCESS,0.5,SI2,K,VG,VG,GD,N,1049.51,4.2695312,4.2382812,3.1699219
1785738,PRINCESS,0.39990234,SI1,F,VG,VG,GD,F,1051.28,4.1914062,4.078125,2.8105469
1774637,PRINCESS,0.5,VS2,K,GD,EX,GD,N,1052.87,4.2109375,4.0195312,3.1601562
1785737,PRINCESS,0.39990234,SI1,E,VG,VG,FR,N,1053.92,4.21875,4.109375,2.8203125
1785735,PRINCESS,0.39990234,VS2,I,VG,EX,VG,N,1055.32,3.9199219,3.859375,2.859375
1737219,PRINCESS,0.5,VS2,K,EX,VG,GD,N,1055.41,4.4609375,4.3789062,3.1796875
1746222,PRINCESS,0.3100586,VS2,E,EX,EX,VG,N,923.23,3.7597656,3.7109375,2.6796875
1778821,PRINCESS,0.30004883,VS1,F,EX,EX,GD,N,923.62,3.7597656,3.7109375,2.5996094
1768130,PRINCESS,0.3100586,VS1,D,EX,EX,GD,F,923.72,3.7109375,3.6699219,2.609375
1800988,PRINCESS,0.30004883,VVS2,E,EX,GD,GD,M,924.6,3.8007812,3.7402344,2.5195312
1780016,PRINCESS,0.30004883,VS1,F,VG,EX,VG,N,925.17,3.6601562,3.640625,2.7207031
1790040,PRINCESS,0.30004883,VS1,F,EX,VG,GD,N,925.63,3.7109375,3.7109375,2.4902344
1791890,PRINCESS,0.30004883,VS2,F,EX,EX,GD,N,926.15,3.8496094,3.7792969,2.6308594
1764127,PRINCESS,0.39990234,VS2,J,EX,GD,FR,N,926.19,4.171875,4.109375,2.9492188
1764144,PRINCESS,0.36010742,SI2,D,EX,EX,VG,N,926.36,4.0117188,3.9707031,2.890625
1764138,PRINCESS,0.32006836,VS2,D,EX,EX,GD,N,926.46,3.8691406,3.8105469,2.6992188
1634767,PRINCESS,0.5097656,VS2,M,EX,EX,VG,N,926.9,4.4804688,4.4296875,3.1796875
1790043,PRINCESS,0.3100586,VS2,E,EX,VG,GD,N,926.91,3.859375,3.7402344,2.5800781
1793440,PRINCESS,0.3100586,VVS2,G,EX,EX,GD,N,926.91,3.8105469,3.7597656,2.6308594
1740381,PRINCESS,0.30004883,VS1,E,EX,EX,VG,N,927.73,3.7695312,3.7304688,2.6503906
1783160,PRINCESS,0.3100586,VS1,E,EX,EX,GD,N,928.47,3.7402344,3.6992188,2.6503906
1750540,PRINCESS,0.32006836,VS1,F,EX,EX,VG,N,972.97,3.8300781,3.8203125,2.6601562
1800375,PRINCESS,0.30004883,VS1,F,EX,EX,VG,N,973.36,3.8203125,3.7695312,2.5195312
1763123,PRINCESS,0.35009766,VS2,F,EX,EX,VG,N,973.91,3.9101562,3.890625,2.7597656
1794898,PRINCESS,0.3100586,VVS2,E,EX,VG,GD,N,975.06,3.890625,3.8496094,2.75
1759483,PRINCESS,0.3100586,VS1,D,EX,VG,VG,N,975.06,3.8105469,3.75,2.6894531
1783151,PRINCESS,0.3400879,VVS1,H,EX,EX,VG,F,976.47,3.859375,3.8300781,2.7304688
1785756,PRINCESS,0.30004883,VS2,D,EX,EX,VG,N,976.85,3.8203125,3.7597656,2.5
1759476,PRINCESS,0.39990234,SI2,F,EX,EX,VG,N,977.53,4.1015625,4.0195312,2.8496094
1794901,PRINCESS,0.32006836,VS2,E,EX,EX,VG,N,977.83,3.7597656,3.7402344,2.7109375
1788253,PRINCESS,0.30004883,VS1,F,EX,EX,VG,N,978.37,3.7402344,3.7109375,2.6894531
1785749,PRINCESS,0.3100586,VS1,E,EX,EX,VG,N,979.34,3.7402344,3.7207031,2.609375
1780017,PRINCESS,0.32006836,VS2,D,EX,EX,GD,N,980.0,3.75,3.7109375,2.6796875
1786749,PRINCESS,0.30004883,VVS2,D,EX,EX,GD,N,981.47,3.8398438,3.7695312,2.5390625
1789305,PRINCESS,0.3100586,VS1,D,EX,EX,VG,F,982.4,3.8203125,3.75,2.6191406
1794902,PRINCESS,0.30004883,VS2,E,EX,VG,VG,N,982.48,3.8300781,3.7597656,2.5800781
1769934,PRINCESS,0.33007812,VS1,J,EX,GD,GD,N,746.81,3.9492188,3.8691406,2.7304688
1800372,PRINCESS,0.30004883,VVS2,J,VG,EX,VG,N,749.7,3.7207031,3.7207031,2.6992188
1777738,PRINCESS,0.3798828,VS1,K,EX,EX,VG,N,750.97,4.0585938,4.0117188,2.9003906
1800992,PRINCESS,0.30004883,VS1,J,EX,VG,FR,N,753.77,3.7597656,3.6503906,2.6503906
1796237,PRINCESS,0.3100586,VS2,J,EX,VG,VG,N,754.5,3.7792969,3.7792969,2.7109375
1797570,PRINCESS,0.3100586,VVS2,J,EX,EX,VG,F,757.14,3.9492188,3.8496094,2.609375
1800995,PRINCESS,0.3100586,VS2,J,EX,EX,VG,N,759.22,3.8398438,3.7695312,2.6601562
1796233,PRINCESS,0.30004883,VS1,J,EX,VG,VG,N,764.93,3.7402344,3.6699219,2.6601562
1791321,PRINCESS,0.30004883,SI1,H,VG,EX,GD,N,794.37,3.7695312,3.6894531,2.5292969
1738350,PRINCESS,0.33007812,VS1,H,EX,GD,FR,F,802.63,3.859375,3.8398438,2.75
1770431,PRINCESS,0.30004883,VVS1,I,EX,EX,VG,F,804.49,3.7597656,3.7207031,2.6601562
1800377,PRINCESS,0.33007812,VS1,I,EX,VG,GD,F,807.58,3.8007812,3.75,2.6992188
1784081,PRINCESS,0.36010742,VS1,I,EX,VG,GD,F,809.54,4.1992188,4.140625,2.5195312
1767195,PRINCESS,0.30004883,VS1,H,EX,VG,GD,F,815.15,3.6699219,3.6601562,2.640625
1796239,PRINCESS,0.30004883,SI1,F,EX,VG,FR,N,815.59,3.7792969,3.7109375,2.6894531
1642628,PRINCESS,0.52001953,VS1,L,EX,EX,VG,N,1087.64,4.4882812,4.4492188,3.1796875
1791314,PRINCESS,0.48999023,SI1,L,VG,VG,FR,N,1090.74,4.2695312,4.1992188,3.0898438
1800326,PRINCESS,0.5,VS1,L,VG,VG,VG,N,1092.67,4.3007812,4.2695312,3.1503906
1630138,PRINCESS,0.5,SI1,J,EX,VG,GD,F,1094.53,4.359375,4.3007812,3.0507812
1657989,PRINCESS,0.5097656,VS1,K,VG,EX,VG,F,1096.26,4.2382812,4.1914062,3.1308594
1778795,PRINCESS,0.5097656,VVS1,L,EX,EX,EX,N,1096.51,4.390625,4.3007812,3.1308594
1771754,PRINCESS,0.39990234,VS1,H,EX,VG,GD,F,1099.26,4.1015625,4.0195312,2.9199219
1761911,PRINCESS,0.5,VVS2,K,VG,VG,GD,N,1100.26,4.1914062,4.078125,3.0390625
1625270,PRINCESS,0.5097656,VS2,K,EX,EX,VG,F,1100.7,4.5390625,4.46875,3.0390625
1789301,PRINCESS,0.33007812,VVS1,E,EX,EX,VG,N,1104.84,3.8691406,3.8398438,2.7792969
1785704,PRINCESS,0.5,VS2,K,VG,VG,FR,N,1105.34,4.3007812,4.2382812,3.1601562
1771759,PRINCESS,0.39990234,SI1,F,VG,VG,FR,N,1106.04,4.03125,3.9902344,2.9902344
1796205,PRINCESS,0.5,VS2,K,EX,EX,GD,N,1108.64,4.46875,4.3789062,3.1699219
1796188,PRINCESS,0.5097656,VVS2,K,VG,EX,VG,ST,1109.43,4.2382812,4.1796875,3.1308594
1649325,PRINCESS,0.5097656,SI1,J,EX,EX,VG,F,1109.5,4.4414062,4.3984375,3.140625
1626559,PRINCESS,0.52001953,VVS2,O-P,EX,VG,VG,N,834.0,4.359375,4.3398438,3.140625
1781739,PRINCESS,0.3100586,VVS2,I,EX,EX,VG,N,835.72,3.8496094,3.8007812,2.5507812
1772721,PRINCESS,0.30004883,VS1,G,VG,VG,GD,F,837.48,3.9394531,3.7695312,2.3691406
1796236,PRINCESS,0.30004883,VS2,H,VG,EX,GD,N,837.95,3.8007812,3.6992188,2.6894531
1763124,PRINCESS,0.30004883,VS2,G,EX,GD,FR,F,838.43,3.7597656,3.7207031,2.609375
1796240,PRINCESS,0.3100586,SI1,H,EX,VG,VG,N,838.87,3.75,3.7402344,2.6699219
1800378,PRINCESS,0.3100586,VS1,I,EX,EX,VG,N,838.87,3.7792969,3.7304688,2.7109375
1777742,PRINCESS,0.3100586,SI2,E,EX,EX,VG,N,844.68,3.75,3.6992188,2.5292969
1785754,PRINCESS,0.32006836,VS1,I,EX,EX,VG,N,844.75,3.7890625,3.75,2.7207031
1771769,PRINCESS,0.32006836,VS1,H,EX,GD,FR,N,845.32,4.0,3.8203125,2.7597656
1610219,PRINCESS,0.5,VS2,S-T,EX,VG,VG,N,845.48,4.2382812,4.1992188,3.0703125
1752073,PRINCESS,0.30004883,VS1,G,EX,VG,GD,N,849.11,3.7792969,3.7695312,2.7207031
1771774,PRINCESS,0.3100586,SI1,F,EX,VG,GD,N,850.93,3.7597656,3.7304688,2.6191406
1769939,PRINCESS,0.30004883,VS2,G,VG,VG,GD,N,852.13,3.8007812,3.7890625,2.6796875
1750541,PRINCESS,0.3100586,VS1,H,EX,EX,GD,N,853.01,3.8691406,3.8300781,2.5800781
1649312,PRINCESS,0.5,VS1,M,EX,EX,VG,N,933.68,4.2304688,4.1601562,3.0195312
1777736,PRINCESS,0.3100586,VVS2,F,VG,VG,VG,N,935.25,3.8808594,3.7695312,2.6601562
1785757,PRINCESS,0.3100586,VS2,E,EX,VG,VG,N,936.34,3.7597656,3.7207031,2.640625
1775630,PRINCESS,0.3400879,VS2,H,EX,VG,GD,N,936.77,3.8691406,3.8300781,2.75
1788258,PRINCESS,0.32006836,VS2,E,EX,VG,GD,N,937.26,3.8691406,3.8203125,2.5390625
1752075,PRINCESS,0.3100586,VS2,E,EX,EX,VG,N,937.38,3.9003906,3.7890625,2.6503906
1796235,PRINCESS,0.30004883,VS2,E,EX,VG,VG,N,937.85,3.8007812,3.75,2.6796875
1796230,PRINCESS,0.30004883,VS1,G,EX,EX,VG,N,938.32,3.8007812,3.6992188,2.6601562
1764139,PRINCESS,0.30004883,VS2,D,EX,VG,VG,N,940.35,3.7792969,3.7109375,2.5605469
1778823,PRINCESS,0.30004883,VS1,F,EX,EX,VG,N,940.86,3.7792969,3.75,2.6601562
1784080,PRINCESS,0.3100586,VS1,E,EX,VG,GD,N,941.03,3.8007812,3.7597656,2.7402344
1781746,PRINCESS,0.3100586,VS2,E,EX,VG,VG,N,942.67,3.8203125,3.7597656,2.7109375
1798881,PRINCESS,0.30004883,VVS1,G,VG,VG,VG,N,942.85,3.5390625,3.5292969,2.640625
1742152,PRINCESS,0.32006836,VS1,F,EX,EX,VG,N,944.85,3.7597656,3.7402344,2.6601562
1785761,PRINCESS,0.32006836,SI1,E,EX,EX,VG,N,945.34,3.8496094,3.8105469,2.6503906
1793437,PRINCESS,0.39990234,SI1,G,EX,VG,GD,N,1155.32,4.1484375,4.109375,2.9003906
1785740,PRINCESS,0.39990234,SI1,G,EX,VG,VG,N,1155.32,4.0195312,3.9492188,2.8808594
1756707,PRINCESS,0.4099121,VS1,H,EX,EX,VG,N,1155.69,4.0,3.9609375,2.8808594
1643754,PRINCESS,0.52001953,VS1,K,EX,EX,VG,N,1156.79,4.2617188,4.25,3.0996094
1777731,PRINCESS,0.39990234,VS2,H,VG,VG,VG,N,1158.0,3.9707031,3.9394531,2.9199219
1800978,PRINCESS,0.5,SI2,H,GD,VG,VG,N,1158.58,4.1289062,4.1210938,3.109375
1785703,PRINCESS,0.5097656,VS2,K,EX,EX,VG,M,1158.58,4.46875,4.4609375,3.2304688
1775619,PRINCESS,0.39990234,SI1,E,EX,EX,GD,N,1158.73,4.1484375,4.1015625,2.9199219
1790034,PRINCESS,0.39990234,VS2,I,EX,EX,VG,N,1159.37,4.0703125,3.9902344,2.890625
1669842,PRINCESS,0.5,SI2,F,EX,VG,FR,N,1160.16,4.4882812,4.4296875,3.0507812
1764130,PRINCESS,0.39990234,SI1,F,EX,EX,GD,N,1160.79,4.1289062,4.078125,2.8808594
1765889,PRINCESS,0.5097656,VS1,K,EX,VG,VG,F,1162.84,4.390625,4.3789062,3.1308594
1800369,PRINCESS,0.3100586,VVS1,D,EX,EX,VG,N,1164.21,3.8398438,3.8007812,2.6894531
1796226,PRINCESS,0.4699707,SI2,G,EX,EX,VG,N,1167.35,4.359375,4.3085938,3.1308594
1785734,PRINCESS,0.39990234,VS2,H,VG,VG,GD,N,1168.23,4.0898438,4.0117188,2.9296875
1785748,PRINCESS,0.32006836,VS1,E,EX,EX,GD,N,960.48,3.8398438,3.7695312,2.609375
1789306,PRINCESS,0.30004883,VS1,F,EX,EX,VG,N,960.66,3.6894531,3.6796875,2.640625
1788248,PRINCESS,0.30004883,VVS2,E,EX,VG,GD,N,961.61,3.9394531,3.7695312,2.5800781
1781743,PRINCESS,0.35009766,VS1,G,VG,VG,GD,N,963.25,3.7695312,3.7304688,2.7207031
1780018,PRINCESS,0.35009766,VS2,E,VG,EX,GD,F,963.82,3.9707031,3.9101562,2.8398438
1786753,PRINCESS,0.32006836,VS1,G,EX,EX,VG,N,965.38,3.8300781,3.7597656,2.5195312
1646351,PRINCESS,0.5,VS2,L,VG,EX,GD,N,965.65,4.25,4.1601562,3.0898438
1608844,PRINCESS,0.5,SI1,K,EX,EX,VG,N,965.72,4.3085938,4.25,3.0898438
1781737,PRINCESS,0.33007812,VVS1,G,EX,EX,GD,F,967.1,3.859375,3.8007812,2.7109375
1771763,PRINCESS,0.30004883,VVS2,E,EX,EX,VG,N,967.69,3.7207031,3.6601562,2.609375
1786747,PRINCESS,0.3100586,VVS1,E,EX,EX,GD,F,969.38,3.8398438,3.75,2.5605469
1786748,PRINCESS,0.30004883,VVS1,E,EX,EX,GD,N,970.77,3.7207031,3.6601562,2.6503906
1786752,PRINCESS,0.30004883,VS1,D,EX,EX,GD,N,971.75,3.6894531,3.640625,2.5292969
1788212,PRINCESS,0.5,VS2,L,VG,EX,GD,N,971.75,4.2617188,4.21875,3.0703125
1785758,PRINCESS,0.3701172,VS2,G,EX,VG,GD,N,972.7,4.0195312,4.0195312,2.890625
1780019,PRINCESS,0.30004883,VS2,G,VG,EX,VG,N,897.73,3.8691406,3.8007812,2.7109375
1769940,PRINCESS,0.3100586,VS2,H,EX,VG,GD,N,898.08,3.8300781,3.7597656,2.7109375
1763117,PRINCESS,0.33007812,VVS2,G,EX,VG,GD,N,898.56,3.9394531,3.8691406,2.7207031
1744320,PRINCESS,0.30004883,VS1,G,EX,VG,VG,N,898.76,3.7304688,3.6992188,2.4902344
1793448,PRINCESS,0.30004883,VS2,G,VG,EX,GD,N,899.27,3.6601562,3.5703125,2.640625
1768134,PRINCESS,0.32006836,VS2,F,EX,VG,GD,N,899.37,3.9394531,3.859375,2.640625
1771764,PRINCESS,0.30004883,VS1,E,VG,EX,GD,N,900.28,3.8203125,3.7695312,2.6699219
1783149,PRINCESS,0.30004883,VVS1,G,EX,VG,VG,F,900.85,3.7304688,3.6894531,2.6601562
1781745,PRINCESS,0.30004883,VS2,D,VG,VG,GD,N,900.85,3.7792969,3.7304688,2.5390625
1767191,PRINCESS,0.45996094,VS2,E,VG,EX,GD,F,1256.24,4.0585938,4.0585938,2.9804688
1797564,PRINCESS,0.35009766,VVS1,D,EX,EX,VG,N,1256.62,4.0,3.9296875,2.8203125
1763113,PRINCESS,0.39990234,VS1,H,EX,EX,VG,N,1256.73,4.03125,4.0117188,2.890625
1672027,PRINCESS,0.5,VS1,K,EX,EX,VG,F,1259.58,4.3515625,4.2890625,3.0996094
1750532,PRINCESS,0.6201172,SI2,J,EX,EX,VG,N,1261.23,4.5898438,4.5195312,3.2792969
1747258,PRINCESS,0.5,VS2,J,VG,EX,GD,N,1262.46,4.2382812,4.1914062,3.109375
1778815,PRINCESS,0.39990234,VS2,E,VG,VG,VG,N,1262.89,4.0,3.9199219,2.8691406
1796217,PRINCESS,0.5,SI2,H,EX,EX,VG,N,1263.38,4.3789062,4.328125,3.1308594
1789292,PRINCESS,0.5,SI1,J,EX,VG,GD,N,1263.39,4.28125,4.2382812,3.109375
1672963,PRINCESS,0.5,SI2,G,EX,VG,GD,N,1263.99,4.25,4.140625,3.1601562
1764124,PRINCESS,0.39990234,VS2,F,EX,EX,GD,F,1266.84,4.03125,3.9804688,2.7792969
1781732,PRINCESS,0.39990234,VS2,E,VG,VG,GD,N,1267.5,4.1601562,4.0703125,2.9707031
1755802,PRINCESS,0.45996094,VS1,H,VG,VG,VG,N,1267.8,4.390625,4.359375,3.0097656
1796223,PRINCESS,0.39990234,SI1,E,EX,EX,VG,N,1270.22,4.1484375,4.078125,2.9902344
1654381,PRINCESS,0.52978516,IF,K,EX,EX,VG,N,1271.45,4.4414062,4.3710938,3.1894531
1788235,PRINCESS,0.39990234,VS1,F,VG,VG,GD,N,1338.58,4.21875,4.1210938,2.9902344
1786741,PRINCESS,0.39990234,VVS1,H,EX,EX,VG,N,1338.58,4.0585938,4.0117188,2.9296875
1738335,PRINCESS,0.5,VS2,J,EX,EX,VG,N,1340.19,4.2382812,4.2109375,3.0605469
1666229,PRINCESS,0.75,SI2,L,EX,EX,VG,F,1340.49,4.9414062,4.8398438,3.4804688
1774642,PRINCESS,0.39990234,VVS2,G,EX,EX,VG,N,1342.6,4.0195312,3.9804688,2.859375
1772711,PRINCESS,0.5,SI2,F,VG,EX,VG,F,1344.4,4.4414062,4.3398438,3.2207031
1796221,PRINCESS,0.39990234,VS2,D,VG,VG,GD,F,1344.58,4.078125,4.0117188,2.9707031
1800363,PRINCESS,0.39990234,VS1,F,EX,VG,GD,N,1344.68,4.078125,4.0195312,2.9296875
1669841,PRINCESS,0.52001953,SI2,E,EX,VG,GD,N,1345.72,4.4492188,4.390625,3.1601562
1633065,PRINCESS,0.5,SI1,G,EX,VG,VG,N,1346.11,4.3203125,4.25,3.0898438
1800365,PRINCESS,0.41992188,VS2,F,EX,EX,GD,N,1346.68,4.2109375,4.1914062,2.9609375
1772715,PRINCESS,0.39990234,VS2,F,EX,EX,VG,N,1347.34,4.078125,4.0195312,2.8398438
1771756,PRINCESS,0.39990234,VS2,F,EX,VG,VG,N,1347.34,4.0585938,4.0195312,2.859375
1663480,PRINCESS,0.5097656,SI1,G,EX,VG,FR,N,1347.6,4.5390625,4.4609375,3.0996094
1800984,PRINCESS,0.4699707,VS2,H,EX,EX,VG,F,1347.69,4.2890625,4.2109375,3.0605469
1785710,PRINCESS,0.5097656,SI1,F,EX,EX,GD,N,1541.31,4.4101562,4.3203125,3.0605469
1756700,PRINCESS,0.5600586,SI2,F,EX,VG,VG,N,1541.82,4.5585938,4.5117188,3.2402344
1800969,PRINCESS,0.5097656,SI1,I,EX,EX,VG,N,1542.95,4.3007812,4.2695312,3.0996094
1783143,PRINCESS,0.5,SI1,H,VG,EX,VG,N,1543.82,4.4609375,4.3515625,3.1699219
1636519,PRINCESS,0.5,VS1,H,EX,EX,GD,N,1545.9,4.421875,4.3515625,3.0703125
1785661,PRINCESS,0.5097656,VVS2,J,EX,EX,VG,N,1547.25,4.328125,4.2382812,3.0800781
1794893,PRINCESS,0.5,SI2,F,VG,EX,VG,N,1548.04,4.2890625,4.2109375,3.0390625
1798877,PRINCESS,0.5,SI1,H,EX,EX,GD,N,1548.04,4.5703125,4.5,3.1191406
1785713,PRINCESS,0.52978516,SI1,I,EX,EX,EX,N,1548.18,4.5,4.4492188,3.2304688
1793420,PRINCESS,0.5,SI2,E,EX,VG,VG,N,1548.92,4.46875,4.390625,3.1894531
1796211,PRINCESS,0.52978516,SI1,H,EX,VG,GD,N,1549.88,4.3398438,4.3398438,3.0800781
1777721,PRINCESS,0.5097656,SI1,G,EX,EX,VG,N,1551.61,4.5585938,4.46875,3.0390625
1789287,PRINCESS,0.5,SI1,E,EX,EX,GD,N,1552.3,4.1601562,4.1601562,3.0703125
1791303,PRINCESS,0.5,SI1,E,EX,EX,GD,N,1552.3,4.4492188,4.390625,3.109375
1756701,PRINCESS,0.52978516,SI2,F,EX,EX,VG,N,1552.57,4.4492188,4.3984375,3.1699219
1760796,PRINCESS,0.5097656,VS1,E,EX,VG,VG,N,1925.69,4.328125,4.2695312,3.0996094
1634758,PRINCESS,0.7001953,VS1,K,EX,EX,VG,N,1928.94,4.8984375,4.8203125,3.5195312
1783117,PRINCESS,0.5600586,VS1,H,EX,VG,VG,F,1929.08,4.671875,4.609375,3.1796875
1750515,PRINCESS,0.7001953,SI2,G,VG,VG,VG,N,1929.3,4.75,4.671875,3.4609375
1651805,PRINCESS,0.70996094,SI2,J,EX,EX,VG,N,1929.39,5.0898438,4.9492188,3.4492188
1794847,PRINCESS,0.5,VS1,D,EX,EX,VG,M,1930.93,4.3515625,4.2890625,3.109375
1789269,PRINCESS,0.5097656,VVS2,E,EX,EX,GD,N,1930.98,4.3398438,4.2890625,3.109375
1798863,PRINCESS,0.5097656,VS1,E,EX,VG,GD,N,1931.69,4.328125,4.28125,3.0390625
1796187,PRINCESS,0.64990234,VVS2,J,VG,EX,GD,N,1931.92,4.6210938,4.609375,3.4296875
1649286,PRINCESS,0.7998047,SI2,J,EX,EX,GD,N,1932.33,5.0390625,5.03125,3.6601562
1660632,PRINCESS,0.52001953,VVS2,G,EX,EX,EX,N,1932.68,4.5390625,4.4492188,3.1601562
1783130,PRINCESS,0.52978516,VS2,F,EX,EX,VG,N,1934.17,4.4101562,4.3398438,3.1503906
1796194,PRINCESS,0.5097656,VS2,E,EX,EX,VG,N,1935.12,4.390625,4.3789062,3.1601562
1797542,PRINCESS,0.60009766,VS1,I,EX,VG,VG,F,1935.25,4.6992188,4.640625,3.3007812
1800308,PRINCESS,0.5097656,VVS2,E,EX,EX,VG,N,1936.06,4.2890625,4.2109375,3.0507812
1800960,PRINCESS,0.5,VS1,F,EX,EX,VG,N,1939.31,4.3007812,4.25,3.0898438
1785663,PRINCESS,0.5,VS1,E,EX,EX,VG,N,1939.41,4.4414062,4.3789062,3.1601562
1791299,PRINCESS,0.5,VS2,D,EX,EX,VG,N,1939.41,4.4296875,4.3984375,3.0507812
1607306,PRINCESS,0.64990234,VS1,I,EX,EX,VG,N,1939.42,4.7382812,4.6484375,3.3691406
1672025,PRINCESS,0.52001953,VVS1,G,EX,EX,VG,F,1940.92,4.3515625,4.3203125,3.140625
1788205,PRINCESS,0.52978516,VVS2,G,EX,EX,VG,N,1941.39,4.4296875,4.3398438,3.1601562
1794856,PRINCESS,0.5097656,VS1,G,EX,EX,VG,N,1942.06,4.2617188,4.2382812,3.0703125
1785652,PRINCESS,0.5,VVS2,D,EX,EX,VG,F,1946.14,4.25,4.21875,3.0703125
1789266,PRINCESS,0.7001953,SI2,I,EX,VG,GD,N,1948.11,4.8515625,4.8007812,3.390625
1796186,PRINCESS,0.5,VVS2,G,EX,EX,VG,N,1948.74,4.4492188,4.3789062,3.1601562
1785651,PRINCESS,0.5097656,VVS2,D,EX,EX,VG,M,1950.7,4.4492188,4.4296875,3.0996094
1761900,PRINCESS,0.5097656,VVS2,E,EX,EX,VG,N,1950.75,4.3515625,4.3007812,3.109375
1765186,PRINCESS,0.7998047,VS1,L,VG,EX,VG,N,1952.46,4.96875,4.8398438,3.609375
1786725,PRINCESS,0.5,VS1,F,EX,EX,VG,N,1952.8,4.3710938,4.2890625,3.1308594
1608786,PRINCESS,0.8100586,SI2,J,EX,EX,GD,M,1954.96,5.0,5.0,3.6191406
1788232,PRINCESS,0.39990234,VS1,E,VG,EX,GD,N,1399.46,4.2617188,4.109375,2.8203125
1765217,PRINCESS,0.4099121,VVS2,G,EX,EX,VG,N,1399.57,4.1601562,4.1210938,2.9199219
1780014,PRINCESS,0.47998047,SI1,F,EX,EX,VG,N,1399.98,4.359375,4.3007812,3.0800781
1767180,PRINCESS,0.5,SI1,I,EX,EX,VG,N,1400.2,4.5390625,4.4492188,3.2109375
1785728,PRINCESS,0.4099121,VS1,G,EX,EX,VG,F,1400.94,4.1289062,4.0898438,2.9492188
1777725,PRINCESS,0.5,SI2,E,EX,EX,VG,N,1401.11,4.359375,4.3398438,3.0898438
1663486,PRINCESS,0.52001953,SI2,E,EX,EX,VG,N,1401.42,4.53125,4.4609375,3.25
1643755,PRINCESS,0.5,SI1,G,VG,EX,VG,N,1402.39,4.2617188,4.2617188,3.140625
1800353,PRINCESS,0.5097656,SI2,F,EX,EX,GD,N,1403.31,4.3515625,4.3007812,3.0898438
1783146,PRINCESS,0.4099121,VS1,D,EX,VG,VG,F,1403.68,4.1601562,4.1015625,2.8398438
1778810,PRINCESS,0.5,SI2,G,VG,EX,VG,N,1405.34,4.3515625,4.2382812,3.140625
1768118,PRINCESS,0.5,SI1,I,EX,EX,VG,N,1406.15,4.3789062,4.3515625,3.1699219
1771737,PRINCESS,0.5,SI1,H,VG,VG,GD,N,1406.93,4.4101562,4.3710938,3.2109375
1789293,PRINCESS,0.5498047,SI2,D,EX,VG,GD,N,1406.93,4.53125,4.4609375,3.2304688
1788233,PRINCESS,0.4099121,VS1,F,EX,VG,GD,N,1407.96,4.0,3.9492188,2.859375
1767163,PRINCESS,0.5097656,VVS2,H,EX,EX,VG,N,1793.75,4.2617188,4.21875,3.0195312
1667473,PRINCESS,0.5,VS1,E,VG,EX,VG,N,1794.04,4.3085938,4.1914062,3.109375
1794873,PRINCESS,0.5498047,VS2,G,EX,VG,GD,N,1796.39,4.5117188,4.4296875,3.1601562
1800341,PRINCESS,0.5097656,SI1,E,EX,EX,VG,N,1796.44,4.4101562,4.359375,3.0390625
1794887,PRINCESS,0.5097656,SI1,E,EX,EX,VG,N,1796.44,4.3085938,4.28125,3.109375
1769891,PRINCESS,0.5,VS1,E,EX,EX,VG,N,1796.54,4.3398438,4.328125,3.0898438
1774632,PRINCESS,0.5097656,VS2,G,EX,EX,VG,N,1797.2,4.4101562,4.390625,3.1992188
1783141,PRINCESS,0.5,SI1,D,EX,EX,VG,N,1798.16,4.4882812,4.4414062,3.1601562
1664743,PRINCESS,0.60009766,VVS2,I,EX,EX,GD,N,1798.23,4.7617188,4.671875,3.3691406
1647399,PRINCESS,0.58984375,VS1,H,EX,EX,VG,F,1798.51,4.53125,4.5,3.2695312
1800961,PRINCESS,0.5,VS1,F,EX,EX,GD,F,1799.95,4.28125,4.21875,3.0703125
1796191,PRINCESS,0.5,VS1,F,EX,EX,GD,F,1799.95,4.421875,4.3515625,3.1699219
1760812,PRINCESS,0.5,VS2,G,EX,EX,VG,N,1800.7,4.2382812,4.1914062,3.0097656
1670910,PRINCESS,0.5,VS2,E,EX,EX,VG,N,1800.96,4.2695312,4.2382812,3.0800781
1649321,PRINCESS,0.66015625,SI1,G,EX,EX,GD,N,1802.08,4.8984375,4.828125,3.4707031
1785657,PRINCESS,0.5,VVS2,G,EX,EX,VG,N,1873.45,4.2617188,4.25,3.0703125
1641116,PRINCESS,0.5,VS1,D,EX,VG,VG,N,1874.41,4.46875,4.4414062,3.1894531
1796183,PRINCESS,0.5,VVS2,F,VG,EX,GD,N,1875.93,4.4296875,4.3203125,3.1191406
1798864,PRINCESS,0.5097656,VS1,F,EX,VG,GD,N,1876.49,4.3203125,4.2890625,3.1308594
1783114,PRINCESS,0.5,VS1,E,VG,EX,VG,N,1876.91,4.328125,4.28125,3.1699219
1794865,PRINCESS,0.52978516,VS2,E,EX,EX,VG,N,1879.72,4.609375,4.53125,3.1503906
1774626,PRINCESS,0.5,VS2,D,EX,EX,GD,N,1880.34,4.4609375,4.4296875,3.1992188
1785654,PRINCESS,0.5097656,VVS2,G,VG,EX,VG,N,1880.89,4.1601562,4.1601562,3.0703125
1763102,PRINCESS,0.5,VS1,G,EX,VG,VG,N,1881.17,4.2304688,4.2304688,3.0703125
1797547,PRINCESS,0.5,VS2,E,EX,EX,VG,N,1881.9,4.4296875,4.4101562,3.1699219
1773613,PRINCESS,0.7998047,VS1,L,VG,EX,GD,N,1882.12,4.9414062,4.8085938,3.5898438
1771721,PRINCESS,0.5498047,VS2,G,EX,EX,VG,N,1884.69,4.5585938,4.4804688,3.2207031
1765869,PRINCESS,0.5,VS1,E,EX,EX,VG,N,1885.25,4.2304688,4.2304688,3.0605469
1783133,PRINCESS,0.5,VS2,F,EX,EX,VG,N,1885.35,4.4882812,4.4414062,3.0605469
1789274,PRINCESS,0.52001953,VS2,E,EX,EX,VG,N,1889.32,4.4101562,4.359375,3.1699219
1765213,PRINCESS,0.5,SI2,E,EX,EX,VG,N,1445.12,4.4882812,4.421875,3.1308594
1785711,PRINCESS,0.5,SI1,F,VG,EX,GD,N,1445.96,4.28125,4.1484375,3.109375
1763110,PRINCESS,0.48999023,VVS2,J,EX,VG,VG,N,1446.07,4.4609375,4.390625,3.1894531
1771749,PRINCESS,0.39990234,VVS1,E,EX,EX,GD,N,1446.08,4.1992188,4.1484375,2.9609375
1781723,PRINCESS,0.58984375,SI2,F,VG,EX,GD,N,1446.78,4.5898438,4.5195312,3.359375
1800361,PRINCESS,0.4099121,VS1,E,EX,EX,VG,N,1447.35,4.1914062,4.140625,2.8691406
1670905,PRINCESS,0.5,VVS1,J,EX,EX,GD,N,1448.04,4.3398438,4.2695312,3.0703125
1633066,PRINCESS,0.52001953,SI1,H,EX,EX,VG,N,1448.07,4.3984375,4.3984375,3.140625
1778809,PRINCESS,0.5,SI2,G,EX,EX,VG,N,1450.14,4.4804688,4.4296875,3.0703125
1755797,PRINCESS,0.5,SI1,G,EX,EX,GD,N,1450.97,4.328125,4.2890625,3.0703125
1791885,PRINCESS,0.5097656,SI2,E,VG,EX,VG,N,1451.69,4.2617188,4.2382812,3.1503906
1796210,PRINCESS,0.5,SI1,G,EX,VG,GD,N,1451.86,4.4101562,4.3515625,3.1191406
1784071,PRINCESS,0.39990234,VS1,F,EX,EX,VG,N,1452.81,4.21875,4.1484375,2.7890625
1800982,PRINCESS,0.42993164,VS2,D,EX,EX,VG,N,1452.83,4.1601562,4.1015625,2.9707031
1789296,PRINCESS,0.39990234,VS1,F,EX,EX,VG,N,1453.4,4.0390625,4.0117188,2.9101562
1604235,PRINCESS,0.60009766,VS2,I,EX,EX,EX,N,1701.7,4.5390625,4.4804688,3.25
1784051,PRINCESS,0.7998047,VS2,M,VG,EX,GD,N,1702.24,4.9882812,4.8789062,3.6308594
1765871,PRINCESS,0.5,VS1,F,VG,EX,GD,N,1702.71,4.2109375,4.1992188,3.140625
1761907,PRINCESS,0.5,VVS2,G,EX,EX,GD,N,1702.79,4.359375,4.2890625,3.1191406
1785676,PRINCESS,0.5,VS1,H,EX,EX,GD,N,1702.84,4.328125,4.2617188,2.9804688
1765876,PRINCESS,0.5,VS1,G,EX,EX,GD,N,1703.66,4.3203125,4.2304688,3.0292969
1767162,PRINCESS,0.5,VVS1,I,EX,EX,VG,N,1704.47,4.5,4.421875,2.9609375
1767165,PRINCESS,0.5,VS1,G,EX,EX,VG,M,1704.53,4.4296875,4.390625,3.1894531
1786717,PRINCESS,0.5097656,IF,I,EX,EX,VG,N,1704.97,4.4296875,4.3515625,3.1503906
1798869,PRINCESS,0.5,VS1,I,EX,EX,VG,N,1705.29,4.328125,4.2890625,3.109375
1800321,PRINCESS,0.5,VS1,I,EX,VG,VG,N,1705.29,4.390625,4.3085938,3.1308594
1752045,PRINCESS,0.5,VS2,E,EX,EX,VG,N,1705.31,4.3984375,4.3515625,3.1601562
1656717,PRINCESS,0.5,VS1,H,EX,EX,VG,N,1707.56,4.4101562,4.359375,3.1503906
1771717,PRINCESS,0.5,VVS2,G,EX,VG,GD,N,1707.81,4.359375,4.3515625,3.109375
1781714,PRINCESS,0.5097656,VS1,H,EX,EX,GD,F,1708.42,4.5195312,4.4492188,3.0605469
1769907,PRINCESS,0.5,SI2,G,EX,EX,VG,N,1439.05,4.3007812,4.2695312,3.0292969
1767190,PRINCESS,0.45996094,VS2,E,EX,EX,VG,N,1439.59,4.3984375,4.3085938,3.0292969
1771699,PRINCESS,0.7998047,SI1,N,VG,EX,FR,N,1439.98,5.1289062,5.0507812,3.7207031
1800975,PRINCESS,0.5,SI2,G,VG,EX,VG,N,1440.02,4.21875,4.2109375,3.1503906
1785719,PRINCESS,0.5097656,SI2,G,EX,EX,EX,N,1440.44,4.4804688,4.4414062,3.2207031
1642631,PRINCESS,0.5,VS2,I,EX,VG,GD,N,1441.23,4.4414062,4.3710938,3.1894531
1649315,PRINCESS,0.5,VS2,I,EX,EX,VG,N,1441.23,4.3007812,4.2617188,3.0605469
1669827,PRINCESS,0.5,VVS2,J,EX,VG,VG,N,1441.23,4.5195312,4.421875,3.0507812
1781733,PRINCESS,0.45996094,SI1,D,EX,EX,VG,N,1441.91,4.3085938,4.2382812,3.0898438
1785718,PRINCESS,0.5,SI2,F,VG,EX,VG,N,1442.42,4.2617188,4.171875,3.1191406
1708679,PRINCESS,0.5,SI1,I,EX,EX,VG,N,1442.43,4.28125,4.2382812,3.0800781
1740372,PRINCESS,0.5,SI1,I,EX,EX,VG,N,1442.43,4.4414062,4.390625,3.1503906
1785729,PRINCESS,0.4099121,VS1,G,EX,EX,VG,N,1443.29,3.9707031,3.9492188,2.8808594
1642634,PRINCESS,0.5,SI1,E,EX,EX,VG,N,1443.77,4.53125,4.4414062,3.0898438
1788238,PRINCESS,0.39990234,VS2,D,EX,EX,VG,N,1444.09,4.140625,4.1210938,2.9296875
1789289,PRINCESS,0.5,SI1,F,EX,EX,GD,N,1678.34,4.5,4.4492188,3.1503906
1793414,PRINCESS,0.5,SI1,F,EX,VG,VG,N,1678.34,4.25,4.25,3.0898438
1765859,PRINCESS,0.5,VVS2,F,EX,EX,GD,F,1679.17,4.3085938,4.28125,3.109375
1797555,PRINCESS,0.5097656,VS2,H,VG,EX,VG,F,1679.27,4.3007812,4.2382812,3.1503906
1800334,PRINCESS,0.5097656,VS2,H,EX,EX,GD,N,1679.27,4.2695312,4.1992188,3.0605469
1628623,PRINCESS,0.5,VS2,F,EX,EX,VG,N,1679.9,4.4101562,4.3398438,3.0703125
1742138,PRINCESS,0.5800781,SI1,F,EX,EX,VG,N,1681.03,4.6914062,4.609375,3.2304688
1761933,PRINCESS,0.5,VS2,E,VG,EX,GD,N,1681.58,4.2617188,4.140625,3.0800781
1800357,PRINCESS,0.42993164,VVS1,D,EX,EX,GD,N,1681.7,4.25,4.1992188,2.9902344
1769888,PRINCESS,0.58984375,VVS2,I,VG,EX,GD,N,1682.12,4.4492188,4.4296875,3.3007812
1785707,PRINCESS,0.5,SI1,E,VG,VG,VG,N,1682.51,4.3984375,4.3398438,3.2402344
1788208,PRINCESS,0.5,VS1,H,VG,EX,GD,N,1682.56,4.2304688,4.1484375,3.0703125
1785673,PRINCESS,0.5,VS1,H,VG,EX,GD,N,1682.56,4.4609375,4.3789062,3.140625
1785640,PRINCESS,0.75,SI1,L,VG,EX,VG,F,1682.97,4.8398438,4.7695312,3.5605469
1639943,PRINCESS,0.5,VS1,H,EX,EX,VG,N,1683.22,4.3398438,4.2695312,3.0996094
1785730,PRINCESS,0.39990234,VS1,G,VG,EX,GD,N,1306.74,4.1484375,4.0898438,2.8203125
1771739,PRINCESS,0.5,SI1,I,VG,EX,VG,F,1311.58,4.28125,4.1992188,3.0898438
1763114,PRINCESS,0.39990234,VS2,E,EX,VG,VG,N,1312.12,4.1484375,4.109375,2.7695312
1671588,PRINCESS,0.5,VVS1,J,EX,EX,GD,N,1312.31,4.2617188,4.21875,3.0703125
1660647,PRINCESS,0.5,SI2,G,EX,EX,VG,F,1312.45,4.4414062,4.3710938,3.0996094
1670918,PRINCESS,0.5,SI2,G,EX,EX,GD,N,1312.45,4.5117188,4.3710938,2.8691406
1793435,PRINCESS,0.39990234,SI1,D,EX,EX,VG,N,1312.79,4.1484375,4.0898438,2.890625
1794890,PRINCESS,0.5,SI1,I,EX,VG,VG,N,1313.99,4.3984375,4.359375,3.0703125
1608802,PRINCESS,0.5,VVS2,J,EX,EX,VG,N,1314.9,4.2382812,4.171875,3.0292969
1744283,PRINCESS,0.5097656,VS2,J,EX,EX,GD,N,1315.39,4.3398438,4.3085938,3.140625
1796222,PRINCESS,0.39990234,VS2,E,VG,EX,VG,N,1315.53,3.9804688,3.9199219,2.9101562
1761960,PRINCESS,0.4099121,VVS2,G,EX,VG,VG,N,1315.73,4.1992188,4.1484375,2.9492188
1649330,PRINCESS,0.5498047,SI2,I,EX,EX,VG,N,1315.77,4.5117188,4.4882812,3.25
1781729,PRINCESS,0.41992188,VS1,H,EX,EX,VG,N,1316.16,4.2695312,4.1484375,2.8808594
1765903,PRINCESS,0.5,SI1,I,VG,EX,FR,N,1316.56,4.2617188,4.25,3.0605469
1761945,PRINCESS,0.5,VS2,G,VG,EX,VG,F,1658.74,4.21875,4.1914062,3.1503906
1667474,PRINCESS,0.5097656,VS2,G,EX,EX,VG,N,1658.8,4.5,4.421875,3.1503906
202228-353,PRINCESS,1.0,SI1,U-V,VG,EX,GD,F,1659.18,5.2890625,5.2109375,3.8691406
1767169,PRINCESS,0.52001953,VS2,F,EX,EX,VG,ST,1659.8,4.5195312,4.46875,3.2207031
1671589,PRINCESS,0.5,VVS2,G,EX,VG,GD,N,1659.84,4.2304688,4.1992188,3.0390625
1781721,PRINCESS,0.5097656,SI1,F,EX,EX,VG,N,1660.21,4.3398438,4.2617188,3.0800781
1794826,PRINCESS,0.7001953,VS2,K,VG,EX,VG,N,1660.78,4.6484375,4.640625,3.4707031
1771733,PRINCESS,0.52978516,SI1,F,EX,VG,VG,N,1661.02,4.4609375,4.4414062,3.1308594
1781720,PRINCESS,0.5097656,SI1,E,EX,EX,GD,N,1661.03,4.4101562,4.359375,3.1503906
1768115,PRINCESS,0.5,SI1,F,EX,EX,VG,N,1661.42,4.4101562,4.3515625,3.1699219
1798856,PRINCESS,0.52001953,VVS1,I,EX,EX,GD,F,1661.47,4.359375,4.3007812,3.0703125
1779996,PRINCESS,0.7001953,SI1,L,EX,EX,EX,N,1661.83,4.8085938,4.78125,3.4707031
1729623,PRINCESS,0.5,VS2,D,VG,VG,GD,N,1662.99,4.5117188,4.4882812,3.1699219
1778790,PRINCESS,0.7998047,SI2,L,EX,VG,GD,F,1663.1,5.1015625,5.0703125,3.7109375
1785674,PRINCESS,0.5,VS1,H,EX,EX,GD,N,1663.91,4.328125,4.25,3.0703125
1761940,PRINCESS,0.5,VS2,F,EX,EX,GD,N,1732.44,4.5,4.4804688,3.2402344
1789279,PRINCESS,0.5,VS2,F,EX,VG,GD,N,1732.44,4.359375,4.28125,3.1191406
1794875,PRINCESS,0.5097656,VS2,G,VG,EX,GD,N,1732.55,4.28125,4.1914062,3.109375
1767173,PRINCESS,0.5097656,VS2,H,EX,VG,VG,N,1732.6,4.5195312,4.5117188,3.1894531
1634766,PRINCESS,0.5,VS2,G,EX,EX,VG,N,1733.48,4.3789062,4.3710938,3.0507812
1657990,PRINCESS,0.5,VS2,E,VG,EX,VG,N,1734.2,4.4414062,4.3710938,3.2207031
1660627,PRINCESS,0.7001953,SI2,G,EX,VG,GD,N,1735.41,4.7890625,4.7617188,3.4199219
1761914,PRINCESS,0.5,VS1,F,EX,EX,GD,N,1735.83,4.328125,4.2617188,3.0996094
1760813,PRINCESS,0.52001953,VS2,H,EX,EX,GD,N,1738.11,4.3515625,4.3007812,3.109375
1767172,PRINCESS,0.5,VS2,G,EX,EX,VG,N,1738.17,4.4296875,4.359375,3.0800781
1783134,PRINCESS,0.5,VS2,F,VG,EX,VG,F,1738.37,4.2382812,4.1484375,3.0898438
1774627,PRINCESS,0.5,VS2,E,EX,EX,VG,N,1738.38,4.4492188,4.4414062,3.0703125
1786732,PRINCESS,0.5,VS2,G,EX,EX,VG,N,1739.01,4.3398438,4.25,2.9804688
1785706,PRINCESS,0.5,SI1,D,EX,EX,VG,N,1739.01,4.3398438,4.28125,3.109375
1788211,PRINCESS,0.5,VS2,H,EX,EX,VG,N,1739.08,4.3789062,4.3085938,3.1308594
1769886,PRINCESS,0.7001953,SI2,J,VG,EX,VG,N,1812.12,4.7382812,4.7304688,3.5390625
1761912,PRINCESS,0.5097656,VS1,F,EX,EX,GD,N,1812.78,4.5,4.4492188,3.1992188
1654388,PRINCESS,0.52001953,VS2,E,EX,EX,VG,N,1813.12,4.46875,4.4492188,3.2207031
1636516,PRINCESS,0.52001953,VS1,F,EX,EX,VG,N,1814.98,4.5703125,4.4882812,3.0195312
1740849,PRINCESS,0.5,VS2,F,EX,EX,VG,N,1815.26,4.359375,4.3398438,3.140625
1794866,PRINCESS,0.5,VS2,E,EX,VG,GD,N,1815.28,4.3398438,4.28125,3.1191406
1786730,PRINCESS,0.52001953,VS2,G,EX,EX,VG,N,1816.14,4.359375,4.3007812,3.1308594
1608816,PRINCESS,0.60009766,VS1,I,EX,EX,EX,N,1816.83,4.46875,4.4414062,3.2402344
1765895,PRINCESS,0.5097656,VS2,G,EX,VG,VG,N,1817.02,4.5390625,4.4804688,3.109375
1628616,PRINCESS,0.5,VS1,D,EX,EX,VG,N,1817.35,4.4414062,4.4101562,3.0996094
1666232,PRINCESS,0.5097656,VVS2,H,EX,EX,VG,N,1817.61,4.5,4.4296875,3.1503906
1663483,PRINCESS,0.6899414,SI1,J,EX,EX,VG,N,1818.08,5.078125,4.9882812,3.4199219
1643750,PRINCESS,0.5600586,VVS2,H,EX,EX,VG,N,1823.39,4.53125,4.46875,3.25
1797550,PRINCESS,0.5,VS2,F,EX,VG,GD,N,1824.49,4.3710938,4.3007812,3.109375
1797549,PRINCESS,0.5,VS2,F,EX,EX,GD,N,1824.49,4.359375,4.2382812,3.0800781
1800349,PRINCESS,0.5097656,SI1,J,EX,EX,GD,N,1272.38,4.4804688,4.4609375,3.1796875
1625277,PRINCESS,0.58984375,SI1,J,EX,EX,VG,N,1276.14,4.671875,4.5898438,3.3496094
1783145,PRINCESS,0.4099121,VVS2,G,EX,GD,GD,N,1276.25,4.28125,4.1601562,2.9902344
1670919,PRINCESS,0.5,SI2,G,EX,VG,VG,N,1280.41,4.3984375,4.3515625,3.1503906
1651825,PRINCESS,0.5,VS2,I,VG,VG,GD,N,1280.41,4.28125,4.1992188,3.0898438
1781730,PRINCESS,0.39990234,VS1,H,EX,EX,VG,N,1281.78,4.171875,4.0898438,2.9492188
1800324,PRINCESS,0.5,VS1,J,GD,EX,GD,F,1282.85,4.140625,4.1015625,3.2304688
1649318,PRINCESS,0.5,VS2,J,EX,EX,VG,N,1283.0,4.28125,4.2382812,3.0800781
1776576,PRINCESS,0.5,VS2,J,EX,VG,GD,N,1283.61,4.2695312,4.2617188,3.0703125
1800983,PRINCESS,0.39990234,VS2,D,VG,EX,GD,N,1283.79,3.9609375,3.8496094,2.8808594
1788242,PRINCESS,0.41992188,SI1,E,EX,EX,VG,N,1284.2,4.2304688,4.1796875,2.9101562
1659212,PRINCESS,0.70996094,VS2,U-V,VG,EX,VG,N,1284.91,4.6796875,4.6289062,3.4609375
1796219,PRINCESS,0.39990234,VVS2,G,EX,VG,GD,F,1285.79,4.21875,4.1484375,2.9492188
1764117,PRINCESS,0.4099121,VVS2,H,EX,EX,VG,N,1285.89,4.3085938,4.1914062,2.890625
1738337,PRINCESS,0.5,VS2,J,EX,VG,VG,N,1286.19,4.3085938,4.25,2.9902344
1765210,PRINCESS,0.60009766,SI1,F,EX,EX,GD,F,1833.75,4.6914062,4.6289062,3.3398438
1785677,PRINCESS,0.58984375,VS1,I,EX,EX,GD,N,1834.71,4.6484375,4.5585938,3.3105469
1800339,PRINCESS,0.5097656,SI1,E,EX,EX,VG,N,1835.29,4.4101562,4.3789062,3.1601562
1764109,PRINCESS,0.5,VS1,H,EX,EX,VG,N,1836.29,4.3085938,4.2382812,3.0703125
1765882,PRINCESS,0.5,VS1,H,EX,EX,VG,N,1836.29,4.4296875,4.3515625,3.1699219
1797523,PRINCESS,0.5,VVS1,H,EX,EX,VG,N,1837.18,4.4492188,4.390625,3.0390625
1789280,PRINCESS,0.5,VS2,F,EX,EX,VG,N,1837.89,4.328125,4.2890625,3.109375
1789273,PRINCESS,0.5,VS1,G,EX,EX,VG,F,1837.89,4.3515625,4.328125,3.0507812
1761939,PRINCESS,0.5,VS2,F,EX,VG,VG,N,1838.77,4.4882812,4.4609375,3.0800781
1660616,PRINCESS,0.9199219,VS1,N,GD,EX,VG,N,1839.55,5.0390625,5.0390625,3.9492188
1785659,PRINCESS,0.5,VVS2,H,EX,EX,VG,N,1840.41,4.2695312,4.2617188,3.0703125
1669821,PRINCESS,0.7001953,SI2,F,VG,VG,FR,F,1841.97,5.0117188,4.9296875,3.390625
210019-31,PRINCESS,1.0097656,I1,L,EX,EX,VG,F,1842.25,5.28125,5.2695312,3.8398438
1783135,PRINCESS,0.5,VS2,F,EX,EX,VG,N,1843.82,4.3007812,4.2304688,3.0898438
1800309,PRINCESS,0.5097656,VVS2,G,EX,VG,GD,N,1844.82,4.328125,4.25,3.0507812
1769919,PRINCESS,0.39990234,SI1,D,EX,EX,VG,N,1241.81,4.0195312,3.9609375,2.8398438
1796202,PRINCESS,0.5600586,VS2,K,EX,EX,GD,N,1242.86,4.5585938,4.5,3.2109375
200787-577,PRINCESS,1.0097656,SI2,M,EX,VG,VG,N,1247.81,5.2890625,5.28125,3.8496094
1785736,PRINCESS,0.39990234,SI1,D,EX,EX,VG,N,1247.9,4.0703125,4.0,2.9199219
1793426,PRINCESS,0.5,SI2,J,VG,EX,VG,N,1248.17,4.21875,4.1601562,3.0703125
1774622,PRINCESS,0.5097656,VS1,K,EX,EX,VG,N,1248.17,4.3984375,4.3203125,3.1308594
1784073,PRINCESS,0.4099121,SI1,E,EX,EX,VG,N,1248.5,4.0390625,3.9902344,2.890625
1774620,PRINCESS,0.5,VS1,J,GD,EX,GD,N,1248.96,4.2109375,4.1484375,3.25
1785687,PRINCESS,0.52001953,VS1,K,EX,EX,VG,F,1250.19,4.4609375,4.4296875,3.0097656
1796215,PRINCESS,0.5,SI2,G,EX,VG,GD,F,1251.53,4.328125,4.3203125,3.0800781
1800323,PRINCESS,0.5,VS1,J,EX,EX,GD,N,1251.53,4.3515625,4.3085938,3.1191406
1666247,PRINCESS,0.52978516,SI2,I,EX,EX,VG,F,1252.19,4.53125,4.4804688,3.0390625
1760805,PRINCESS,0.60009766,VS1,L,EX,EX,VG,N,1253.76,4.5703125,4.53125,3.2890625
1769905,PRINCESS,0.5097656,SI1,J,EX,EX,EX,N,1254.22,4.3984375,4.3398438,3.140625
1772717,PRINCESS,0.4699707,SI1,H,EX,EX,GD,N,1255.45,4.2695312,4.25,3.0800781
1754988,PRINCESS,0.5097656,VS1,F,EX,EX,VG,N,1782.61,4.4609375,4.390625,3.109375
1765893,PRINCESS,0.5,VS2,F,EX,EX,GD,N,1782.97,4.3515625,4.3007812,3.0898438
1794850,PRINCESS,0.5097656,VS1,E,EX,EX,GD,M,1784.47,4.4609375,4.4414062,2.9902344
1774602,PRINCESS,0.52001953,VVS2,G,EX,EX,GD,N,1784.67,4.3085938,4.2890625,3.0898438
1789276,PRINCESS,0.5,VS2,E,EX,EX,GD,N,1785.62,4.3789062,4.3515625,2.9199219
1638325,PRINCESS,0.7001953,SI1,J,VG,VG,VG,N,1786.14,4.8007812,4.671875,3.4902344
1796197,PRINCESS,0.5,VS2,H,EX,EX,VG,N,1786.5,4.4414062,4.3710938,3.0195312
1760811,PRINCESS,0.5,VS2,F,EX,EX,GD,N,1788.02,4.5117188,4.4414062,3.0
1761935,PRINCESS,0.52001953,VS2,F,EX,EX,GD,N,1788.21,4.359375,4.28125,3.0703125
1800328,PRINCESS,0.5097656,VS2,F,EX,EX,VG,F,1788.78,4.46875,4.4101562,3.0292969
1669831,PRINCESS,0.52978516,VS1,H,EX,VG,VG,N,1789.27,4.3984375,4.3203125,3.140625
1778798,PRINCESS,0.5,VS2,E,EX,EX,VG,N,1789.73,4.25,4.2382812,3.0800781
1800319,PRINCESS,0.5,VS1,H,EX,EX,VG,N,1789.85,4.3984375,4.359375,3.1699219
1784057,PRINCESS,0.5097656,VVS2,G,EX,EX,GD,F,1791.3,4.2695312,4.25,3.0703125
1777719,PRINCESS,0.60009766,VS2,I,EX,EX,VG,N,1793.23,4.5585938,4.5,3.2597656
1796198,PRINCESS,0.52001953,VS2,I,EX,EX,GD,N,1641.28,4.4804688,4.4492188,3.2402344
1781718,PRINCESS,0.52001953,VS2,I,EX,EX,VG,N,1642.21,4.3710938,4.3085938,3.140625
1759466,PRINCESS,0.5,VVS2,I,EX,EX,VG,F,1642.87,4.4296875,4.3515625,3.1503906
1769903,PRINCESS,0.58984375,SI1,H,EX,EX,VG,F,1643.2,4.5507812,4.53125,3.3007812
1666234,PRINCESS,0.5,VVS2,I,EX,VG,VG,N,1645.3,4.4492188,4.3984375,3.1503906
1760802,PRINCESS,0.5097656,VS1,I,EX,EX,VG,N,1645.6,4.3203125,4.3007812,3.0996094
1791304,PRINCESS,0.5,SI1,E,VG,EX,VG,N,1646.18,4.3203125,4.2695312,3.1699219
1793407,PRINCESS,0.5,SI1,E,VG,EX,VG,N,1646.18,4.328125,4.2617188,3.1699219
1800980,PRINCESS,0.4099121,VVS2,E,EX,EX,VG,N,1646.2,4.1601562,4.1015625,2.9101562
1767177,PRINCESS,0.52001953,SI1,E,EX,EX,EX,F,1646.55,4.4609375,4.390625,3.1894531
1756692,PRINCESS,0.52001953,VS1,I,EX,EX,VG,N,1646.69,4.46875,4.4101562,3.1503906
1670917,PRINCESS,0.60009766,SI2,F,EX,EX,GD,N,1647.74,4.6601562,4.6015625,3.3398438
1772704,PRINCESS,0.5097656,VVS2,H,GD,EX,GD,N,1648.09,4.1484375,4.0703125,3.1699219
1785709,PRINCESS,0.5097656,SI1,F,EX,EX,VG,N,1649.96,4.3203125,4.2382812,3.0390625
1646344,PRINCESS,0.5,VS2,H,EX,VG,VG,N,1650.38,4.5117188,4.46875,3.25
1800966,PRINCESS,0.5097656,SI1,E,EX,EX,VG,N,1717.94,4.3710938,4.3398438,3.140625
1800332,PRINCESS,0.5097656,VS2,H,VG,EX,VG,N,1717.94,4.359375,4.2890625,3.1992188
1800333,PRINCESS,0.5097656,VS2,H,EX,EX,GD,N,1717.94,4.4804688,4.4101562,3.109375
1791879,PRINCESS,0.5,VS2,G,VG,EX,VG,N,1718.73,4.1796875,4.171875,3.1308594
1785660,PRINCESS,0.5,VVS2,H,EX,VG,GD,N,1718.73,4.3398438,4.3203125,3.140625
1788206,PRINCESS,0.5,VVS2,H,EX,EX,GD,N,1718.73,4.2382812,4.2382812,3.0605469
1779999,PRINCESS,0.5,VS1,F,VG,VG,FR,N,1719.74,4.3398438,4.2382812,2.9707031
1785693,PRINCESS,0.5,VS2,H,EX,EX,GD,N,1720.61,4.4609375,4.3984375,3.0507812
1775598,PRINCESS,0.75,VS2,L,EX,VG,GD,N,1720.93,5.0,4.9492188,3.609375
1765198,PRINCESS,0.5,VVS2,F,EX,VG,GD,F,1721.32,4.3710938,4.3515625,3.1503906
1788207,PRINCESS,0.5,VS1,H,VG,EX,VG,N,1722.11,4.25,4.1289062,3.0898438
1793422,PRINCESS,0.60009766,SI2,F,EX,EX,VG,N,1722.11,4.5507812,4.5390625,3.2792969
1625264,PRINCESS,0.5,VS1,F,EX,VG,VG,N,1722.29,4.5117188,4.4296875,3.1796875
1639941,PRINCESS,0.5,VS1,G,EX,EX,VG,N,1723.88,4.5,4.4414062,2.9902344
1638348,PRINCESS,0.52001953,VS2,F,EX,EX,VG,N,1724.19,4.4296875,4.3515625,3.1601562
1793428,PRINCESS,0.39990234,VVS1,F,EX,EX,GD,N,1418.92,4.171875,4.1289062,2.9101562
1788231,PRINCESS,0.41992188,VS1,E,EX,EX,GD,N,1420.53,4.28125,4.1992188,2.9609375
1736160,PRINCESS,0.52978516,SI1,G,EX,EX,VG,N,1422.76,4.390625,4.3007812,3.1308594
1783144,PRINCESS,0.5,SI1,I,EX,EX,GD,F,1423.0,4.2890625,4.2695312,3.0996094
1783124,PRINCESS,0.52001953,VS1,J,EX,EX,GD,N,1423.32,4.4804688,4.390625,3.1894531
1767185,PRINCESS,0.41992188,VVS1,G,EX,EX,VG,N,1423.99,4.21875,4.171875,2.9003906
1669823,PRINCESS,0.52978516,VVS1,J,EX,EX,GD,F,1424.37,4.3789062,4.3085938,3.1503906
1639961,PRINCESS,0.5,SI2,D,EX,EX,EX,N,1424.75,4.359375,4.3203125,3.140625
1744304,PRINCESS,0.44995117,VS1,E,EX,EX,VG,N,1424.92,4.2695312,4.1914062,3.0292969
1748131,PRINCESS,0.52001953,SI1,I,EX,EX,VG,N,1425.99,4.4101562,4.3789062,3.1503906
1777730,PRINCESS,0.4099121,VS1,G,EX,EX,VG,N,1426.55,4.1914062,4.1601562,2.9003906
1788220,PRINCESS,0.5,SI1,H,EX,EX,VG,F,1427.21,4.2617188,4.2109375,3.0507812
1750531,PRINCESS,0.5,SI2,F,EX,EX,VG,N,1428.05,4.4882812,4.3984375,3.0996094
1646353,PRINCESS,0.5097656,SI1,E,EX,EX,VG,N,1428.81,4.4492188,4.3789062,3.1503906
1788221,PRINCESS,0.5,SI2,E,EX,VG,GD,N,1429.86,4.46875,4.390625,3.109375
1777722,PRINCESS,0.5,SI1,G,VG,VG,GD,N,1462.86,4.4414062,4.3203125,3.1191406
203221-1246,PRINCESS,0.95996094,SI1,U-V,VG,EX,VG,ST,1462.87,5.2304688,5.1601562,3.8496094
1791302,PRINCESS,0.5,VS2,I,EX,EX,GD,N,1463.57,4.3085938,4.2695312,3.0800781
1785699,PRINCESS,0.5,VS2,I,VG,GD,FR,F,1463.57,4.2617188,4.2109375,3.109375
1786734,PRINCESS,0.5,VS2,I,VG,EX,FR,N,1463.57,4.5585938,4.4804688,3.1308594
1785648,PRINCESS,0.5,VVS1,J,EX,EX,GD,N,1463.57,4.2109375,4.171875,3.0195312
1786736,PRINCESS,0.5,SI2,G,EX,EX,VG,N,1464.42,4.3398438,4.328125,3.1601562
1788229,PRINCESS,0.44995117,VS1,E,EX,VG,GD,N,1465.15,4.2695312,4.1914062,2.9804688
1800312,PRINCESS,0.5,VVS2,J,EX,VG,GD,F,1465.23,4.3007812,4.28125,3.0996094
1646359,PRINCESS,0.5,SI1,F,EX,EX,VG,N,1465.45,4.3085938,4.2382812,3.0703125
1666243,PRINCESS,0.5,SI1,F,VG,VG,GD,N,1465.45,4.3085938,4.3007812,3.2109375
1666244,PRINCESS,0.5097656,SI2,D,EX,EX,VG,N,1465.73,4.4296875,4.4101562,3.1992188
1785726,PRINCESS,0.41992188,VS1,E,EX,EX,GD,N,1467.39,4.0703125,4.0585938,2.890625
1647387,PRINCESS,0.8100586,SI2,M,VG,EX,VG,F,1467.59,4.9296875,4.9101562,3.6796875
1670915,PRINCESS,0.5,SI1,G,EX,EX,GD,N,1467.94,4.53125,4.4414062,3.1894531
1786718,PRINCESS,0.52978516,VVS1,I,EX,EX,EX,N,1867.06,4.4804688,4.421875,3.2207031
1639932,PRINCESS,0.7001953,SI2,F,EX,EX,VG,N,1867.39,4.7695312,4.7109375,3.4394531
1798873,PRINCESS,0.5,VS2,F,EX,EX,VG,N,1867.55,4.2695312,4.1992188,3.0605469
1765879,PRINCESS,0.5,VS1,G,EX,EX,VG,N,1867.55,4.2304688,4.21875,3.0605469
1794858,PRINCESS,0.5,VS1,G,VG,EX,VG,N,1867.55,4.25,4.1601562,3.0800781
1765878,PRINCESS,0.5,VS1,G,EX,EX,VG,N,1867.55,4.3203125,4.2695312,3.109375
1791301,PRINCESS,0.5097656,VS2,F,EX,EX,VG,N,1867.89,4.421875,4.3515625,3.0703125
1631625,PRINCESS,0.52001953,VS2,E,EX,EX,VG,N,1868.98,4.5703125,4.5195312,3.1992188
1793394,PRINCESS,0.5,VVS2,F,EX,VG,VG,F,1869.33,4.3789062,4.328125,3.1503906
1797553,PRINCESS,0.5,VS2,G,EX,EX,VG,N,1870.83,4.5117188,4.421875,3.2109375
1794886,PRINCESS,0.5,SI1,D,EX,EX,VG,N,1870.83,4.421875,4.359375,3.0605469
1791878,PRINCESS,0.58984375,VS2,G,VG,VG,VG,N,1871.54,4.5507812,4.4609375,3.3398438
1669828,PRINCESS,0.5,VS1,D,VG,EX,VG,N,1871.82,4.4101562,4.2890625,3.1699219
200787-409,PRINCESS,1.0097656,I1,L,EX,EX,EX,N,1872.51,5.5703125,5.4804688,3.9902344
1789277,PRINCESS,0.5,VS2,E,EX,VG,VG,N,1872.54,4.3515625,4.28125,3.109375
1759474,PRINCESS,0.45996094,VS2,E,EX,EX,VG,N,1454.46,4.2382812,4.1992188,3.0390625
1646369,PRINCESS,0.5097656,SI2,D,EX,VG,VG,N,1455.25,4.5,4.4492188,3.1699219
1646364,PRINCESS,0.5600586,SI1,I,EX,EX,VG,N,1457.37,4.4296875,4.390625,3.1699219
1646346,PRINCESS,0.5,VS2,I,EX,VG,VG,N,1457.65,4.4609375,4.4492188,3.1699219
1780008,PRINCESS,0.39990234,VVS2,D,VG,VG,VG,N,1458.3,4.03125,3.9609375,2.9394531
1788215,PRINCESS,0.5,SI1,E,EX,EX,GD,N,1458.62,4.328125,4.2890625,3.0292969
1793429,PRINCESS,0.39990234,VVS2,E,EX,EX,VG,F,1458.81,4.1015625,4.03125,2.890625
1793431,PRINCESS,0.39990234,VS1,D,EX,EX,VG,N,1458.81,4.21875,4.1289062,2.7890625
1764125,PRINCESS,0.45996094,VS2,G,EX,VG,VG,N,1459.01,4.328125,4.25,3.0800781
1748127,PRINCESS,0.5,SI1,F,EX,EX,VG,F,1459.35,4.1992188,4.171875,3.0292969
1800346,PRINCESS,0.52001953,SI1,G,EX,EX,GD,N,1460.24,4.3398438,4.328125,3.1503906
1753099,PRINCESS,0.52978516,SI2,F,EX,EX,VG,N,1460.31,4.3710938,4.28125,3.1191406
1780009,PRINCESS,0.4099121,VS1,F,EX,EX,EX,N,1461.31,4.25,4.171875,2.8203125
1778814,PRINCESS,0.41992188,VS1,F,EX,EX,VG,N,1462.32,4.2304688,4.1601562,2.9609375
1794889,PRINCESS,0.5,SI1,E,GD,VG,GD,N,1462.71,4.171875,4.1484375,3.2597656
1784058,PRINCESS,0.5097656,VVS2,I,EX,EX,GD,F,1576.58,4.328125,4.328125,3.140625
1788214,PRINCESS,0.5,SI1,D,EX,VG,GD,N,1576.77,4.4414062,4.3789062,3.1503906
1798861,PRINCESS,0.5,VVS2,J,EX,EX,EX,F,1581.0,4.2890625,4.2304688,3.0800781
1768119,PRINCESS,0.58984375,SI2,D,EX,EX,GD,N,1581.45,4.7304688,4.6914062,3.3808594
1742123,PRINCESS,0.5,VS1,I,EX,EX,VG,N,1581.86,4.3203125,4.2890625,3.1308594
1800974,PRINCESS,0.52001953,SI2,G,EX,EX,VG,N,1582.45,4.3398438,4.2695312,3.0898438
1743204,PRINCESS,0.5097656,SI1,E,EX,EX,VG,N,1586.1,4.390625,4.3515625,3.140625
1765881,PRINCESS,0.5,VS1,H,VG,EX,GD,N,1587.05,4.25,4.2109375,3.1308594
1706774,PRINCESS,0.64990234,SI2,I,EX,EX,VG,N,1587.13,4.9101562,4.8515625,3.3808594
1742135,PRINCESS,0.5097656,SI1,E,EX,EX,VG,N,1587.89,4.3710938,4.2890625,3.1308594
1784060,PRINCESS,0.5,VS1,I,EX,EX,GD,N,1588.74,4.3789062,4.3789062,3.1699219
1777724,PRINCESS,0.5,SI2,D,EX,EX,VG,N,1590.39,4.4414062,4.359375,3.1191406
1800358,PRINCESS,0.39990234,VVS1,E,EX,EX,VG,N,1590.63,3.9609375,3.9609375,2.8691406
1750523,PRINCESS,0.5,SI1,D,EX,VG,VG,N,1591.14,4.4296875,4.4101562,3.1503906
1798876,PRINCESS,0.5,VS2,I,VG,EX,VG,N,1591.15,4.2304688,4.1992188,3.0996094
1769906,PRINCESS,0.5097656,SI2,D,EX,EX,VG,M,1430.09,4.3789062,4.3398438,3.109375
1771745,PRINCESS,0.5,SI2,E,EX,EX,GD,N,1430.74,4.3710938,4.2890625,3.1308594
1653121,PRINCESS,0.5,SI2,F,EX,EX,VG,N,1430.75,4.3515625,4.2890625,3.0996094
1646363,PRINCESS,0.5,SI1,H,EX,EX,VG,N,1430.75,4.28125,4.2617188,3.0996094
1670906,PRINCESS,0.5,VVS1,J,EX,EX,GD,N,1430.75,4.3789062,4.2890625,3.1191406
1651827,PRINCESS,0.58984375,VS2,J,EX,EX,VG,F,1432.27,4.5195312,4.4414062,3.2304688
1797543,PRINCESS,0.5,VS1,I,VG,VG,GD,F,1432.39,4.4882812,4.3984375,2.9804688
1778806,PRINCESS,0.5,SI1,I,EX,EX,VG,N,1433.27,4.4804688,4.3984375,3.1503906
1654385,PRINCESS,0.58984375,VVS2,K,EX,EX,VG,N,1433.29,4.5585938,4.53125,3.2792969
1796200,PRINCESS,0.5,VS2,I,VG,EX,GD,N,1434.83,4.1796875,4.1601562,3.109375
1800336,PRINCESS,0.5,VS2,I,VG,EX,GD,N,1434.83,4.3203125,4.2304688,3.1503906
1669834,PRINCESS,0.5097656,VS1,J,EX,EX,VG,N,1435.74,4.4101562,4.3515625,3.1699219
1748136,PRINCESS,0.39990234,IF,G,EX,EX,VG,N,1437.21,4.0390625,4.03125,2.9296875
1769904,PRINCESS,0.52001953,SI1,I,EX,EX,VG,N,1438.34,4.328125,4.3007812,3.1308594
1777728,PRINCESS,0.39990234,VVS2,F,EX,EX,VG,N,1438.63,4.2382812,4.1484375,2.8691406
1796196,PRINCESS,0.5,VS2,G,VG,VG,FR,N,1498.19,4.2695312,4.171875,3.0605469
1793417,PRINCESS,0.5,SI1,G,GD,EX,GD,N,1498.35,4.3007812,4.1992188,3.1992188
1793415,PRINCESS,0.5,SI1,F,EX,EX,VG,N,1499.88,4.359375,4.359375,2.9804688
1785684,PRINCESS,0.5097656,VS1,J,EX,EX,VG,N,1502.51,4.53125,4.4492188,3.0390625
1663482,PRINCESS,0.5,SI1,G,EX,EX,VG,N,1502.6,4.3398438,4.328125,3.1503906
1628629,PRINCESS,0.52978516,SI1,F,EX,EX,VG,N,1503.19,4.4882812,4.4882812,3.2207031
1771742,PRINCESS,0.5,SI2,D,EX,EX,GD,N,1504.1,4.359375,4.3515625,2.9804688
1793430,PRINCESS,0.4099121,VS1,D,EX,EX,VG,N,1504.15,4.21875,4.140625,2.9902344
1785678,PRINCESS,0.5097656,VS1,I,GD,EX,GD,N,1504.15,4.171875,4.0195312,3.1699219
1800967,PRINCESS,0.5,SI1,G,EX,VG,GD,N,1504.2,4.328125,4.2890625,3.0996094
1638354,PRINCESS,0.52001953,SI1,D,EX,EX,EX,N,1504.71,4.46875,4.3984375,2.9492188
1765215,PRINCESS,0.58984375,SI2,H,VG,EX,GD,N,1505.69,4.5117188,4.4609375,3.3203125
1623687,PRINCESS,0.5,SI1,D,EX,EX,EX,N,1505.96,4.3710938,4.359375,3.1503906
1636533,PRINCESS,0.5097656,SI1,F,EX,EX,VG,N,1506.27,4.359375,4.3515625,3.140625
1797545,PRINCESS,0.5097656,VS1,J,EX,EX,VG,N,1510.2,4.28125,4.21875,3.0800781
1783497,ROUND,0.30004883,VVS1,K,VG,EX,VG,N,826.78,4.359375,4.3984375,2.5898438
1763841,ROUND,0.22998047,VS2,E,EX,EX,EX,N,951.72,3.9492188,3.9707031,2.4199219
1763837,ROUND,0.22998047,VS2,E,EX,EX,EX,N,951.72,3.9492188,3.9804688,2.4003906
1763842,ROUND,0.22998047,VS2,E,EX,EX,EX,N,951.72,3.9902344,4.0117188,2.3808594
1763839,ROUND,0.22998047,VS2,E,EX,EX,EX,N,951.72,3.9394531,3.9707031,2.4003906
1728155,ROUND,0.22998047,VS1,F,EX,EX,EX,N,951.72,4.0117188,4.0390625,2.4101562
1701458,ROUND,0.22998047,VS1,F,EX,EX,EX,N,951.72,4.03125,4.0390625,2.390625
1592360,ROUND,0.22998047,VS1,F,EX,EX,EX,N,951.72,4.0,4.03125,2.3808594
1586179,ROUND,0.22998047,VS1,E,EX,EX,EX,N,951.72,3.9296875,3.9492188,2.4394531
1586146,ROUND,0.22998047,VS1,E,EX,EX,EX,N,951.72,3.9707031,3.9902344,2.4003906
1586166,ROUND,0.22998047,VS1,E,EX,EX,EX,N,951.72,3.9394531,3.9609375,2.4707031
1627029,ROUND,0.22998047,VS1,E,EX,EX,EX,N,951.72,3.9296875,3.9394531,2.4394531
1645390,ROUND,0.22998047,VS1,E,EX,EX,EX,N,951.72,4.0195312,4.03125,2.3808594
1586149,ROUND,0.22998047,VS1,E,EX,EX,EX,N,951.72,3.9394531,3.9609375,2.4609375
1586189,ROUND,0.22998047,VS1,E,EX,EX,EX,N,951.72,3.9199219,3.9394531,2.4394531
1586161,ROUND,0.22998047,VS1,E,EX,EX,EX,N,951.72,3.9296875,3.9492188,2.4804688
1506803,ROUND,0.23999023,VVS2,F,EX,EX,EX,F,1040.04,4.0,4.0195312,2.4707031
1618589,ROUND,0.23999023,VVS2,F,EX,EX,EX,N,1040.04,4.0117188,4.0390625,2.4804688
1586277,ROUND,0.23999023,VVS2,F,EX,EX,EX,N,1040.04,4.0117188,4.03125,2.4707031
1655367,ROUND,0.23999023,VVS2,F,EX,EX,EX,N,1040.04,4.0585938,4.0703125,2.4199219
1674015,ROUND,0.23999023,VVS2,F,EX,EX,EX,N,1040.04,4.0,4.0117188,2.4609375
1576883,ROUND,0.23999023,VVS1,D,EX,EX,EX,N,1040.04,3.9902344,4.0117188,2.4707031
1592535,ROUND,0.23999023,VVS1,D,EX,EX,EX,N,1040.04,3.9804688,4.0117188,2.4394531
1611136,ROUND,0.23999023,VVS2,D,EX,EX,EX,N,1040.04,4.0117188,4.0507812,2.4199219
1655317,ROUND,0.23999023,VVS2,D,EX,EX,EX,N,1040.04,4.0390625,4.0507812,2.4101562
1655318,ROUND,0.23999023,VVS2,D,EX,EX,EX,N,1040.04,4.0,4.03125,2.4492188
1789806,ROUND,0.32006836,SI2,E,EX,EX,EX,F,1040.04,4.5,4.53125,2.6894531
1790778,ROUND,0.3100586,VS1,J,EX,EX,EX,N,1040.08,4.390625,4.421875,2.6601562
1766599,ROUND,0.35009766,VVS2,J,EX,EX,EX,M,1040.18,4.53125,4.5703125,2.8105469
1792606,ROUND,0.30004883,SI1,F,EX,VG,EX,N,1040.2,4.2890625,4.3203125,2.640625
1792603,ROUND,0.30004883,SI1,F,EX,EX,VG,N,1040.2,4.3984375,4.421875,2.5703125
1655327,ROUND,0.25,VVS2,E,EX,EX,EX,N,1043.56,4.0117188,4.0390625,2.4707031
1655326,ROUND,0.25,VVS2,E,EX,EX,EX,N,1043.56,4.03125,4.0585938,2.5
1592435,ROUND,0.25,VVS2,E,EX,EX,EX,N,1043.56,4.0195312,4.0507812,2.5097656
1592396,ROUND,0.25,VVS2,F,VG,EX,EX,N,1043.56,4.0117188,4.0390625,2.5
1586234,ROUND,0.25,VVS2,F,EX,EX,EX,N,1043.56,4.0390625,4.0585938,2.5195312
1694069,ROUND,0.25,VVS2,F,EX,EX,EX,N,1043.56,4.0195312,4.03125,2.4902344
1586242,ROUND,0.25,VVS2,F,EX,EX,EX,N,1043.56,4.0195312,4.0390625,2.5292969
1586114,ROUND,0.26000977,VS1,E,EX,EX,EX,N,1043.63,4.109375,4.1289062,2.5800781
1602671,ROUND,0.26000977,VS2,E,EX,EX,EX,N,1043.63,4.078125,4.1210938,2.5605469
1602649,ROUND,0.26000977,VS1,F,EX,EX,EX,N,1043.63,4.0585938,4.0898438,2.5605469
1602647,ROUND,0.26000977,VS1,F,EX,EX,EX,N,1043.63,4.078125,4.1210938,2.5390625
1791603,ROUND,0.35009766,VS1,J,EX,EX,EX,F,1043.69,4.5,4.5195312,2.8203125
1769446,ROUND,0.3100586,SI2,E,EX,EX,EX,N,1043.76,4.359375,4.3789062,2.7109375
1799543,ROUND,0.30004883,SI1,F,VG,EX,VG,N,1044.25,4.2382812,4.2890625,2.6894531
1799541,ROUND,0.30004883,SI1,F,VG,EX,VG,N,1044.25,4.21875,4.2695312,2.6699219
1763548,ROUND,0.30004883,VS1,E,VG,EX,GD,N,1025.0,4.2890625,4.3398438,2.5800781
1658774,ROUND,0.5,SI2,M,EX,EX,EX,M,1025.4,5.078125,5.109375,3.1191406
1777292,ROUND,0.30004883,SI1,G,EX,EX,VG,N,1025.51,4.3007812,4.3085938,2.6894531
1758115,ROUND,0.30004883,VS2,I,EX,VG,EX,N,1025.51,4.25,4.28125,2.6503906
1759230,ROUND,0.36010742,SI2,D,VG,GD,GD,N,1025.56,4.53125,4.5703125,2.7597656
1655392,ROUND,0.26000977,VS1,E,EX,EX,EX,N,1025.59,4.140625,4.1484375,2.4804688
1655404,ROUND,0.26000977,VS1,F,EX,EX,EX,N,1025.59,4.1210938,4.1484375,2.5507812
1655405,ROUND,0.26000977,VS1,F,EX,EX,EX,N,1025.59,4.078125,4.0898438,2.5507812
1618645,ROUND,0.26000977,VS1,F,EX,EX,EX,N,1025.59,4.1289062,4.1484375,2.5390625
1723579,ROUND,0.30004883,SI1,E,EX,EX,VG,N,1026.02,4.2382812,4.3007812,2.6601562
1775142,ROUND,0.30004883,SI1,H,EX,EX,VG,N,1026.02,4.3085938,4.328125,2.6308594
1772351,ROUND,0.30004883,VS1,I,EX,VG,VG,N,1026.51,4.3007812,4.3398438,2.6308594
1795556,ROUND,0.30004883,SI2,E,EX,EX,EX,N,1027.01,4.3007812,4.3085938,2.640625
1802265,ROUND,0.30004883,SI2,E,EX,EX,EX,N,1027.01,4.2304688,4.2617188,2.6503906
1778397,ROUND,0.30004883,SI1,F,EX,VG,EX,N,1027.01,4.28125,4.3007812,2.6699219
1758157,ROUND,0.30004883,SI1,J,VG,GD,GD,F,834.91,4.1289062,4.1796875,2.6796875
1792955,ROUND,0.30004883,VS1,K,VG,EX,VG,N,835.37,4.171875,4.2304688,2.6894531
1618306,ROUND,0.5,SI2,M,GD,EX,EX,F,836.02,4.8710938,4.9101562,3.1992188
1721726,ROUND,0.19995117,VS1,E,EX,EX,EX,N,836.2,3.7890625,3.8105469,2.2597656
1784862,ROUND,0.30004883,VS2,J,VG,VG,GD,M,836.89,4.25,4.3085938,2.640625
1762653,ROUND,0.30004883,VS1,L,EX,EX,EX,N,836.94,4.2890625,4.3203125,2.6601562
1728145,ROUND,0.18005371,IF,E,EX,EX,EX,N,837.19,3.6894531,3.7207031,2.1699219
1655281,ROUND,0.18005371,IF,E,EX,EX,EX,N,837.19,3.640625,3.6601562,2.1992188
1627002,ROUND,0.18005371,IF,E,EX,EX,EX,N,837.19,3.5898438,3.609375,2.25
1655282,ROUND,0.18005371,IF,E,EX,EX,EX,N,837.19,3.6308594,3.6503906,2.2402344
1768701,ROUND,0.30004883,VS2,F,EX,EX,EX,N,1123.92,4.2617188,4.3007812,2.640625
1768674,ROUND,0.30004883,VS2,F,EX,EX,EX,N,1123.92,4.328125,4.3515625,2.5996094
1767766,ROUND,0.30004883,VS2,F,EX,EX,EX,N,1123.92,4.3085938,4.328125,2.6601562
1777183,ROUND,0.30004883,VS1,G,VG,EX,VG,N,1123.92,4.2382812,4.2890625,2.6699219
1789633,ROUND,0.30004883,VS1,D,VG,EX,VG,N,1123.92,4.25,4.28125,2.6699219
1792390,ROUND,0.30004883,VS1,D,VG,GD,VG,N,1123.92,4.2695312,4.3085938,2.6699219
1760312,ROUND,0.35009766,VS2,H,EX,EX,EX,F,1124.1,4.5195312,4.5507812,2.7890625
1787581,ROUND,0.30004883,VS2,D,EX,EX,VG,N,1124.42,4.3007812,4.3515625,2.6308594
1758159,ROUND,0.35009766,SI2,D,EX,EX,EX,N,1124.7,4.609375,4.640625,2.7695312
1635589,ROUND,0.5,SI1,M,EX,EX,EX,N,1124.75,5.0195312,5.0507812,3.1699219
1652441,ROUND,0.5,SI2,L,VG,VG,VG,N,1124.77,4.921875,4.9882812,3.1992188
1756250,ROUND,0.30004883,VVS1,H,EX,VG,VG,N,1124.88,4.3085938,4.359375,2.640625
1675194,ROUND,0.26000977,IF,F,EX,EX,EX,N,1124.91,4.078125,4.1015625,2.5507812
1662260,ROUND,0.26000977,VVS1,F,EX,EX,EX,N,1124.91,4.078125,4.1015625,2.5390625
1655300,ROUND,0.26000977,VVS1,F,EX,EX,EX,N,1124.91,4.109375,4.1210938,2.5390625
1523594,ROUND,0.22998047,VVS2,D,EX,EX,EX,N,969.59,3.9609375,3.9804688,2.4394531
1732550,ROUND,0.22998047,VVS2,D,EX,EX,EX,N,969.59,3.890625,3.9199219,2.4394531
1506817,ROUND,0.22998047,VVS2,D,EX,EX,EX,N,969.59,3.9199219,3.9394531,2.4199219
1586459,ROUND,0.22998047,VVS2,D,EX,EX,EX,N,969.59,3.8808594,3.9199219,2.4296875
1541258,ROUND,0.22998047,VVS2,D,EX,EX,EX,N,969.59,3.9394531,3.9707031,2.4492188
1586445,ROUND,0.22998047,VVS2,D,EX,EX,EX,N,969.59,3.890625,3.9199219,2.4707031
1523593,ROUND,0.22998047,VVS2,D,EX,EX,EX,N,969.59,3.9199219,3.9394531,2.4492188
1523592,ROUND,0.22998047,VVS2,D,EX,EX,EX,N,969.59,3.9394531,3.9492188,2.4101562
1598738,ROUND,0.22998047,VVS2,D,EX,EX,EX,N,969.59,3.9492188,3.9804688,2.4492188
1592480,ROUND,0.22998047,VVS2,D,EX,EX,EX,N,969.59,3.9003906,3.9296875,2.4394531
1592558,ROUND,0.22998047,IF,E,EX,EX,EX,N,969.59,3.9492188,3.9804688,2.359375
1592557,ROUND,0.22998047,IF,E,EX,EX,EX,N,969.59,3.9296875,3.9609375,2.4003906
1614214,ROUND,0.22998047,VVS1,E,EX,EX,EX,N,969.59,3.9296875,3.9492188,2.4609375
1586412,ROUND,0.22998047,VVS2,E,EX,EX,EX,N,969.59,3.9609375,3.9804688,2.4199219
1586386,ROUND,0.22998047,VVS2,E,EX,EX,EX,N,969.59,3.9296875,3.9492188,2.4707031
1670442,ROUND,0.22998047,VVS2,E,EX,EX,EX,N,975.43,3.9394531,3.9609375,2.4492188
1592444,ROUND,0.22998047,VVS2,E,EX,EX,EX,N,975.43,3.9492188,3.9804688,2.4296875
1674014,ROUND,0.22998047,VVS2,E,EX,EX,EX,N,975.43,3.9707031,3.9902344,2.3808594
1586385,ROUND,0.22998047,VVS2,E,EX,EX,EX,N,975.43,3.9101562,3.9296875,2.4492188
1592549,ROUND,0.22998047,IF,F,EX,EX,EX,N,975.43,3.9804688,3.9902344,2.3808594
1618477,ROUND,0.22998047,IF,F,EX,EX,EX,N,975.43,3.9199219,3.9394531,2.4492188
1684775,ROUND,0.22998047,VVS2,F,EX,EX,EX,N,975.43,3.9707031,3.9804688,2.390625
1586297,ROUND,0.22998047,VVS2,F,EX,EX,EX,N,975.43,3.9492188,3.9707031,2.4492188
1592410,ROUND,0.22998047,VVS2,F,EX,EX,EX,N,975.43,3.9394531,3.9707031,2.4296875
1773440,ROUND,0.22998047,VVS2,F,EX,EX,EX,N,975.43,3.9492188,3.9707031,2.3808594
1592408,ROUND,0.22998047,VVS2,F,EX,EX,EX,N,975.43,3.9609375,3.9707031,2.4394531
1655373,ROUND,0.22998047,VVS2,F,EX,EX,EX,N,975.43,3.9101562,3.9394531,2.4296875
1592422,ROUND,0.22998047,VVS2,F,EX,EX,EX,N,975.43,3.9609375,3.9902344,2.4003906
1664989,ROUND,0.22998047,VVS2,F,EX,EX,EX,N,975.43,3.9492188,3.9804688,2.359375
1586336,ROUND,0.22998047,VVS2,F,EX,EX,EX,N,975.43,3.9101562,3.9296875,2.4394531
1655312,ROUND,0.23999023,VVS1,G,EX,EX,EX,N,973.96,3.9804688,4.0117188,2.4609375
1766717,ROUND,0.30004883,VS2,H,VG,VG,GD,F,974.29,4.2304688,4.2890625,2.640625
1802285,ROUND,0.30004883,SI2,G,EX,EX,EX,N,974.3,4.2890625,4.3085938,2.6601562
1799563,ROUND,0.30004883,SI1,I,EX,EX,VG,N,974.3,4.2695312,4.3007812,2.6699219
1775074,ROUND,0.30004883,VS1,J,VG,EX,VG,N,974.34,4.1796875,4.2304688,2.6796875
1790719,ROUND,0.32006836,VVS2,J,EX,EX,EX,M,974.54,4.4414062,4.4609375,2.6894531
1787743,ROUND,0.3100586,SI2,G,EX,EX,EX,F,974.56,4.3984375,4.4296875,2.6699219
1791706,ROUND,0.3100586,SI2,G,EX,EX,EX,N,974.56,4.3085938,4.3398438,2.6992188
1792634,ROUND,0.3100586,SI2,G,EX,EX,EX,N,974.56,4.28125,4.3007812,2.7109375
1482278,ROUND,0.22998047,VVS2,D,EX,EX,EX,N,974.64,3.9101562,3.9296875,2.4394531
1787387,ROUND,0.39990234,SI1,K,EX,EX,VG,N,974.83,4.75,4.7890625,2.8808594
1783695,ROUND,0.30004883,SI2,H,EX,EX,EX,N,974.84,4.3007812,4.328125,2.6894531
1792562,ROUND,0.35009766,VS2,K,EX,VG,EX,N,975.06,4.5195312,4.5390625,2.8007812
1761365,ROUND,0.30004883,VS1,F,EX,VG,EX,N,1081.85,4.3710938,4.3984375,2.5898438
1802143,ROUND,0.30004883,VS2,F,EX,EX,VG,F,1081.85,4.25,4.28125,2.6191406
1802142,ROUND,0.30004883,VS2,F,EX,VG,VG,F,1081.85,4.3007812,4.3515625,2.5996094
1799440,ROUND,0.30004883,VS1,G,VG,VG,GD,N,1081.85,4.25,4.3007812,2.5800781
1802195,ROUND,0.30004883,SI1,D,VG,EX,VG,N,1081.85,4.21875,4.2617188,2.6894531
1618583,ROUND,0.25,VVS2,F,EX,EX,EX,N,1082.01,4.0117188,4.0390625,2.4902344
1611158,ROUND,0.25,VVS2,F,EX,EX,EX,N,1082.01,4.0585938,4.0898438,2.4492188
1792630,ROUND,0.35009766,SI2,F,EX,EX,EX,N,1082.11,4.578125,4.6210938,2.7402344
1773410,ROUND,0.32006836,SI1,H,EX,EX,EX,N,1082.19,4.4414062,4.4804688,2.6796875
1772396,ROUND,0.30004883,VS2,F,EX,EX,VG,N,1082.31,4.28125,4.328125,2.6308594
1773352,ROUND,0.30004883,VS2,F,EX,EX,VG,N,1082.31,4.3710938,4.3984375,2.609375
1775103,ROUND,0.3100586,VS2,H,EX,EX,EX,F,1082.46,4.3203125,4.328125,2.6992188
1799576,ROUND,0.32006836,SI2,E,EX,EX,EX,N,1082.68,4.46875,4.4804688,2.6796875
1773406,ROUND,0.32006836,SI1,G,EX,VG,EX,N,1082.75,4.4296875,4.4414062,2.7304688
1763747,ROUND,0.22998047,VVS2,G,EX,EX,EX,N,895.38,3.890625,3.9199219,2.4394531
1763748,ROUND,0.22998047,VVS2,G,EX,EX,EX,N,895.38,3.9609375,3.9804688,2.4492188
1592387,ROUND,0.22998047,VVS2,G,EX,EX,EX,N,895.38,3.9394531,3.9609375,2.4199219
1592482,ROUND,0.22998047,VVS1,H,EX,EX,EX,N,895.38,3.9101562,3.9394531,2.4492188
1795447,ROUND,0.30004883,VVS1,K,EX,EX,EX,M,895.73,4.359375,4.3789062,2.609375
1790787,ROUND,0.33007812,VS1,L,EX,EX,EX,M,895.75,4.5117188,4.53125,2.6992188
1574782,ROUND,0.6801758,SI2,O-P,EX,EX,EX,F,896.04,5.6015625,5.6289062,3.5195312
1783563,ROUND,0.30004883,VS1,K,EX,EX,EX,N,896.75,4.3515625,4.3789062,2.6601562
1783565,ROUND,0.30004883,VS1,K,EX,EX,EX,N,896.75,4.3007812,4.3085938,2.6796875
1788864,ROUND,0.3100586,VS1,K,EX,VG,VG,N,897.05,4.28125,4.328125,2.6992188
1556485,ROUND,0.1899414,IF,D,EX,EX,EX,N,897.36,3.7207031,3.7402344,2.2890625
1513169,ROUND,0.29003906,SI1,F,VG,VG,GD,N,897.69,4.2304688,4.3007812,2.640625
1757194,ROUND,0.30004883,SI2,G,VG,VG,VG,N,897.73,4.28125,4.328125,2.6191406
1758166,ROUND,0.30004883,SI2,F,VG,EX,EX,N,897.81,4.2109375,4.2382812,2.6503906
1792596,ROUND,0.30004883,SI1,E,EX,EX,EX,F,1085.42,4.3007812,4.3203125,2.6699219
1792594,ROUND,0.30004883,SI1,E,EX,EX,EX,F,1085.42,4.3398438,4.3515625,2.5800781
1790832,ROUND,0.30004883,VS2,G,VG,EX,EX,N,1085.42,4.1796875,4.21875,2.7207031
1787634,ROUND,0.30004883,VS2,G,VG,EX,VG,N,1085.42,4.1914062,4.2304688,2.6796875
1791628,ROUND,0.30004883,VS2,G,VG,EX,VG,N,1085.42,4.3007812,4.3398438,2.609375
1789714,ROUND,0.30004883,VS2,G,VG,EX,VG,N,1085.42,4.328125,4.3789062,2.5703125
1764681,ROUND,0.30004883,VS1,D,VG,EX,VG,N,1085.94,4.21875,4.2304688,2.6601562
1792392,ROUND,0.30004883,VS1,D,EX,VG,VG,M,1085.94,4.25,4.28125,2.6894531
1764679,ROUND,0.30004883,VS1,D,VG,EX,VG,N,1085.94,4.1914062,4.21875,2.6796875
1768778,ROUND,0.3100586,SI2,D,EX,EX,EX,N,1086.15,4.3203125,4.3515625,2.6601562
1776131,ROUND,0.30004883,IF,I,EX,EX,EX,N,1086.4,4.359375,4.390625,2.609375
1784907,ROUND,0.32006836,SI1,H,EX,EX,VG,N,1086.48,4.3203125,4.3710938,2.7402344
1784854,ROUND,0.3100586,VS2,I,EX,EX,EX,N,1086.75,4.328125,4.359375,2.6992188
1783651,ROUND,0.30004883,SI1,F,EX,EX,EX,N,1086.84,4.3515625,4.359375,2.5996094
1744553,ROUND,0.5,VVS1,S-T,EX,EX,EX,M,1034.28,5.0507812,5.078125,3.1601562
1791545,ROUND,0.39990234,SI2,E,GD,EX,FR,N,1034.31,4.5390625,4.6015625,3.0097656
1787692,ROUND,0.30004883,SI1,E,VG,VG,GD,N,1034.63,4.3007812,4.3203125,2.6308594
1779558,ROUND,0.30004883,VS1,H,VG,EX,VG,F,1034.63,4.3085938,4.359375,2.6191406
1779559,ROUND,0.30004883,VS1,H,VG,VG,GD,N,1034.63,4.3515625,4.3789062,2.6796875
1621852,ROUND,0.5,SI1,K,EX,EX,EX,F,1403.12,5.0898438,5.1210938,3.1503906
1795418,ROUND,0.5097656,SI2,K,VG,EX,VG,N,1403.36,4.9804688,5.0195312,3.2109375
1764519,ROUND,0.32006836,VVS1,D,EX,EX,EX,N,1403.43,4.3710938,4.3984375,2.75
1779416,ROUND,0.39990234,SI1,E,VG,EX,VG,N,1403.43,4.5898438,4.6210938,2.9492188
1791486,ROUND,0.5,SI1,L,VG,EX,EX,F,1403.65,4.9804688,5.0,3.1894531
1781065,ROUND,0.35009766,VVS2,E,EX,EX,EX,N,1403.92,4.578125,4.6015625,2.7402344
1625679,ROUND,0.5,VS1,L,EX,EX,EX,F,1403.95,5.0585938,5.0898438,3.1601562
1801705,ROUND,0.39990234,SI1,E,EX,EX,VG,M,1404.09,4.6992188,4.7617188,2.8691406
1801702,ROUND,0.39990234,SI1,E,EX,EX,EX,M,1404.09,4.78125,4.8085938,2.8398438
1763443,ROUND,0.39990234,SI1,E,EX,EX,EX,M,1404.09,4.671875,4.7109375,2.9492188
1745819,ROUND,0.39990234,SI1,H,EX,EX,EX,N,1404.12,4.6914062,4.7109375,2.9394531
1761299,ROUND,0.3100586,IF,E,EX,EX,EX,N,1404.22,4.390625,4.421875,2.640625
1764523,ROUND,0.3100586,VVS1,D,EX,EX,EX,N,1404.24,4.3007812,4.328125,2.6992188
1671712,ROUND,0.5097656,SI2,J,EX,VG,EX,F,1399.64,5.1210938,5.1484375,3.1992188
1780269,ROUND,0.36010742,VS1,H,EX,EX,EX,N,1399.73,4.5585938,4.578125,2.8398438
1631693,ROUND,0.5,I1,H,VG,VG,VG,N,1399.75,4.9804688,5.0507812,3.1992188
1772238,ROUND,0.35009766,VVS2,D,EX,EX,EX,N,1399.79,4.5117188,4.5390625,2.7890625
1772236,ROUND,0.35009766,VVS2,D,EX,EX,EX,N,1399.79,4.5117188,4.5390625,2.8105469
1754052,ROUND,0.35009766,VVS2,D,EX,EX,EX,N,1400.45,4.5,4.53125,2.8007812
1754051,ROUND,0.35009766,VVS2,D,EX,EX,EX,N,1400.45,4.5,4.53125,2.8105469
1635583,ROUND,0.5,SI1,K,VG,EX,EX,N,1400.65,4.96875,5.0117188,3.1894531
1759023,ROUND,0.39990234,SI1,E,EX,EX,EX,M,1400.67,4.7695312,4.7890625,2.890625
1775006,ROUND,0.32006836,VVS1,E,EX,EX,EX,N,1381.76,4.3515625,4.359375,2.7207031
1790280,ROUND,0.5097656,VVS1,M,EX,EX,EX,N,1381.79,5.140625,5.1796875,3.1503906
1755407,ROUND,0.39990234,SI1,F,EX,EX,EX,F,1381.9,4.75,4.7695312,2.8808594
1795438,ROUND,0.30004883,VVS1,E,EX,EX,EX,N,1381.98,4.359375,4.3789062,2.5800781
1801912,ROUND,0.35009766,VVS2,F,EX,EX,EX,F,1382.0,4.5117188,4.53125,2.8105469
1801829,ROUND,0.30004883,VVS1,D,EX,EX,EX,N,1382.01,4.2382812,4.28125,2.6796875
1758123,ROUND,0.35009766,SI1,D,EX,EX,EX,F,1382.03,4.5390625,4.5703125,2.7792969
1792586,ROUND,0.36010742,SI1,E,EX,EX,EX,N,1382.08,4.53125,4.5507812,2.8496094
1799417,ROUND,0.35009766,VS1,E,EX,EX,EX,F,1382.12,4.5,4.53125,2.8105469
1770749,ROUND,0.5698242,SI1,L,EX,EX,EX,M,1382.22,5.3007812,5.3203125,3.3203125
1638926,ROUND,0.58984375,VS1,M,EX,EX,EX,N,1382.23,5.359375,5.390625,3.3496094
1595338,ROUND,0.5498047,VS1,FANCY,EX,EX,EX,N,1382.34,5.2304688,5.25,3.2890625
1754042,ROUND,0.35009766,VVS1,G,EX,EX,EX,F,1382.59,4.5507812,4.578125,2.7402344
1732447,ROUND,0.35009766,VS1,D,EX,EX,EX,N,1382.69,4.5195312,4.4882812,2.8105469
1790741,ROUND,0.36010742,VS1,F,EX,EX,EX,N,1400.93,4.5195312,4.5390625,2.859375
1786391,ROUND,0.35009766,SI1,D,EX,EX,EX,N,1401.03,4.5507812,4.578125,2.8203125
1792567,ROUND,0.35009766,SI1,D,EX,EX,EX,N,1401.03,4.5,4.53125,2.8007812
1787667,ROUND,0.35009766,SI1,D,EX,EX,EX,F,1401.03,4.53125,4.5585938,2.7890625
1757572,ROUND,0.5,VS1,K,VG,EX,GD,M,1401.16,5.0,5.0585938,3.1601562
1662869,ROUND,0.5,SI1,K,VG,EX,VG,N,1328.87,4.96875,5.0117188,3.1699219
1666848,ROUND,0.5,SI1,K,VG,EX,VG,F,1328.87,4.9296875,4.96875,3.1699219
1667677,ROUND,0.5,VVS2,L,VG,GD,VG,N,1328.87,4.9414062,5.0117188,3.1601562
1801890,ROUND,0.35009766,VVS2,D,EX,EX,EX,M,1328.9,4.46875,4.5,2.8105469
1772177,ROUND,0.39990234,VS2,G,GD,EX,GD,N,1329.02,4.6601562,4.7109375,2.8496094
1773167,ROUND,0.39990234,VS2,I,VG,EX,EX,N,1329.02,4.7304688,4.7382812,2.9003906
1769235,ROUND,0.39990234,VS2,I,EX,VG,EX,N,1329.02,4.6992188,4.7109375,2.9394531
1801716,ROUND,0.39990234,SI1,F,EX,EX,EX,ST,1329.03,4.7304688,4.7617188,2.9199219
1595337,ROUND,0.52978516,SI1,FANCY,EX,EX,EX,N,1329.07,5.28125,5.3007812,3.1601562
1754037,ROUND,0.33007812,VVS1,F,EX,EX,EX,N,1329.12,4.3710938,4.4101562,2.7402344
1768512,ROUND,0.3701172,VVS1,H,EX,EX,EX,N,1329.2,4.578125,4.609375,2.8007812
1744804,ROUND,0.5,VS2,K,GD,EX,VG,N,1329.24,4.8515625,4.8984375,3.1894531
1758974,ROUND,0.5,SI2,K,VG,EX,EX,N,1329.24,5.0585938,5.0898438,3.140625
1722366,ROUND,0.7001953,SI1,N,EX,EX,VG,N,1329.46,5.75,5.78125,3.4609375
1784874,ROUND,0.30004883,SI1,D,EX,EX,EX,F,1131.49,4.328125,4.3515625,2.5996094
1787675,ROUND,0.30004883,SI1,D,EX,EX,EX,N,1131.49,4.3515625,4.3710938,2.6191406
1787678,ROUND,0.30004883,SI1,D,EX,EX,EX,N,1131.49,4.28125,4.3085938,2.6699219
1581565,ROUND,0.26000977,IF,F,EX,EX,EX,N,1131.52,4.0898438,4.109375,2.5195312
1655302,ROUND,0.26000977,VVS1,F,EX,EX,EX,N,1131.52,4.0898438,4.1210938,2.5390625
1655287,ROUND,0.26000977,VVS1,D,EX,EX,EX,F,1131.52,4.1015625,4.1210938,2.5195312
1799534,ROUND,0.30004883,SI1,E,EX,EX,EX,N,1131.52,4.2890625,4.3085938,2.6699219
1802215,ROUND,0.30004883,SI1,E,EX,EX,EX,N,1131.52,4.3085938,4.3398438,2.6308594
1795512,ROUND,0.30004883,VS2,G,EX,EX,VG,N,1131.52,4.3515625,4.3789062,2.609375
1802149,ROUND,0.30004883,VS2,G,EX,EX,EX,N,1131.52,4.2382812,4.28125,2.6503906
1802052,ROUND,0.30004883,VS1,H,EX,EX,VG,F,1131.52,4.2617188,4.2890625,2.6503906
1795483,ROUND,0.30004883,VS1,H,EX,VG,VG,F,1131.52,4.3203125,4.3398438,2.640625
1780249,ROUND,0.30004883,VVS2,D,VG,VG,VG,N,1131.56,4.1484375,4.2109375,2.6992188
1777164,ROUND,0.30004883,VS1,D,EX,EX,EX,M,1131.56,4.3085938,4.3203125,2.640625
1801730,ROUND,0.39990234,SI1,I,EX,EX,EX,ST,1131.62,4.6914062,4.71875,2.9003906
1627009,ROUND,0.27001953,VVS1,F,EX,EX,EX,N,1162.04,4.1992188,4.2109375,2.5605469
1602559,ROUND,0.27001953,VVS1,D,EX,EX,EX,F,1162.04,4.1914062,4.2109375,2.5
1763461,ROUND,0.3701172,IF,J,EX,EX,EX,N,1162.15,4.6015625,4.6289062,2.8300781
1759053,ROUND,0.30004883,VVS1,D,EX,EX,EX,M,1162.38,4.3007812,4.3203125,2.6796875
1754090,ROUND,0.3100586,VS1,G,EX,EX,EX,F,1162.67,4.3984375,4.421875,2.640625
1787680,ROUND,0.35009766,SI1,E,EX,EX,VG,N,1162.67,4.4609375,4.5195312,2.8203125
1751315,ROUND,0.5,SI2,K,VG,VG,GD,N,1162.84,5.0898438,5.109375,3.0390625
1777268,ROUND,0.33007812,SI1,E,EX,EX,EX,N,1162.86,4.4414062,4.46875,2.7207031
1767726,ROUND,0.30004883,VVS2,G,EX,EX,EX,N,1162.91,4.3203125,4.3398438,2.609375
1800559,ROUND,0.30004883,VS2,G,EX,EX,EX,N,1162.92,4.3398438,4.359375,2.6191406
1795486,ROUND,0.30004883,VS1,H,EX,EX,EX,N,1162.92,4.3203125,4.3398438,2.6503906
1799450,ROUND,0.30004883,VS1,H,EX,EX,EX,N,1162.92,4.359375,4.3789062,2.6191406
1799446,ROUND,0.30004883,VS1,H,EX,EX,EX,N,1162.92,4.2382812,4.2695312,2.6699219
1802051,ROUND,0.30004883,VS1,H,EX,EX,EX,F,1162.92,4.2695312,4.2890625,2.6503906
1768602,ROUND,0.32006836,VS1,G,EX,EX,EX,N,1211.41,4.4492188,4.4609375,2.6796875
1789583,ROUND,0.39990234,SI2,E,EX,VG,EX,F,1211.48,4.6992188,4.71875,2.9609375
1776135,ROUND,0.30004883,VVS1,G,EX,EX,EX,N,1211.56,4.3710938,4.3984375,2.640625
1791610,ROUND,0.35009766,VS2,D,VG,EX,EX,F,1211.76,4.4882812,4.5195312,2.8105469
1759063,ROUND,0.30004883,VVS1,G,EX,EX,EX,N,1212.07,4.359375,4.3789062,2.609375
1792926,ROUND,0.30004883,VS1,F,EX,EX,EX,N,1212.1,4.28125,4.3007812,2.6894531
1792928,ROUND,0.30004883,VS1,F,EX,EX,EX,N,1212.1,4.3710938,4.390625,2.6308594
1791571,ROUND,0.30004883,VVS2,G,EX,EX,EX,N,1212.1,4.28125,4.3085938,2.640625
1791577,ROUND,0.30004883,VS1,D,EX,EX,VG,N,1212.1,4.2695312,4.3007812,2.6503906
1801928,ROUND,0.3100586,VVS2,G,EX,EX,EX,F,1212.44,4.4101562,4.4414062,2.6503906
1758044,ROUND,0.33007812,VS1,H,EX,EX,EX,N,1212.51,4.4804688,4.5117188,2.6796875
1764717,ROUND,0.32006836,VS1,F,EX,EX,EX,N,1212.54,4.3789062,4.3984375,2.75
1781069,ROUND,0.30004883,VVS2,E,EX,EX,EX,N,1212.63,4.328125,4.3515625,2.640625
1789695,ROUND,0.3400879,VS2,F,EX,EX,EX,N,1212.64,4.4492188,4.46875,2.7890625
1779457,ROUND,0.32006836,VVS1,D,EX,EX,EX,N,1445.12,4.359375,4.390625,2.7304688
1718386,ROUND,0.5,VS2,K,EX,EX,VG,N,1445.12,5.0195312,5.0898438,3.1699219
1784645,ROUND,0.39990234,SI1,E,EX,EX,VG,N,1445.29,4.6484375,4.7109375,2.9492188
1752661,ROUND,0.39990234,VS1,H,VG,EX,VG,N,1445.29,4.6289062,4.6796875,2.9199219
1787360,ROUND,0.39990234,VS2,H,EX,VG,EX,N,1445.29,4.6914062,4.71875,2.9492188
1792253,ROUND,0.39990234,VS2,H,VG,EX,VG,N,1445.29,4.6015625,4.6289062,2.9394531
1773213,ROUND,0.35009766,VVS2,D,EX,EX,EX,N,1445.34,4.5195312,4.5390625,2.8007812
1795456,ROUND,0.35009766,VVS2,G,EX,EX,EX,N,1445.41,4.5507812,4.578125,2.7695312
1781074,ROUND,0.35009766,VVS2,F,EX,EX,EX,N,1366.03,4.5585938,4.5898438,2.8007812
1781073,ROUND,0.35009766,VVS2,F,EX,EX,EX,N,1366.03,4.5195312,4.5390625,2.8105469
1801977,ROUND,0.3400879,VS1,E,EX,EX,EX,N,1366.08,4.4296875,4.4609375,2.8007812
1801976,ROUND,0.3400879,VS1,E,EX,EX,EX,N,1366.08,4.4414062,4.4492188,2.7792969
1802062,ROUND,0.3400879,VS2,D,EX,EX,EX,N,1366.08,4.5703125,4.6015625,2.7109375
1777203,ROUND,0.35009766,VS2,D,EX,EX,EX,N,1366.08,4.5117188,4.5390625,2.8105469
1770350,ROUND,0.39990234,VVS1,I,EX,EX,EX,M,1366.28,4.6992188,4.7304688,2.9296875
1800542,ROUND,0.3400879,VVS2,F,EX,EX,EX,N,1366.53,4.4609375,4.4882812,2.8007812
1748577,ROUND,0.35009766,VVS2,D,EX,EX,EX,N,1366.67,4.5117188,4.5390625,2.7597656
1748578,ROUND,0.35009766,VVS2,D,EX,EX,EX,N,1366.67,4.5195312,4.5390625,2.7792969
1792964,ROUND,0.36010742,VS2,F,EX,EX,EX,N,1366.89,4.53125,4.5585938,2.8300781
1755454,ROUND,0.36010742,VVS2,G,EX,EX,EX,N,1366.92,4.5195312,4.5507812,2.8398438
1786307,ROUND,0.39990234,VS2,H,VG,VG,GD,N,1366.92,4.671875,4.7617188,2.9003906
1764688,ROUND,0.30004883,VS1,D,EX,VG,VG,N,1156.87,4.2382812,4.2890625,2.6308594
1792126,ROUND,0.5,SI1,M,EX,EX,EX,N,1156.87,5.140625,5.1796875,3.0898438
1784742,ROUND,0.30004883,VS1,E,EX,EX,VG,N,1156.91,4.2617188,4.28125,2.6699219
1783528,ROUND,0.30004883,VS1,E,VG,EX,VG,N,1156.91,4.328125,4.3515625,2.6191406
1790736,ROUND,0.30004883,VS1,E,EX,EX,VG,N,1156.91,4.28125,4.328125,2.640625
1791613,ROUND,0.30004883,VS2,D,EX,VG,EX,N,1156.91,4.28125,4.3085938,2.6894531
1789680,ROUND,0.30004883,VS2,D,EX,VG,VG,N,1156.91,4.2617188,4.3007812,2.640625
1790793,ROUND,0.30004883,VS2,D,EX,EX,VG,N,1156.91,4.2617188,4.2695312,2.6601562
1787346,ROUND,0.39990234,VS2,F,VG,EX,VG,N,1470.42,4.6601562,4.7109375,2.9394531
1801637,ROUND,0.39990234,VS2,D,VG,EX,VG,M,1470.47,4.5898438,4.6289062,2.9804688
1801636,ROUND,0.39990234,VS2,D,VG,EX,EX,M,1470.47,4.6015625,4.640625,2.9609375
1640484,ROUND,0.5,SI2,I,VG,VG,VG,N,1470.58,4.9492188,5.0,3.1796875
1640477,ROUND,0.5,SI2,I,VG,VG,VG,N,1470.58,5.0,5.0585938,3.1308594
1801967,ROUND,0.3701172,VS1,E,EX,EX,EX,N,1471.04,4.6015625,4.609375,2.859375
1802171,ROUND,0.3701172,SI1,D,EX,EX,EX,N,1471.13,4.6289062,4.6484375,2.8007812
1766548,ROUND,0.32006836,VVS1,D,EX,EX,EX,N,1471.57,4.46875,4.5,2.6699219
1802058,ROUND,0.3798828,VS2,D,EX,EX,EX,N,1471.62,4.6601562,4.6914062,2.8691406
1760267,ROUND,0.39990234,VVS1,I,EX,EX,EX,N,1471.74,4.71875,4.75,2.9101562
1624219,ROUND,0.5097656,VS1,K,EX,EX,VG,F,1471.86,5.0898438,5.1210938,3.1796875
1746496,ROUND,0.5,VS1,L,EX,EX,EX,F,1477.08,5.1796875,5.1992188,3.0703125
1745711,ROUND,0.5,SI1,J,GD,EX,VG,N,1487.23,4.8710938,4.9296875,3.1601562
1668792,ROUND,0.5,VS2,J,GD,EX,GD,F,1496.47,4.8203125,4.8984375,3.2207031
1774800,ROUND,0.5,VS1,L,EX,EX,EX,N,1496.55,5.0390625,5.078125,3.1601562
1665547,ROUND,0.64990234,SI2,K,VG,VG,GD,N,1496.64,5.421875,5.46875,3.4707031
1796829,ROUND,0.39990234,VVS2,I,EX,EX,VG,N,1496.8,4.7617188,4.78125,2.890625
1792202,ROUND,0.4099121,VS1,E,EX,EX,EX,ST,1497.22,4.8007812,4.8203125,2.9101562
1624223,ROUND,0.5,VS1,K,EX,VG,VG,F,1497.35,5.0898438,5.1289062,3.1308594
1617469,ROUND,0.5,SI1,K,EX,EX,EX,N,1497.4,5.078125,5.1015625,3.1601562
1626670,ROUND,0.5,VVS1,K,VG,VG,VG,F,1497.45,4.9414062,4.9804688,3.1796875
1782057,ROUND,0.5,VVS1,M,EX,EX,EX,N,1497.46,5.0585938,5.0898438,3.1796875
1784623,ROUND,0.39990234,VS1,I,EX,EX,EX,N,1481.22,4.671875,4.7109375,2.9394531
1790488,ROUND,0.5,SI1,J,VG,EX,GD,N,1481.29,4.96875,5.0507812,3.109375
1792852,ROUND,0.5,SI2,J,GD,VG,GD,N,1481.32,5.1601562,5.171875,3.0195312
1765409,ROUND,0.5,VS1,L,EX,EX,EX,F,1481.34,5.109375,5.1289062,3.140625
1801263,ROUND,0.5,VVS2,K,GD,VG,VG,N,1481.37,4.8085938,4.8789062,3.2109375
1801261,ROUND,0.5,VVS2,K,GD,VG,VG,N,1481.37,4.8984375,4.9296875,3.1601562
1775022,ROUND,0.38989258,VVS1,H,EX,EX,EX,N,1481.62,4.6992188,4.71875,2.9492188
1668802,ROUND,0.5,VS2,K,VG,VG,VG,N,1481.75,4.9296875,4.9804688,3.1894531
1665447,ROUND,0.5,VS2,K,VG,EX,VG,N,1481.75,4.921875,4.9609375,3.1699219
1655933,ROUND,0.5,VS2,K,VG,EX,EX,N,1481.75,4.9414062,4.9804688,3.1894531
1667871,ROUND,0.5,VS2,K,EX,EX,VG,N,1481.75,5.109375,5.171875,3.0996094
1801712,ROUND,0.39990234,SI1,F,EX,VG,VG,N,1481.86,4.75,4.7695312,2.8691406
1801690,ROUND,0.41992188,VS2,I,EX,EX,EX,N,1492.9,4.75,4.78125,2.9902344
1775701,ROUND,0.7998047,VS2,U-V,VG,VG,VG,N,1473.68,5.7617188,5.828125,3.7304688
1749454,ROUND,0.58984375,VVS1,K,EX,EX,EX,N,1473.73,5.3398438,5.3789062,3.3496094
1786293,ROUND,0.39990234,VVS2,I,EX,EX,VG,N,1473.78,4.7109375,4.7382812,2.9101562
1777043,ROUND,0.5,SI2,I,VG,VG,GD,N,1473.78,4.9414062,5.0195312,3.2304688
1625807,ROUND,0.58984375,VS2,L,EX,EX,EX,N,1474.06,5.328125,5.3710938,3.359375
1790626,ROUND,0.39990234,SI1,F,VG,EX,VG,N,1474.41,4.6015625,4.6601562,2.9492188
1788794,ROUND,0.39990234,SI1,F,EX,EX,VG,N,1474.41,4.75,4.8007812,2.859375
1792184,ROUND,0.39990234,VVS2,I,EX,VG,VG,N,1474.41,4.6992188,4.71875,2.9101562
1779229,ROUND,0.5,SI1,J,VG,VG,VG,ST,1474.59,5.0390625,5.078125,3.0605469
1656023,ROUND,0.5498047,SI1,J,EX,EX,EX,F,1474.7,5.2109375,5.25,3.2792969
1759064,ROUND,0.3701172,VVS2,D,EX,EX,EX,N,1474.81,4.6484375,4.6601562,2.8398438
1714864,ROUND,0.5,SI2,I,EX,EX,VG,N,1472.04,5.1914062,5.2109375,3.0800781
1767490,ROUND,0.5,VVS2,K,EX,EX,EX,M,1472.04,5.0703125,5.1015625,3.1796875
1748410,ROUND,0.5,SI2,J,GD,EX,VG,N,1472.09,4.8710938,4.921875,3.1796875
1641997,ROUND,0.58984375,SI2,J,EX,VG,EX,N,1472.19,5.3203125,5.359375,3.3398438
1768508,ROUND,0.3400879,VVS1,F,EX,EX,EX,N,1472.4,4.4882812,4.5117188,2.8007812
1760285,ROUND,0.36010742,VVS1,G,EX,EX,EX,N,1472.67,4.5507812,4.578125,2.8496094
1748562,ROUND,0.3701172,VVS1,G,EX,EX,EX,N,1472.92,4.5507812,4.5898438,2.8808594
1777102,ROUND,0.39990234,SI1,G,EX,EX,EX,N,1473.04,4.6796875,4.7109375,2.9296875
1631695,ROUND,0.5,I1,H,EX,EX,EX,M,1473.19,5.1484375,5.171875,3.109375
1670203,ROUND,0.5,SI1,K,VG,EX,EX,N,1473.25,5.0703125,5.0898438,3.140625
1790493,ROUND,0.5600586,SI1,L,EX,EX,EX,F,1473.68,5.25,5.28125,3.2890625
1664005,ROUND,0.6098633,SI2,J,EX,VG,EX,F,1497.52,5.421875,5.4296875,3.4003906
1793982,ROUND,0.35009766,VVS1,G,EX,EX,EX,N,1497.93,4.5703125,4.6015625,2.7402344
1801879,ROUND,0.35009766,VVS1,G,EX,EX,EX,N,1497.93,4.5195312,4.5390625,2.8300781
1801881,ROUND,0.35009766,VVS1,G,EX,EX,EX,N,1497.93,4.5117188,4.53125,2.8105469
1778196,ROUND,0.39990234,SI1,F,EX,EX,EX,N,1498.03,4.7304688,4.75,2.9394531
1779418,ROUND,0.39990234,SI1,F,EX,EX,EX,N,1498.03,4.71875,4.7304688,2.9492188
1760272,ROUND,0.39990234,VVS2,I,EX,EX,EX,N,1498.03,4.6992188,4.7382812,2.9394531
1780193,ROUND,0.39990234,SI1,G,EX,EX,EX,N,1498.76,4.6992188,4.7304688,2.9609375
1773082,ROUND,0.6298828,SI1,M,EX,EX,EX,N,1478.29,5.4492188,5.46875,3.3808594
1777972,ROUND,0.64990234,VS1,N,VG,EX,GD,N,1478.33,5.390625,5.46875,3.4804688
1792266,ROUND,0.39990234,SI1,E,EX,VG,EX,N,1507.58,4.671875,4.7109375,2.9199219
1781014,ROUND,0.39990234,SI1,E,EX,EX,VG,N,1507.58,4.6914062,4.75,2.9199219
1758873,ROUND,0.5,SI1,K,VG,VG,EX,N,1507.62,5.1914062,5.2109375,3.0390625
1644004,ROUND,0.5,VVS1,K,VG,EX,EX,N,1507.79,4.9492188,4.9882812,3.2109375
1644005,ROUND,0.5,VVS1,K,VG,EX,EX,N,1507.79,4.9414062,4.9804688,3.1894531
1649864,ROUND,0.5097656,SI2,J,EX,EX,EX,M,1508.15,5.0703125,5.1015625,3.1796875
1667963,ROUND,0.5097656,SI2,J,EX,VG,EX,F,1508.15,5.1484375,5.1796875,3.1894531
1783458,ROUND,0.39990234,VS2,G,VG,EX,VG,N,1508.16,4.609375,4.6601562,3.0
1784446,ROUND,0.5,VS2,J,VG,EX,GD,F,1508.36,5.0390625,5.1015625,3.140625
1788677,ROUND,0.5,VS2,J,GD,EX,GD,F,1508.36,4.8007812,4.890625,3.2304688
1781015,ROUND,0.4099121,SI1,F,EX,EX,EX,N,1508.39,4.75,4.7890625,2.9804688
1801703,ROUND,0.39990234,SI1,E,EX,EX,VG,N,1515.69,4.640625,4.6914062,2.9609375
1576255,ROUND,0.5097656,SI2,E,EX,EX,EX,ST,1515.99,5.171875,5.1796875,3.140625
1775016,ROUND,0.3701172,VVS1,F,EX,EX,EX,ST,1516.1,4.578125,4.609375,2.8808594
1749771,ROUND,0.39990234,VS1,G,EX,VG,VG,N,1516.3,4.7109375,4.7382812,2.9492188
1629064,ROUND,0.52001953,SI2,J,EX,EX,EX,N,1516.4,5.1484375,5.1796875,3.2109375
1606458,ROUND,0.5498047,SI1,K,EX,EX,EX,N,1516.44,5.2109375,5.2304688,3.2695312
1636654,ROUND,0.5,SI1,K,EX,EX,VG,N,1516.45,5.0195312,5.0585938,3.1796875
1801873,ROUND,0.36010742,VVS1,G,EX,EX,EX,N,1516.47,4.5390625,4.5585938,2.8496094
1801872,ROUND,0.36010742,VVS1,G,EX,EX,EX,N,1516.47,4.5195312,4.5507812,2.8203125
1726778,ROUND,0.4699707,SI2,G,EX,EX,EX,N,1523.91,5.0,5.0117188,3.0996094
1769175,ROUND,0.5498047,SI2,K,EX,VG,EX,N,1524.06,5.2382812,5.2695312,3.2402344
1670153,ROUND,0.5600586,VS2,L,EX,EX,EX,N,1524.18,5.28125,5.3007812,3.2792969
1630560,ROUND,0.5600586,VS1,L,EX,EX,EX,N,1524.3,5.2382812,5.2695312,3.2792969
1781749,ROUND,0.5,VS1,FANCY,EX,EX,VG,ST,1524.38,5.0390625,5.1015625,3.1503906
1777973,ROUND,0.6401367,VS1,N,EX,EX,EX,F,1524.65,5.4804688,5.5117188,3.4609375
1743634,ROUND,0.35009766,VVS1,E,EX,EX,EX,N,1524.67,4.6289062,4.6484375,2.7207031
1792317,ROUND,0.3701172,VVS1,G,EX,EX,EX,N,1524.82,4.5585938,4.578125,2.8808594
1777105,ROUND,0.48999023,SI1,I,VG,EX,GD,F,1520.56,5.1289062,5.171875,3.0703125
1662629,ROUND,0.5,VS1,L,EX,EX,EX,F,1520.66,5.1210938,5.140625,3.1191406
1659647,ROUND,0.5,VS1,L,EX,EX,EX,F,1520.66,5.0585938,5.0898438,3.1796875
1659646,ROUND,0.5,VS1,L,EX,EX,EX,N,1520.66,5.0507812,5.0703125,3.1699219
1637854,ROUND,0.5,SI2,J,EX,EX,EX,N,1520.76,5.0703125,5.1015625,3.1699219
1661021,ROUND,0.5,SI2,I,VG,VG,GD,N,1520.79,5.0195312,5.0703125,3.140625
1661023,ROUND,0.5,SI2,I,EX,VG,VG,N,1520.79,5.0390625,5.078125,3.1699219
1659915,ROUND,0.5,SI2,I,VG,EX,VG,N,1520.79,4.9804688,5.0,3.1699219
1656025,ROUND,0.5,SI1,J,VG,VG,GD,F,1520.79,4.9101562,5.0117188,3.1894531
1783466,ROUND,0.4099121,SI1,E,EX,EX,EX,F,1520.86,4.8007812,4.828125,2.9199219
1787221,ROUND,0.5,SI1,J,GD,EX,VG,F,1521.07,4.859375,4.9296875,3.1796875
1723330,ROUND,0.70996094,SI1,K,GD,GD,FR,F,1518.9,5.6601562,5.7109375,3.4296875
1759047,ROUND,0.3100586,IF,D,EX,EX,EX,F,1518.97,4.3085938,4.3398438,2.7109375
1784546,ROUND,0.5,SI1,J,GD,EX,GD,N,1521.07,4.8398438,4.9101562,3.2207031
1671237,ROUND,0.5,SI1,K,EX,EX,EX,F,1521.54,5.0703125,5.0898438,3.1796875
1657359,ROUND,0.5,SI1,K,EX,EX,VG,N,1521.54,5.140625,5.1601562,3.0800781
1673078,ROUND,0.5,VVS2,L,EX,EX,EX,F,1521.54,5.0195312,5.0585938,3.1699219
1647523,ROUND,0.5,VVS1,K,VG,EX,VG,N,1521.71,4.9101562,4.9804688,3.1992188
1779352,ROUND,0.39990234,VVS2,I,EX,EX,EX,N,1521.83,4.6601562,4.6992188,2.9492188
1789340,ROUND,0.8100586,VVS2,Q-R,EX,EX,EX,N,1522.1,5.9492188,5.9804688,3.7109375
1784712,ROUND,0.36010742,VVS2,F,EX,VG,EX,N,1522.55,4.578125,4.609375,2.8300781
1774052,ROUND,0.5,SI1,K,EX,EX,VG,N,1522.71,5.0507812,5.078125,3.1699219
1633539,ROUND,0.5,SI1,J,EX,EX,VG,F,1514.71,5.1015625,5.1484375,3.0898438
1801688,ROUND,0.39990234,VS2,G,VG,EX,VG,N,1514.92,4.6289062,4.6796875,2.9199219
1741629,ROUND,0.5,SI1,J,VG,EX,VG,N,1515.12,4.8984375,4.96875,3.1601562
1747454,ROUND,0.5698242,VS1,K,EX,EX,EX,N,1515.25,5.2890625,5.3203125,3.3203125
1801866,ROUND,0.3701172,VVS1,G,EX,EX,EX,N,1533.57,4.5703125,4.578125,2.8691406
1801948,ROUND,0.3701172,VS1,D,EX,EX,EX,N,1533.59,4.6289062,4.640625,2.8300781
1625949,ROUND,0.5,SI2,H,VG,EX,GD,N,1533.62,5.0898438,5.1289062,3.0703125
1628777,ROUND,0.75,VS2,O-P,EX,EX,EX,N,1533.62,5.8984375,5.9414062,3.5390625
1647092,ROUND,0.5,SI2,E,VG,EX,VG,N,1533.66,5.03125,5.0585938,3.1191406
1649671,ROUND,0.5,VVS2,L,EX,EX,VG,N,1533.69,5.078125,5.109375,3.0996094
1653574,ROUND,0.5,SI2,I,VG,VG,VG,N,1533.73,5.0390625,5.0898438,3.109375
1672215,ROUND,0.5,SI2,I,VG,EX,VG,N,1539.81,5.1015625,5.1484375,3.0292969
1672214,ROUND,0.5,SI2,I,EX,EX,EX,N,1539.81,5.0585938,5.0898438,3.1699219
1666886,ROUND,0.5,SI2,I,GD,F,GD,N,1539.81,4.8398438,4.9101562,3.2207031
1673075,ROUND,0.5,VVS2,K,VG,VG,VG,N,1539.81,4.921875,4.9804688,3.1699219
1787357,ROUND,0.39990234,VS2,G,EX,EX,EX,F,1539.93,4.6601562,4.6914062,2.9492188
1787353,ROUND,0.39990234,VS2,G,EX,EX,VG,N,1539.93,4.6601562,4.71875,2.9394531
1787352,ROUND,0.39990234,VS2,G,EX,VG,EX,N,1539.93,4.6914062,4.7109375,2.9394531
1670030,ROUND,0.6201172,VS1,M,EX,EX,EX,F,1540.07,5.4414062,5.46875,3.4101562
1783440,ROUND,0.5,SI2,I,GD,VG,FR,N,1540.45,5.0585938,5.109375,3.0800781
1632459,ROUND,0.5,SI2,I,EX,EX,EX,F,1540.57,5.0507812,5.078125,3.1699219
1788788,ROUND,0.39990234,VS2,G,EX,VG,VG,N,1540.6,4.6992188,4.75,2.890625
1790614,ROUND,0.39990234,SI1,D,VG,EX,VG,N,1540.6,4.7617188,4.8085938,2.8496094
1792254,ROUND,0.42993164,VS2,I,EX,EX,EX,N,1540.69,4.8085938,4.828125,3.0195312
1665333,ROUND,0.5,VS1,L,EX,EX,EX,F,1536.22,5.1289062,5.1601562,3.140625
1787098,ROUND,0.5,VS2,I,F,EX,GD,N,1536.29,4.8515625,4.9101562,3.2695312
1630376,ROUND,0.5,VVS2,K,EX,EX,VG,F,1536.39,5.109375,5.1289062,3.140625
1658476,ROUND,0.60009766,VS1,M,EX,EX,EX,N,1536.74,5.3789062,5.4101562,3.3691406
1798125,ROUND,0.39990234,VS1,I,EX,EX,EX,N,1533.86,4.78125,4.8007812,2.8691406
1789577,ROUND,0.39990234,SI1,F,EX,EX,EX,N,1533.95,4.6914062,4.7109375,2.9492188
1790625,ROUND,0.39990234,SI1,F,EX,EX,EX,N,1533.95,4.6914062,4.7109375,2.9394531
1786294,ROUND,0.39990234,VVS2,I,EX,EX,EX,N,1533.95,4.7109375,4.7382812,2.9492188
1801721,ROUND,0.4099121,SI1,G,EX,EX,EX,N,1534.03,4.7304688,4.7617188,2.9609375
1659644,ROUND,0.58984375,VS1,L,EX,EX,EX,ST,1534.37,5.3789062,5.3984375,3.3007812
1606335,ROUND,0.5,VS2,K,EX,EX,EX,N,1534.49,5.1914062,5.2109375,3.0703125
1638407,ROUND,0.5,I1,G,EX,EX,EX,N,1534.52,5.1289062,5.1484375,3.1503906
1645475,ROUND,0.5,I1,G,EX,EX,EX,N,1534.52,5.078125,5.109375,3.1699219
1631678,ROUND,0.5,I1,G,EX,EX,EX,N,1534.52,5.0703125,5.0898438,3.140625
1627801,ROUND,0.5,SI1,K,EX,EX,EX,N,1534.52,5.0585938,5.0898438,3.1699219
1772037,ROUND,0.5,VS2,J,VG,VG,VG,N,1534.52,4.9609375,5.0,3.1992188
1743599,ROUND,0.39990234,VS1,G,EX,EX,VG,N,1534.57,4.6796875,4.7304688,2.9101562
1746813,ROUND,0.35009766,VVS1,D,EX,EX,EX,N,1534.72,4.4609375,4.4882812,2.8007812
1791553,ROUND,0.30004883,IF,D,EX,EX,VG,N,1535.06,4.3398438,4.359375,2.6308594
1637197,ROUND,0.75,SI2,M,EX,EX,EX,N,1535.11,5.7695312,5.8007812,3.6308594
1784365,ROUND,0.5,VS1,K,VG,VG,VG,F,1535.38,5.0,5.03125,3.140625
1672964,ROUND,0.5,VS1,FANCY,VG,EX,GD,N,1532.76,4.8710938,4.9609375,3.1894531
1672816,ROUND,0.5,SI1,I,VG,EX,VG,M,1532.76,5.0117188,5.0390625,3.1796875
1668852,ROUND,0.5,SI1,I,VG,VG,GD,F,1532.76,4.9609375,5.0117188,3.1992188
1660958,ROUND,0.5,SI1,I,GD,VG,VG,M,1532.76,4.9492188,5.0,3.25
1670581,ROUND,0.5,VS2,K,EX,EX,VG,N,1532.76,5.0507812,5.1210938,3.1699219
1748550,ROUND,0.35009766,VVS1,E,EX,EX,EX,F,1532.95,4.4804688,4.5,2.8398438
1773099,ROUND,0.5,SI2,F,F,EX,GD,N,1533.05,4.75,4.8515625,3.2597656
1665210,ROUND,0.5,VVS1,K,VG,VG,VG,N,1528.47,5.1015625,5.140625,3.0703125
1788817,ROUND,0.3400879,VVS1,E,VG,EX,VG,N,1528.57,4.5507812,4.5703125,2.7402344
1756992,ROUND,0.39990234,VS2,G,EX,EX,VG,N,1529.11,4.6914062,4.71875,2.9003906
1686032,ROUND,0.66015625,I1,F,EX,EX,EX,F,1529.25,5.6796875,5.7109375,3.3808594
1647078,ROUND,0.5097656,SI1,K,EX,EX,EX,F,1529.3,5.0898438,5.109375,3.1992188
1738827,ROUND,0.5,SI2,J,VG,EX,VG,N,1529.59,4.96875,5.03125,3.2109375
1762517,ROUND,0.5,SI1,K,EX,VG,EX,N,1529.6,5.03125,5.0703125,3.1699219
1771970,ROUND,0.5,VVS2,L,EX,EX,EX,F,1529.6,5.0703125,5.0898438,3.1796875
1769190,ROUND,0.39990234,VVS2,G,VG,EX,EX,N,1527.12,4.6601562,4.6914062,2.9492188
1743508,ROUND,0.5,VS2,J,GD,EX,VG,F,1526.21,5.1484375,5.1914062,3.0292969
1768451,ROUND,0.4099121,VS2,F,EX,EX,EX,F,1526.48,4.78125,4.8007812,2.9707031
1778158,ROUND,0.39990234,VS1,F,VG,EX,GD,N,1526.49,4.5898438,4.6601562,2.9707031
1768416,ROUND,0.39990234,VS1,E,VG,EX,VG,N,1526.59,4.6484375,4.6796875,2.9492188
1768417,ROUND,0.39990234,VS1,E,VG,EX,VG,N,1526.59,4.609375,4.6289062,2.9804688
1603754,ROUND,0.5097656,SI1,K,EX,EX,EX,N,1526.62,5.1601562,5.1992188,3.140625
1795414,ROUND,0.5600586,SI2,J,EX,EX,EX,F,1526.7,5.28125,5.3085938,3.25
1788504,ROUND,0.5498047,VVS2,L,EX,EX,EX,ST,1526.9,5.25,5.28125,3.25
1793981,ROUND,0.35009766,VVS1,G,EX,EX,EX,N,1526.92,4.5,4.53125,2.8398438
1752594,ROUND,0.5,SI1,J,VG,VG,GD,N,1527.02,5.1796875,5.2382812,3.0292969
1755316,ROUND,0.5,SI1,J,VG,VG,GD,N,1527.02,4.9492188,5.0117188,3.1601562
1799066,ROUND,0.52001953,VVS1,L,EX,EX,EX,ST,1527.02,5.1289062,5.1601562,3.2109375
1801711,ROUND,0.39990234,SI1,F,EX,EX,EX,N,1527.12,4.6914062,4.7109375,2.9609375
1773169,ROUND,0.39990234,SI1,D,VG,EX,VG,N,1529.79,4.6914062,4.7382812,2.9492188
1657267,ROUND,0.52001953,VS2,L,EX,EX,EX,N,1530.03,5.1484375,5.1796875,3.1699219
1667752,ROUND,0.5,VS1,J,F,VG,GD,N,1530.17,4.7695312,4.859375,3.2304688
1734663,ROUND,0.5,SI1,I,VG,EX,GD,F,1530.31,4.9804688,5.0703125,3.1503906
Eco Diamond LG200661,ROUND,0.7001953,SI1,F,EX,EX,EX,N,1530.36,5.7304688,5.7617188,3.4902344
1774979,ROUND,0.45996094,SI2,F,EX,VG,VG,N,1530.53,4.9492188,4.9882812,3.0605469
1790668,ROUND,0.3400879,VVS1,D,EX,EX,EX,N,1530.87,4.4492188,4.46875,2.7792969
1613828,ROUND,0.5,SI2,H,VG,VG,VG,F,1531.13,4.9296875,4.9804688,3.1699219
1791536,ROUND,0.39990234,VS2,F,VG,VG,VG,N,1537.92,4.6015625,4.6484375,2.9492188
1610424,ROUND,0.5,VS2,K,EX,EX,EX,N,1537.95,5.1289062,5.1484375,3.109375
1659861,ROUND,0.5,SI1,K,EX,EX,EX,F,1537.96,5.0585938,5.0898438,3.1699219
1780178,ROUND,0.39990234,VS1,E,EX,EX,EX,M,1537.97,4.6914062,4.7109375,2.9296875
1773136,ROUND,0.39990234,VVS2,F,VG,VG,VG,N,1537.97,4.5703125,4.6289062,2.9609375
1787334,ROUND,0.41992188,VS1,I,EX,EX,EX,N,1538.37,4.78125,4.7890625,2.9902344
1626720,ROUND,0.5,VS2,K,EX,EX,EX,N,1531.89,5.0390625,5.0703125,3.1796875
1637847,ROUND,0.5,SI2,H,VG,VG,VG,N,1531.96,5.03125,5.0898438,3.1601562
1781992,ROUND,0.52978516,IF,L,EX,EX,EX,F,1532.04,5.1914062,5.2109375,3.2304688
1635580,ROUND,0.5,SI1,K,EX,EX,EX,F,1532.05,5.0195312,5.0585938,3.1796875
1758710,ROUND,0.5,VS2,K,VG,EX,VG,N,1532.07,4.921875,5.0,3.140625
1770845,ROUND,0.45996094,SI1,H,EX,VG,VG,N,1532.2,4.9414062,4.96875,3.0800781
1779452,ROUND,0.3701172,VVS1,D,EX,EX,EX,ST,1532.39,4.6796875,4.7109375,2.8105469
1779373,ROUND,0.41992188,VS1,I,EX,EX,EX,N,1532.59,4.8398438,4.8515625,2.9609375
1772163,ROUND,0.39990234,VS1,G,EX,VG,VG,N,1532.64,4.6601562,4.71875,2.9707031
1800517,ROUND,0.5,SI2,J,EX,EX,EX,F,1538.81,5.109375,5.140625,3.1308594
1791566,ROUND,0.33007812,VVS2,D,EX,EX,EX,N,1538.85,4.5117188,4.53125,2.6992188
1799345,ROUND,0.5,SI2,I,GD,VG,GD,F,1538.9,4.828125,4.8984375,3.2304688
1671714,ROUND,0.5,SI2,J,VG,VG,VG,N,1538.91,5.0898438,5.1601562,3.0898438
1630900,ROUND,0.5,SI1,K,EX,EX,EX,N,1538.95,5.0390625,5.0703125,3.1796875
1637815,ROUND,0.5,SI2,E,GD,VG,GD,N,1539.02,4.8515625,4.9414062,3.2109375
1792159,ROUND,0.39990234,VVS1,E,EX,EX,EX,ST,1539.29,4.671875,4.6914062,2.9609375
1769205,ROUND,0.39990234,VS1,F,VG,EX,VG,N,1539.35,4.6289062,4.671875,2.890625
1790579,ROUND,0.39990234,VS1,F,VG,EX,VG,F,1539.35,4.6289062,4.6914062,2.9296875
1786298,ROUND,0.39990234,VS1,F,EX,EX,VG,N,1539.35,4.6601562,4.6992188,2.9394531
1671709,ROUND,0.5,SI2,I,EX,EX,EX,F,1539.81,5.078125,5.109375,3.1796875
1764469,ROUND,0.39990234,VS2,E,EX,EX,EX,F,1537.34,4.6796875,4.71875,2.9296875
1784619,ROUND,0.39990234,VS1,G,VG,VG,VG,N,1537.39,4.6015625,4.640625,2.9609375
1763125,ROUND,0.5,SI1,FANCY,EX,EX,EX,ST,1537.9,5.0585938,5.1015625,3.1601562
1792246,ROUND,0.39990234,VS2,F,EX,EX,EX,F,1537.92,4.6796875,4.71875,2.9492188
1780809,ROUND,0.5097656,VS2,K,VG,EX,VG,N,1538.75,4.9492188,5.0117188,3.2109375
1801508,ROUND,0.5,SI2,J,VG,EX,EX,F,1538.81,4.9414062,4.96875,3.2109375
1668929,ROUND,0.5600586,SI2,I,EX,EX,EX,N,1975.35,5.328125,5.359375,3.2402344
1629047,ROUND,0.5,SI2,F,EX,EX,EX,N,1975.38,5.078125,5.109375,3.140625
1639255,ROUND,0.5,SI2,G,EX,EX,EX,N,1975.38,5.0703125,5.109375,3.140625
1637843,ROUND,0.5,SI2,G,EX,EX,EX,N,1975.38,5.03125,5.0585938,3.1796875
1632378,ROUND,0.5,SI1,I,EX,EX,EX,N,1975.38,5.1289062,5.1601562,3.0800781
1653525,ROUND,0.5,SI1,I,EX,EX,EX,N,1975.38,5.109375,5.140625,3.140625
1644092,ROUND,0.5,VVS2,J,EX,EX,EX,F,1975.38,5.0703125,5.078125,3.1699219
1672163,ROUND,0.5,SI1,G,EX,EX,VG,ST,1975.49,5.0195312,5.0507812,3.1699219
1644162,ROUND,0.5,VS1,I,EX,EX,EX,N,1975.56,5.0390625,5.0585938,3.109375
1755262,ROUND,0.5,SI1,E,VG,VG,GD,N,1975.61,4.9609375,5.0195312,3.1699219
1795355,ROUND,0.5,SI1,I,VG,EX,VG,N,1975.64,4.9609375,5.0,3.1796875
1795347,ROUND,0.5,SI1,I,VG,EX,EX,N,1975.64,4.9609375,4.9804688,3.1992188
1620618,ROUND,0.5,VS2,F,VG,VG,GD,F,1997.22,4.8789062,4.9609375,3.1601562
1635067,ROUND,0.5,VVS1,J,EX,EX,EX,N,1997.22,5.0898438,5.109375,3.1601562
1662746,ROUND,0.5,VS2,H,GD,EX,GD,F,1997.25,4.8007812,4.890625,3.2109375
1773092,ROUND,0.5,SI2,E,EX,EX,EX,M,1997.75,5.0390625,5.078125,3.1796875
1670094,ROUND,0.5498047,VS2,J,EX,EX,EX,F,1997.77,5.2304688,5.2695312,3.2597656
1663836,ROUND,0.5498047,VS2,J,EX,EX,EX,F,1997.77,5.21875,5.25,3.2890625
1637459,ROUND,0.5,VS1,J,EX,EX,EX,F,1997.86,5.1484375,5.171875,3.0996094
1643992,ROUND,0.5,VVS1,J,EX,EX,EX,N,1997.91,5.0703125,5.0898438,3.1796875
1630321,ROUND,0.5,VVS1,J,EX,EX,EX,N,1997.91,5.0585938,5.0898438,3.1191406
1662841,ROUND,0.5,SI1,H,VG,EX,VG,M,1973.74,5.0,5.0507812,3.1601562
1653512,ROUND,0.5,SI1,H,EX,EX,VG,ST,1973.74,5.0,5.0703125,3.1503906
1639142,ROUND,0.5,SI1,F,VG,EX,GD,N,1973.83,5.0195312,5.078125,3.1699219
1655987,ROUND,0.5,SI1,F,EX,EX,VG,M,1973.83,5.078125,5.109375,3.1796875
1672610,ROUND,0.7998047,VS1,O-P,EX,EX,EX,N,1973.83,5.9414062,5.96875,3.6699219
1795359,ROUND,0.64990234,SI1,J,EX,EX,EX,M,1973.87,5.46875,5.5,3.4804688
1624615,ROUND,0.58984375,SI2,G,EX,EX,EX,F,1973.9,5.3515625,5.390625,3.359375
1768380,ROUND,0.41992188,VVS1,D,EX,EX,EX,N,1974.16,4.7695312,4.8007812,2.9609375
1746667,ROUND,0.5,SI1,I,EX,EX,EX,N,2018.05,5.078125,5.1015625,3.0898438
1746673,ROUND,0.5,SI1,I,EX,EX,EX,N,2018.05,5.140625,5.1796875,3.109375
1747587,ROUND,0.5,SI1,I,EX,EX,EX,N,2018.05,5.109375,5.1289062,3.1503906
1745697,ROUND,0.5,SI1,I,EX,EX,EX,N,2018.05,5.0703125,5.0898438,3.140625
1758762,ROUND,0.5,SI1,F,GD,EX,GD,N,2018.08,4.890625,4.9492188,3.25
1643994,ROUND,0.5,VVS1,J,EX,EX,EX,N,2018.69,5.0390625,5.0703125,3.1894531
1799273,ROUND,0.5,SI1,I,EX,EX,EX,F,2018.71,5.0703125,5.0898438,3.1796875
1744682,ROUND,0.5097656,VS1,J,EX,EX,EX,N,2018.71,5.1210938,5.1484375,3.2207031
1734680,ROUND,0.5,SI2,F,EX,EX,EX,N,2018.79,5.1484375,5.1796875,3.0800781
1607589,ROUND,0.5,VVS2,E,GD,EX,FR,N,2018.8,4.9296875,5.0,3.1992188
1769178,ROUND,0.42993164,IF,E,EX,EX,EX,M,1963.14,4.8984375,4.9296875,2.9492188
1792132,ROUND,0.5,SI2,D,VG,EX,VG,F,1963.17,4.9414062,4.9804688,3.1503906
1789522,ROUND,0.5,SI2,D,GD,EX,VG,N,1963.17,5.0117188,5.0703125,3.0507812
1792129,ROUND,0.5,SI2,D,VG,EX,VG,F,1963.17,5.0117188,5.0507812,3.1796875
1624518,ROUND,0.52978516,SI1,I,EX,EX,EX,N,1963.19,5.21875,5.25,3.2402344
1649780,ROUND,0.5,SI1,I,EX,EX,EX,N,1963.28,5.0703125,5.1015625,3.1894531
1649784,ROUND,0.5,SI1,I,EX,EX,EX,N,1963.28,5.0390625,5.0703125,3.1601562
1662896,ROUND,0.60009766,SI2,F,EX,EX,EX,N,1963.33,5.5,5.53125,3.2890625
1663938,ROUND,0.5,SI2,E,VG,EX,VG,N,1963.37,5.109375,5.1601562,3.0800781
1666869,ROUND,0.5,SI2,E,EX,EX,EX,F,1963.37,5.0390625,5.0585938,3.1699219
1659882,ROUND,0.5,SI2,E,VG,VG,VG,N,1963.37,5.03125,5.0703125,3.140625
1751188,ROUND,0.5,SI1,D,VG,EX,GD,N,2014.75,5.1289062,5.1601562,3.0800781
1726552,ROUND,0.75,VS2,M,EX,EX,EX,N,2014.9,5.75,5.7890625,3.6308594
1637775,ROUND,0.5097656,SI1,I,EX,EX,EX,N,2015.03,5.140625,5.171875,3.1699219
1648380,ROUND,0.5,VS2,F,GD,EX,GD,F,2015.29,4.8710938,4.96875,3.1601562
1754726,ROUND,0.5097656,SI1,I,EX,EX,EX,N,2015.34,5.1210938,5.140625,3.1699219
1780794,ROUND,0.5,VS2,I,EX,EX,VG,M,2015.41,5.109375,5.140625,3.0898438
1783300,ROUND,0.5,VS2,I,VG,VG,GD,N,2015.41,4.9609375,5.03125,3.1308594
1760254,ROUND,0.5,SI1,I,EX,EX,EX,N,2015.41,5.0585938,5.0898438,3.1699219
1672798,ROUND,0.5498047,SI1,F,EX,EX,EX,ST,2016.74,5.21875,5.2382812,3.2792969
1757559,ROUND,0.52978516,VS1,I,EX,EX,EX,ST,2016.76,5.1484375,5.1601562,3.2207031
1697968,ROUND,0.7001953,I1,G,EX,EX,EX,N,2016.81,5.640625,5.6796875,3.5097656
1625864,ROUND,0.5,SI1,G,EX,EX,EX,F,2017.02,5.0585938,5.078125,3.1601562
1671241,ROUND,0.5,SI2,E,EX,EX,EX,M,2017.05,5.0390625,5.0703125,3.1699219
1776070,ROUND,0.5097656,VS2,J,EX,EX,EX,N,1972.16,5.1015625,5.1289062,3.1699219
1773069,ROUND,0.5,SI1,I,EX,EX,EX,F,1972.35,5.03125,5.0585938,3.140625
1783437,ROUND,0.52001953,SI2,I,EX,EX,EX,N,1972.58,5.1601562,5.1796875,3.2402344
1748402,ROUND,0.5097656,SI2,H,VG,EX,EX,N,1973.02,4.9882812,4.9609375,3.1992188
1796524,ROUND,0.5498047,VVS2,K,EX,EX,EX,F,1973.02,5.2109375,5.2382812,3.2792969
1639175,ROUND,0.5,SI1,H,EX,EX,VG,ST,1969.33,5.0195312,5.0585938,3.1796875
1621840,ROUND,0.5,SI1,I,EX,EX,EX,N,1969.33,5.0585938,5.078125,3.1796875
1792165,ROUND,0.42993164,VVS2,D,EX,EX,EX,N,1969.53,4.8085938,4.8398438,3.0097656
1730294,ROUND,0.5,SI2,F,EX,EX,VG,N,1969.73,5.109375,5.140625,3.0898438
1781013,ROUND,0.45996094,SI1,E,EX,EX,EX,N,1969.8,5.0117188,5.03125,2.9902344
1662340,ROUND,0.7998047,SI1,L,VG,EX,GD,F,1969.83,5.8085938,5.8789062,3.7304688
1650736,ROUND,0.6201172,VVS1,L,EX,EX,EX,N,1969.85,5.4804688,5.5,3.4003906
1746584,ROUND,0.5,SI1,E,VG,EX,GD,N,1969.86,4.9492188,4.9804688,3.1503906
1632447,ROUND,0.5,SI2,H,EX,EX,EX,N,1950.45,5.0585938,5.078125,3.1601562
1627343,ROUND,0.5,VVS2,H,F,VG,VG,N,1950.57,4.859375,4.921875,3.25
1798100,ROUND,0.5,SI1,F,GD,VG,GD,N,1951.16,4.8710938,4.921875,3.1191406
1795312,ROUND,0.5,SI1,F,GD,GD,GD,N,1951.16,5.1484375,5.1914062,2.9707031
1756163,ROUND,0.5,SI2,E,EX,EX,VG,N,1960.6,5.0507812,5.1015625,3.1601562
1788749,ROUND,0.5,SI2,F,EX,EX,EX,N,1960.6,5.0585938,5.0898438,3.140625
1790516,ROUND,0.5,SI2,F,EX,EX,EX,N,1960.6,5.0703125,5.0898438,3.1601562
1787254,ROUND,0.5,SI2,F,VG,EX,GD,N,1960.6,4.9414062,5.0,3.1191406
1785979,ROUND,0.5,VVS2,J,VG,EX,VG,N,1960.6,5.0507812,5.078125,3.1503906
1761190,ROUND,0.5,SI1,F,EX,EX,VG,ST,1960.64,5.0507812,5.078125,3.1503906
1657380,ROUND,0.5,SI2,D,VG,EX,VG,N,1960.82,5.0703125,5.1289062,3.0800781
1768389,ROUND,0.42993164,VVS2,E,EX,EX,EX,N,1960.89,4.921875,4.9414062,2.9394531
1668741,ROUND,0.5,VS1,J,EX,EX,EX,N,2020.34,5.1210938,5.1484375,3.140625
1669997,ROUND,0.5,VS1,J,EX,EX,EX,N,2020.34,5.0507812,5.078125,3.1796875
1780577,ROUND,0.58984375,VVS2,J,VG,VG,GD,N,2020.34,5.328125,5.359375,3.3300781
1790510,ROUND,0.5,SI2,E,VG,EX,VG,N,2020.46,5.0507812,5.1015625,3.1308594
1790512,ROUND,0.5,SI2,E,VG,EX,VG,N,2020.46,4.890625,4.9492188,3.1992188
1791995,ROUND,0.5,VVS1,J,VG,EX,VG,N,2020.46,4.921875,4.96875,3.1894531
1741591,ROUND,0.5,SI1,F,VG,VG,GD,N,2020.58,4.96875,5.0507812,3.1601562
1755279,ROUND,0.5,SI1,F,EX,EX,EX,ST,2020.58,5.109375,5.140625,3.109375
1662041,ROUND,0.5498047,SI2,D,EX,EX,EX,M,2020.61,5.171875,5.2109375,3.3007812
1791517,ROUND,0.39990234,VVS1,D,EX,EX,EX,N,2020.7,4.6914062,4.71875,2.9492188
1637397,ROUND,0.5,VS1,G,F,VG,GD,N,1984.04,4.8085938,4.8515625,3.25
1641665,ROUND,0.5,VS2,D,F,VG,GD,N,1984.06,4.8398438,4.9101562,3.2402344
1665360,ROUND,0.5,VS2,D,F,EX,FR,N,1984.06,4.8085938,4.8984375,3.2304688
1659875,ROUND,0.5,SI2,D,EX,EX,EX,F,1984.06,5.1015625,5.1289062,3.1699219
1637810,ROUND,0.5,SI2,D,EX,EX,EX,N,1984.06,5.0195312,5.0507812,3.1894531
1662542,ROUND,0.5,VS1,D,F,EX,GD,N,1984.2,4.75,4.8515625,3.25
1772993,ROUND,0.5,VS2,I,EX,EX,VG,N,1984.23,5.1601562,5.1796875,3.0898438
1748956,ROUND,0.5,SI2,E,EX,VG,VG,N,1984.26,5.0585938,5.1015625,3.1699219
1776939,ROUND,0.5,SI1,F,GD,EX,VG,N,1985.18,4.828125,4.890625,3.2304688
1653239,ROUND,0.72021484,VS1,M,EX,EX,EX,N,1985.46,5.7382812,5.78125,3.5703125
1757403,ROUND,0.72021484,VVS1,M,EX,VG,VG,N,1985.56,5.71875,5.7382812,3.5292969
1667947,ROUND,0.5,SI2,E,VG,VG,VG,N,1985.77,5.0390625,5.0898438,3.1308594
1791498,ROUND,0.52001953,SI2,G,EX,EX,EX,N,1985.85,5.25,5.2617188,3.1308594
1755172,ROUND,0.5600586,VVS1,K,EX,EX,EX,F,1985.87,5.2890625,5.3085938,3.2890625
1799302,ROUND,0.5,SI2,E,VG,EX,VG,N,1985.92,5.1289062,5.1914062,3.0507812
1797748,ROUND,0.5,VVS1,J,EX,EX,EX,N,1985.92,5.109375,5.1210938,3.109375
1769148,ROUND,0.5,SI2,F,VG,VG,VG,N,1985.94,4.9609375,4.9804688,3.1894531
1645713,ROUND,0.5,VS1,F,F,EX,VG,N,1992.91,4.8007812,4.8710938,3.2402344
1797624,ROUND,0.7001953,VVS1,N,EX,EX,EX,F,1993.12,5.640625,5.6796875,3.5390625
1799318,ROUND,0.5,SI2,F,EX,EX,VG,N,1993.46,5.1210938,5.1484375,3.0800781
1762530,ROUND,0.5,SI2,F,VG,VG,VG,N,1993.46,5.0,5.0390625,3.1503906
1799315,ROUND,0.5,SI2,F,EX,EX,EX,F,1993.46,5.109375,5.1289062,3.1308594
1773086,ROUND,0.5,SI2,D,EX,EX,EX,M,1984.99,5.1210938,5.1484375,3.140625
1609129,ROUND,0.5,VVS2,E,GD,VG,FR,N,1985.0,4.8398438,4.9296875,3.2402344
1788728,ROUND,0.5,SI1,I,EX,EX,EX,F,1985.09,5.078125,5.1015625,3.1699219
1787208,ROUND,0.5,SI1,I,EX,EX,EX,F,1985.09,5.0898438,5.1210938,3.1796875
1787210,ROUND,0.5,SI1,I,EX,EX,VG,N,1985.09,5.109375,5.140625,3.0996094
1790477,ROUND,0.5,SI1,I,EX,VG,VG,N,1985.09,5.1601562,5.1796875,3.0898438
1789428,ROUND,0.5,VS1,J,EX,EX,EX,N,1985.09,5.0507812,5.078125,3.1699219
1786073,ROUND,0.5,VS1,J,EX,EX,EX,F,1985.09,5.1210938,5.1484375,3.1308594
1788569,ROUND,0.5,VS1,J,EX,EX,EX,F,1985.09,5.0585938,5.0898438,3.1699219
1788570,ROUND,0.5,VS1,J,EX,EX,EX,F,1985.09,5.0507812,5.0898438,3.1503906
1608012,ROUND,0.5,SI1,D,EX,EX,EX,M,1985.15,5.0585938,5.0898438,3.1699219
1799266,ROUND,0.5498047,SI1,I,EX,EX,EX,ST,1973.14,5.2304688,5.25,3.2695312
1787149,ROUND,0.5,SI1,F,VG,EX,GD,N,1973.18,5.109375,5.1601562,3.0898438
1786220,ROUND,0.5,SI1,F,GD,VG,GD,N,1973.18,4.8515625,4.9414062,3.2402344
1776990,ROUND,0.5,SI1,I,EX,EX,VG,N,1973.23,5.0,5.0703125,3.1699219
1776987,ROUND,0.5,SI1,I,EX,EX,EX,F,1973.23,5.0507812,5.078125,3.1699219
1668452,ROUND,0.60009766,VS2,FANCY,EX,EX,EX,N,1973.48,5.4492188,5.4609375,3.2695312
1672209,ROUND,0.5,SI2,H,EX,EX,VG,N,1973.69,5.03125,5.078125,3.1699219
1758870,ROUND,0.64990234,SI1,K,EX,EX,EX,F,1973.7,5.6015625,5.6289062,3.3808594
1654679,ROUND,0.5,SI1,H,EX,EX,VG,ST,1973.74,4.9882812,5.0585938,3.1894531
1671216,ROUND,0.5,SI1,H,VG,EX,VG,F,1973.74,4.9414062,4.9882812,3.1894531
1653505,ROUND,0.5,SI1,H,EX,EX,EX,ST,1973.74,5.0390625,5.078125,3.1601562
1671690,ROUND,0.5,SI1,H,VG,EX,VG,M,1973.74,5.0117188,5.0507812,3.1601562
1791384,ROUND,0.72998047,SI1,N,EX,EX,EX,F,2006.01,5.71875,5.7617188,3.5800781
1800492,ROUND,0.5,SI1,F,GD,EX,GD,F,2006.08,5.0,5.078125,3.0605469
1799237,ROUND,0.5,SI1,F,GD,EX,VG,N,2006.08,4.8710938,4.9414062,3.2597656
1795313,ROUND,0.5,SI1,F,GD,EX,GD,N,2006.08,4.8203125,4.890625,3.1894531
1790479,ROUND,0.5,SI1,I,EX,EX,EX,F,2006.18,5.03125,5.0507812,3.1601562
1787214,ROUND,0.5,SI1,I,VG,EX,EX,N,2006.18,4.9101562,4.9414062,3.1894531
1743431,ROUND,0.5,VS1,J,EX,EX,EX,N,2006.18,5.140625,5.1601562,3.1191406
1747453,ROUND,0.5,VS1,J,EX,EX,EX,N,2006.18,5.0703125,5.1015625,3.1796875
1760022,ROUND,0.5,VS1,J,EX,EX,EX,N,2006.18,5.0507812,5.078125,3.1503906
1798946,ROUND,0.7998047,SI2,N,EX,EX,EX,M,2006.4,5.9101562,5.9414062,3.6992188
1753716,ROUND,0.5,VS1,J,EX,EX,EX,N,1990.14,5.1484375,5.1914062,3.0898438
1763395,ROUND,0.5,SI2,E,VG,VG,VG,N,1990.18,4.9101562,4.96875,3.1894531
1650863,ROUND,0.58984375,SI1,I,EX,EX,EX,N,1990.22,5.3710938,5.3984375,3.3203125
1652264,ROUND,0.5,VS2,G,GD,EX,GD,M,1990.23,5.1015625,5.1484375,3.0390625
1660964,ROUND,0.5800781,SI1,J,EX,EX,EX,N,1990.53,5.2890625,5.3085938,3.3105469
1665173,ROUND,0.7001953,SI2,K,EX,EX,EX,ST,1990.74,5.6289062,5.671875,3.5292969
1762423,ROUND,0.5,VS2,I,VG,EX,VG,M,1990.82,5.140625,5.171875,3.0703125
1764391,ROUND,0.5,SI1,I,EX,EX,VG,N,1991.02,5.0898438,5.1015625,3.1601562
1762428,ROUND,0.60009766,VS2,K,EX,EX,EX,N,1965.5,5.3789062,5.4101562,3.3691406
1769068,ROUND,0.5,SI1,E,GD,EX,GD,N,1965.55,4.8515625,4.9414062,3.1796875
1770330,ROUND,0.5,SI1,E,VG,EX,GD,N,1965.55,4.921875,4.9804688,3.1796875
1741469,ROUND,0.5,VVS1,J,EX,EX,EX,F,1965.57,5.0703125,5.0898438,3.1894531
1637704,ROUND,0.5,SI1,E,GD,EX,VG,N,1983.34,4.8515625,4.9101562,3.2304688
1639073,ROUND,0.52978516,VS2,J,EX,EX,EX,N,1983.44,5.171875,5.1992188,3.1992188
1661858,ROUND,0.7001953,VS1,L,VG,EX,VG,F,1983.44,5.4804688,5.5585938,3.5800781
1637122,ROUND,0.7001953,VS2,K,EX,EX,VG,F,1983.47,5.5898438,5.6601562,3.5390625
1649791,ROUND,0.5,SI1,I,EX,EX,EX,N,1984.03,5.0507812,5.078125,3.1699219
1654683,ROUND,0.5,SI1,I,EX,EX,EX,N,1977.98,5.0507812,5.078125,3.1699219
1670182,ROUND,0.5,SI1,I,EX,EX,EX,N,1977.98,5.0507812,5.0703125,3.1699219
1670176,ROUND,0.5,SI1,I,EX,EX,EX,F,1977.98,5.0507812,5.0703125,3.1699219
1670002,ROUND,0.5,VS1,J,EX,EX,EX,F,1977.98,5.140625,5.171875,3.0898438
1638916,ROUND,0.5,VS1,J,EX,EX,EX,F,1977.98,5.0585938,5.0898438,3.1191406
210537-46,ROUND,1.0,SI2,N,EX,VG,VG,VSL,1978.02,6.3789062,6.2890625,3.9902344
1615786,ROUND,0.5,VVS1,J,EX,EX,EX,N,1978.08,5.0507812,5.078125,3.1699219
1615785,ROUND,0.5,VVS1,J,EX,EX,EX,N,1978.08,5.0898438,5.1210938,3.109375
1655890,ROUND,0.5,VS2,H,GD,VG,VG,M,1978.2,4.890625,4.9492188,3.2207031
1666730,ROUND,0.5,VS2,H,GD,EX,GD,M,1978.2,4.8203125,4.9101562,3.1699219
1672780,ROUND,0.5,VS2,H,F,EX,VG,N,1978.2,4.828125,4.859375,3.2792969
1662780,ROUND,0.5,SI1,D,VG,VG,GD,F,1978.2,5.1484375,5.2109375,3.0800781
1779292,ROUND,0.52001953,SI2,G,EX,EX,EX,N,1978.77,5.1914062,5.2109375,3.1601562
1788801,ROUND,0.3701172,IF,D,EX,EX,EX,N,1978.97,4.5898438,4.609375,2.8496094
1786961,ROUND,0.52978516,VVS1,K,EX,EX,EX,N,1970.03,5.1601562,5.1992188,3.1992188
1774931,ROUND,0.5097656,SI2,H,EX,EX,EX,F,1970.44,5.078125,5.109375,3.1894531
1778102,ROUND,0.5,SI2,E,VG,EX,VG,N,1970.54,4.9609375,5.0,3.1601562
1756170,ROUND,0.5,SI2,F,VG,EX,VG,F,1970.64,4.9882812,5.0507812,3.1601562
Eco Diamond LG200296,ROUND,0.72998047,VVS1,E,EX,EX,EX,N,2022.9,5.8710938,5.890625,3.4707031
1741066,ROUND,0.5,SI2,E,VG,EX,EX,N,2023.07,5.0507812,5.0585938,3.1601562
1755998,ROUND,0.5,VS1,J,EX,EX,EX,N,2023.1,5.1289062,5.1484375,3.1503906
1742847,ROUND,0.5,SI2,F,EX,EX,EX,N,2023.12,5.0507812,5.078125,3.1699219
1598091,ROUND,0.5,VS2,G,VG,EX,EX,M,2023.17,4.9414062,4.9609375,3.1992188
1763412,ROUND,0.39990234,VVS1,D,EX,EX,EX,N,2023.3,4.7304688,4.7695312,2.890625
1780932,ROUND,0.5,SI2,E,VG,EX,VG,F,2023.78,5.078125,5.1210938,3.0898438
1655856,ROUND,0.5,VS2,F,F,VG,GD,N,1967.65,4.8398438,4.921875,3.1699219
1666505,ROUND,0.5,VVS2,J,EX,EX,EX,N,1967.74,5.109375,5.140625,3.109375
1657249,ROUND,0.52001953,VS2,J,EX,EX,EX,N,1967.84,5.1210938,5.140625,3.2109375
1783305,ROUND,0.5097656,VS2,J,EX,EX,EX,N,1968.02,5.1601562,5.1914062,3.109375
1758706,ROUND,0.5097656,VS2,J,EX,EX,EX,F,1968.02,5.0703125,5.1015625,3.1992188
1749651,ROUND,0.5,SI1,F,GD,EX,VG,N,1968.16,4.8984375,4.9882812,3.1601562
1769145,ROUND,0.5,SI2,E,VG,EX,VG,N,1968.17,4.8984375,4.9492188,3.1992188
1611269,ROUND,0.7998047,VVS2,N,EX,EX,EX,N,1968.35,5.9101562,5.9414062,3.6796875
1756174,ROUND,0.5,SI2,F,VG,EX,VG,N,1985.94,4.9296875,5.0195312,3.1992188
1654701,ROUND,0.5,SI2,F,EX,EX,EX,N,1985.95,5.0195312,5.0585938,3.1992188
1768359,ROUND,0.5,SI2,D,VG,EX,VG,F,1985.97,4.9414062,4.9804688,3.1699219
1646537,ROUND,0.7001953,VS2,L,VG,EX,VG,N,1986.0,5.5117188,5.578125,3.5195312
1630193,ROUND,0.89990234,SI1,N,VG,VG,VG,N,1986.0,6.0,6.0507812,3.8300781
1757524,ROUND,0.5498047,VVS2,K,EX,EX,EX,N,1986.07,5.1992188,5.2304688,3.2695312
1796825,ROUND,0.41992188,VVS2,D,EX,EX,EX,N,1986.32,4.78125,4.8007812,2.9902344
1767403,ROUND,0.7001953,SI1,L,EX,EX,EX,F,2023.84,5.6484375,5.6914062,3.5390625
1592562,ROUND,0.70996094,I1,F,EX,EX,EX,N,2023.92,5.6601562,5.6992188,3.5390625
1753698,ROUND,0.54003906,VS1,I,EX,EX,EX,ST,2024.48,5.1992188,5.2382812,3.2402344
1779247,ROUND,0.5,SI2,D,VG,EX,VG,N,2024.69,5.03125,5.0898438,3.0898438
1635455,ROUND,0.5,SI1,E,VG,EX,VG,F,2024.71,5.0195312,5.0390625,3.2109375
1658635,ROUND,0.5,SI1,E,GD,EX,VG,N,2024.71,5.1796875,5.2109375,2.9609375
1643243,ROUND,0.5,SI1,E,VG,EX,GD,N,2024.71,5.0703125,5.1210938,3.0800781
1781991,ROUND,0.5,IF,K,EX,EX,EX,N,2011.1,5.140625,5.171875,3.0703125
1747607,ROUND,0.5,SI2,D,VG,VG,VG,N,2011.2,5.0117188,5.0703125,3.1601562
1770757,ROUND,0.5,SI2,E,EX,EX,EX,F,2011.24,5.1484375,5.171875,3.0996094
1745738,ROUND,0.5,SI2,F,EX,EX,VG,N,2011.25,5.0507812,5.1015625,3.1308594
1747621,ROUND,0.5,SI2,F,EX,VG,VG,N,2011.25,5.171875,5.1992188,3.0800781
1669884,ROUND,0.7001953,VS1,L,VG,EX,VG,F,2011.28,5.5703125,5.6210938,3.5605469
1643063,ROUND,0.5,VS1,J,EX,EX,EX,N,2011.69,5.0507812,5.078125,3.1699219
1744469,ROUND,0.7001953,VS2,K,VG,VG,GD,F,2011.95,5.640625,5.6992188,3.4609375
1766274,ROUND,0.5498047,VS2,J,EX,EX,EX,N,2100.33,5.2304688,5.25,3.2792969
1637124,ROUND,0.7001953,VS2,L,EX,EX,EX,F,2100.75,5.640625,5.6796875,3.5390625
1666827,ROUND,0.5,SI1,H,GD,VG,VG,N,2100.82,4.890625,4.96875,3.2207031
1663896,ROUND,0.5,SI1,H,EX,VG,VG,F,2100.82,5.03125,5.078125,3.1601562
1659843,ROUND,0.5,SI1,H,VG,EX,VG,F,2100.82,5.171875,5.21875,3.0703125
1662035,ROUND,0.5,SI1,H,VG,EX,VG,F,2100.82,5.03125,5.0703125,3.109375
1652378,ROUND,0.5,SI1,H,VG,EX,VG,F,2100.82,4.921875,4.9882812,3.1601562
1653501,ROUND,0.5,SI1,H,VG,EX,VG,F,2100.82,5.0585938,5.1015625,3.0996094
1770761,ROUND,0.5,SI2,F,EX,EX,EX,N,2101.6,5.1484375,5.171875,3.0800781
1788753,ROUND,0.5,SI2,F,EX,EX,VG,N,2048.45,5.0703125,5.1210938,3.0898438
1792834,ROUND,0.5,SI2,F,EX,EX,EX,N,2048.45,5.140625,5.171875,3.1191406
1787260,ROUND,0.5,SI2,F,EX,EX,EX,N,2048.45,5.0390625,5.0703125,3.1992188
1784572,ROUND,0.5,SI2,F,EX,EX,EX,N,2048.45,5.03125,5.0585938,3.1601562
1790519,ROUND,0.5,SI2,F,EX,EX,EX,F,2048.45,5.078125,5.109375,3.1796875
1780581,ROUND,0.5,VVS2,J,EX,EX,EX,F,2048.45,5.1601562,5.1796875,3.0996094
1780583,ROUND,0.5,VVS2,J,EX,EX,EX,F,2048.45,5.0703125,5.0898438,3.1308594
1780580,ROUND,0.5,VVS2,J,EX,EX,EX,F,2048.45,5.109375,5.140625,3.1191406
1658472,ROUND,0.5,VS1,J,EX,EX,EX,N,2048.87,5.0703125,5.109375,3.1601562
1655803,ROUND,0.5,VS1,J,EX,EX,EX,N,2048.87,5.140625,5.1796875,3.0703125
1792841,ROUND,0.52001953,SI2,H,EX,EX,EX,N,2049.02,5.140625,5.171875,3.2304688
1768250,ROUND,0.5,VVS1,J,VG,EX,EX,N,2093.1,4.9492188,4.96875,3.1699219
1661859,ROUND,0.7001953,VS1,L,VG,VG,VG,N,2093.68,5.5195312,5.578125,3.5292969
1778007,ROUND,0.5,VS2,I,EX,EX,EX,N,2093.99,5.0507812,5.078125,3.140625
1758886,ROUND,0.5,SI2,D,EX,EX,EX,N,2094.03,5.0703125,5.1015625,3.1699219
1764392,ROUND,0.5,SI1,I,EX,EX,EX,N,2094.06,5.078125,5.109375,3.109375
1792030,ROUND,0.5,VS1,D,GD,VG,VG,M,2094.15,4.828125,4.8984375,3.2109375
1787244,ROUND,0.5,SI2,E,EX,EX,EX,N,2094.76,5.0585938,5.0898438,3.1699219
1788752,ROUND,0.5,SI2,F,EX,EX,EX,N,2092.25,5.0507812,5.078125,3.1699219
1780582,ROUND,0.5,VVS2,J,EX,EX,EX,N,2092.25,5.1914062,5.21875,3.0605469
1782126,ROUND,0.5,VVS2,J,EX,EX,EX,N,2092.25,5.0507812,5.0703125,3.1699219
1640441,ROUND,0.5,SI2,F,EX,EX,EX,N,2092.26,5.0585938,5.0898438,3.1601562
1784452,ROUND,0.5,SI1,D,VG,EX,GD,F,2092.32,4.9414062,5.0,3.2109375
1766292,ROUND,0.5,SI1,D,GD,EX,VG,N,2092.32,4.890625,4.96875,3.1992188
1729060,ROUND,0.5,VS2,F,GD,VG,VG,N,2092.52,4.8515625,4.921875,3.1992188
1799276,ROUND,0.64990234,SI1,J,EX,EX,EX,N,2092.52,5.46875,5.5195312,3.4492188
1663904,ROUND,0.5,SI1,I,EX,EX,EX,N,2041.08,5.0390625,5.078125,3.1699219
1663908,ROUND,0.5,SI1,I,EX,EX,EX,N,2041.08,5.1289062,5.1601562,3.109375
1656018,ROUND,0.5,SI1,I,EX,EX,EX,N,2041.08,5.1210938,5.1484375,3.1191406
1670181,ROUND,0.5,SI1,I,EX,EX,EX,N,2041.08,5.078125,5.109375,3.1699219
1670006,ROUND,0.5,VS1,J,EX,EX,EX,N,2041.08,5.0898438,5.1015625,3.1191406
1670001,ROUND,0.5,VS1,J,EX,EX,EX,N,2041.08,5.0585938,5.078125,3.1894531
1670007,ROUND,0.5,VS1,J,EX,EX,EX,N,2041.08,5.0703125,5.078125,3.1894531
1670004,ROUND,0.5,VS1,J,EX,EX,EX,F,2041.08,5.109375,5.140625,3.1699219
1650832,ROUND,0.5698242,VS2,J,EX,EX,EX,F,2041.08,5.359375,5.3789062,3.2695312
1665431,ROUND,0.52978516,VS2,J,EX,EX,EX,N,2041.19,5.171875,5.1796875,3.2304688
1666750,ROUND,0.52978516,VS2,J,EX,EX,EX,N,2041.19,5.1796875,5.1992188,3.2207031
1659461,ROUND,0.5,VVS1,I,EX,EX,EX,F,2041.33,5.0390625,5.0585938,3.1699219
1768361,ROUND,0.5,SI2,E,VG,EX,EX,N,2041.52,4.9101562,4.9492188,3.1894531
1770630,ROUND,0.5,VS1,J,EX,EX,EX,N,2041.55,5.1015625,5.1210938,3.1191406
1663757,ROUND,0.5,VS1,H,GD,EX,VG,N,2085.21,4.8515625,4.8984375,3.2402344
1657399,ROUND,0.58984375,SI2,H,EX,EX,EX,N,2085.3,5.3984375,5.4101562,3.3105469
1791368,ROUND,0.7001953,VVS2,L,VG,EX,GD,F,2085.53,5.5117188,5.578125,3.5507812
1751191,ROUND,0.5,SI1,D,EX,EX,EX,ST,2085.63,5.1015625,5.1210938,3.1699219
1799320,ROUND,0.52001953,SI2,G,EX,EX,EX,M,2085.93,5.1484375,5.171875,3.2207031
1801467,ROUND,0.52001953,SI2,G,EX,EX,EX,F,2085.93,5.171875,5.1992188,3.2207031
1641821,ROUND,0.5,SI1,D,EX,EX,EX,ST,2086.21,5.0390625,5.078125,3.1308594
1788764,ROUND,0.4099121,VVS1,D,EX,EX,EX,N,2086.29,4.7304688,4.75,2.9707031
1766331,ROUND,0.5,SI1,F,GD,EX,VG,N,2086.39,4.8710938,4.9296875,3.2304688
1777999,ROUND,0.5,VS2,G,VG,EX,GD,N,2086.39,5.109375,5.1992188,3.0097656
1747627,ROUND,0.52001953,SI2,G,EX,EX,EX,N,2089.58,5.1601562,5.1914062,3.1796875
1648154,ROUND,0.5,VVS2,F,GD,EX,VG,ST,2089.62,5.0,5.0195312,3.0800781
1623143,ROUND,0.5800781,SI1,I,EX,EX,EX,N,2089.7,5.328125,5.359375,3.3105469
1767625,ROUND,0.5,SI2,F,EX,EX,EX,N,2089.74,5.0507812,5.078125,3.1699219
1757757,ROUND,0.5097656,SI2,F,EX,VG,EX,N,2090.33,5.1601562,5.1796875,3.1191406
1742310,ROUND,0.72021484,VS1,M,EX,EX,EX,N,2090.41,5.6992188,5.7304688,3.5605469
1733623,ROUND,0.52001953,SI1,F,EX,VG,EX,M,2090.5,5.1210938,5.1484375,3.2207031
1774855,ROUND,0.5,SI1,E,VG,EX,GD,N,2090.53,4.9609375,5.0507812,3.1699219
1784304,ROUND,0.6098633,VVS2,J,EX,EX,EX,M,2104.08,5.4296875,5.4609375,3.4199219
1662618,ROUND,0.5097656,VS1,J,EX,EX,EX,N,2104.09,5.140625,5.171875,3.1796875
1648075,ROUND,0.7001953,SI1,L,EX,EX,EX,N,2104.61,5.6601562,5.6992188,3.5390625
1658141,ROUND,0.8100586,SI2,K,EX,EX,EX,F,2104.83,5.9101562,5.9414062,3.7207031
1792099,ROUND,0.5,SI1,E,VG,EX,GD,N,2104.9,5.0195312,5.0585938,3.1796875
1724316,ROUND,0.5,SI1,E,EX,EX,EX,F,2104.9,5.1289062,5.1484375,3.1308594
1653342,ROUND,0.5097656,VVS1,J,EX,EX,EX,N,2105.01,5.109375,5.1289062,3.1796875
1783288,ROUND,0.5,VS2,G,GD,EX,GD,N,2105.01,4.9296875,4.9609375,3.1796875
1782354,ROUND,0.5,VS2,G,GD,VG,GD,N,2105.01,4.9101562,4.96875,3.1796875
1645584,ROUND,0.7001953,VS1,K,EX,EX,EX,M,2069.27,5.71875,5.7304688,3.5292969
1636948,ROUND,0.7998047,VS2,N,EX,EX,EX,F,2069.27,6.0195312,6.0507812,3.609375
1780146,ROUND,0.64990234,SI1,J,EX,EX,EX,M,2069.32,5.4882812,5.53125,3.4707031
1776897,ROUND,0.5,VS2,I,VG,EX,VG,N,2069.41,5.1015625,5.1289062,3.0703125
1757482,ROUND,0.5,VVS1,J,VG,EX,VG,N,2069.44,4.9804688,5.0390625,3.1601562
1790476,ROUND,0.5,SI1,I,EX,EX,EX,N,2069.46,5.0585938,5.0703125,3.1796875
1659626,ROUND,0.5,VS1,J,EX,EX,EX,N,2069.61,5.0898438,5.1210938,3.1308594
1662901,ROUND,0.5097656,SI2,F,EX,EX,EX,N,2069.87,5.171875,5.1992188,3.1503906
1754311,ROUND,0.7998047,SI2,M,EX,EX,EX,F,2087.54,5.8984375,5.9414062,3.6992188
1657258,ROUND,0.64990234,VS2,K,EX,EX,EX,F,2087.77,5.5585938,5.5898438,3.4492188
1768925,ROUND,0.7001953,SI1,K,VG,EX,VG,N,2087.81,5.6015625,5.640625,3.4902344
1779282,ROUND,0.5,SI2,F,EX,EX,EX,N,2088.15,5.0390625,5.0703125,3.1699219
1778117,ROUND,0.5,SI2,F,EX,EX,EX,N,2088.15,5.0703125,5.1015625,3.1699219
1778027,ROUND,0.5,SI1,E,EX,EX,VG,M,2088.23,5.0117188,5.078125,3.1699219
1778023,ROUND,0.5,SI1,E,VG,EX,VG,F,2088.23,4.9414062,5.0,3.2207031
1778029,ROUND,0.5,SI1,E,VG,VG,GD,N,2088.23,4.921875,4.9804688,3.1601562
1733711,ROUND,0.5498047,SI2,G,EX,EX,EX,N,2088.42,5.3085938,5.328125,3.1894531
1624372,ROUND,0.5,VS2,H,VG,EX,EX,ST,2027.51,4.96875,5.0117188,3.2207031
1798058,ROUND,0.5,VS2,I,VG,VG,GD,N,2028.08,4.9414062,4.9804688,3.1601562
1780871,ROUND,0.5,SI1,F,GD,EX,VG,N,2028.12,4.859375,4.9101562,3.2207031
1780864,ROUND,0.5,SI1,F,GD,VG,VG,N,2028.12,4.828125,4.890625,3.1503906
1657110,ROUND,0.5,VS1,J,EX,EX,EX,F,2028.12,5.1210938,5.1601562,3.1191406
1667749,ROUND,0.5,VS1,J,EX,EX,EX,N,2028.12,5.078125,5.1015625,3.1601562
1637690,ROUND,0.5,SI1,D,EX,EX,EX,F,2028.12,5.0585938,5.0898438,3.1503906
1601688,ROUND,0.5,SI1,D,EX,EX,EX,F,2028.12,5.0585938,5.0898438,3.1796875
1762279,ROUND,0.5,VS1,G,GD,EX,GD,F,2068.56,4.859375,4.9492188,3.2597656
1798065,ROUND,0.5,VS2,J,EX,EX,EX,N,2068.7,5.078125,5.109375,3.1503906
1780938,ROUND,0.5,SI2,E,EX,EX,EX,F,2068.73,5.0898438,5.109375,3.1308594
1780937,ROUND,0.5,SI2,E,VG,EX,VG,N,2068.73,4.9804688,5.03125,3.109375
1760132,ROUND,0.5,VS2,G,VG,EX,GD,N,2068.73,4.9609375,5.0,3.1503906
1658762,ROUND,0.60009766,SI2,I,EX,EX,EX,N,2068.92,5.3710938,5.3984375,3.3808594
1786186,ROUND,0.60009766,VS2,J,EX,VG,EX,F,2069.02,5.421875,5.4414062,3.3496094
1766192,ROUND,0.5,VS1,E,VG,EX,VG,ST,2078.77,4.9414062,5.0,3.1699219
1761237,ROUND,0.5,SI2,F,EX,EX,VG,N,2078.78,5.0585938,5.0898438,3.1191406
1762506,ROUND,0.5,SI1,I,EX,EX,EX,N,2078.9,5.0703125,5.1015625,3.1308594
1766403,ROUND,0.52001953,SI1,I,EX,EX,EX,F,2079.07,5.1289062,5.1484375,3.1992188
1659894,ROUND,0.5,SI2,F,EX,EX,VG,N,2079.23,5.1015625,5.1289062,3.1191406
1627722,ROUND,0.52001953,SI1,F,EX,EX,EX,ST,2079.23,5.109375,5.140625,3.2109375
1652201,ROUND,0.52001953,VS1,J,EX,EX,EX,N,2079.23,5.1992188,5.2382812,3.1601562
1758822,ROUND,0.52001953,SI1,H,EX,EX,EX,N,2039.59,5.1601562,5.1796875,3.2402344
1734683,ROUND,0.5,SI2,F,VG,VG,EX,N,2040.0,5.0507812,5.0703125,3.1601562
1735493,ROUND,0.5,SI2,F,EX,VG,VG,N,2040.0,5.1289062,5.1601562,3.1308594
1738785,ROUND,0.5,SI2,F,EX,EX,EX,N,2040.0,5.0898438,5.109375,3.140625
1795353,ROUND,0.5,SI1,I,EX,EX,VG,N,2040.02,5.03125,5.0898438,3.1699219
1801424,ROUND,0.5,SI1,I,EX,EX,EX,F,2040.02,5.140625,5.1484375,3.0703125
1799135,ROUND,0.5,VS1,J,EX,EX,EX,N,2040.02,5.078125,5.109375,3.1699219
1796633,ROUND,0.5,VS1,J,EX,EX,EX,F,2040.02,5.0390625,5.0585938,3.1699219
1662858,ROUND,0.58984375,SI1,J,EX,EX,EX,N,2040.2,5.3984375,5.4414062,3.2597656
1671190,ROUND,0.52978516,VS2,H,VG,GD,VG,F,2044.06,5.25,5.2617188,3.1308594
1778114,ROUND,0.5,SI2,F,VG,EX,VG,N,2044.11,5.140625,5.1601562,3.0195312
1779279,ROUND,0.5,SI2,F,VG,EX,VG,N,2044.11,4.9296875,5.0,3.1601562
1755978,ROUND,0.5,VVS2,J,EX,EX,EX,N,2044.11,5.1015625,5.1210938,3.1191406
1755274,ROUND,0.5,SI1,F,VG,EX,GD,N,2044.29,5.078125,5.140625,3.0898438
1801444,ROUND,0.5,SI2,D,VG,EX,VG,F,2044.29,4.9296875,4.9804688,3.1992188
1771986,ROUND,0.5,VS1,F,F,EX,GD,N,2044.36,4.8085938,4.8710938,3.2304688
1611492,ROUND,0.52001953,VVS1,J,EX,EX,EX,N,2038.02,5.2109375,5.2382812,3.1503906
1785836,ROUND,0.7001953,VS1,L,VG,EX,VG,N,2038.02,5.4882812,5.5585938,3.5605469
1788376,ROUND,0.7001953,VS1,L,VG,EX,EX,F,2038.02,5.4882812,5.5390625,3.5605469
1791500,ROUND,0.52978516,SI2,H,EX,EX,EX,N,2038.04,5.171875,5.1992188,3.1894531
1801457,ROUND,0.5,SI2,F,VG,EX,EX,N,2038.17,4.9609375,4.9804688,3.1992188
1801464,ROUND,0.5,SI2,F,EX,VG,EX,N,2038.17,5.078125,5.1015625,3.1191406
1797806,ROUND,0.5,VVS2,J,EX,EX,EX,M,2038.17,5.0703125,5.1015625,3.1699219
1784590,ROUND,0.5097656,SI2,H,EX,EX,EX,N,2062.66,5.0898438,5.1289062,3.1992188
1783341,ROUND,0.5,SI1,F,GD,EX,VG,N,2062.7,4.9101562,4.96875,3.2207031
1783334,ROUND,0.5,SI1,F,VG,EX,GD,N,2062.7,5.0195312,5.0390625,3.2109375
1770713,ROUND,0.5,SI1,F,VG,EX,GD,N,2062.7,4.9492188,5.0117188,3.1894531
1778049,ROUND,0.5,SI1,F,GD,VG,VG,N,2062.7,4.8398438,4.8984375,3.25
1668906,ROUND,0.5,SI2,G,EX,EX,EX,F,2062.7,5.0585938,5.0898438,3.1796875
1671246,ROUND,0.5,SI2,G,EX,EX,EX,F,2062.7,5.0507812,5.078125,3.1699219
1668743,ROUND,0.5,VS1,J,EX,EX,EX,N,2062.7,5.1289062,5.1601562,3.140625
1669998,ROUND,0.5,VS1,J,EX,EX,EX,N,2062.7,5.0507812,5.0703125,3.1699219
1668647,ROUND,0.5,VVS1,J,EX,EX,EX,N,2062.8,5.1289062,5.1601562,3.0800781
1663769,ROUND,0.5097656,VS1,J,EX,EX,EX,N,2061.76,5.171875,5.2109375,3.1503906
1637676,ROUND,0.5097656,SI1,D,EX,EX,EX,ST,2061.76,5.1914062,5.2109375,3.0996094
1779153,ROUND,0.5,SI1,E,GD,EX,GD,N,2061.8,4.828125,4.890625,3.2207031
1772128,ROUND,0.5,SI2,E,EX,EX,EX,N,2061.87,5.0703125,5.1015625,3.1796875
1772127,ROUND,0.5,SI2,E,EX,EX,EX,N,2061.87,5.1484375,5.171875,3.0898438
1773088,ROUND,0.5,SI2,E,EX,EX,EX,F,2061.87,5.1484375,5.1796875,3.0996094
1762231,ROUND,0.5,VVS2,J,EX,EX,EX,N,2098.19,5.1015625,5.1289062,3.1191406
1659890,ROUND,0.5,SI2,E,EX,EX,EX,N,2098.28,5.140625,5.1601562,3.109375
1656055,ROUND,0.5,SI2,E,VG,EX,EX,N,2098.28,5.171875,5.1796875,3.0507812
1659465,ROUND,0.5,VVS1,J,EX,EX,EX,F,2098.28,5.1484375,5.171875,3.109375
1757754,ROUND,0.5,SI2,E,VG,EX,EX,N,2098.3,5.0,5.0195312,3.2109375
1665088,ROUND,0.7998047,SI1,N,EX,EX,EX,F,2098.47,5.8984375,5.921875,3.6992188
1789442,ROUND,0.5,VS2,D,GD,EX,GD,N,2111.79,4.7695312,4.8710938,3.2109375
1764316,ROUND,0.5,VS2,E,GD,EX,VG,N,2111.82,4.890625,4.9492188,3.2695312
1655617,ROUND,0.7001953,SI2,J,VG,EX,EX,F,2111.87,5.53125,5.5703125,3.5800781
1767629,ROUND,0.5,SI2,F,EX,EX,EX,N,2111.87,5.0507812,5.0703125,3.1601562
1767626,ROUND,0.5,SI2,F,EX,EX,EX,N,2111.87,5.0585938,5.078125,3.1699219
1790362,ROUND,0.5,VS2,F,GD,EX,GD,N,2111.98,4.8710938,4.921875,3.25
1639004,ROUND,0.5,VS2,G,VG,VG,GD,F,2112.09,4.96875,5.0390625,3.1308594
1621754,ROUND,0.5,VS2,F,VG,EX,VG,M,2112.2,4.9296875,4.9882812,3.1992188
1796662,ROUND,0.5,VS2,D,VG,EX,VG,ST,2112.5,4.9101562,4.96875,3.1894531
1793825,ROUND,0.5,VS2,D,VG,VG,GD,ST,2112.5,4.8984375,5.0,3.1601562
1786209,ROUND,0.5,SI1,E,VG,VG,VG,M,2105.76,5.0585938,5.1210938,3.0996094
1784482,ROUND,0.5,SI1,E,EX,EX,VG,M,2105.76,5.03125,5.0585938,3.1796875
1784480,ROUND,0.5,SI1,E,VG,EX,VG,F,2105.76,4.9414062,4.9882812,3.1796875
1799313,ROUND,0.5,SI2,F,EX,VG,EX,N,2105.94,5.0507812,5.078125,3.1699219
1801460,ROUND,0.5,SI2,F,EX,EX,EX,F,2105.94,5.0390625,5.0703125,3.1992188
1773966,ROUND,0.5,VS2,F,GD,EX,GD,N,2106.04,4.8984375,4.9882812,3.1503906
1623115,ROUND,0.5,SI1,F,VG,EX,EX,N,2106.06,5.0117188,5.0507812,3.1796875
1667671,ROUND,0.5498047,VVS2,J,EX,EX,EX,F,2106.2,5.21875,5.2382812,3.2597656
1784359,ROUND,0.52978516,VS1,J,EX,EX,EX,N,2106.28,5.1601562,5.1914062,3.2304688
1777017,ROUND,0.5,SI2,E,VG,EX,VG,N,2051.69,4.9296875,4.96875,3.1894531
1778098,ROUND,0.5,SI2,E,VG,EX,EX,N,2051.69,4.9804688,5.0117188,3.2207031
1778100,ROUND,0.5,SI2,E,VG,EX,VG,N,2051.69,4.9804688,5.03125,3.109375
1773012,ROUND,0.5,SI1,E,VG,VG,GD,N,2051.74,4.9414062,5.0,3.1894531
1638912,ROUND,0.5097656,VS1,J,EX,EX,EX,N,2052.06,5.1484375,5.1796875,3.1699219
1655988,ROUND,0.5,SI1,F,VG,EX,VG,F,2028.32,5.0,5.0585938,3.1699219
1639138,ROUND,0.5,SI1,F,VG,EX,GD,N,2028.32,5.0898438,5.1289062,3.0898438
1659824,ROUND,0.5,SI1,F,GD,VG,VG,N,2028.32,5.0507812,5.109375,3.109375
1668634,ROUND,0.5,VVS1,I,GD,VG,GD,F,2028.32,4.8398438,4.8984375,3.2109375
1800388,ROUND,0.60009766,VS1,FANCY,EX,EX,EX,N,2028.34,5.3710938,5.3984375,3.3691406
1777015,ROUND,0.5,SI2,E,EX,EX,EX,N,2028.98,5.078125,5.109375,3.140625
1779262,ROUND,0.5,SI2,E,VG,EX,VG,N,2028.98,4.9296875,4.96875,3.1894531
1787101,ROUND,0.5600586,VS2,J,EX,EX,EX,N,2085.12,5.2304688,5.2695312,3.2890625
1655694,ROUND,0.52978516,VVS2,I,EX,EX,EX,ST,2085.19,5.171875,5.1914062,3.2304688
1660867,ROUND,0.52978516,VVS2,I,EX,EX,VG,ST,2085.19,5.2617188,5.28125,3.1601562
1670211,ROUND,0.5,SI2,E,EX,EX,EX,N,2085.21,5.1015625,5.109375,3.1191406
1665492,ROUND,0.52978516,SI1,I,EX,EX,EX,N,2075.91,5.1601562,5.1914062,3.2109375
1660942,ROUND,0.52978516,SI1,I,EX,VG,EX,N,2075.91,5.2304688,5.2382812,3.1601562
1669994,ROUND,0.52978516,VS1,J,EX,VG,EX,N,2075.91,5.1601562,5.1914062,3.2207031
1757565,ROUND,0.5,VS1,J,EX,EX,EX,N,2076.27,5.0507812,5.0703125,3.1796875
1652233,ROUND,0.5,VS2,E,GD,EX,FR,N,2076.53,4.9414062,5.0390625,3.0507812
1659871,ROUND,0.5,SI2,D,EX,EX,VG,N,2076.53,5.0585938,5.0898438,3.1796875
1659872,ROUND,0.5,SI2,D,EX,EX,EX,F,2076.53,5.0507812,5.078125,3.1699219
1614464,ROUND,0.6298828,SI1,H,EX,EX,EX,N,2076.75,5.46875,5.4882812,3.4296875
1742844,ROUND,0.5,SI2,E,EX,EX,EX,F,2077.01,5.109375,5.1289062,3.140625
1659880,ROUND,0.5,SI2,E,EX,EX,VG,N,2053.24,5.0390625,5.078125,3.1601562
1666867,ROUND,0.5,SI2,E,EX,EX,VG,N,2053.24,5.109375,5.1210938,3.1503906
1656045,ROUND,0.5,SI2,D,EX,EX,EX,F,2053.29,5.0898438,5.1289062,3.1894531
1665527,ROUND,0.5,SI2,F,EX,EX,EX,N,2053.38,5.0507812,5.0703125,3.1503906
1663804,ROUND,0.5,VS2,F,VG,VG,VG,ST,2053.39,4.9882812,5.0117188,3.140625
1662700,ROUND,0.5,VS2,F,GD,EX,GD,F,2053.39,4.8710938,4.9101562,3.2304688
1752600,ROUND,0.5097656,SI2,D,EX,EX,EX,N,2053.42,5.109375,5.1289062,3.1992188
1779004,ROUND,0.5,VVS2,J,EX,EX,EX,F,2053.47,5.1289062,5.1601562,3.1308594
1787146,ROUND,0.5,SI1,F,VG,EX,GD,N,2053.49,4.9882812,5.0898438,3.109375
1789490,ROUND,0.5,SI1,F,GD,VG,GD,N,2053.49,5.03125,5.078125,3.0390625
1790437,ROUND,0.5,SI1,F,VG,VG,VG,F,2053.49,5.1796875,5.21875,3.0097656
1786222,ROUND,0.5,SI1,F,GD,EX,GD,N,2053.49,4.9609375,5.0,3.140625
1789492,ROUND,0.5,SI1,F,GD,EX,VG,N,2053.49,4.890625,4.9609375,3.2207031
1659310,ROUND,0.89990234,VS2,O-P,EX,EX,EX,N,2079.3,6.1210938,6.1484375,3.8398438
1668649,ROUND,0.5698242,VVS1,K,EX,EX,EX,N,2079.38,5.2890625,5.3085938,3.3203125
1746704,ROUND,0.5,SI2,E,EX,EX,EX,N,2079.61,5.0585938,5.0898438,3.1601562
1752530,ROUND,0.5,VS2,G,GD,VG,GD,N,2079.65,5.109375,5.1601562,3.0
1668830,ROUND,0.5,SI1,G,VG,VG,GD,N,2080.0,5.0507812,5.109375,3.0898438
1660923,ROUND,0.5,SI1,G,EX,EX,VG,F,2080.0,5.0,5.078125,3.1699219
1645860,ROUND,0.5,SI1,G,EX,EX,EX,N,2080.0,5.0703125,5.0898438,3.1699219
1667911,ROUND,0.5,SI1,G,EX,EX,EX,M,2080.0,5.078125,5.109375,3.1601562
1635520,ROUND,0.5,SI1,G,VG,EX,VG,N,2080.0,5.0117188,5.078125,3.109375
1668835,ROUND,0.5,SI1,G,VG,EX,GD,N,2080.0,5.0195312,5.078125,3.0996094
1649734,ROUND,0.5,SI1,G,VG,VG,EX,F,2080.0,5.0703125,5.1015625,3.1601562
1673070,ROUND,0.5,VVS2,I,VG,EX,VG,N,2080.0,4.9296875,4.96875,3.1796875
1648481,ROUND,0.5,SI1,E,VG,EX,GD,N,2080.06,4.9492188,4.9882812,3.140625
1744872,ROUND,0.5,SI2,E,EX,EX,EX,N,2043.41,5.109375,5.140625,3.1601562
1756937,ROUND,0.5,SI2,E,EX,VG,EX,F,2043.41,5.1484375,5.1796875,3.0703125
1791996,ROUND,0.5,VVS1,J,VG,EX,VG,N,2043.41,4.9609375,4.9882812,3.2207031
1758755,ROUND,0.5,SI1,F,VG,VG,GD,N,2043.45,4.9296875,4.9882812,3.1503906
1790561,ROUND,0.39990234,VVS1,D,EX,EX,EX,N,2043.65,4.7109375,4.7304688,2.9609375
1633494,ROUND,0.5,SI1,G,EX,EX,EX,F,2043.82,5.078125,5.1015625,3.1699219
1641295,ROUND,0.7001953,VVS2,L,VG,EX,VG,N,2043.9,5.5195312,5.6015625,3.5605469
1793876,ROUND,0.5,VS2,G,GD,EX,FR,N,2070.33,5.03125,5.1015625,3.0507812
1798021,ROUND,0.5,VS2,G,VG,EX,GD,M,2070.33,4.96875,5.0390625,3.1601562
1796728,ROUND,0.5,VS2,G,GD,VG,FR,N,2070.33,4.8085938,4.8984375,3.2207031
1787256,ROUND,0.5,SI2,F,VG,VG,VG,N,2070.35,5.0,5.0585938,3.1503906
1787261,ROUND,0.5,SI2,F,EX,VG,EX,N,2070.35,5.0898438,5.1210938,3.1894531
1792138,ROUND,0.5,SI2,F,EX,EX,EX,F,2070.35,5.078125,5.1015625,3.1796875
1714877,ROUND,0.48999023,VS2,G,VG,EX,VG,N,2070.39,4.9882812,5.0585938,3.1191406
1799298,ROUND,0.5,SI2,E,VG,EX,VG,N,2055.24,4.9492188,5.0,3.1992188
1756165,ROUND,0.5,SI2,E,VG,EX,VG,N,2055.24,4.9492188,4.9882812,3.1699219
1744895,ROUND,0.48999023,VVS2,F,GD,EX,GD,N,2055.55,5.0,5.0585938,3.0507812
1635140,ROUND,0.5,VS1,D,GD,VG,FR,N,2055.78,4.8789062,4.9804688,3.1992188
1762504,ROUND,0.5097656,SI1,I,EX,EX,EX,N,2055.9,5.1015625,5.1210938,3.1992188
1757672,ROUND,0.5,SI1,F,VG,EX,GD,N,2056.0,4.921875,5.0,3.1308594
1778076,ROUND,0.5,SI1,I,EX,EX,EX,N,2056.05,5.0585938,5.0898438,3.1601562
1773974,ROUND,0.5,VS2,F,GD,EX,GD,N,2103.41,4.9101562,4.9609375,3.1992188
1773961,ROUND,0.5,VS2,F,GD,VG,VG,N,2103.41,5.0,5.0585938,3.1308594
1637769,ROUND,0.5,SI1,H,VG,EX,EX,F,2103.41,5.0585938,5.0898438,3.1503906
1756065,ROUND,0.5,SI1,E,VG,EX,GD,N,2103.46,4.9804688,5.0195312,3.1699219
1656852,ROUND,0.7998047,SI2,J,EX,EX,VG,F,2103.9,5.8515625,5.890625,3.7207031
1764287,ROUND,0.5,VS1,G,GD,EX,VG,N,2104.05,4.890625,4.9492188,3.1992188
1788744,ROUND,0.5,SI2,D,EX,EX,EX,N,2104.08,5.0703125,5.078125,3.1796875
1790503,ROUND,0.5,SI2,D,VG,EX,VG,N,2104.08,5.0195312,5.0703125,3.1308594
1787267,ROUND,0.5097656,SI2,G,EX,EX,EX,F,2104.08,5.2109375,5.2304688,3.109375
1756179,ROUND,0.5097656,SI2,G,EX,EX,EX,N,2104.08,5.1601562,5.1914062,3.1191406
1672777,ROUND,0.5,VS2,H,VG,EX,GD,M,2036.9,5.1484375,5.1914062,3.0097656
1665414,ROUND,0.5,VS2,H,VG,EX,VG,ST,2036.9,4.9609375,4.9882812,3.1796875
1632279,ROUND,0.5,VS2,H,GD,EX,VG,N,2036.9,4.8515625,4.8984375,3.2109375
1650820,ROUND,0.5,VS2,H,VG,EX,VG,ST,2036.9,4.9101562,4.96875,3.1796875
1663831,ROUND,0.5,VS2,H,VG,EX,VG,ST,2036.9,4.9882812,5.0195312,3.1601562
1667842,ROUND,0.5,VS2,H,GD,EX,GD,N,2036.9,4.8789062,4.9492188,3.2402344
1645810,ROUND,0.5,VS2,H,VG,VG,GD,N,2036.9,4.9296875,5.0,3.1601562
1668804,ROUND,0.5,SI1,D,EX,EX,EX,M,2036.9,5.0195312,5.0507812,3.1601562
200668-38,ROUND,1.0,SI2,L,EX,EX,EX,VSL,2037.08,6.3789062,6.3515625,3.9902344
1755120,ROUND,0.7001953,SI1,K,VG,EX,VG,N,2039.37,5.5898438,5.640625,3.5507812
1672825,ROUND,0.5,SI2,E,EX,EX,EX,N,2039.46,5.0390625,5.0703125,3.1601562
1648275,ROUND,0.5,VS1,H,GD,GD,FR,F,2039.46,5.0195312,5.0898438,3.0996094
1671189,ROUND,0.5,VS2,G,F,VG,GD,N,2039.49,4.78125,4.8515625,3.2402344
1760016,ROUND,0.5097656,VS1,J,EX,EX,EX,F,2039.54,5.171875,5.1992188,3.1601562
1780682,ROUND,0.5097656,VS1,J,EX,EX,EX,F,2039.54,5.2109375,5.2382812,3.109375
1747492,ROUND,0.5,VS2,I,EX,VG,VG,N,2070.42,5.0390625,5.078125,3.1699219
1629019,ROUND,0.5,SI1,H,EX,VG,VG,N,2070.48,5.0195312,5.078125,3.1601562
1640439,ROUND,0.5,SI2,F,EX,EX,EX,N,2070.68,5.0585938,5.0898438,3.1796875
1791997,ROUND,0.5698242,VVS1,K,EX,EX,EX,N,2071.01,5.2695312,5.3085938,3.2695312
1777988,ROUND,0.5,VS2,F,GD,EX,GD,N,2071.11,4.890625,4.9609375,3.1796875
1667859,ROUND,0.5600586,VS2,J,EX,EX,EX,N,2071.24,5.2890625,5.3203125,3.2695312
1758883,ROUND,0.5,SI2,D,VG,EX,VG,N,2071.25,4.9101562,4.96875,3.1796875
1778093,ROUND,0.5,SI2,D,VG,EX,VG,N,2071.25,5.0703125,5.1210938,3.140625
1778092,ROUND,0.5,SI2,D,EX,EX,EX,M,2071.25,5.0703125,5.109375,3.1308594
1662435,ROUND,0.72998047,SI1,L,EX,EX,EX,M,2071.31,5.8203125,5.8398438,3.5195312
1778071,ROUND,0.52978516,SI1,I,EX,EX,EX,F,2071.35,5.1601562,5.1796875,3.2304688
1665519,ROUND,0.5,SI2,D,EX,EX,EX,F,2071.45,5.1796875,5.1914062,3.1308594
1663716,ROUND,0.52001953,VVS2,J,EX,EX,EX,F,2099.01,5.1289062,5.1601562,3.2304688
1665239,ROUND,0.64990234,VVS2,K,EX,EX,EX,F,2099.02,5.53125,5.5507812,3.4707031
1658718,ROUND,0.5,SI2,D,EX,EX,EX,N,2099.04,5.109375,5.1289062,3.140625
1662887,ROUND,0.5,SI2,D,EX,EX,EX,F,2099.04,5.0507812,5.078125,3.1796875
1566576,ROUND,0.5,SI1,F,EX,EX,EX,F,2099.14,5.0390625,5.0703125,3.1601562
1758929,ROUND,0.52001953,SI2,G,EX,EX,EX,F,2099.18,5.171875,5.1796875,3.1503906
1760135,ROUND,0.5,VS2,G,GD,VG,VG,N,2099.23,4.9101562,4.9609375,3.2109375
1740400,ROUND,0.7998047,VVS1,M,EX,EX,EX,N,2099.89,5.921875,5.9492188,3.6699219
1659895,ROUND,0.5,SI2,F,EX,EX,EX,N,2099.91,5.0585938,5.0898438,3.1503906
1768338,ROUND,0.5,SI1,D,EX,EX,VG,ST,2099.93,5.0585938,5.0898438,3.1601562
1731470,ROUND,0.5,SI2,F,EX,EX,VG,N,2028.14,5.0585938,5.109375,3.1308594
1800486,ROUND,0.5,SI1,E,GD,EX,VG,N,2028.19,4.9296875,5.0,3.2109375
1795403,ROUND,0.5097656,SI2,H,EX,EX,EX,F,2028.19,5.078125,5.1015625,3.1894531
1643333,ROUND,0.5,SI2,F,EX,EX,EX,N,2028.2,5.0507812,5.0703125,3.1503906
1650883,ROUND,0.5,SI2,F,EX,EX,EX,N,2028.2,5.0585938,5.0898438,3.1601562
1657323,ROUND,0.5,SI1,G,EX,VG,VG,M,2028.27,5.0507812,5.109375,3.1796875
1641873,ROUND,0.5,SI1,G,VG,VG,VG,F,2028.27,5.109375,5.140625,3.0996094
1637756,ROUND,0.5,SI1,G,VG,EX,VG,ST,2028.27,4.9609375,5.0117188,3.1699219
1660927,ROUND,0.5,SI1,G,VG,EX,VG,M,2028.27,5.1015625,5.1601562,3.0507812
1627757,ROUND,0.5,SI1,G,VG,EX,GD,N,2028.27,4.9804688,5.0585938,3.140625
1639128,ROUND,0.5,SI1,F,VG,EX,GD,N,2028.32,4.9296875,5.0,3.1699219
1779267,ROUND,0.5,SI2,E,EX,EX,VG,N,2073.7,5.0117188,5.0703125,3.1601562
1777018,ROUND,0.5,SI2,E,EX,EX,EX,N,2073.7,5.078125,5.1015625,3.1503906
1749705,ROUND,0.5,SI2,E,EX,EX,EX,N,2073.7,5.1015625,5.1289062,3.1601562
1756874,ROUND,0.5,SI1,D,VG,EX,GD,N,2073.77,5.0195312,5.1015625,3.1894531
1666616,ROUND,0.52001953,VS1,J,EX,EX,EX,N,2073.83,5.1992188,5.2382812,3.1699219
1658471,ROUND,0.52001953,VS1,J,EX,EX,EX,N,2073.83,5.171875,5.1992188,3.1894531
1659623,ROUND,0.52001953,VS1,J,EX,EX,EX,N,2073.83,5.140625,5.171875,3.2109375
1774034,ROUND,0.5,SI1,F,VG,EX,GD,N,2073.85,4.921875,4.9609375,3.1894531
1772065,ROUND,0.5,SI1,F,VG,EX,GD,N,2073.85,4.96875,5.0195312,3.2207031
1801472,ROUND,0.5097656,SI2,G,VG,VG,EX,N,2074.05,5.0703125,5.0898438,3.1796875
1653523,ROUND,0.5,SI1,I,EX,EX,EX,N,2040.22,5.0507812,5.0703125,3.1601562
1652386,ROUND,0.5,SI1,I,EX,EX,EX,N,2040.22,5.03125,5.0585938,3.1699219
1653529,ROUND,0.5,SI1,I,EX,EX,EX,N,2040.22,5.0585938,5.0898438,3.1796875
1662447,ROUND,0.7001953,SI2,K,EX,EX,EX,M,2040.31,5.6484375,5.671875,3.5507812
1662002,ROUND,0.5498047,VS2,J,EX,EX,EX,N,2040.43,5.3203125,5.328125,3.2207031
1635556,ROUND,0.52001953,SI1,I,EX,EX,EX,N,2040.57,5.1289062,5.1601562,3.1992188
1640413,ROUND,0.5097656,SI1,I,EX,EX,EX,N,2040.6,5.1484375,5.1796875,3.1699219
1611429,ROUND,0.75,SI2,J,EX,EX,EX,F,2040.7,5.7617188,5.7890625,3.640625
1772126,ROUND,0.5,SI2,E,VG,EX,VG,N,2040.81,4.9492188,4.96875,3.2109375
1767519,ROUND,0.5,VS2,E,VG,EX,GD,M,2040.84,4.9414062,5.0117188,3.1503906
1670179,ROUND,0.5,SI1,I,EX,EX,EX,N,2041.08,5.140625,5.171875,3.0996094
1627293,ROUND,0.7597656,SI2,L,EX,EX,EX,N,2059.52,5.8984375,5.9296875,3.5605469
1637774,ROUND,0.66015625,SI1,I,EX,EX,EX,F,2059.79,5.53125,5.5585938,3.4804688
1790353,ROUND,0.5,VS2,E,GD,VG,GD,N,2060.11,4.8515625,4.9296875,3.1308594
1780725,ROUND,0.5,VS2,E,GD,GD,GD,N,2060.11,4.8515625,4.9296875,3.2109375
1632359,ROUND,0.5,SI1,F,VG,EX,VG,F,2060.14,5.1289062,5.2109375,3.0195312
1788793,ROUND,0.4699707,SI1,E,EX,EX,EX,N,2060.18,4.9804688,5.0,3.0898438
1648418,ROUND,0.5800781,VS2,I,EX,EX,EX,F,2080.8,5.3007812,5.328125,3.3398438
1641713,ROUND,0.5,VS2,F,VG,VG,GD,N,2080.99,5.1015625,5.1601562,3.0097656
1621801,ROUND,0.5,SI1,G,VG,EX,VG,N,2081.08,4.9882812,5.0390625,3.109375
1738389,ROUND,0.89990234,SI1,N,EX,EX,EX,N,2081.18,6.1601562,6.1796875,3.859375
1792826,ROUND,0.5,SI2,D,EX,EX,EX,M,2081.29,5.109375,5.140625,3.0800781
1756089,ROUND,0.5,SI1,F,VG,EX,VG,F,2081.37,4.9804688,5.0390625,3.0703125
1790480,ROUND,0.6098633,SI1,J,EX,EX,EX,F,2081.4,5.3789062,5.421875,3.359375
1775840,ROUND,0.5800781,VVS1,K,EX,EX,EX,N,2106.37,5.3398438,5.3710938,3.3300781
1760187,ROUND,0.5,VS2,I,VG,EX,VG,N,2106.67,5.140625,5.1914062,3.0195312
1773952,ROUND,0.5,VS2,E,GD,EX,GD,N,2106.75,4.890625,4.9492188,3.2207031
1776848,ROUND,0.5,VS2,E,GD,EX,VG,N,2106.75,4.8984375,4.9492188,3.2402344
1788701,ROUND,0.5,SI1,F,VG,VG,EX,F,2106.75,5.0195312,5.0507812,3.1699219
1791462,ROUND,0.5,SI1,F,VG,EX,GD,N,2106.75,4.8984375,4.9804688,3.1894531
1672805,ROUND,0.5,SI1,G,EX,EX,VG,M,2106.8,5.1601562,5.1992188,3.0703125
1671203,ROUND,0.5,SI1,G,VG,VG,GD,N,2106.8,4.921875,5.0195312,3.1503906
1649732,ROUND,0.5,SI1,G,VG,EX,EX,F,2106.8,5.1289062,5.1484375,3.0996094
1658592,ROUND,0.5,VS2,I,VG,VG,VG,N,2054.99,4.9804688,5.0117188,3.1894531
1770231,ROUND,0.5097656,VS1,J,EX,EX,EX,N,2055.01,5.140625,5.171875,3.1308594
1653444,ROUND,0.5,VS1,H,GD,VG,GD,F,2055.02,4.8710938,4.9414062,3.1796875
1758775,ROUND,0.5,SI1,F,VG,EX,VG,M,2055.16,5.109375,5.171875,3.0390625
1658664,ROUND,0.5,SI1,F,VG,EX,VG,M,2055.16,5.0507812,5.109375,3.0898438
1658656,ROUND,0.5,SI1,F,EX,EX,EX,ST,2055.16,5.1484375,5.1796875,3.0703125
1774898,ROUND,0.5,SI1,I,EX,EX,EX,N,2055.18,5.0585938,5.1015625,3.1796875
1772772,ROUND,0.89990234,SI1,Q-R,VG,EX,EX,F,2055.21,5.9882812,6.03125,3.8496094
1801448,ROUND,0.5,SI2,E,VG,EX,VG,N,2055.24,4.890625,4.9609375,3.1992188
1801451,ROUND,0.5,SI2,E,VG,EX,VG,N,2055.24,5.0,5.03125,3.1699219
1756924,ROUND,0.5,SI1,I,EX,EX,EX,N,2030.57,5.0703125,5.1015625,3.1503906
1746687,ROUND,0.5,SI2,D,EX,EX,EX,F,2030.57,5.1210938,5.1484375,3.1191406
1747550,ROUND,0.5,SI1,F,VG,EX,GD,N,2030.62,5.0585938,5.1210938,3.0390625
1643316,ROUND,0.5,SI2,D,EX,EX,EX,N,2030.78,5.1289062,5.1484375,3.1308594
1748396,ROUND,0.5097656,SI2,G,EX,VG,EX,N,2030.81,5.109375,5.1210938,3.1699219
1773062,ROUND,0.5097656,SI1,I,EX,EX,EX,N,2030.81,5.1015625,5.1210938,3.1992188
1772103,ROUND,0.5097656,SI1,I,EX,EX,EX,N,2030.81,5.1289062,5.1484375,3.1796875
1777049,ROUND,0.39990234,VVS1,D,EX,EX,EX,N,2030.87,4.6992188,4.71875,2.8808594
1641644,ROUND,0.5097656,VS1,J,EX,EX,EX,N,2030.9,5.1796875,5.2109375,3.109375
1640444,ROUND,0.5698242,SI2,G,EX,EX,EX,N,2031.06,5.2617188,5.28125,3.3105469
1780917,ROUND,0.5,SI1,I,EX,EX,EX,N,2031.45,5.0390625,5.0703125,3.1699219
1783384,ROUND,0.5,SI1,I,EX,EX,EX,N,2031.45,5.0898438,5.109375,3.0898438
1768358,ROUND,0.5,SI2,D,EX,EX,EX,M,2047.47,5.0507812,5.078125,3.1894531
1645743,ROUND,0.52978516,VS1,J,EX,EX,EX,F,2047.5,5.140625,5.1601562,3.2304688
1777992,ROUND,0.5,VS2,G,GD,VG,GD,F,2041.76,4.8789062,4.9609375,3.1796875
200761-77,ROUND,0.95996094,SI2,U-V,EX,EX,EX,F,2042.16,6.2617188,6.3007812,3.9199219
1643985,ROUND,0.52001953,VVS1,J,EX,EX,EX,N,2042.4,5.1210938,5.140625,3.1992188
1599690,ROUND,0.58984375,SI2,H,EX,EX,EX,N,2042.45,5.328125,5.3710938,3.3300781
1772009,ROUND,0.5,VS2,E,GD,EX,VG,N,2042.53,4.890625,4.9414062,3.2109375
1766335,ROUND,0.5,SI1,F,GD,VG,VG,N,2042.62,4.8710938,4.921875,3.25
1797722,ROUND,0.5,VVS1,E,GD,EX,GD,M,2077.86,4.96875,5.0117188,3.2304688
1757759,ROUND,0.5,SI2,F,VG,EX,VG,N,2077.87,4.9414062,4.9804688,3.1796875
1757758,ROUND,0.5,SI2,F,VG,EX,EX,N,2077.87,5.0390625,5.0507812,3.109375
1773020,ROUND,0.5,SI1,E,VG,VG,GD,N,2077.89,5.03125,5.1015625,3.109375
1791453,ROUND,0.5,SI1,E,VG,EX,GD,F,2077.89,5.03125,5.078125,3.1191406
1801452,ROUND,0.5,SI2,E,VG,EX,EX,N,2077.96,4.9804688,4.9882812,3.1894531
1799189,ROUND,0.5,VS2,I,VG,EX,VG,F,2078.02,4.8984375,4.9609375,3.1992188
1797943,ROUND,0.5,VS2,D,GD,EX,GD,F,2078.07,4.8007812,4.8789062,3.1894531
1793821,ROUND,0.5,VS2,D,GD,VG,VG,M,2078.07,5.0390625,5.0898438,2.9492188
1793826,ROUND,0.5,VS2,D,F,EX,VG,F,2078.07,4.9101562,4.96875,3.1894531
1783432,ROUND,0.5097656,SI2,H,EX,VG,EX,N,2078.18,5.1210938,5.140625,3.1992188
1779272,ROUND,0.5097656,SI2,F,EX,VG,EX,F,2078.23,5.0703125,5.1015625,3.1796875
1777904,ROUND,0.7001953,SI1,K,EX,EX,EX,M,2078.29,5.6484375,5.6914062,3.5390625
1724353,ROUND,0.5097656,SI1,G,EX,EX,EX,ST,2078.35,5.1015625,5.1289062,3.1796875
1653548,ROUND,0.5698242,SI2,G,EX,EX,EX,N,2078.36,5.2890625,5.3085938,3.3105469
1665232,ROUND,0.5,VVS2,I,EX,EX,EX,ST,2078.4,5.0585938,5.0898438,3.1796875
1667851,ROUND,0.5,VS2,I,EX,EX,VG,F,2078.47,5.0390625,5.0703125,3.1699219
1655909,ROUND,0.5,VS2,I,EX,VG,EX,F,2078.47,5.1289062,5.1484375,3.0996094
1671238,ROUND,0.5,SI2,D,EX,EX,EX,N,2078.47,5.1015625,5.109375,3.140625
1673123,ROUND,0.5,SI2,D,EX,EX,VG,N,2078.47,5.0585938,5.078125,3.1308594
1770650,ROUND,0.5,VS2,F,GD,EX,GD,N,2075.39,4.9414062,5.0,3.1601562
1780072,ROUND,0.70996094,SI1,K,EX,EX,EX,ST,2075.56,5.6601562,5.6992188,3.5507812
1801375,ROUND,0.5600586,VS2,J,EX,EX,EX,F,2075.59,5.2109375,5.2382812,3.3105469
1637303,ROUND,0.5,VS1,D,VG,EX,VG,VS,2075.66,5.1210938,5.171875,3.0898438
1801466,ROUND,0.5600586,SI2,G,EX,EX,EX,F,2075.71,5.25,5.2695312,3.3105469
1658728,ROUND,0.5,SI2,E,EX,EX,EX,F,2075.87,5.0390625,5.0703125,3.1699219
1659887,ROUND,0.5,SI2,E,EX,EX,VG,N,2075.87,5.0703125,5.0898438,3.140625
1659886,ROUND,0.5,SI2,E,EX,EX,VG,N,2075.87,5.078125,5.109375,3.0996094
1663666,ROUND,0.5,VVS1,J,EX,EX,EX,N,2075.87,5.1796875,5.1992188,3.0996094
1666448,ROUND,0.75,SI2,N,EX,EX,EX,F,2075.87,5.75,5.7890625,3.6191406
1784477,ROUND,0.5,SI1,E,GD,EX,VG,N,2077.03,4.9414062,4.96875,3.1992188
1787124,ROUND,0.5,SI1,E,VG,VG,GD,N,2077.03,4.96875,5.0390625,3.1699219
1787139,ROUND,0.5,SI1,E,VG,EX,VG,F,2077.03,4.9492188,5.0117188,3.1601562
1756059,ROUND,0.5,SI1,E,VG,EX,VG,M,2077.03,5.1210938,5.171875,3.0507812
1778020,ROUND,0.5,SI1,D,VG,EX,GD,N,2077.11,5.1796875,5.2109375,3.0292969
1776081,ROUND,0.5,SI1,D,VG,EX,VG,M,2077.11,4.9101562,4.9804688,3.1894531
1774843,ROUND,0.5,SI1,D,GD,VG,GD,N,2077.11,4.9414062,5.0,3.2207031
1767606,ROUND,0.5,SI1,I,EX,EX,EX,N,2077.15,5.1484375,5.171875,3.0605469
1659402,ROUND,0.7597656,VS2,K,EX,EX,EX,F,2077.81,5.7890625,5.828125,3.6308594
1654680,ROUND,0.52978516,SI1,I,EX,EX,EX,N,2053.91,5.1914062,5.2109375,3.2207031
1780798,ROUND,0.5498047,VS2,J,EX,EX,EX,N,2053.92,5.2109375,5.25,3.2792969
1786187,ROUND,0.5498047,VS2,J,EX,EX,EX,F,2053.92,5.2617188,5.2890625,3.2109375
1658675,ROUND,0.5,SI1,G,EX,EX,EX,N,2054.28,5.078125,5.1015625,3.1796875
1780859,ROUND,0.5,SI1,F,VG,EX,GD,N,2054.33,4.890625,4.96875,3.1601562
1793581,ROUND,0.7001953,VS2,M,EX,EX,EX,N,2054.53,5.6484375,5.6914062,3.5605469
1671073,ROUND,0.7001953,SI2,G,GD,GD,GD,F,2054.93,5.4101562,5.5,3.609375
1762522,ROUND,0.5,SI2,E,VG,EX,VG,N,2086.47,4.9414062,5.0,3.1894531
1784353,ROUND,0.5097656,VS1,I,EX,EX,EX,N,2086.9,5.109375,5.1289062,3.1992188
1648168,ROUND,0.5,VVS2,I,VG,EX,VG,N,2086.97,4.890625,4.9609375,3.1992188
1668890,ROUND,0.5,SI2,F,EX,EX,EX,N,2087.09,5.078125,5.1015625,3.1503906
1775934,ROUND,0.5,VS1,G,GD,EX,GD,F,2087.15,4.8203125,4.890625,3.2207031
1787097,ROUND,0.5,VS2,I,VG,EX,VG,F,2087.15,4.9609375,4.9804688,3.1894531
1788672,ROUND,0.5,VS2,I,VG,EX,VG,N,2087.15,4.9609375,5.0195312,3.1699219
1763227,ROUND,0.5,VVS2,D,VG,EX,VG,VS,2087.15,4.96875,5.0,3.1699219
1756946,ROUND,0.5,SI2,F,EX,EX,EX,F,2087.23,5.0390625,5.078125,3.1699219
1755230,ROUND,0.5,VS2,G,GD,EX,VG,N,2087.35,4.9414062,4.9804688,3.1992188
1774837,ROUND,0.5600586,VS2,J,EX,EX,EX,F,2046.29,5.2617188,5.3007812,3.3105469
1650714,ROUND,0.7001953,SI1,L,EX,EX,EX,N,2046.41,5.75,5.7695312,3.4394531
1741648,ROUND,0.5,SI2,F,EX,EX,VG,N,2046.62,5.0585938,5.109375,3.1601562
1796311,ROUND,0.70996094,VVS2,M,EX,VG,EX,N,2046.73,5.6796875,5.71875,3.5703125
1621775,ROUND,0.5698242,SI1,F,EX,EX,EX,ST,2046.91,5.25,5.2890625,3.3007812
1801594,ROUND,0.44995117,VS1,E,EX,EX,EX,N,2047.0,4.8710938,4.9101562,3.0703125
1670187,ROUND,0.60009766,SI1,J,EX,EX,EX,N,2047.24,5.390625,5.4101562,3.3808594
1757761,ROUND,0.5,SI2,F,EX,EX,VG,N,2105.03,5.0507812,5.109375,3.1699219
1774814,ROUND,0.5,VS2,F,GD,EX,GD,N,2105.05,4.921875,4.9804688,3.2402344
1795349,ROUND,0.5,SI1,I,EX,EX,EX,N,2105.05,5.1484375,5.1796875,3.0605469
1797914,ROUND,0.5,VS1,J,EX,EX,EX,N,2105.05,5.109375,5.1289062,3.1308594
1671675,ROUND,0.5,VS1,J,EX,EX,EX,N,2105.06,5.0390625,5.0703125,3.1601562
1762281,ROUND,0.5,VS1,G,VG,EX,GD,N,2105.06,4.890625,4.96875,3.2207031
1787235,ROUND,0.5,SI2,D,VG,EX,VG,N,2105.06,5.0195312,5.0703125,3.0605469
1641426,ROUND,0.7001953,SI1,L,EX,EX,EX,N,2105.63,5.7304688,5.7382812,3.4296875
1629022,ROUND,0.5800781,SI1,I,EX,EX,EX,N,2105.75,5.390625,5.4101562,3.2890625
1756062,ROUND,0.5,SI1,E,EX,EX,VG,N,2112.65,5.0195312,5.0703125,3.1699219
1795289,ROUND,0.5,SI1,E,VG,EX,VG,M,2112.65,4.9882812,5.0390625,3.2207031
1799224,ROUND,0.5,SI1,E,GD,EX,VG,F,2112.65,4.9492188,5.0,3.1894531
1761169,ROUND,0.5,SI1,D,VG,EX,GD,N,2112.7,4.96875,5.0390625,3.1699219
1607930,ROUND,0.5,VS2,H,VG,EX,VG,M,2112.84,4.9101562,4.96875,3.1699219
210074-276,ROUND,1.0,SI2,M,EX,EX,EX,N,2113.04,6.3515625,6.3007812,4.0
1639020,ROUND,0.5,VS2,G,GD,VG,VG,N,2113.06,4.8710938,4.9296875,3.2109375
1754656,ROUND,0.5,VS2,G,VG,EX,GD,N,2113.36,4.9492188,5.0195312,3.1191406
1780936,ROUND,0.5,SI2,E,EX,EX,EX,N,2113.45,5.03125,5.0703125,3.1601562
1756868,ROUND,0.6699219,VS2,K,EX,EX,EX,M,2044.56,5.5507812,5.5703125,3.4707031
1619092,ROUND,0.5,SI1,F,EX,EX,VG,F,2044.65,5.0585938,5.0898438,3.1796875
1770158,ROUND,0.5,VVS2,J,EX,EX,EX,N,2045.02,5.0898438,5.1210938,3.1503906
1764260,ROUND,0.5,VVS2,J,EX,VG,EX,N,2045.02,5.0703125,5.1015625,3.1796875
1732223,ROUND,0.5,SI2,D,VG,EX,VG,N,2045.02,4.921875,4.9609375,3.1796875
1648069,ROUND,0.7001953,SI1,J,F,VG,GD,F,2045.06,5.3789062,5.46875,3.609375
1598995,ROUND,0.89990234,SI2,N,EX,EX,EX,N,2045.18,6.140625,6.1601562,3.8496094
200688-354,ROUND,1.0,I1,O-P,EX,EX,EX,N,2111.38,6.3515625,6.390625,3.9609375
1756922,ROUND,0.52978516,SI1,I,EX,EX,EX,N,2111.62,5.1601562,5.1796875,3.2109375
1791494,ROUND,0.5,SI2,E,EX,EX,EX,N,2111.79,5.0507812,5.0898438,3.1601562
1788748,ROUND,0.5,SI2,E,EX,EX,VG,N,2111.79,5.078125,5.1289062,3.1503906
1780104,ROUND,0.5,VVS1,J,VG,EX,VG,N,2111.79,4.9804688,5.0390625,3.1308594
1788591,ROUND,0.5,VS2,D,GD,VG,GD,N,2111.79,4.8710938,4.9101562,3.1992188
1768317,ROUND,0.5,VS2,D,VG,EX,VG,ST,2111.79,4.9882812,5.0507812,3.1699219
1782277,ROUND,0.5,VS2,D,GD,EX,GD,N,2111.79,4.890625,4.9492188,3.1894531
1663872,ROUND,0.5097656,SI1,G,EX,EX,EX,ST,2061.92,5.1914062,5.1992188,3.140625
1793924,ROUND,0.5097656,VS2,J,EX,EX,EX,F,2061.94,5.1015625,5.1289062,3.1894531
1793965,ROUND,0.5,SI1,I,EX,EX,EX,N,2061.99,5.0703125,5.109375,3.1894531
1793966,ROUND,0.5,SI1,I,EX,EX,EX,N,2061.99,5.078125,5.1015625,3.1503906
1795350,ROUND,0.5,SI1,I,VG,EX,VG,N,2061.99,5.0117188,5.0703125,3.1699219
1797913,ROUND,0.5,VS1,J,EX,EX,EX,N,2061.99,5.0195312,5.0585938,3.1699219
1625815,ROUND,0.5,SI1,D,VG,EX,VG,F,2062.01,4.9101562,4.9804688,3.1894531
1656865,ROUND,0.7001953,VVS2,M,EX,EX,EX,N,2062.14,5.640625,5.671875,3.5507812
1801616,ROUND,0.45996094,VS1,G,EX,EX,EX,N,2062.32,4.8984375,4.921875,3.0898438
1799341,ROUND,0.52001953,SI2,I,EX,EX,EX,N,2062.32,5.140625,5.1484375,3.2304688
1791445,ROUND,0.5600586,VS2,J,EX,EX,EX,F,2062.41,5.2304688,5.2695312,3.2792969
1655896,ROUND,0.58984375,VS2,I,EX,EX,EX,VS,2110.71,5.3984375,5.4296875,3.3300781
1727006,ROUND,0.5,SI1,FANCY,VG,EX,VG,N,2110.81,5.0195312,5.0507812,3.109375
1774913,ROUND,0.5,SI2,E,EX,EX,VG,N,2110.84,5.1484375,5.1601562,3.0898438
1769140,ROUND,0.5,SI2,E,EX,EX,EX,N,2110.84,5.171875,5.1796875,3.0703125
1749719,ROUND,0.5097656,SI2,G,EX,EX,EX,N,2111.03,5.1484375,5.171875,3.1308594
1648553,ROUND,0.5,SI1,H,VG,VG,VG,N,2111.2,4.8984375,4.9609375,3.1894531
1637566,ROUND,0.5,VS2,F,GD,VG,VG,F,2111.21,4.859375,4.921875,3.25
1784564,ROUND,0.5,SI2,E,EX,EX,EX,N,2049.33,5.109375,5.1289062,3.0898438
1772919,ROUND,0.5,VVS1,J,VG,VG,VG,N,2049.33,4.9609375,5.0117188,3.1992188
1657392,ROUND,0.5,SI2,F,EX,EX,EX,N,2049.78,5.1289062,5.1601562,3.0996094
1643196,ROUND,0.5,VS2,I,VG,EX,VG,N,2049.9,4.9101562,4.96875,3.1601562
1756942,ROUND,0.5,SI2,F,EX,EX,EX,F,2094.76,5.0898438,5.1210938,3.0898438
1763317,ROUND,0.5,VS2,F,GD,VG,VG,N,2094.84,4.8515625,4.8984375,3.1992188
1766229,ROUND,0.5,VS2,F,GD,EX,VG,N,2094.84,4.9414062,4.9804688,3.1503906
1796686,ROUND,0.5,VS2,E,GD,VG,GD,N,2094.92,4.9296875,4.9609375,3.2304688
1801700,ROUND,0.4699707,SI1,E,EX,EX,EX,N,2095.06,4.9609375,4.9882812,3.0898438
1662919,ROUND,0.52001953,SI2,G,EX,EX,EX,N,2095.41,5.1601562,5.1914062,3.1992188
1656064,ROUND,0.52001953,SI2,G,EX,EX,EX,N,2095.41,5.171875,5.1992188,3.1699219
1662563,ROUND,0.5,VS1,F,F,VG,VG,N,2083.65,4.828125,4.859375,3.2402344
1780941,ROUND,0.5,SI2,F,VG,EX,VG,N,2083.8,4.96875,5.0195312,3.1601562
1756872,ROUND,0.5,SI1,D,EX,EX,EX,ST,2083.8,5.0390625,5.078125,3.140625
1639040,ROUND,0.5,VS2,H,VG,VG,GD,N,2084.4,4.9296875,4.9882812,3.1894531
1796801,ROUND,0.5,SI1,E,GD,EX,VG,N,2084.78,4.8007812,4.8789062,3.2207031
1799222,ROUND,0.5,SI1,E,EX,VG,EX,M,2084.78,5.171875,5.1992188,3.0996094
1799217,ROUND,0.5,SI1,E,VG,VG,GD,N,2084.78,4.9414062,5.0117188,3.1601562
1763356,ROUND,0.5,SI1,E,GD,VG,VG,N,2084.78,5.0703125,5.1210938,2.9902344
1663855,ROUND,0.5,SI1,E,VG,EX,GD,N,2108.58,5.1015625,5.1601562,3.0800781
1667894,ROUND,0.5,SI1,E,EX,EX,EX,ST,2108.58,5.1210938,5.1484375,3.0898438
1641910,ROUND,0.5498047,SI1,I,EX,EX,EX,N,2108.86,5.2382812,5.2695312,3.2695312
1658693,ROUND,0.52001953,SI1,I,EX,EX,EX,N,2108.9,5.1289062,5.1484375,3.1894531
1637741,ROUND,0.5498047,SI1,G,VG,EX,EX,F,2108.97,5.21875,5.2382812,3.2304688
1787309,ROUND,0.41992188,IF,D,EX,EX,EX,F,2109.12,4.78125,4.8007812,3.0
1779284,ROUND,0.5,SI2,F,EX,EX,EX,N,2109.14,5.0507812,5.0898438,3.1601562
1756940,ROUND,0.5,SI2,F,VG,VG,VG,N,2109.14,5.1484375,5.2304688,3.0605469
1766272,ROUND,0.5,VS2,I,EX,EX,EX,N,2109.2,5.0507812,5.078125,3.1601562
1670550,ROUND,0.5,VS2,E,VG,EX,EX,ST,2109.38,4.9414062,4.9882812,3.1503906
1778073,ROUND,0.52001953,SI1,I,EX,EX,EX,N,2081.59,5.2109375,5.25,3.1699219
1641845,ROUND,0.5,SI1,F,EX,EX,EX,ST,2081.72,5.0390625,5.078125,3.1796875
1645788,ROUND,0.5,VS2,G,GD,EX,VG,N,2082.03,4.8515625,4.9101562,3.2109375
1754702,ROUND,0.5,SI1,E,VG,EX,VG,F,2082.2,5.0,5.0585938,3.1503906
1761232,ROUND,0.5,SI2,E,EX,EX,VG,N,2082.22,5.078125,5.1289062,3.1308594
1786275,ROUND,0.5097656,SI2,G,EX,EX,VG,N,2082.57,5.1015625,5.1289062,3.1796875
1792837,ROUND,0.5097656,SI2,G,EX,EX,EX,N,2082.57,5.078125,5.109375,3.1894531
1667908,ROUND,0.52001953,SI1,G,EX,EX,EX,ST,2095.57,5.1601562,5.1914062,3.1503906
1729937,ROUND,0.52978516,VVS1,J,EX,EX,EX,F,2095.58,5.25,5.2890625,3.1503906
1770313,ROUND,0.5,VS2,I,VG,EX,VG,N,2095.77,4.921875,4.9882812,3.1992188
1637571,ROUND,0.5,VS2,F,GD,VG,GD,N,2095.77,4.9296875,5.0,3.1796875
1632212,ROUND,0.5,VS2,F,GD,EX,VG,N,2095.77,4.828125,4.8984375,3.2207031
1673018,ROUND,0.7001953,VS2,L,EX,EX,EX,F,2095.96,5.6914062,5.7382812,3.4492188
1612979,ROUND,0.7001953,SI1,J,EX,EX,EX,F,2096.03,5.6601562,5.6914062,3.5507812
1765948,ROUND,0.89990234,SI1,Q-R,EX,EX,VG,M,2096.28,6.1992188,6.2109375,3.8691406
1799321,ROUND,0.5097656,SI2,G,EX,VG,VG,N,2096.46,5.0585938,5.1015625,3.1796875
1671679,ROUND,0.5,VS2,H,VG,EX,GD,N,2096.5,5.0195312,5.078125,3.0703125
1658624,ROUND,0.5,SI1,D,VG,EX,VG,F,2096.5,5.0195312,5.078125,3.0898438
1663849,ROUND,0.5,SI1,D,VG,VG,VG,M,2096.5,5.03125,5.0585938,3.140625
1647522,ROUND,0.52001953,VVS1,J,EX,EX,EX,N,2096.52,5.109375,5.140625,3.25
1657147,ROUND,0.5,VS2,E,F,VG,VG,N,2109.38,4.859375,4.921875,3.2597656
1667788,ROUND,0.5,VS2,E,GD,EX,GD,M,2109.38,5.1210938,5.1601562,3.0195312
1672757,ROUND,0.5,VS2,E,VG,EX,GD,M,2109.38,4.9804688,5.0390625,3.140625
1665371,ROUND,0.5,VS2,E,VG,EX,VG,ST,2109.38,4.9414062,4.96875,3.1699219
1643259,ROUND,0.5,SI1,F,VG,EX,VG,F,2109.38,5.140625,5.2109375,3.0898438
1630831,ROUND,0.5,SI1,F,VG,EX,VG,F,2109.38,4.96875,5.0117188,3.2207031
1666807,ROUND,0.5,SI1,F,VG,EX,VG,N,2109.38,5.1210938,5.1601562,3.0605469
1660933,ROUND,0.5097656,SI1,H,EX,EX,EX,ST,2109.47,5.0898438,5.109375,3.1699219
1647575,ROUND,0.5,SI1,D,VG,EX,GD,N,2109.52,5.0585938,5.0898438,3.1601562
1650835,ROUND,0.5,SI1,D,EX,EX,EX,M,2109.52,5.140625,5.1601562,3.0898438
1667672,ROUND,0.5097656,VVS2,J,EX,EX,EX,N,2109.54,5.1289062,5.1601562,3.1699219
1669926,ROUND,0.5,VVS2,J,EX,EX,EX,N,2109.57,5.0507812,5.078125,3.1601562
1757720,ROUND,0.5,SI1,I,EX,EX,EX,N,2058.47,5.1015625,5.1210938,3.1191406
1757741,ROUND,0.5,SI2,D,EX,EX,EX,M,2058.5,5.1015625,5.1289062,3.0898438
1789457,ROUND,0.5,VS2,F,GD,EX,FR,N,2058.59,4.890625,4.9414062,3.1503906
1788617,ROUND,0.5,VS2,F,GD,EX,VG,F,2058.59,4.890625,4.921875,3.2597656
1789455,ROUND,0.5,VS2,F,GD,VG,FR,N,2058.59,5.03125,5.0898438,3.0703125
1646816,ROUND,0.5097656,VS1,J,EX,EX,EX,N,2059.12,5.078125,5.1210938,3.1796875
1646815,ROUND,0.5097656,VS1,J,EX,EX,EX,N,2059.12,5.078125,5.1210938,3.1894531
1767623,ROUND,0.5,SI2,F,VG,EX,VG,N,2059.4,5.0703125,5.140625,3.1191406
1623109,ROUND,0.52978516,SI1,F,EX,EX,EX,ST,2059.48,5.1484375,5.1796875,3.2304688
1667909,ROUND,0.5097656,SI1,G,EX,EX,EX,N,2088.44,5.1914062,5.2109375,3.1503906
1763381,ROUND,0.5097656,SI1,I,EX,EX,EX,F,2088.62,5.1015625,5.1289062,3.1796875
1641372,ROUND,0.79003906,VS2,L,EX,EX,EX,ST,2088.7,5.9101562,5.9414062,3.6503906
1792135,ROUND,0.5,SI2,E,VG,EX,EX,N,2088.84,4.9492188,4.9804688,3.1992188
1792136,ROUND,0.5,SI2,E,EX,VG,EX,N,2088.84,5.109375,5.140625,3.1308594
1780509,ROUND,0.5,VVS1,J,VG,EX,VG,N,2088.84,4.9882812,5.0390625,3.1699219
1780510,ROUND,0.5,VVS1,J,EX,EX,EX,F,2088.84,5.140625,5.1796875,3.0800781
1783335,ROUND,0.5,SI1,F,VG,EX,GD,N,2088.91,4.9296875,5.0117188,3.140625
1763365,ROUND,0.5,SI1,F,GD,EX,VG,N,2088.91,4.9414062,4.9882812,3.1992188
1764361,ROUND,0.5,SI1,F,GD,VG,GD,N,2088.91,5.1992188,5.2304688,3.0
1798075,ROUND,0.60009766,VS2,K,EX,EX,EX,N,2029.39,5.390625,5.421875,3.3808594
1633473,ROUND,0.52001953,SI1,G,EX,EX,EX,M,2029.79,5.140625,5.1796875,3.2109375
1645869,ROUND,0.5,SI1,I,EX,EX,EX,N,2029.85,5.0703125,5.1015625,3.1601562
1630708,ROUND,0.5,VS2,H,GD,EX,VG,N,2029.93,4.8515625,4.890625,3.2109375
1621880,ROUND,0.5800781,SI2,H,EX,EX,EX,N,2030.54,5.2890625,5.3203125,3.3203125
1574509,ROUND,0.7998047,I1,F,EX,EX,VG,N,2030.54,5.8789062,5.9296875,3.6992188
1754683,ROUND,0.52978516,VS2,J,EX,EX,EX,N,2048.08,5.1484375,5.1796875,3.2402344
1663932,ROUND,0.5,SI2,D,EX,EX,VG,N,2048.21,5.078125,5.140625,3.109375
1760864,ROUND,0.7998047,SI2,K,EX,EX,VG,F,2048.33,5.9882812,6.0507812,3.6191406
1758652,ROUND,0.5,VS2,F,GD,EX,VG,N,2048.36,5.0898438,5.1210938,3.0507812
1784542,ROUND,0.5,SI1,I,EX,EX,EX,N,2048.36,5.0390625,5.078125,3.1699219
1786252,ROUND,0.5,SI1,I,EX,EX,EX,F,2048.36,5.0898438,5.1210938,3.1992188
1786070,ROUND,0.5,VS1,J,EX,EX,EX,N,2048.36,5.0898438,5.1210938,3.1191406
1782256,ROUND,0.5,VS1,J,EX,EX,EX,N,2048.36,5.0585938,5.0898438,3.1699219
1787029,ROUND,0.5,VS1,J,EX,EX,EX,N,2048.36,5.0507812,5.078125,3.1699219
1760023,ROUND,0.5,VS1,J,EX,EX,EX,N,2048.36,5.0585938,5.0898438,3.1796875
1731467,ROUND,0.5,SI2,F,EX,EX,VG,N,2048.45,5.0898438,5.1210938,3.0898438
1784570,ROUND,0.5,SI2,F,VG,EX,VG,N,2048.45,4.9609375,5.0117188,3.2304688
1790522,ROUND,0.5,SI2,F,EX,EX,VG,N,2048.45,5.078125,5.1210938,3.1601562
1769138,ROUND,0.5,SI2,E,EX,EX,EX,N,2101.62,5.109375,5.140625,3.1191406
1801449,ROUND,0.5,SI2,E,VG,EX,VG,N,2101.62,4.9101562,4.96875,3.1894531
1801450,ROUND,0.5,SI2,E,VG,EX,VG,N,2101.62,5.078125,5.1484375,3.0195312
1796723,ROUND,0.5,VS2,G,GD,VG,GD,N,2101.8,4.859375,4.9101562,3.2402344
1670093,ROUND,0.5698242,VS2,J,EX,EX,EX,N,2102.05,5.2695312,5.3007812,3.3105469
1639072,ROUND,0.58984375,VS2,J,EX,EX,EX,N,2102.45,5.328125,5.3710938,3.3496094
1657204,ROUND,0.5,VS2,G,GD,VG,GD,N,2102.5,4.7890625,4.8710938,3.2109375
1747623,ROUND,0.5,SI2,F,EX,EX,VG,N,2032.24,5.140625,5.1796875,3.0898438
1756164,ROUND,0.5,SI2,E,EX,EX,VG,N,2032.29,5.0898438,5.1289062,3.109375
1742725,ROUND,0.5,VS2,I,EX,EX,EX,F,2032.39,5.1601562,5.1796875,3.1191406
1643062,ROUND,0.5,VS1,J,EX,EX,EX,N,2032.44,5.0585938,5.0898438,3.1796875
1643060,ROUND,0.5,VS1,J,EX,EX,EX,N,2032.44,5.0585938,5.0898438,3.0996094
1760018,ROUND,0.5,VS1,J,EX,EX,EX,N,2033.21,5.1015625,5.1210938,3.1894531
1757750,ROUND,0.5,SI2,E,EX,EX,VG,N,2033.24,5.078125,5.1210938,3.1191406
1748955,ROUND,0.5,SI2,E,EX,EX,EX,N,2060.21,5.078125,5.1015625,3.1796875
1776837,ROUND,0.5,VS2,D,GD,EX,VG,F,2060.33,4.859375,4.890625,3.1992188
1775700,ROUND,0.7998047,VS2,M,EX,EX,EX,ST,2060.45,5.890625,5.9296875,3.7109375
1621834,ROUND,0.5698242,SI1,I,EX,EX,EX,N,2060.62,5.28125,5.3085938,3.3203125
1761168,ROUND,0.5,SI1,D,VG,EX,GD,N,2060.99,5.0390625,5.0898438,3.0703125
1782254,ROUND,0.5097656,VS1,J,EX,EX,EX,N,2061.06,5.171875,5.1992188,3.140625
1776740,ROUND,0.5097656,VVS1,J,EX,VG,EX,N,2061.11,5.078125,5.109375,3.1894531
1767464,ROUND,0.5097656,IF,J,EX,EX,EX,F,2061.16,5.1015625,5.1210938,3.1992188
1755999,ROUND,0.5,VS1,J,EX,EX,EX,N,2090.55,5.1289062,5.1601562,3.0996094
1745577,ROUND,0.5,VS2,G,VG,EX,GD,N,2090.56,4.9609375,5.0117188,3.2109375
1758672,ROUND,0.5,VS2,G,GD,GD,VG,N,2090.56,4.890625,4.9609375,3.2597656
1643058,ROUND,0.52978516,VS1,J,EX,EX,EX,F,2090.57,5.140625,5.171875,3.2207031
1762422,ROUND,0.5,VS2,I,VG,EX,VG,N,2090.7,5.0,5.0390625,3.2207031
1780934,ROUND,0.5,SI2,E,VG,VG,VG,N,2090.73,4.9882812,5.0390625,3.1796875
1774025,ROUND,0.5,SI1,D,VG,VG,GD,N,2091.41,4.9882812,5.0507812,3.140625
1774026,ROUND,0.5,SI1,D,VG,EX,GD,N,2091.41,4.9804688,5.0390625,3.1796875
1787317,ROUND,0.39990234,VVS2,D,EX,EX,EX,N,2065.96,4.6914062,4.71875,2.9394531
1758855,ROUND,0.5,SI1,I,EX,EX,EX,N,2066.16,5.0507812,5.0898438,3.1796875
1780818,ROUND,0.5,SI1,D,GD,VG,VG,N,2066.16,4.9414062,4.9804688,3.2109375
1659595,ROUND,0.5,VS1,H,VG,VG,GD,M,2066.22,5.0585938,5.109375,3.1191406
210251-143,ROUND,1.0097656,SI1,O-P,EX,EX,EX,F,2066.37,6.3203125,6.359375,4.03125
1658184,ROUND,0.7001953,VS1,K,GD,VG,VG,N,2066.85,5.4882812,5.5390625,3.5800781
1779277,ROUND,0.5,SI2,F,VG,EX,VG,N,2066.92,5.0117188,5.0703125,3.0800781
1779275,ROUND,0.5,SI2,F,VG,VG,VG,N,2066.92,5.03125,5.0585938,3.1796875
1778116,ROUND,0.5,SI2,F,EX,EX,EX,N,2066.92,5.0585938,5.1015625,3.1796875
1780157,ROUND,0.4399414,VVS1,E,EX,EX,EX,F,2067.01,4.8984375,4.921875,2.9902344
1757722,ROUND,0.5,SI1,I,EX,EX,EX,N,2067.04,5.0390625,5.0703125,3.1796875
1753717,ROUND,0.5,VS1,J,EX,EX,EX,N,2067.04,5.0195312,5.0703125,3.1601562
1646571,ROUND,0.7001953,SI1,L,EX,EX,EX,F,2057.34,5.671875,5.6992188,3.5390625
1633405,ROUND,0.52978516,VS1,J,EX,EX,EX,N,2057.58,5.1289062,5.1601562,3.2207031
1656057,ROUND,0.5,SI2,F,EX,EX,EX,N,2057.65,5.1210938,5.1484375,3.1191406
1792133,ROUND,0.5,SI2,D,EX,EX,EX,N,2057.76,5.0585938,5.0898438,3.1308594
1790500,ROUND,0.5,SI2,D,EX,EX,EX,N,2057.76,5.0507812,5.078125,3.1699219
1637685,ROUND,0.5,SI1,D,VG,VG,VG,F,2057.77,4.921875,4.9804688,3.1894531
1643189,ROUND,0.5,VS2,H,GD,EX,GD,N,2058.37,4.9492188,5.0,3.2207031
1774819,ROUND,0.5,VS2,G,GD,EX,VG,N,2058.45,4.8515625,4.8984375,3.2109375
1774818,ROUND,0.5,VS2,G,GD,EX,VG,N,2058.45,4.8398438,4.9101562,3.2304688
1789484,ROUND,0.5,SI1,E,VG,EX,VG,M,2050.02,5.0,5.0507812,3.1699219
1666348,ROUND,0.8100586,SI2,N,EX,VG,EX,F,2050.23,5.9609375,6.0,3.6992188
1784167,ROUND,0.70996094,VVS2,K,EX,VG,EX,M,2050.53,5.671875,5.7109375,3.5195312
1652403,ROUND,0.5,SI2,D,EX,EX,EX,N,2050.63,5.078125,5.1015625,3.1503906
1577155,ROUND,0.64990234,VS2,J,EX,VG,EX,N,2050.77,5.5195312,5.5507812,3.4492188
1654668,ROUND,0.5,SI1,D,VG,EX,EX,M,2050.82,5.0585938,5.078125,3.0898438
1757760,ROUND,0.5,SI2,F,EX,VG,VG,N,2050.95,5.1484375,5.171875,3.0898438
1744499,ROUND,0.7001953,SI1,K,VG,EX,EX,N,2067.68,5.5195312,5.5585938,3.5703125
1767619,ROUND,0.5,SI2,E,EX,EX,VG,N,2067.78,5.0390625,5.0703125,3.1601562
1787232,ROUND,0.5097656,SI2,D,EX,EX,EX,F,2067.92,5.171875,5.1914062,3.109375
1789520,ROUND,0.5097656,SI2,D,EX,EX,EX,F,2067.92,5.1015625,5.1210938,3.1992188
1762521,ROUND,0.5,SI2,E,EX,EX,VG,N,2067.07,5.03125,5.0898438,3.1601562
1791994,ROUND,0.5,VVS1,J,VG,EX,EX,N,2067.07,4.9414062,4.9804688,3.1796875
1646948,ROUND,0.5,VS2,H,GD,VG,VG,N,2067.16,4.828125,4.8984375,3.2597656
1663827,ROUND,0.5,VS2,H,GD,EX,VG,N,2067.16,4.7890625,4.8710938,3.1992188
1662745,ROUND,0.5,VS2,H,VG,EX,EX,ST,2067.16,4.9882812,5.0390625,3.1699219
1667885,ROUND,0.5,SI1,D,EX,VG,VG,M,2067.16,5.0117188,5.0703125,3.1699219
1641687,ROUND,0.5,VS2,E,GD,VG,VG,F,2067.19,4.9882812,5.03125,3.2402344
1607919,ROUND,0.5,VS2,G,VG,EX,GD,N,2067.31,4.8710938,4.9609375,3.1894531
1666615,ROUND,0.5600586,VS1,J,EX,VG,EX,N,2067.33,5.2617188,5.2890625,3.2890625
1662043,ROUND,0.52978516,SI2,H,EX,EX,EX,N,2056.85,5.1601562,5.1796875,3.1699219
1786927,ROUND,0.7001953,SI2,K,EX,EX,EX,M,2057.14,5.6914062,5.7304688,3.5390625
1780077,ROUND,0.7001953,SI2,K,EX,VG,VG,N,2057.14,5.7304688,5.7695312,3.4101562
1801433,ROUND,0.64990234,SI1,K,EX,EX,EX,N,2057.19,5.5,5.5390625,3.4707031
1618783,ROUND,0.7001953,SI2,J,VG,EX,VG,N,2057.27,5.4804688,5.5507812,3.5605469
200702-113,ROUND,1.0,I1,FANCY,EX,VG,VG,ST,2033.24,6.3007812,6.3515625,3.9199219
1633467,ROUND,0.5,SI1,F,EX,EX,VG,M,2033.3,5.0585938,5.1015625,3.1503906
1766282,ROUND,0.5,SI1,D,VG,EX,VG,ST,2033.31,4.9492188,5.0,3.1699219
1787266,ROUND,0.5498047,SI2,G,EX,EX,EX,N,2033.56,5.359375,5.390625,3.1894531
1790397,ROUND,0.5,SI1,D,GD,EX,FR,N,2033.92,5.0390625,5.1210938,3.0898438
1790501,ROUND,0.5,SI2,D,EX,EX,EX,N,2034.0,5.109375,5.1210938,3.1191406
1767622,ROUND,0.5,SI2,F,VG,EX,VG,N,2034.07,5.1289062,5.1914062,3.0292969
1758636,ROUND,0.5,VS2,E,GD,EX,VG,N,2034.08,4.8203125,4.8789062,3.2207031
1670127,ROUND,0.6298828,VS2,K,EX,EX,EX,N,2034.17,5.4492188,5.46875,3.4199219
1657300,ROUND,0.5,SI1,E,VG,VG,GD,N,2080.06,4.9804688,5.0195312,3.1191406
1658633,ROUND,0.5,SI1,E,VG,EX,VG,M,2080.06,5.0,5.0585938,3.1601562
1668812,ROUND,0.5,SI1,E,VG,EX,VG,M,2080.06,5.0117188,5.0703125,3.1699219
1652337,ROUND,0.5,SI1,E,VG,EX,VG,F,2080.06,4.9882812,5.0390625,3.1191406
1670593,ROUND,0.5,SI1,E,VG,VG,VG,F,2080.06,4.9492188,5.0117188,3.1894531
1640356,ROUND,0.5,SI1,D,VG,VG,VG,F,2080.16,4.9101562,4.96875,3.1894531
1735496,ROUND,0.52978516,SI2,G,EX,EX,EX,N,2080.19,5.25,5.28125,3.1796875
1799199,ROUND,0.64990234,VS2,K,EX,EX,EX,N,2080.36,5.53125,5.5507812,3.4296875
1655697,ROUND,0.5097656,VVS2,J,EX,EX,EX,N,2080.42,5.0585938,5.0898438,3.1796875
1769049,ROUND,0.5,SI1,D,EX,EX,VG,M,2080.46,5.0390625,5.0703125,3.1699219
1787236,ROUND,0.5,SI2,D,EX,EX,VG,N,2080.56,5.0585938,5.1015625,3.1601562
1762526,ROUND,0.5097656,SI2,F,EX,VG,EX,N,2080.8,5.0898438,5.1210938,3.1992188
1782414,ROUND,0.52978516,VS2,J,EX,EX,EX,N,2052.37,5.1601562,5.1796875,3.2207031
1662801,ROUND,0.5,SI1,E,VG,VG,GD,N,2052.37,5.03125,5.078125,3.0996094
1662807,ROUND,0.5,SI1,E,VG,GD,VG,N,2052.37,5.0703125,5.1015625,3.0898438
1756947,ROUND,0.5,SI2,F,EX,EX,VG,N,2052.56,5.1484375,5.171875,3.0703125
1742776,ROUND,0.5,SI1,D,EX,EX,EX,ST,2052.78,5.1796875,5.2109375,3.0605469
1667943,ROUND,0.5,SI2,E,EX,VG,VG,N,2053.24,5.0390625,5.1015625,3.1796875
1656049,ROUND,0.5,SI2,E,VG,VG,VG,N,2053.24,5.0195312,5.078125,3.1699219
1662891,ROUND,0.5,SI2,E,VG,EX,VG,N,2053.24,4.9882812,5.0507812,3.1503906
1756921,ROUND,0.52978516,SI1,I,EX,EX,EX,N,2091.83,5.1484375,5.171875,3.2304688
1653343,ROUND,0.5,VVS1,J,EX,EX,EX,N,2092.21,5.1289062,5.1484375,3.1308594
1653345,ROUND,0.5,VVS1,J,EX,EX,EX,N,2092.21,5.0507812,5.078125,3.1601562
1786099,ROUND,0.5,VS2,E,GD,EX,GD,N,2092.22,4.9101562,4.96875,3.1992188
1786107,ROUND,0.5,VS2,E,GD,VG,GD,N,2092.22,4.9101562,4.9882812,3.2207031
1780721,ROUND,0.5,VS2,E,GD,EX,GD,N,2092.22,4.96875,5.03125,3.0605469
1789534,ROUND,0.5,SI2,F,EX,VG,VG,N,2092.25,5.0195312,5.078125,3.1699219
1783415,ROUND,0.5,SI2,F,EX,EX,EX,N,2092.25,5.109375,5.140625,3.1796875
1780681,ROUND,0.5097656,VS1,J,EX,EX,EX,N,2082.57,5.1601562,5.1914062,3.140625
1643177,ROUND,0.5,VS2,G,GD,EX,VG,N,2082.67,4.859375,4.9296875,3.140625
1648396,ROUND,0.5,VS2,G,GD,VG,VG,F,2082.67,4.890625,4.9414062,3.2109375
1627776,ROUND,0.5,SI1,H,EX,EX,VG,F,2082.67,5.0390625,5.0703125,3.1601562
1734156,ROUND,0.5,SI2,E,EX,EX,EX,N,2082.93,5.0585938,5.078125,3.1601562
1759674,ROUND,0.7001953,VS2,K,VG,EX,EX,F,2082.93,5.578125,5.609375,3.5996094
1799160,ROUND,0.5,VS2,F,GD,VG,VG,N,2082.98,4.921875,4.9804688,3.2109375
1774005,ROUND,0.52978516,VS2,I,EX,EX,EX,F,2083.01,5.140625,5.171875,3.2304688
1797915,ROUND,0.5,VS1,J,EX,EX,EX,N,2083.08,5.140625,5.1601562,3.0800781
1793796,ROUND,0.5,VS1,J,EX,EX,EX,N,2083.08,5.03125,5.0703125,3.1503906
1793797,ROUND,0.5,VS1,J,EX,EX,EX,N,2083.08,5.0390625,5.0703125,3.1601562
1793795,ROUND,0.5,VS1,J,EX,EX,EX,N,2083.08,5.0585938,5.0898438,3.1601562
1667953,ROUND,0.5,SI2,F,EX,EX,EX,N,2096.53,5.078125,5.1015625,3.1601562
1666876,ROUND,0.5,SI2,F,EX,EX,EX,N,2096.53,5.1601562,5.1914062,3.0996094
1666881,ROUND,0.5,SI2,F,EX,EX,EX,N,2096.53,5.0703125,5.078125,3.1699219
1665526,ROUND,0.5,SI2,F,EX,EX,EX,N,2096.53,5.140625,5.1601562,3.109375
1758660,ROUND,0.5,VS2,G,GD,EX,VG,N,2096.66,4.828125,4.8789062,3.2402344
1637454,ROUND,0.52978516,VS1,J,EX,EX,EX,N,2096.98,5.1484375,5.171875,3.2304688
1672738,ROUND,0.5097656,VS1,J,EX,EX,EX,N,2097.03,5.1289062,5.1601562,3.1308594
1773103,ROUND,0.5097656,SI2,G,EX,EX,EX,N,2097.14,5.1289062,5.1484375,3.2109375
1762382,ROUND,0.5,VS2,G,GD,EX,GD,N,2097.31,4.78125,4.8789062,3.2207031
1633435,ROUND,0.5,VS2,G,GD,EX,VG,N,2097.38,4.828125,4.890625,3.2304688
1767617,ROUND,0.5,SI2,D,EX,EX,VG,N,2097.46,5.0507812,5.078125,3.1894531
1782478,ROUND,0.39990234,VVS1,D,EX,EX,EX,N,2034.19,4.6992188,4.7109375,2.9394531
1780930,ROUND,0.5097656,SI2,E,EX,EX,EX,M,2034.32,5.1914062,5.1992188,3.1191406
1774901,ROUND,0.5,SI1,I,EX,EX,EX,F,2034.96,5.0703125,5.0898438,3.1699219
1790537,ROUND,0.5498047,SI2,H,EX,EX,VG,F,2035.27,5.1992188,5.2304688,3.2695312
1657190,ROUND,0.5,VS2,G,GD,EX,GD,N,2071.48,5.0117188,5.078125,3.0996094
1670090,ROUND,0.58984375,VS2,J,EX,EX,EX,N,2071.93,5.3515625,5.3710938,3.359375
1787247,ROUND,0.5,SI2,E,EX,EX,EX,N,2072.04,5.0195312,5.0507812,3.1894531
1776865,ROUND,0.5,VS2,F,GD,VG,GD,N,2072.09,4.8515625,4.9296875,3.25
210074-216,ROUND,1.0097656,SI2,L,EX,EX,EX,VSL,2072.41,6.46875,6.4609375,3.9804688
1733712,ROUND,0.54003906,SI2,G,EX,EX,EX,N,2063.0,5.2304688,5.25,3.2207031
1774856,ROUND,0.5,SI1,E,GD,EX,GD,N,2063.52,4.9804688,5.03125,3.140625
1734157,ROUND,0.5,SI2,E,EX,EX,EX,N,2063.52,5.0585938,5.078125,3.1796875
1649652,ROUND,0.5498047,VVS2,J,EX,EX,EX,F,2064.17,5.1992188,5.2304688,3.2597656
1773835,ROUND,0.52978516,VVS2,J,EX,EX,EX,M,2064.25,5.1796875,5.1992188,3.1894531
1770787,ROUND,0.41992188,VVS1,D,EX,EX,EX,N,2064.34,4.7695312,4.8007812,2.9902344
1756817,ROUND,0.58984375,VVS1,K,EX,EX,EX,N,2074.15,5.3398438,5.3710938,3.3691406
1780759,ROUND,0.5,VS2,G,GD,VG,GD,N,2074.51,5.0,5.0585938,3.1601562
1783286,ROUND,0.5,VS2,G,GD,EX,GD,N,2074.51,4.8710938,4.9101562,3.2207031
1779074,ROUND,0.5,VS2,E,GD,VG,GD,N,2074.64,4.9609375,5.0507812,3.140625
1775881,ROUND,0.5,VVS2,J,EX,EX,EX,N,2074.68,5.109375,5.140625,3.1796875
1659667,ROUND,0.5,VS2,E,GD,VG,GD,F,2074.8,4.9414062,5.0195312,3.1308594
1648312,ROUND,0.5,VS2,D,VG,EX,GD,ST,2074.83,5.171875,5.1992188,3.0195312
1671219,ROUND,0.5,SI1,H,EX,EX,EX,ST,2074.89,5.0507812,5.0898438,3.1699219
1668740,ROUND,0.5,VS1,I,EX,EX,VG,F,2074.89,5.0195312,5.0703125,3.1699219
1665237,ROUND,0.5,VVS2,J,EX,EX,EX,N,2074.96,5.0507812,5.078125,3.1601562
1664837,ROUND,0.5,VVS2,J,EX,EX,EX,N,2074.96,5.0195312,5.0585938,3.1699219
1646867,ROUND,0.5,VS2,E,EX,EX,VG,VS,2031.58,5.0,5.0585938,3.1699219
1658378,ROUND,0.5,VVS2,J,EX,EX,EX,F,2031.58,5.078125,5.109375,3.1308594
1801453,ROUND,0.5,SI2,E,EX,EX,EX,M,2031.58,5.0507812,5.0703125,3.1699219
1779293,ROUND,0.5097656,SI2,G,VG,VG,VG,N,2031.7,4.9492188,4.9882812,3.2109375
1637812,ROUND,0.5,SI2,E,EX,EX,EX,N,2031.77,5.1015625,5.140625,3.1308594
1670172,ROUND,0.5097656,SI1,I,EX,EX,EX,N,2031.78,5.0898438,5.1210938,3.1992188
1670544,ROUND,0.5097656,VS1,J,EX,EX,EX,F,2031.78,5.1015625,5.1289062,3.1992188
1604692,ROUND,0.52978516,SI1,E,EX,EX,EX,F,2186.82,5.1992188,5.21875,3.1796875
1790563,ROUND,0.45996094,VVS1,E,VG,EX,GD,N,2186.89,4.7617188,4.8515625,3.0996094
1756823,ROUND,0.5,VVS2,E,VG,EX,VG,ST,2187.05,4.890625,4.9609375,3.1796875
1792802,ROUND,0.5,SI1,F,VG,VG,GD,N,2187.06,5.1289062,5.171875,3.0507812
1787150,ROUND,0.5,SI1,F,EX,EX,VG,N,2187.06,5.0390625,5.078125,3.1191406
1789491,ROUND,0.5,SI1,F,VG,EX,VG,F,2187.06,4.9101562,4.9492188,3.1601562
1784491,ROUND,0.5,SI1,F,VG,EX,VG,F,2187.06,5.0117188,5.078125,3.1601562
1687654,ROUND,0.77001953,SI2,J,EX,EX,EX,F,2187.15,5.8203125,5.8515625,3.640625
1637765,ROUND,0.5,SI1,H,EX,EX,EX,F,2187.19,5.1289062,5.1484375,3.1503906
1641898,ROUND,0.5,SI1,H,VG,EX,EX,N,2187.19,5.0507812,5.078125,3.1699219
1745729,ROUND,0.5600586,SI2,F,EX,EX,EX,F,2197.73,5.3515625,5.390625,3.2207031
1658445,ROUND,0.5,VS1,G,EX,EX,VG,ST,2197.8,5.1015625,5.1601562,3.109375
1667715,ROUND,0.5,VS1,G,VG,VG,VG,ST,2197.8,5.0703125,5.1015625,3.0507812
1659577,ROUND,0.5,VS1,G,VG,EX,VG,ST,2197.8,4.96875,5.0195312,3.2207031
1668727,ROUND,0.5,VS1,G,GD,EX,VG,F,2197.8,4.78125,4.859375,3.1894531
1666577,ROUND,0.5,VS1,G,GD,VG,VG,F,2197.8,4.8710938,4.921875,3.1992188
1774851,ROUND,0.5,SI1,E,VG,EX,VG,N,2197.98,4.9882812,5.0507812,3.1699219
1776028,ROUND,0.5,VS2,F,GD,EX,VG,N,2197.98,4.9804688,5.0390625,3.0605469
1775989,ROUND,0.5,VS2,D,VG,VG,GD,N,2198.03,5.0195312,5.078125,3.1796875
1681458,ROUND,0.58984375,SI2,G,EX,EX,EX,N,2122.91,5.4296875,5.4609375,3.2695312
1764401,ROUND,0.5097656,SI2,E,EX,EX,EX,F,2123.13,5.078125,5.1210938,3.1894531
1778111,ROUND,0.5097656,SI2,F,EX,EX,EX,N,2123.15,5.1601562,5.171875,3.1308594
1783445,ROUND,0.39990234,VVS1,D,EX,EX,EX,N,2123.38,4.71875,4.75,2.9609375
1745538,ROUND,0.5,VS2,D,VG,GD,EX,F,2123.5,5.1015625,5.1210938,3.140625
1753743,ROUND,0.5,VS2,D,GD,VG,VG,N,2123.5,4.8515625,4.9101562,3.2304688
1750690,ROUND,0.5,VS2,I,EX,EX,EX,M,2123.65,5.1210938,5.1484375,3.109375
1780828,ROUND,0.5,SI1,D,VG,EX,VG,F,2123.65,5.2109375,5.25,3.0195312
1756156,ROUND,0.5,SI2,D,VG,EX,VG,N,2123.69,5.0703125,5.1289062,3.1308594
1658278,ROUND,0.7001953,SI1,L,EX,EX,EX,N,2123.92,5.6796875,5.71875,3.4707031
1751238,ROUND,0.5097656,SI1,G,VG,EX,VG,N,2179.02,4.9804688,5.03125,3.2304688
1790395,ROUND,0.5,SI1,D,VG,EX,GD,F,2179.32,4.9609375,5.0195312,3.1894531
1789526,ROUND,0.5,SI2,E,EX,EX,EX,N,2179.46,5.0507812,5.0703125,3.1699219
1778110,ROUND,0.52001953,SI2,F,EX,EX,EX,N,2179.98,5.1992188,5.21875,3.1601562
1582549,ROUND,0.5097656,IF,I,EX,EX,EX,N,2180.03,5.078125,5.109375,3.1796875
1757765,ROUND,0.5097656,SI2,G,EX,EX,EX,N,2180.05,5.0898438,5.1289062,3.1796875
1671666,ROUND,0.52001953,VVS2,J,EX,EX,EX,F,2180.11,5.1601562,5.1796875,3.2109375
1778090,ROUND,0.52001953,SI2,D,EX,EX,EX,N,2187.2,5.1289062,5.1484375,3.1992188
1627749,ROUND,0.5,SI1,G,VG,EX,VG,N,2187.2,5.0585938,5.1289062,3.0703125
1758742,ROUND,0.5,SI1,E,EX,EX,VG,N,2350.82,5.0703125,5.109375,3.1601562
1780834,ROUND,0.5,SI1,E,VG,EX,VG,N,2350.82,5.109375,5.1601562,3.0292969
1795375,ROUND,0.52978516,SI2,D,EX,EX,EX,N,2350.82,5.171875,5.1992188,3.25
1770736,ROUND,0.60009766,SI1,I,EX,EX,EX,N,2350.89,5.4296875,5.4609375,3.3496094
1657035,ROUND,0.5,VS1,E,EX,EX,EX,ST,2350.94,5.1015625,5.109375,3.0800781
1672715,ROUND,0.5,VS1,E,EX,EX,EX,ST,2350.94,5.1484375,5.171875,3.1503906
1663734,ROUND,0.5,VS1,E,VG,EX,GD,N,2350.94,5.0898438,5.1210938,3.0507812
1655731,ROUND,0.5,VS1,E,VG,VG,GD,N,2350.94,4.9414062,5.0390625,3.140625
1672125,ROUND,0.5,VVS2,F,EX,EX,VG,M,2350.94,5.03125,5.0898438,3.0996094
1672690,ROUND,0.5,VVS2,F,EX,EX,EX,ST,2350.94,5.0117188,5.0507812,3.1601562
1786084,ROUND,0.5,VS2,D,VG,EX,VG,F,2350.99,4.921875,4.9804688,3.1992188
1786082,ROUND,0.5,VS2,D,VG,VG,GD,N,2350.99,5.0898438,5.140625,3.0996094
1649750,ROUND,0.5800781,SI1,H,EX,EX,EX,ST,2351.54,5.3984375,5.4414062,3.2597656
1634792,ROUND,0.5,VS1,FANCY,EX,EX,EX,N,2322.91,5.1210938,5.1484375,3.1308594
1641489,ROUND,0.5,VVS2,D,GD,EX,GD,N,2322.91,4.7890625,4.8789062,3.1699219
1668819,ROUND,0.52978516,SI1,G,EX,EX,EX,N,2323.53,5.1484375,5.1601562,3.2207031
1618279,ROUND,0.54003906,VVS2,E,EX,EX,EX,ST,2323.57,5.1796875,5.21875,3.2402344
1659675,ROUND,0.5,VS2,E,VG,EX,VG,F,2323.78,4.9804688,5.03125,3.1894531
1655686,ROUND,0.5,VVS2,G,EX,EX,EX,ST,2323.78,5.1289062,5.140625,3.1308594
1630387,ROUND,0.52001953,VS1,D,EX,EX,EX,ST,2323.93,5.171875,5.1914062,3.2304688
1776948,ROUND,0.5,SI1,F,VG,EX,VG,N,2323.97,4.9804688,5.03125,3.1191406
1778043,ROUND,0.5,SI1,F,EX,VG,EX,N,2323.97,5.0703125,5.0898438,3.1699219
1648368,ROUND,0.5,VS2,F,EX,EX,EX,M,2324.09,5.0507812,5.078125,3.1699219
1745431,ROUND,0.72998047,SI1,K,EX,EX,EX,N,2324.26,5.71875,5.7382812,3.5800781
1663940,ROUND,0.6098633,SI2,F,EX,EX,EX,N,2324.57,5.421875,5.4414062,3.390625
1625866,ROUND,0.5,SI1,G,EX,EX,EX,N,2324.68,5.0703125,5.1015625,3.1699219
1801317,ROUND,0.5,VS1,I,EX,EX,EX,M,2353.56,5.0117188,5.0507812,3.1503906
1795157,ROUND,0.5,VS1,I,EX,EX,EX,M,2353.56,5.1015625,5.1289062,3.109375
1647521,ROUND,0.5097656,VVS1,I,EX,EX,EX,F,2353.74,5.0703125,5.109375,3.2207031
1792815,ROUND,0.52001953,SI1,H,EX,EX,EX,F,2353.97,5.25,5.28125,3.140625
1788720,ROUND,0.52001953,SI1,H,EX,EX,EX,F,2353.97,5.109375,5.1289062,3.2109375
1665302,ROUND,0.5498047,VS1,I,EX,EX,EX,N,2354.21,5.2109375,5.25,3.2695312
1659693,ROUND,0.5,VS2,F,VG,EX,GD,N,2354.31,5.0195312,5.0898438,3.0703125
1782442,ROUND,0.5,SI1,F,EX,VG,VG,N,2354.37,5.0390625,5.1015625,3.1796875
1764367,ROUND,0.5,SI1,F,EX,EX,VG,N,2354.37,5.0585938,5.109375,3.0898438
1653498,ROUND,0.5800781,SI1,H,EX,EX,EX,N,2351.54,5.3085938,5.328125,3.3105469
1756969,ROUND,0.4099121,IF,D,EX,EX,EX,N,2351.7,4.828125,4.859375,2.9804688
1773932,ROUND,0.5,VS2,D,VG,EX,VG,F,2351.7,5.0,5.0585938,3.1191406
1788601,ROUND,0.5,VS2,E,VG,EX,GD,N,2351.8,5.0703125,5.1210938,3.0898438
1780722,ROUND,0.5,VS2,E,VG,EX,VG,N,2351.8,4.9414062,4.9804688,3.1601562
1783274,ROUND,0.5,VS2,E,VG,EX,GD,N,2351.8,5.0,5.0703125,3.1601562
1659583,ROUND,0.52978516,VS1,H,EX,EX,EX,ST,2351.87,5.1484375,5.171875,3.2304688
1660847,ROUND,0.5097656,VVS2,G,EX,EX,EX,ST,2352.05,5.109375,5.1484375,3.1601562
1625877,ROUND,0.5,SI1,H,EX,EX,EX,N,2352.39,5.03125,5.0703125,3.1601562
1632273,ROUND,0.5,VS2,H,EX,VG,EX,F,2352.48,5.1015625,5.1289062,3.140625
1643238,ROUND,0.5,SI1,E,EX,EX,VG,N,2304.0,5.0195312,5.0703125,3.1601562
1633491,ROUND,0.5,SI1,G,EX,EX,EX,N,2304.05,5.1289062,5.1601562,3.140625
1658582,ROUND,0.5,VS2,H,VG,EX,VG,F,2304.07,5.0703125,5.1210938,3.0507812
1662739,ROUND,0.5,VS2,H,EX,EX,VG,F,2304.07,5.1210938,5.1796875,3.0800781
1643191,ROUND,0.5,VS2,H,VG,EX,GD,N,2304.07,5.078125,5.140625,3.0996094
1655884,ROUND,0.5,VS2,H,VG,EX,VG,F,2304.07,4.9609375,5.0117188,3.1894531
1663850,ROUND,0.5,SI1,D,VG,EX,VG,N,2304.07,5.03125,5.0585938,3.1601562
1667881,ROUND,0.5,SI1,D,EX,EX,EX,M,2304.07,5.0898438,5.1210938,3.1308594
1654459,ROUND,0.7001953,VS1,K,VG,EX,EX,N,2304.07,5.5195312,5.5585938,3.5703125
1654458,ROUND,0.7001953,VS1,K,VG,EX,VG,N,2304.07,5.4804688,5.5585938,3.5703125
1620352,ROUND,0.5698242,VVS2,F,EX,EX,EX,VS,2304.08,5.2890625,5.3203125,3.2890625
1760095,ROUND,0.5,VS2,F,VG,EX,GD,N,2304.43,4.9804688,5.0390625,3.1308594
1764364,ROUND,0.5,SI1,F,EX,EX,EX,F,2304.45,5.0507812,5.0703125,3.1601562
1770689,ROUND,0.5,SI1,E,VG,VG,VG,N,2304.57,4.9492188,5.0117188,3.1992188
1784499,ROUND,0.5,SI1,F,EX,EX,VG,N,2347.68,5.03125,5.0898438,3.1601562
1790439,ROUND,0.5,SI1,F,EX,EX,EX,F,2347.68,5.1914062,5.1992188,3.109375
1767527,ROUND,0.5,VS2,F,VG,VG,GD,N,2348.26,5.1210938,5.140625,3.0
1789382,ROUND,0.75,SI2,J,VG,EX,VG,F,2348.26,5.6484375,5.71875,3.6503906
1784417,ROUND,0.5,VS2,G,VG,EX,VG,F,2348.41,4.9492188,5.0,3.1894531
1784413,ROUND,0.5,VS2,G,VG,EX,VG,F,2348.41,4.9804688,5.0195312,3.1796875
1764366,ROUND,0.5,SI1,F,VG,EX,VG,N,2348.51,4.921875,4.96875,3.1796875
1653397,ROUND,0.52001953,VVS2,G,EX,EX,EX,ST,2330.97,5.1914062,5.21875,3.1601562
1630796,ROUND,0.52001953,SI1,E,EX,EX,EX,F,2331.0,5.25,5.28125,3.1503906
1755953,ROUND,0.5,VVS1,E,VG,EX,VG,ST,2331.36,5.140625,5.1992188,3.0605469
1770261,ROUND,0.5,VS2,E,VG,EX,VG,N,2331.52,4.9296875,4.9492188,3.1992188
1772941,ROUND,0.5,VS1,E,VG,EX,VG,M,2331.59,4.9296875,4.9804688,3.1601562
1748812,ROUND,0.5,VVS1,D,VG,EX,GD,F,2331.59,4.9492188,5.0117188,3.1992188
1644084,ROUND,0.5,VVS2,I,EX,EX,EX,N,2331.64,5.0507812,5.0898438,3.1191406
1644115,ROUND,0.5,VS1,D,GD,EX,VG,N,2331.76,4.859375,4.921875,3.1894531
1761158,ROUND,0.52978516,VS2,I,EX,EX,EX,F,2343.66,5.1484375,5.1914062,3.2304688
1659543,ROUND,0.5097656,VS1,F,EX,EX,EX,ST,2344.01,5.0898438,5.1210938,3.1503906
1753646,ROUND,0.5,VS1,G,VG,EX,VG,F,2344.03,4.9296875,5.0,3.2109375
1770229,ROUND,0.5,VS1,I,VG,EX,VG,N,2344.1,4.9804688,5.03125,3.1894531
1648347,ROUND,0.5,VS2,E,VG,EX,GD,N,2344.52,5.0,5.0390625,3.1191406
1659614,ROUND,0.5,VS1,I,EX,EX,EX,N,2344.61,5.0585938,5.0703125,3.1699219
1648465,ROUND,0.5,SI1,D,EX,EX,EX,F,2344.61,5.1015625,5.140625,3.0996094
1774923,ROUND,0.5800781,SI2,G,EX,EX,EX,N,2344.71,5.3710938,5.390625,3.2792969
1780868,ROUND,0.5,SI1,F,EX,EX,EX,F,2344.89,5.109375,5.140625,3.1699219
1661902,ROUND,0.5097656,VVS1,I,EX,EX,EX,N,2344.99,5.078125,5.109375,3.1894531
1657010,ROUND,0.58984375,VVS2,J,EX,EX,EX,N,2352.51,5.359375,5.390625,3.3496094
1767557,ROUND,0.5,SI1,E,VG,VG,VG,N,2352.55,5.0585938,5.1210938,3.0703125
1776024,ROUND,0.5,VS2,F,VG,VG,GD,N,2352.55,5.0117188,5.0585938,3.1894531
1764336,ROUND,0.5,VS2,I,EX,EX,EX,F,2352.56,5.0507812,5.078125,3.1601562
1746455,ROUND,0.5,VVS2,G,VG,EX,VG,F,2352.62,4.921875,4.96875,3.1699219
1746456,ROUND,0.5,VVS2,G,VG,VG,VG,F,2352.62,5.140625,5.1601562,3.0097656
1758408,ROUND,0.7998047,SI2,K,EX,EX,EX,F,2352.7,5.921875,5.9492188,3.7207031
1667550,ROUND,0.7998047,VS2,M,EX,EX,EX,N,2352.82,5.8789062,5.921875,3.6796875
1659713,ROUND,0.5,VS2,G,VG,EX,VG,F,2353.27,5.0117188,5.0585938,3.1503906
1668766,ROUND,0.5,VS2,G,EX,EX,EX,M,2353.27,5.0390625,5.0703125,3.1699219
1753398,ROUND,0.5097656,VVS1,I,EX,EX,EX,F,2353.27,5.1210938,5.1484375,3.1992188
1648185,ROUND,0.5,VS1,D,VG,VG,GD,N,2336.93,5.0117188,5.0507812,3.140625
1637275,ROUND,0.5,VVS2,H,VG,EX,VG,F,2336.97,5.0703125,5.1210938,3.1503906
1758905,ROUND,0.5600586,SI2,F,EX,EX,EX,N,2337.0,5.28125,5.3007812,3.2890625
1665231,ROUND,0.5,VVS2,I,EX,EX,EX,F,2337.0,5.140625,5.1601562,3.140625
1663713,ROUND,0.5,VVS2,I,EX,EX,EX,F,2337.0,5.0585938,5.078125,3.1796875
1646782,ROUND,0.5,VS1,G,GD,EX,VG,N,2337.04,5.1210938,5.140625,3.0
1671220,ROUND,0.6098633,SI1,I,EX,EX,EX,N,2337.05,5.3710938,5.4101562,3.3691406
1762464,ROUND,0.5,SI1,F,EX,EX,VG,N,2337.35,5.0898438,5.1210938,3.1503906
1758393,ROUND,0.7998047,SI1,L,EX,EX,EX,M,2337.64,5.9296875,5.9609375,3.6992188
1782123,ROUND,0.60009766,VVS2,J,EX,EX,EX,M,2337.69,5.3710938,5.390625,3.3691406
1793794,ROUND,0.5800781,VS1,J,EX,EX,EX,N,2337.83,5.3085938,5.3515625,3.2597656
1761163,ROUND,0.5,VS2,I,EX,EX,EX,N,2332.28,5.0898438,5.1210938,3.1601562
1667797,ROUND,0.5,VS2,E,VG,VG,VG,N,2448.26,4.921875,4.9804688,3.1894531
1658519,ROUND,0.5,VS2,E,VG,EX,VG,N,2448.26,5.0703125,5.1210938,3.0605469
1646908,ROUND,0.5,VS2,F,EX,EX,VG,N,2448.26,5.0,5.0507812,3.1601562
1648374,ROUND,0.5,VS2,F,EX,VG,VG,N,2448.26,5.1210938,5.140625,3.140625
1648369,ROUND,0.5,VS2,F,EX,EX,VG,N,2448.26,5.0585938,5.0898438,3.1601562
1798027,ROUND,0.5,VS2,G,VG,EX,VG,N,2448.27,4.8984375,4.9609375,3.1699219
1798031,ROUND,0.5,VS2,G,VG,EX,VG,N,2448.27,4.96875,5.0390625,3.1503906
1798032,ROUND,0.5,VS2,G,VG,EX,VG,N,2448.27,4.9101562,4.96875,3.1699219
1621760,ROUND,0.5,VS2,G,EX,EX,EX,F,2448.28,5.0390625,5.0703125,3.1601562
1624339,ROUND,0.5,VS2,G,EX,EX,VG,N,2448.28,5.0,5.0507812,3.1699219
1665119,ROUND,0.7001953,VS1,L,EX,EX,EX,N,2448.32,5.75,5.7695312,3.4609375
1643266,ROUND,0.5,SI1,G,EX,EX,EX,N,2448.49,5.0703125,5.1015625,3.1601562
1637754,ROUND,0.5,SI1,G,EX,EX,EX,N,2448.49,5.0390625,5.0703125,3.1601562
1640384,ROUND,0.5,SI1,G,EX,EX,EX,N,2448.49,5.140625,5.1796875,3.0996094
1669914,ROUND,0.5,VVS2,I,EX,EX,EX,N,2448.49,5.0898438,5.1015625,3.1601562
1751169,ROUND,0.5,VS2,G,VG,EX,EX,N,2455.65,4.9296875,4.9804688,3.1601562
1762319,ROUND,0.5,VS2,D,VG,EX,VG,N,2455.69,4.9101562,4.9804688,3.1894531
1666582,ROUND,0.5,VS1,G,EX,EX,VG,F,2527.87,5.1210938,5.1601562,3.0800781
1657065,ROUND,0.5,VS1,G,EX,EX,VG,F,2527.87,5.0390625,5.1015625,3.1601562
1659388,ROUND,0.77978516,VS1,K,EX,EX,EX,ST,2527.87,5.9296875,5.9609375,3.5703125
1654548,ROUND,0.5,VS1,E,VG,EX,EX,N,2527.88,4.96875,5.0,3.1992188
1655964,ROUND,0.5,SI1,E,EX,EX,EX,N,2527.95,5.0507812,5.078125,3.1796875
1765405,ROUND,0.6201172,VS1,J,EX,EX,EX,N,2528.05,5.5585938,5.5703125,3.3300781
1670541,ROUND,0.5498047,VS1,I,EX,EX,EX,F,2528.23,5.2304688,5.2617188,3.2597656
1766492,ROUND,0.42993164,IF,D,EX,EX,EX,N,2528.27,4.921875,4.9414062,2.9707031
1758378,ROUND,0.89990234,SI2,K,VG,VG,VG,M,2528.46,5.9296875,6.0195312,3.9003906
1773776,ROUND,0.52001953,VVS1,H,EX,EX,EX,ST,2550.82,5.1992188,5.21875,3.1503906
1779146,ROUND,0.52001953,SI1,E,EX,EX,EX,N,2550.85,5.1484375,5.171875,3.2207031
1784431,ROUND,0.5498047,VS2,I,EX,EX,EX,N,2551.24,5.2382812,5.28125,3.2207031
1775688,ROUND,0.7998047,VVS2,M,EX,VG,EX,N,2551.26,6.0195312,6.0390625,3.609375
1799202,ROUND,0.52978516,SI1,D,EX,EX,EX,M,2551.31,5.1992188,5.2304688,3.2402344
1641690,ROUND,0.5,VS2,E,VG,EX,EX,N,2551.31,5.078125,5.109375,3.1503906
1667669,ROUND,0.6098633,VVS2,J,EX,EX,EX,F,2551.35,5.4101562,5.4296875,3.3808594
1796759,ROUND,0.52978516,VS2,I,EX,EX,EX,N,2551.36,5.171875,5.1992188,3.25
1778035,ROUND,0.5498047,SI1,F,EX,EX,EX,N,2551.39,5.2617188,5.2890625,3.2402344
1638973,ROUND,0.5,VS2,F,EX,EX,VG,N,2551.42,5.0390625,5.109375,3.0898438
1751155,ROUND,0.5498047,VS2,F,EX,EX,EX,M,2551.46,5.21875,5.25,3.25
1776018,ROUND,0.5097656,VS2,F,VG,EX,VG,N,2551.49,5.1796875,5.2382812,3.0507812
1649397,ROUND,0.8300781,IF,M,EX,EX,EX,M,2551.5,6.03125,6.0507812,3.7597656
1655866,ROUND,0.5,VS2,F,EX,EX,EX,F,2568.5,5.0390625,5.078125,3.1699219
1614381,ROUND,0.5,VVS1,H,EX,VG,EX,N,2568.5,5.0585938,5.0898438,3.1601562
1655664,ROUND,0.5,VVS2,E,EX,EX,EX,M,2568.78,5.0898438,5.109375,3.1796875
1673057,ROUND,0.5,VVS2,E,EX,EX,EX,M,2568.78,5.0390625,5.0703125,3.1601562
1658395,ROUND,0.5,VS1,D,VG,EX,VG,N,2568.78,5.0390625,5.078125,3.1796875
1635138,ROUND,0.5,VS1,D,VG,EX,EX,N,2568.78,5.0585938,5.078125,3.1191406
1655715,ROUND,0.5,VS1,D,VG,EX,VG,N,2568.78,4.96875,5.0117188,3.1796875
1646706,ROUND,0.5,VS1,D,VG,EX,EX,N,2568.78,5.0898438,5.1210938,3.109375
1671159,ROUND,0.5,VS1,D,VG,EX,VG,N,2568.78,4.9296875,4.9882812,3.1796875
1768235,ROUND,0.5,VVS1,E,VG,EX,EX,F,2568.8,4.9414062,4.9804688,3.2109375
1784384,ROUND,0.5,VS2,E,VG,EX,VG,N,2568.8,5.1015625,5.1601562,3.0800781
1755270,ROUND,0.5,SI1,F,EX,EX,EX,N,2568.8,5.0898438,5.109375,3.1308594
1637432,ROUND,0.5600586,VS1,I,EX,EX,EX,F,2447.07,5.2382812,5.2695312,3.2890625
1763296,ROUND,0.5,VS2,E,VG,EX,VG,N,2447.12,4.9296875,4.9609375,3.2207031
1749540,ROUND,0.5,VS2,D,VG,EX,VG,N,2447.17,4.9492188,5.0,3.1191406
1755250,ROUND,0.5,SI1,D,EX,VG,EX,N,2447.32,5.140625,5.1601562,3.0703125
1766094,ROUND,0.7001953,SI1,J,VG,EX,VG,N,2447.39,5.5390625,5.5898438,3.5195312
210419-164,ROUND,1.0,SI2,L,EX,EX,VG,N,2447.48,6.5117188,6.46875,3.8808594
1672772,ROUND,0.5,VS2,G,VG,VG,VG,N,2447.64,5.0195312,5.0703125,3.109375
1637589,ROUND,0.5,VS2,G,EX,EX,VG,N,2447.64,5.140625,5.1601562,3.0703125
1621717,ROUND,0.5,VS1,F,VG,EX,VG,N,2507.91,5.0585938,5.0898438,3.0898438
1768989,ROUND,0.5,VS1,G,VG,VG,VG,N,2507.96,4.9296875,4.9804688,3.1796875
1649571,ROUND,0.5,VVS1,I,EX,EX,EX,F,2508.02,5.1796875,5.1992188,3.0996094
1776021,ROUND,0.5,VS2,F,VG,EX,VG,N,2508.1,5.0390625,5.109375,3.1503906
1776695,ROUND,0.75,SI1,K,EX,EX,EX,N,2508.11,5.7890625,5.8203125,3.6308594
1704549,ROUND,0.64990234,SI2,H,EX,EX,EX,N,2508.64,5.5585938,5.5898438,3.4296875
1654519,ROUND,0.5,VVS2,G,EX,EX,EX,M,2508.78,5.0507812,5.0703125,3.1796875
1662487,ROUND,0.5,VVS1,I,EX,EX,EX,F,2508.85,5.03125,5.0703125,3.1699219
1784496,ROUND,0.5,SI1,F,EX,EX,EX,N,2508.86,5.1015625,5.1210938,3.1191406
1786217,ROUND,0.5,SI1,F,EX,EX,EX,N,2508.86,5.0703125,5.1015625,3.1796875
1793860,ROUND,0.5,VS2,F,VG,EX,VG,F,2470.85,4.9414062,5.0,3.1894531
1799163,ROUND,0.5,VS2,F,VG,VG,VG,N,2470.85,4.9414062,5.0,3.1601562
1797992,ROUND,0.5,VS2,F,VG,EX,VG,N,2470.85,5.109375,5.171875,3.0605469
1641892,ROUND,0.58984375,SI1,H,EX,EX,EX,F,2470.9,5.4101562,5.4414062,3.3007812
1783319,ROUND,0.5,SI1,E,EX,EX,EX,N,2470.92,5.0703125,5.0898438,3.1796875
1637304,ROUND,0.5,VS1,D,EX,EX,EX,M,2470.95,5.0585938,5.0898438,3.1699219
1624176,ROUND,0.5600586,VS1,H,EX,EX,EX,N,2471.36,5.3085938,5.3515625,3.2695312
1739279,ROUND,0.6201172,SI2,F,EX,EX,EX,N,2471.39,5.5390625,5.5585938,3.3203125
1663858,ROUND,0.5,SI1,E,EX,EX,EX,N,2471.74,5.171875,5.1796875,3.0996094
1665466,ROUND,0.5,SI1,E,EX,EX,EX,N,2471.74,5.1289062,5.1484375,3.109375
1672794,ROUND,0.5,SI1,E,EX,EX,EX,N,2471.74,5.1210938,5.1484375,3.1308594
1647553,ROUND,0.5,VS1,D,EX,EX,EX,M,2471.74,5.0390625,5.0585938,3.1699219
1665461,ROUND,0.5,SI1,D,EX,EX,VG,N,2452.64,5.0195312,5.0585938,3.1699219
1655955,ROUND,0.5,SI1,D,EX,EX,EX,N,2452.64,5.0703125,5.0898438,3.1699219
1658625,ROUND,0.5,SI1,D,EX,EX,EX,N,2452.64,5.0898438,5.109375,3.1699219
1657281,ROUND,0.5,SI1,D,EX,EX,EX,N,2452.64,5.1484375,5.171875,3.1308594
1652355,ROUND,0.5,SI1,F,EX,EX,EX,N,2452.69,5.03125,5.0585938,3.1699219
1624337,ROUND,0.5,VS2,G,EX,EX,EX,F,2452.76,5.140625,5.171875,3.1191406
1665044,ROUND,0.89990234,VS1,Q-R,EX,EX,EX,N,2452.76,6.1015625,6.140625,3.859375
1751206,ROUND,0.5,SI1,E,EX,EX,EX,N,2453.1,5.0,5.0390625,3.1796875
1773024,ROUND,0.5,SI1,E,EX,EX,EX,N,2453.1,5.03125,5.0585938,3.1601562
1789435,ROUND,0.5,VS2,D,VG,EX,VG,N,2453.2,4.9296875,4.9609375,3.1894531
1774887,ROUND,0.52001953,SI1,H,EX,EX,EX,N,2453.41,5.109375,5.1289062,3.1992188
1630512,ROUND,0.5,VS1,H,EX,EX,VG,N,2453.69,5.0898438,5.1289062,3.1191406
