Shape_CUSHION,Shape_EMERALD,Shape_HEART,Shape_MARQUISE,Shape_OVAL,Shape_PEAR,Shape_PRINCESS,Shape_ROUND,Weight,Clarity,Colour,Cut,Polish,Symmetry,Fluorescence,Price,Length,Width,Depth
1.0,0.0,0.0,0.0,0.0,0.0,0.0,0.0,0.5498047,3.0,17.0,3.0,3.0,2.0,0.0,1378.65,5.0507812,4.3515625,2.9394531
1.0,0.0,0.0,0.0,0.0,0.0,0.0,0.0,0.5,8.0,19.0,3.0,3.0,2.0,2.0,1379.74,4.6015625,4.3085938,2.9199219
1.0,0.0,0.0,0.0,0.0,0.0,0.0,0.0,0.5097656,5.0,14.0,3.0,3.0,2.0,0.0,1380.19,4.7109375,4.3515625,2.9394531
1.0,0.0,0.0,0.0,0.0,0.0,0.0,0.0,0.5,5.0,14.0,3.0,3.0,2.0,0.0,1380.61,4.9101562,4.2617188,2.8808594
1.0,0.0,0.0,0.0,0.0,0.0,0.0,0.0,0.52978516,4.0,18.0,3.0,2.0,2.0,0.0,1383.13,4.6992188,4.4609375,3.0097656
1.0,0.0,0.0,0.0,0.0,0.0,0.0,0.0,0.52001953,8.0,13.0,3.0,3.0,2.0,0.0,1384.24,4.7617188,4.421875,2.9902344
1.0,0.0,0.0,0.0,0.0,0.0,0.0,0.0,0.5097656,5.0,13.0,3.0,3.0,2.0,2.0,1385.26,5.1601562,4.2109375,2.8496094
1.0,0.0,0.0,0.0,0.0,0.0,0.0,0.0,0.5,4.0,17.0,2.0,3.0,2.0,0.0,1385.91,4.9101562,4.171875,2.9003906
1.0,0.0,0.0,0.0,0.0,0.0,0.0,0.0,0.5,7.0,13.0,3.0,3.0,2.0,0.0,1385.94,4.4804688,4.3789062,3.0390625
1.0,0.0,0.0,0.0,0.0,0.0,0.0,0.0,0.5097656,4.0,13.0,3.0,3.0,3.0,0.0,1387.05,4.5507812,4.5,3.0195312
1.0,0.0,0.0,0.0,0.0,0.0,0.0,0.0,0.5,4.0,18.0,3.0,3.0,1.0,0.0,1389.25,4.890625,4.2382812,2.8398438
1.0,0.0,0.0,0.0,0.0,0.0,0.0,0.0,0.5,6.0,13.0,3.0,3.0,2.0,0.0,1390.19,5.0507812,4.2109375,2.8300781
1.0,0.0,0.0,0.0,0.0,0.0,0.0,0.0,0.5498047,8.0,13.0,3.0,3.0,2.0,0.0,1391.02,4.6914062,4.5,3.0390625
1.0,0.0,0.0,0.0,0.0,0.0,0.0,0.0,0.5498047,6.0,14.0,3.0,3.0,3.0,4.0,1392.9,4.78125,4.5195312,3.0390625
1.0,0.0,0.0,0.0,0.0,0.0,0.0,0.0,0.91015625,4.0,9.0,3.0,3.0,3.0,2.0,1393.76,6.0898438,5.109375,3.4707031
1.0,0.0,0.0,0.0,0.0,0.0,0.0,0.0,0.52001953,6.0,14.0,3.0,3.0,2.0,1.0,1319.56,4.640625,4.4804688,3.0292969
1.0,0.0,0.0,0.0,0.0,0.0,0.0,0.0,0.5,8.0,13.0,3.0,3.0,2.0,0.0,1320.14,4.6289062,4.328125,2.9199219
1.0,0.0,0.0,0.0,0.0,0.0,0.0,0.0,0.70996094,6.0,11.0,3.0,3.0,2.0,0.0,1320.7,5.7304688,4.7109375,3.1992188
1.0,0.0,0.0,0.0,0.0,0.0,0.0,0.0,1.1201172,0.0,19.0,3.0,2.0,2.0,2.0,1323.08,6.0117188,5.640625,3.8300781
1.0,0.0,0.0,0.0,0.0,0.0,0.0,0.0,0.5097656,7.0,13.0,3.0,3.0,2.0,0.0,1324.64,4.53125,4.4296875,3.0
1.0,0.0,0.0,0.0,0.0,0.0,0.0,0.0,1.0,2.0,1.0,3.0,2.0,1.0,2.0,1325.01,6.5117188,5.3085938,3.2695312
1.0,0.0,0.0,0.0,0.0,0.0,0.0,0.0,0.52001953,8.0,13.0,3.0,3.0,2.0,0.0,1326.87,4.6914062,4.46875,3.0292969
1.0,0.0,0.0,0.0,0.0,0.0,0.0,0.0,0.72021484,5.0,19.0,3.0,3.0,3.0,2.0,1328.48,5.2109375,4.8710938,3.2109375
1.0,0.0,0.0,0.0,0.0,0.0,0.0,0.0,0.8198242,6.0,9.0,3.0,3.0,3.0,1.0,1329.81,5.2304688,5.1992188,3.5292969
1.0,0.0,0.0,0.0,0.0,0.0,0.0,0.0,0.72021484,9.0,0.0,3.0,3.0,1.0,0.0,1330.5,5.0898438,4.8710938,3.2890625
1.0,0.0,0.0,0.0,0.0,0.0,0.0,0.0,0.5,3.0,14.0,3.0,3.0,2.0,0.0,1330.91,5.1289062,4.1210938,2.7792969
1.0,0.0,0.0,0.0,0.0,0.0,0.0,0.0,0.5,3.0,17.0,3.0,3.0,2.0,0.0,1331.01,4.671875,4.28125,2.9003906
1.0,0.0,0.0,0.0,0.0,0.0,0.0,0.0,0.7998047,4.0,8.0,3.0,3.0,2.0,1.0,1332.09,5.46875,4.96875,3.3808594
1.0,0.0,0.0,0.0,0.0,0.0,0.0,0.0,0.52001953,4.0,13.0,3.0,3.0,2.0,0.0,1332.82,4.6210938,4.3984375,2.9902344
1.0,0.0,0.0,0.0,0.0,0.0,0.0,0.0,0.52978516,6.0,12.0,3.0,3.0,3.0,0.0,1422.74,4.6992188,4.4492188,3.0097656
1.0,0.0,0.0,0.0,0.0,0.0,0.0,0.0,0.5097656,6.0,19.0,3.0,2.0,2.0,2.0,1424.23,4.6210938,4.4804688,2.9707031
1.0,0.0,0.0,0.0,0.0,0.0,0.0,0.0,0.52978516,6.0,13.0,3.0,3.0,2.0,0.0,1424.37,5.1914062,4.2890625,2.9003906
1.0,0.0,0.0,0.0,0.0,0.0,0.0,0.0,0.5,5.0,17.0,3.0,3.0,2.0,1.0,1429.01,5.0117188,4.28125,2.7890625
1.0,0.0,0.0,0.0,0.0,0.0,0.0,0.0,0.52001953,8.0,13.0,3.0,3.0,2.0,0.0,1430.13,4.5703125,4.46875,3.0292969
1.0,0.0,0.0,0.0,0.0,0.0,0.0,0.0,0.5,5.0,16.0,2.0,3.0,3.0,4.0,1436.5,4.7617188,4.1992188,2.9394531
1.0,0.0,0.0,0.0,0.0,0.0,0.0,0.0,0.75,6.0,10.0,3.0,3.0,2.0,2.0,1437.68,5.6992188,4.78125,3.2304688
1.0,0.0,0.0,0.0,0.0,0.0,0.0,0.0,0.5,5.0,14.0,2.0,3.0,2.0,0.0,1439.96,4.9609375,4.2109375,2.8691406
1.0,0.0,0.0,0.0,0.0,0.0,0.0,0.0,0.9399414,4.0,9.0,2.0,3.0,2.0,2.0,1441.31,5.8710938,5.1796875,3.609375
1.0,0.0,0.0,0.0,0.0,0.0,0.0,0.0,0.7001953,4.0,13.0,3.0,3.0,2.0,0.0,1444.75,5.28125,4.8085938,3.2597656
1.0,0.0,0.0,0.0,0.0,0.0,0.0,0.0,0.5498047,5.0,14.0,3.0,3.0,2.0,0.0,1445.15,5.3398438,4.2695312,2.859375
1.0,0.0,0.0,0.0,0.0,0.0,0.0,0.0,0.5,5.0,15.0,3.0,3.0,2.0,2.0,1447.35,4.4882812,4.4609375,3.0097656
1.0,0.0,0.0,0.0,0.0,0.0,0.0,0.0,1.0800781,4.0,19.0,3.0,2.0,2.0,0.0,1447.51,5.9492188,5.5703125,3.7597656
1.0,0.0,0.0,0.0,0.0,0.0,0.0,0.0,0.5,5.0,15.0,2.0,3.0,1.0,0.0,1450.02,4.7695312,4.3203125,2.8496094
1.0,0.0,0.0,0.0,0.0,0.0,0.0,0.0,0.5,6.0,13.0,3.0,3.0,2.0,0.0,1450.05,4.6914062,4.3398438,2.9199219
1.0,0.0,0.0,0.0,0.0,0.0,0.0,0.0,0.72021484,2.0,19.0,3.0,2.0,1.0,1.0,1054.14,5.5507812,4.671875,3.1699219
1.0,0.0,0.0,0.0,0.0,0.0,0.0,0.0,0.4399414,4.0,18.0,3.0,2.0,1.0,1.0,1059.29,4.9492188,4.0,2.6796875
1.0,0.0,0.0,0.0,0.0,0.0,0.0,0.0,0.39990234,5.0,13.0,3.0,3.0,2.0,0.0,1065.38,4.78125,3.890625,2.640625
1.0,0.0,0.0,0.0,0.0,0.0,0.0,0.0,0.5498047,5.0,6.0,3.0,3.0,3.0,0.0,1067.66,4.6289062,4.5703125,3.0996094
1.0,0.0,0.0,0.0,0.0,0.0,0.0,0.0,0.4099121,4.0,16.0,3.0,3.0,2.0,0.0,1071.87,4.6601562,3.9804688,2.640625
1.0,0.0,0.0,0.0,0.0,0.0,0.0,0.0,0.3100586,8.0,17.0,3.0,3.0,2.0,0.0,1072.54,3.9492188,3.7792969,2.5292969
1.0,0.0,0.0,0.0,0.0,0.0,0.0,0.0,0.5498047,8.0,11.0,3.0,3.0,2.0,0.0,1075.21,4.7382812,4.4804688,3.0390625
1.0,0.0,0.0,0.0,0.0,0.0,0.0,0.0,0.7001953,5.0,8.0,3.0,3.0,2.0,1.0,1078.14,5.2304688,4.75,3.2207031
1.0,0.0,0.0,0.0,0.0,0.0,0.0,0.0,0.39990234,6.0,13.0,3.0,3.0,2.0,0.0,1078.32,4.25,4.0585938,2.7402344
1.0,0.0,0.0,0.0,0.0,0.0,0.0,0.0,0.6098633,8.0,0.0,3.0,3.0,2.0,0.0,1087.25,4.6601562,4.6015625,3.109375
1.0,0.0,0.0,0.0,0.0,0.0,0.0,0.0,0.75,4.0,11.0,3.0,3.0,2.0,0.0,1087.54,5.5898438,4.8515625,3.2695312
1.0,0.0,0.0,0.0,0.0,0.0,0.0,0.0,0.52001953,4.0,11.0,3.0,2.0,2.0,2.0,1094.65,4.6992188,4.4101562,2.9707031
1.0,0.0,0.0,0.0,0.0,0.0,0.0,0.0,0.58984375,3.0,16.0,3.0,3.0,2.0,0.0,1094.8,4.96875,4.53125,3.0605469
1.0,0.0,0.0,0.0,0.0,0.0,0.0,0.0,0.5,5.0,19.0,3.0,3.0,1.0,0.0,1103.97,4.3085938,4.2890625,2.9101562
1.0,0.0,0.0,0.0,0.0,0.0,0.0,0.0,1.0195312,4.0,19.0,3.0,3.0,3.0,2.0,1105.68,6.5117188,5.28125,3.5800781
1.0,0.0,0.0,0.0,0.0,0.0,0.0,0.0,0.5097656,6.0,12.0,3.0,3.0,2.0,0.0,1199.41,4.9804688,4.25,2.8496094
1.0,0.0,0.0,0.0,0.0,0.0,0.0,0.0,0.75,7.0,10.0,2.0,3.0,1.0,4.0,1205.7,5.2890625,4.9414062,3.4492188
1.0,0.0,0.0,0.0,0.0,0.0,0.0,0.0,0.52001953,8.0,19.0,3.0,3.0,2.0,1.0,1207.12,4.46875,4.328125,2.9394531
1.0,0.0,0.0,0.0,0.0,0.0,0.0,0.0,0.52001953,4.0,13.0,3.0,3.0,2.0,2.0,1211.61,4.7695312,4.4296875,2.9902344
1.0,0.0,0.0,0.0,0.0,0.0,0.0,0.0,0.64990234,7.0,4.0,3.0,3.0,3.0,1.0,1212.41,5.0,4.640625,3.1503906
1.0,0.0,0.0,0.0,0.0,0.0,0.0,0.0,0.52978516,7.0,12.0,3.0,3.0,2.0,0.0,1213.74,4.5898438,4.4492188,3.0097656
1.0,0.0,0.0,0.0,0.0,0.0,0.0,0.0,0.5698242,4.0,19.0,3.0,3.0,1.0,1.0,1214.05,4.828125,4.5585938,3.0800781
1.0,0.0,0.0,0.0,0.0,0.0,0.0,0.0,0.5,6.0,13.0,3.0,3.0,2.0,1.0,1214.62,4.4414062,4.4296875,3.0097656
1.0,0.0,0.0,0.0,0.0,0.0,0.0,0.0,0.5,7.0,12.0,3.0,3.0,2.0,1.0,1215.54,4.5507812,4.3984375,2.9804688
1.0,0.0,0.0,0.0,0.0,0.0,0.0,0.0,0.4699707,4.0,16.0,3.0,3.0,1.0,0.0,1217.29,4.9296875,4.1601562,2.7890625
1.0,0.0,0.0,0.0,0.0,0.0,0.0,0.0,0.5,4.0,17.0,3.0,2.0,1.0,0.0,1226.85,5.1289062,4.1289062,2.8007812
1.0,0.0,0.0,0.0,0.0,0.0,0.0,0.0,0.70996094,5.0,8.0,3.0,3.0,3.0,0.0,1230.89,5.8007812,4.640625,3.1503906
1.0,0.0,0.0,0.0,0.0,0.0,0.0,0.0,0.5,5.0,13.0,3.0,3.0,2.0,2.0,1231.96,4.4414062,4.421875,2.9804688
1.0,0.0,0.0,0.0,0.0,0.0,0.0,0.0,0.89990234,4.0,9.0,3.0,3.0,3.0,4.0,1237.55,5.6210938,5.2695312,3.5605469
1.0,0.0,0.0,0.0,0.0,0.0,0.0,0.0,0.5,4.0,19.0,3.0,3.0,2.0,2.0,1241.42,4.4414062,4.4101562,2.9492188
1.0,0.0,0.0,0.0,0.0,0.0,0.0,0.0,0.5097656,4.0,12.0,3.0,3.0,2.0,0.0,1286.16,4.6992188,4.3710938,2.9707031
1.0,0.0,0.0,0.0,0.0,0.0,0.0,0.0,0.5600586,3.0,19.0,3.0,1.0,1.0,2.0,1286.93,4.71875,4.4296875,3.0
1.0,0.0,0.0,0.0,0.0,0.0,0.0,0.0,0.52001953,8.0,13.0,3.0,3.0,2.0,2.0,1292.65,4.6015625,4.4882812,3.0292969
1.0,0.0,0.0,0.0,0.0,0.0,0.0,0.0,0.41992188,8.0,19.0,3.0,3.0,1.0,1.0,1293.39,4.2382812,4.1601562,2.6796875
1.0,0.0,0.0,0.0,0.0,0.0,0.0,0.0,0.89990234,3.0,9.0,2.0,3.0,2.0,2.0,1295.14,5.9101562,5.0507812,3.5195312
1.0,0.0,0.0,0.0,0.0,0.0,0.0,0.0,0.60009766,8.0,19.0,3.0,3.0,2.0,1.0,1298.13,4.6601562,4.6210938,3.1308594
1.0,0.0,0.0,0.0,0.0,0.0,0.0,0.0,0.5097656,4.0,14.0,3.0,3.0,3.0,4.0,1299.02,4.5703125,4.4492188,2.9804688
1.0,0.0,0.0,0.0,0.0,0.0,0.0,0.0,0.5,6.0,14.0,2.0,3.0,2.0,0.0,1301.12,4.890625,4.25,2.8496094
1.0,0.0,0.0,0.0,0.0,0.0,0.0,0.0,0.7001953,4.0,10.0,3.0,3.0,2.0,0.0,1303.27,5.3085938,4.828125,3.2695312
1.0,0.0,0.0,0.0,0.0,0.0,0.0,0.0,0.5,4.0,19.0,3.0,2.0,1.0,2.0,1303.67,4.5703125,4.3515625,2.8808594
1.0,0.0,0.0,0.0,0.0,0.0,0.0,0.0,0.85009766,5.0,9.0,3.0,3.0,3.0,4.0,1311.39,6.1210938,4.8984375,3.3398438
1.0,0.0,0.0,0.0,0.0,0.0,0.0,0.0,0.5,4.0,13.0,3.0,3.0,2.0,2.0,1313.99,4.9296875,4.2617188,2.8496094
1.0,0.0,0.0,0.0,0.0,0.0,0.0,0.0,0.70996094,7.0,10.0,2.0,3.0,2.0,0.0,1315.61,5.0390625,4.8203125,3.3691406
1.0,0.0,0.0,0.0,0.0,0.0,0.0,0.0,0.5,4.0,16.0,2.0,2.0,1.0,0.0,1315.83,4.96875,4.2109375,2.8105469
1.0,0.0,0.0,0.0,0.0,0.0,0.0,0.0,0.5,4.0,15.0,3.0,2.0,2.0,2.0,1317.62,4.7109375,4.2890625,2.9003906
1.0,0.0,0.0,0.0,0.0,0.0,0.0,0.0,0.5,5.0,16.0,2.0,3.0,3.0,0.0,1584.58,4.7109375,4.2382812,2.9492188
1.0,0.0,0.0,0.0,0.0,0.0,0.0,0.0,0.5097656,5.0,14.0,3.0,3.0,2.0,0.0,1586.1,5.0117188,4.3085938,2.8398438
1.0,0.0,0.0,0.0,0.0,0.0,0.0,0.0,0.5097656,5.0,14.0,3.0,3.0,2.0,0.0,1586.1,4.921875,4.2617188,2.890625
1.0,0.0,0.0,0.0,0.0,0.0,0.0,0.0,0.5498047,4.0,17.0,3.0,3.0,3.0,0.0,1587.37,4.8398438,4.4609375,3.0195312
1.0,0.0,0.0,0.0,0.0,0.0,0.0,0.0,0.5,5.0,16.0,2.0,3.0,2.0,0.0,1587.87,4.53125,4.3710938,3.0390625
1.0,0.0,0.0,0.0,0.0,0.0,0.0,0.0,0.58984375,4.0,14.0,3.0,3.0,2.0,0.0,1588.29,5.1796875,4.4882812,3.0507812
1.0,0.0,0.0,0.0,0.0,0.0,0.0,0.0,0.7001953,3.0,19.0,3.0,3.0,1.0,0.0,1588.43,4.7890625,4.7890625,3.25
1.0,0.0,0.0,0.0,0.0,0.0,0.0,0.0,0.52978516,4.0,16.0,3.0,3.0,2.0,0.0,1588.5,4.7304688,4.390625,2.9804688
1.0,0.0,0.0,0.0,0.0,0.0,0.0,0.0,0.5,5.0,15.0,3.0,3.0,2.0,0.0,1590.29,4.9414062,4.2382812,2.7890625
1.0,0.0,0.0,0.0,0.0,0.0,0.0,0.0,0.5,6.0,14.0,3.0,3.0,3.0,0.0,1590.29,4.5585938,4.3789062,2.9707031
1.0,0.0,0.0,0.0,0.0,0.0,0.0,0.0,0.5,5.0,17.0,3.0,3.0,2.0,2.0,1591.24,4.9101562,4.1914062,2.8398438
1.0,0.0,0.0,0.0,0.0,0.0,0.0,0.0,0.5,5.0,17.0,2.0,3.0,2.0,0.0,1591.24,4.7382812,4.390625,2.859375
1.0,0.0,0.0,0.0,0.0,0.0,0.0,0.0,0.5097656,8.0,15.0,3.0,2.0,2.0,2.0,1592.88,4.9882812,4.2617188,2.8808594
1.0,0.0,0.0,0.0,0.0,0.0,0.0,0.0,0.5,6.0,17.0,3.0,3.0,2.0,2.0,1593.89,4.9296875,4.2382812,2.8496094
1.0,0.0,0.0,0.0,0.0,0.0,0.0,0.0,0.5,5.0,15.0,3.0,3.0,2.0,0.0,1594.52,4.859375,4.2109375,2.8496094
1.0,0.0,0.0,0.0,0.0,0.0,0.0,0.0,0.42993164,4.0,9.0,3.0,3.0,2.0,1.0,683.22,4.3789062,4.3398438,2.7207031
1.0,0.0,0.0,0.0,0.0,0.0,0.0,0.0,0.52001953,6.0,4.0,3.0,3.0,2.0,1.0,718.92,4.5507812,4.3789062,2.9707031
1.0,0.0,0.0,0.0,0.0,0.0,0.0,0.0,0.5,4.0,9.0,3.0,3.0,2.0,2.0,725.32,4.859375,4.2304688,2.8691406
1.0,0.0,0.0,0.0,0.0,0.0,0.0,0.0,0.5,5.0,9.0,2.0,3.0,1.0,0.0,771.13,4.5117188,4.46875,2.9804688
1.0,0.0,0.0,0.0,0.0,0.0,0.0,0.0,0.5,7.0,9.0,3.0,3.0,2.0,2.0,772.88,4.9414062,4.2695312,2.8808594
1.0,0.0,0.0,0.0,0.0,0.0,0.0,0.0,0.39990234,5.0,11.0,2.0,3.0,2.0,1.0,795.69,4.5117188,3.8496094,2.6796875
1.0,0.0,0.0,0.0,0.0,0.0,0.0,0.0,0.3400879,4.0,19.0,3.0,2.0,2.0,1.0,803.43,4.03125,3.8808594,2.6699219
1.0,0.0,0.0,0.0,0.0,0.0,0.0,0.0,0.58984375,5.0,3.0,2.0,3.0,1.0,0.0,807.91,4.640625,4.5703125,3.1894531
1.0,0.0,0.0,0.0,0.0,0.0,0.0,0.0,0.5097656,4.0,8.0,3.0,3.0,2.0,2.0,816.68,4.921875,4.2695312,2.890625
1.0,0.0,0.0,0.0,0.0,0.0,0.0,0.0,0.5,8.0,10.0,2.0,3.0,2.0,4.0,822.17,4.71875,4.2304688,2.9492188
1.0,0.0,0.0,0.0,0.0,0.0,0.0,0.0,0.5,6.0,11.0,2.0,3.0,2.0,2.0,830.89,4.6992188,4.2382812,2.9296875
1.0,0.0,0.0,0.0,0.0,0.0,0.0,0.0,0.5097656,6.0,10.0,2.0,3.0,1.0,0.0,839.64,4.6914062,4.3203125,2.9492188
1.0,0.0,0.0,0.0,0.0,0.0,0.0,0.0,0.5,6.0,9.0,2.0,3.0,2.0,2.0,840.29,4.9101562,4.1914062,2.890625
1.0,0.0,0.0,0.0,0.0,0.0,0.0,0.0,0.6098633,3.0,0.0,3.0,3.0,0.0,2.0,847.83,4.8203125,4.71875,3.0898438
1.0,0.0,0.0,0.0,0.0,0.0,0.0,0.0,0.52001953,4.0,10.0,3.0,3.0,2.0,0.0,869.06,5.0195312,4.2304688,2.8808594
1.0,0.0,0.0,0.0,0.0,0.0,0.0,0.0,0.7998047,5.0,9.0,3.0,3.0,3.0,0.0,1358.39,5.421875,5.0507812,3.4199219
1.0,0.0,0.0,0.0,0.0,0.0,0.0,0.0,0.5097656,4.0,19.0,3.0,3.0,2.0,0.0,1358.98,5.0117188,4.1210938,2.7890625
1.0,0.0,0.0,0.0,0.0,0.0,0.0,0.0,0.5,6.0,12.0,3.0,3.0,2.0,0.0,1361.35,4.9296875,4.2617188,2.8691406
1.0,0.0,0.0,0.0,0.0,0.0,0.0,0.0,0.5,3.0,16.0,3.0,3.0,1.0,0.0,1363.32,4.6210938,4.4609375,2.9707031
1.0,0.0,0.0,0.0,0.0,0.0,0.0,0.0,0.5097656,5.0,19.0,3.0,1.0,1.0,0.0,1364.27,4.75,4.28125,2.9003906
1.0,0.0,0.0,0.0,0.0,0.0,0.0,0.0,0.5,5.0,14.0,3.0,3.0,2.0,0.0,1365.18,4.96875,4.2382812,2.8691406
1.0,0.0,0.0,0.0,0.0,0.0,0.0,0.0,0.52978516,6.0,13.0,3.0,3.0,2.0,0.0,1365.72,4.7109375,4.5117188,3.0390625
1.0,0.0,0.0,0.0,0.0,0.0,0.0,0.0,0.5,5.0,14.0,3.0,2.0,2.0,2.0,1366.08,4.609375,4.4296875,2.9492188
1.0,0.0,0.0,0.0,0.0,0.0,0.0,0.0,0.5097656,6.0,13.0,3.0,3.0,3.0,1.0,1373.97,4.6289062,4.4296875,2.9707031
1.0,0.0,0.0,0.0,0.0,0.0,0.0,0.0,0.5,4.0,15.0,3.0,2.0,2.0,0.0,1374.14,5.03125,4.171875,2.8300781
1.0,0.0,0.0,0.0,0.0,0.0,0.0,0.0,0.5,4.0,15.0,3.0,3.0,2.0,0.0,1374.14,5.0585938,4.2304688,2.8398438
1.0,0.0,0.0,0.0,0.0,0.0,0.0,0.0,0.52001953,9.0,13.0,3.0,3.0,2.0,0.0,1374.36,5.078125,4.3085938,2.8691406
1.0,0.0,0.0,0.0,0.0,0.0,0.0,0.0,0.5,5.0,13.0,3.0,3.0,2.0,0.0,1377.17,4.5195312,4.3515625,2.9296875
1.0,0.0,0.0,0.0,0.0,0.0,0.0,0.0,0.5,4.0,13.0,3.0,3.0,3.0,2.0,1377.4,4.6992188,4.2695312,2.9003906
1.0,0.0,0.0,0.0,0.0,0.0,0.0,0.0,0.5,4.0,15.0,2.0,3.0,1.0,0.0,1378.21,4.4296875,4.3984375,3.0703125
1.0,0.0,0.0,0.0,0.0,0.0,0.0,0.0,0.52001953,4.0,17.0,3.0,3.0,3.0,2.0,1607.14,4.8203125,4.421875,2.890625
1.0,0.0,0.0,0.0,0.0,0.0,0.0,0.0,0.52001953,5.0,14.0,3.0,3.0,2.0,2.0,1607.14,4.6210938,4.4804688,3.0097656
1.0,0.0,0.0,0.0,0.0,0.0,0.0,0.0,0.5,5.0,15.0,3.0,2.0,2.0,0.0,1607.19,4.578125,4.390625,2.9609375
1.0,0.0,0.0,0.0,0.0,0.0,0.0,0.0,0.7998047,7.0,11.0,2.0,2.0,2.0,0.0,1607.28,5.25,5.078125,3.5195312
1.0,0.0,0.0,0.0,0.0,0.0,0.0,0.0,0.52001953,5.0,17.0,3.0,3.0,3.0,2.0,1607.9,4.9609375,4.3085938,2.8300781
1.0,0.0,0.0,0.0,0.0,0.0,0.0,0.0,1.0195312,3.0,10.0,3.0,3.0,3.0,1.0,1609.43,6.2695312,5.4296875,3.6308594
1.0,0.0,0.0,0.0,0.0,0.0,0.0,0.0,0.5,5.0,15.0,3.0,3.0,2.0,0.0,1609.73,4.5898438,4.3789062,2.9707031
1.0,0.0,0.0,0.0,0.0,0.0,0.0,0.0,0.5,6.0,16.0,3.0,2.0,2.0,0.0,1610.67,4.859375,4.21875,2.8496094
1.0,0.0,0.0,0.0,0.0,0.0,0.0,0.0,0.89990234,5.0,19.0,3.0,3.0,2.0,0.0,1611.08,6.0390625,5.0898438,3.4199219
1.0,0.0,0.0,0.0,0.0,0.0,0.0,0.0,0.5600586,3.0,19.0,3.0,3.0,1.0,2.0,1611.85,4.5585938,4.46875,3.1191406
1.0,0.0,0.0,0.0,0.0,0.0,0.0,0.0,0.7001953,6.0,11.0,2.0,3.0,1.0,0.0,1612.09,4.921875,4.828125,3.3691406
1.0,0.0,0.0,0.0,0.0,0.0,0.0,0.0,0.7597656,6.0,11.0,3.0,3.0,2.0,0.0,1612.64,5.3515625,5.0117188,3.3808594
1.0,0.0,0.0,0.0,0.0,0.0,0.0,0.0,0.5,5.0,17.0,3.0,3.0,1.0,0.0,1613.14,4.921875,4.25,2.8203125
1.0,0.0,0.0,0.0,0.0,0.0,0.0,0.0,0.6298828,8.0,19.0,3.0,3.0,2.0,1.0,1615.89,5.1601562,4.8984375,3.0
1.0,0.0,0.0,0.0,0.0,0.0,0.0,0.0,0.52978516,8.0,14.0,3.0,3.0,3.0,2.0,1616.37,4.671875,4.53125,3.0507812
1.0,0.0,0.0,0.0,0.0,0.0,0.0,0.0,0.5097656,5.0,14.0,3.0,3.0,2.0,0.0,1335.2,4.859375,4.21875,2.8691406
1.0,0.0,0.0,0.0,0.0,0.0,0.0,0.0,0.5,5.0,14.0,3.0,3.0,1.0,0.0,1339.21,4.53125,4.46875,2.9804688
1.0,0.0,0.0,0.0,0.0,0.0,0.0,0.0,0.72021484,3.0,14.0,3.0,3.0,2.0,0.0,1339.21,5.5507812,4.7890625,3.25
1.0,0.0,0.0,0.0,0.0,0.0,0.0,0.0,0.5097656,4.0,14.0,3.0,3.0,3.0,0.0,1339.58,4.7382812,4.3203125,2.9394531
1.0,0.0,0.0,0.0,0.0,0.0,0.0,0.0,0.5,5.0,14.0,3.0,2.0,2.0,4.0,1341.05,4.8710938,4.171875,2.8300781
1.0,0.0,0.0,0.0,0.0,0.0,0.0,0.0,0.48999023,5.0,16.0,2.0,3.0,1.0,0.0,1345.05,4.640625,4.421875,3.0195312
1.0,0.0,0.0,0.0,0.0,0.0,0.0,0.0,0.5097656,4.0,14.0,3.0,3.0,2.0,0.0,1349.01,5.1992188,4.171875,2.7304688
1.0,0.0,0.0,0.0,0.0,0.0,0.0,0.0,0.75,5.0,1.0,3.0,3.0,2.0,0.0,1349.47,5.2890625,4.8515625,3.3007812
1.0,0.0,0.0,0.0,0.0,0.0,0.0,0.0,0.52001953,8.0,12.0,3.0,3.0,2.0,0.0,1349.52,5.078125,4.25,2.8808594
1.0,0.0,0.0,0.0,0.0,0.0,0.0,0.0,0.7001953,8.0,1.0,2.0,3.0,2.0,0.0,1350.65,4.7382812,4.6992188,3.3691406
1.0,0.0,0.0,0.0,0.0,0.0,0.0,0.0,0.5097656,8.0,13.0,3.0,3.0,2.0,0.0,1352.82,4.7304688,4.3203125,2.9199219
1.0,0.0,0.0,0.0,0.0,0.0,0.0,0.0,0.5097656,5.0,14.0,3.0,3.0,2.0,2.0,1352.98,4.78125,4.3710938,2.9394531
1.0,0.0,0.0,0.0,0.0,0.0,0.0,0.0,0.52001953,8.0,13.0,3.0,3.0,2.0,2.0,1354.57,4.71875,4.4414062,3.0
1.0,0.0,0.0,0.0,0.0,0.0,0.0,0.0,0.5498047,7.0,19.0,3.0,3.0,2.0,0.0,1357.61,4.921875,4.390625,2.9199219
1.0,0.0,0.0,0.0,0.0,0.0,0.0,0.0,0.5,4.0,17.0,3.0,3.0,2.0,0.0,1358.27,5.0507812,4.2617188,2.7890625
1.0,0.0,0.0,0.0,0.0,0.0,0.0,0.0,0.5,5.0,17.0,3.0,3.0,3.0,1.0,1489.94,4.859375,4.4804688,2.8398438
1.0,0.0,0.0,0.0,0.0,0.0,0.0,0.0,0.45996094,7.0,18.0,3.0,3.0,2.0,2.0,1490.97,4.7617188,4.0898438,2.8203125
1.0,0.0,0.0,0.0,0.0,0.0,0.0,0.0,0.5,6.0,14.0,1.0,3.0,2.0,0.0,1491.53,4.46875,4.2695312,3.0507812
1.0,0.0,0.0,0.0,0.0,0.0,0.0,0.0,0.52978516,4.0,17.0,3.0,3.0,2.0,0.0,1495.95,5.0117188,4.3203125,2.9296875
1.0,0.0,0.0,0.0,0.0,0.0,0.0,0.0,0.5600586,5.0,15.0,3.0,3.0,2.0,2.0,1497.14,5.078125,4.390625,2.9707031
1.0,0.0,0.0,0.0,0.0,0.0,0.0,0.0,0.5,7.0,14.0,3.0,3.0,2.0,2.0,1498.19,4.921875,4.2617188,2.8398438
1.0,0.0,0.0,0.0,0.0,0.0,0.0,0.0,0.70996094,6.0,11.0,3.0,3.0,3.0,2.0,1498.58,5.0,5.0,3.390625
1.0,0.0,0.0,0.0,0.0,0.0,0.0,0.0,0.89990234,3.0,9.0,3.0,3.0,3.0,2.0,1499.06,5.4804688,5.3515625,3.640625
1.0,0.0,0.0,0.0,0.0,0.0,0.0,0.0,0.52001953,5.0,16.0,3.0,3.0,2.0,0.0,1499.35,5.0195312,4.3710938,2.9394531
1.0,0.0,0.0,0.0,0.0,0.0,0.0,0.0,0.5,6.0,14.0,3.0,3.0,2.0,0.0,1502.48,4.46875,4.4296875,3.0
1.0,0.0,0.0,0.0,0.0,0.0,0.0,0.0,0.5,4.0,16.0,3.0,3.0,2.0,0.0,1502.54,4.8789062,4.2304688,2.8496094
1.0,0.0,0.0,0.0,0.0,0.0,0.0,0.0,0.58984375,5.0,19.0,2.0,2.0,1.0,1.0,1502.6,4.6914062,4.5117188,3.0800781
1.0,0.0,0.0,0.0,0.0,0.0,0.0,0.0,0.77978516,6.0,3.0,3.0,3.0,2.0,1.0,1507.24,5.2617188,5.1914062,3.1894531
1.0,0.0,0.0,0.0,0.0,0.0,0.0,0.0,0.52978516,8.0,13.0,3.0,3.0,3.0,0.0,1509.58,4.6601562,4.4804688,3.0292969
1.0,0.0,0.0,0.0,0.0,0.0,0.0,0.0,0.5,6.0,14.0,3.0,3.0,3.0,0.0,1511.28,4.71875,4.3203125,2.9394531
1.0,0.0,0.0,0.0,0.0,0.0,0.0,0.0,0.60009766,6.0,19.0,3.0,3.0,2.0,1.0,1450.63,5.0390625,4.53125,3.0292969
1.0,0.0,0.0,0.0,0.0,0.0,0.0,0.0,0.5,4.0,15.0,3.0,3.0,2.0,0.0,1451.86,4.671875,4.390625,2.9609375
1.0,0.0,0.0,0.0,0.0,0.0,0.0,0.0,0.5097656,4.0,15.0,3.0,3.0,3.0,0.0,1453.32,4.75,4.328125,2.9296875
1.0,0.0,0.0,0.0,0.0,0.0,0.0,0.0,0.5,6.0,15.0,3.0,3.0,2.0,1.0,1453.33,4.4804688,4.359375,2.9609375
1.0,0.0,0.0,0.0,0.0,0.0,0.0,0.0,0.52001953,7.0,13.0,3.0,3.0,3.0,0.0,1457.11,4.7617188,4.3515625,2.9296875
1.0,0.0,0.0,0.0,0.0,0.0,0.0,0.0,0.5097656,7.0,13.0,3.0,3.0,3.0,0.0,1457.64,5.0117188,4.2382812,2.8691406
1.0,0.0,0.0,0.0,0.0,0.0,0.0,0.0,1.0,3.0,10.0,3.0,3.0,3.0,0.0,1458.21,5.8398438,5.5507812,3.75
1.0,0.0,0.0,0.0,0.0,0.0,0.0,0.0,0.7001953,4.0,12.0,3.0,3.0,1.0,0.0,1458.27,5.1914062,4.859375,3.3007812
1.0,0.0,0.0,0.0,0.0,0.0,0.0,0.0,0.5,6.0,14.0,2.0,3.0,2.0,2.0,1459.48,4.9296875,4.2109375,2.9003906
1.0,0.0,0.0,0.0,0.0,0.0,0.0,0.0,0.8100586,3.0,10.0,3.0,3.0,3.0,2.0,1462.03,5.46875,5.3007812,3.5
1.0,0.0,0.0,0.0,0.0,0.0,0.0,0.0,0.5,5.0,16.0,2.0,3.0,2.0,0.0,1462.04,4.7695312,4.3789062,2.890625
1.0,0.0,0.0,0.0,0.0,0.0,0.0,0.0,0.7998047,4.0,11.0,2.0,3.0,3.0,0.0,1462.09,5.171875,5.109375,3.5605469
1.0,0.0,0.0,0.0,0.0,0.0,0.0,0.0,0.5,4.0,17.0,3.0,3.0,3.0,0.0,1462.71,4.8398438,4.2109375,2.8496094
1.0,0.0,0.0,0.0,0.0,0.0,0.0,0.0,0.89990234,4.0,10.0,1.0,3.0,3.0,0.0,1463.08,5.2382812,5.2304688,3.7597656
1.0,0.0,0.0,0.0,0.0,0.0,0.0,0.0,0.7998047,7.0,10.0,2.0,3.0,2.0,2.0,1463.46,5.3203125,5.0703125,3.5292969
1.0,0.0,0.0,0.0,0.0,0.0,0.0,0.0,0.5,3.0,19.0,3.0,2.0,1.0,2.0,1108.29,4.5,4.359375,2.8398438
1.0,0.0,0.0,0.0,0.0,0.0,0.0,0.0,0.5,7.0,12.0,3.0,3.0,2.0,0.0,1127.33,4.7109375,4.328125,2.9394531
1.0,0.0,0.0,0.0,0.0,0.0,0.0,0.0,0.5097656,6.0,12.0,3.0,3.0,2.0,1.0,1129.73,4.7617188,4.3710938,2.9609375
1.0,0.0,0.0,0.0,0.0,0.0,0.0,0.0,0.5097656,5.0,12.0,3.0,3.0,3.0,0.0,1131.6,4.6015625,4.4296875,3.0
1.0,0.0,0.0,0.0,0.0,0.0,0.0,0.0,0.5,4.0,19.0,3.0,3.0,2.0,2.0,1133.99,4.671875,4.2304688,2.9492188
1.0,0.0,0.0,0.0,0.0,0.0,0.0,0.0,0.5,5.0,12.0,3.0,2.0,2.0,0.0,1136.92,4.5195312,4.421875,2.9804688
1.0,0.0,0.0,0.0,0.0,0.0,0.0,0.0,0.5,3.0,12.0,3.0,3.0,2.0,0.0,1137.73,4.7617188,4.328125,2.890625
1.0,0.0,0.0,0.0,0.0,0.0,0.0,0.0,0.5,6.0,1.0,3.0,3.0,2.0,0.0,1142.44,4.78125,4.3789062,2.9394531
1.0,0.0,0.0,0.0,0.0,0.0,0.0,0.0,0.5,6.0,13.0,2.0,3.0,2.0,0.0,1142.87,4.46875,4.3203125,2.9902344
1.0,0.0,0.0,0.0,0.0,0.0,0.0,0.0,0.5,8.0,12.0,3.0,3.0,2.0,4.0,1142.87,4.96875,4.1796875,2.8496094
1.0,0.0,0.0,0.0,0.0,0.0,0.0,0.0,0.52001953,4.0,19.0,3.0,2.0,2.0,4.0,1142.98,4.6015625,4.3984375,2.9902344
1.0,0.0,0.0,0.0,0.0,0.0,0.0,0.0,0.91015625,3.0,8.0,3.0,3.0,2.0,2.0,1143.58,5.4492188,5.421875,3.640625
1.0,0.0,0.0,0.0,0.0,0.0,0.0,0.0,0.7597656,4.0,9.0,3.0,3.0,3.0,0.0,1148.68,5.2109375,5.109375,3.4296875
1.0,0.0,0.0,0.0,0.0,0.0,0.0,0.0,1.0097656,1.0,19.0,3.0,2.0,2.0,0.0,1155.27,5.890625,5.6289062,3.5292969
1.0,0.0,0.0,0.0,0.0,0.0,0.0,0.0,0.7001953,7.0,1.0,3.0,3.0,2.0,0.0,1156.64,5.1015625,4.71875,3.1992188
1.0,0.0,0.0,0.0,0.0,0.0,0.0,0.0,0.7998047,5.0,11.0,2.0,3.0,2.0,0.0,1594.88,5.5898438,4.890625,3.3691406
1.0,0.0,0.0,0.0,0.0,0.0,0.0,0.0,0.5600586,8.0,19.0,3.0,3.0,2.0,0.0,1595.8,4.640625,4.4882812,3.0195312
1.0,0.0,0.0,0.0,0.0,0.0,0.0,0.0,0.5600586,7.0,19.0,3.0,3.0,2.0,2.0,1597.73,4.859375,4.5507812,2.9296875
1.0,0.0,0.0,0.0,0.0,0.0,0.0,0.0,1.2001953,3.0,3.0,1.0,3.0,2.0,2.0,1599.33,6.4296875,5.390625,3.8496094
1.0,0.0,0.0,0.0,0.0,0.0,0.0,0.0,0.52001953,5.0,14.0,3.0,3.0,2.0,0.0,1600.87,5.21875,4.2617188,2.8398438
1.0,0.0,0.0,0.0,0.0,0.0,0.0,0.0,0.7001953,3.0,12.0,3.0,3.0,2.0,2.0,1601.56,5.078125,4.9492188,3.3300781
1.0,0.0,0.0,0.0,0.0,0.0,0.0,0.0,0.8198242,5.0,10.0,3.0,2.0,3.0,1.0,1603.42,5.4414062,5.171875,3.5097656
1.0,0.0,0.0,0.0,0.0,0.0,0.0,0.0,0.7001953,3.0,14.0,2.0,3.0,2.0,0.0,1603.54,5.2304688,4.71875,3.2890625
1.0,0.0,0.0,0.0,0.0,0.0,0.0,0.0,0.7001953,3.0,12.0,2.0,3.0,3.0,0.0,1604.51,5.171875,4.78125,3.2890625
1.0,0.0,0.0,0.0,0.0,0.0,0.0,0.0,0.7001953,3.0,14.0,3.0,3.0,2.0,0.0,1604.7,5.2304688,4.828125,3.2792969
1.0,0.0,0.0,0.0,0.0,0.0,0.0,0.0,0.5,5.0,16.0,3.0,3.0,2.0,0.0,1604.79,4.9882812,4.28125,2.8691406
1.0,0.0,0.0,0.0,0.0,0.0,0.0,0.0,0.52978516,9.0,15.0,3.0,3.0,2.0,2.0,1604.91,4.5585938,4.5117188,3.0605469
1.0,0.0,0.0,0.0,0.0,0.0,0.0,0.0,0.52001953,2.0,19.0,3.0,2.0,1.0,0.0,1605.23,4.78125,4.2617188,2.8808594
1.0,0.0,0.0,0.0,0.0,0.0,0.0,0.0,0.60009766,4.0,14.0,3.0,3.0,3.0,2.0,1605.5,5.2109375,4.53125,3.0605469
1.0,0.0,0.0,0.0,0.0,0.0,0.0,0.0,0.58984375,6.0,13.0,3.0,2.0,2.0,0.0,1606.66,4.8085938,4.6210938,3.1308594
1.0,0.0,0.0,0.0,0.0,0.0,0.0,0.0,0.52001953,7.0,14.0,3.0,3.0,3.0,0.0,1621.05,4.7695312,4.4101562,2.9707031
1.0,0.0,0.0,0.0,0.0,0.0,0.0,0.0,0.7001953,2.0,19.0,3.0,3.0,2.0,0.0,1623.88,5.1015625,4.6914062,3.2597656
1.0,0.0,0.0,0.0,0.0,0.0,0.0,0.0,0.5,5.0,17.0,2.0,3.0,2.0,0.0,1624.52,4.6992188,4.2382812,2.9492188
1.0,0.0,0.0,0.0,0.0,0.0,0.0,0.0,0.89990234,3.0,11.0,3.0,3.0,3.0,4.0,1626.73,5.609375,5.3085938,3.5898438
1.0,0.0,0.0,0.0,0.0,0.0,0.0,0.0,0.5097656,6.0,15.0,3.0,3.0,3.0,0.0,1627.21,4.7617188,4.328125,2.9394531
1.0,0.0,0.0,0.0,0.0,0.0,0.0,0.0,1.0097656,4.0,19.0,3.0,3.0,1.0,2.0,1628.78,5.7695312,5.5117188,3.75
1.0,0.0,0.0,0.0,0.0,0.0,0.0,0.0,0.5097656,5.0,15.0,3.0,3.0,3.0,0.0,1628.99,4.6796875,4.3710938,2.9492188
1.0,0.0,0.0,0.0,0.0,0.0,0.0,0.0,0.5,6.0,17.0,3.0,3.0,1.0,2.0,1630.65,5.0390625,4.171875,2.8300781
1.0,0.0,0.0,0.0,0.0,0.0,0.0,0.0,0.60009766,4.0,19.0,3.0,2.0,2.0,0.0,1630.85,4.8007812,4.5507812,3.0800781
1.0,0.0,0.0,0.0,0.0,0.0,0.0,0.0,0.60009766,5.0,19.0,1.0,2.0,1.0,4.0,1633.21,4.2109375,5.1601562,3.0507812
1.0,0.0,0.0,0.0,0.0,0.0,0.0,0.0,0.72021484,5.0,12.0,3.0,3.0,2.0,2.0,1634.37,5.53125,4.8085938,3.2597656
1.0,0.0,0.0,0.0,0.0,0.0,0.0,0.0,0.5,5.0,17.0,3.0,3.0,2.0,0.0,1635.95,4.9609375,4.2890625,2.7890625
1.0,0.0,0.0,0.0,0.0,0.0,0.0,0.0,0.5,5.0,17.0,2.0,3.0,2.0,0.0,1635.95,4.8203125,4.140625,2.8691406
1.0,0.0,0.0,0.0,0.0,0.0,0.0,0.0,0.7001953,3.0,14.0,3.0,3.0,2.0,2.0,1638.4,5.2382812,4.8398438,3.2890625
1.0,0.0,0.0,0.0,0.0,0.0,0.0,0.0,0.52001953,5.0,15.0,3.0,3.0,2.0,0.0,1640.38,4.5898438,4.390625,2.9804688
1.0,0.0,0.0,0.0,0.0,0.0,0.0,0.0,0.5097656,6.0,16.0,3.0,3.0,2.0,0.0,1555.63,4.7304688,4.3085938,2.9199219
1.0,0.0,0.0,0.0,0.0,0.0,0.0,0.0,0.5,5.0,16.0,2.0,3.0,2.0,0.0,1555.8,4.8085938,4.1796875,2.9003906
1.0,0.0,0.0,0.0,0.0,0.0,0.0,0.0,0.6098633,6.0,19.0,3.0,1.0,2.0,2.0,1556.58,4.828125,4.671875,3.1796875
1.0,0.0,0.0,0.0,0.0,0.0,0.0,0.0,0.7001953,3.0,17.0,1.0,3.0,2.0,0.0,1558.52,5.21875,4.671875,3.3398438
1.0,0.0,0.0,0.0,0.0,0.0,0.0,0.0,0.52978516,6.0,15.0,3.0,3.0,2.0,0.0,1560.02,5.03125,4.3515625,2.9199219
1.0,0.0,0.0,0.0,0.0,0.0,0.0,0.0,0.7001953,7.0,11.0,2.0,3.0,2.0,2.0,1562.27,5.0507812,4.859375,3.390625
1.0,0.0,0.0,0.0,0.0,0.0,0.0,0.0,0.5097656,5.0,18.0,2.0,3.0,3.0,1.0,1563.76,4.4492188,4.390625,3.0507812
1.0,0.0,0.0,0.0,0.0,0.0,0.0,0.0,0.5,6.0,17.0,3.0,3.0,3.0,1.0,1564.23,4.390625,4.359375,2.9609375
1.0,0.0,0.0,0.0,0.0,0.0,0.0,0.0,0.89990234,4.0,9.0,3.0,3.0,2.0,2.0,1565.85,5.640625,5.390625,3.5996094
1.0,0.0,0.0,0.0,0.0,0.0,0.0,0.0,0.5,6.0,14.0,2.0,3.0,2.0,0.0,1565.95,4.390625,4.3710938,3.0195312
1.0,0.0,0.0,0.0,0.0,0.0,0.0,0.0,0.7001953,4.0,12.0,3.0,3.0,2.0,0.0,1566.21,5.4414062,4.71875,3.1992188
1.0,0.0,0.0,0.0,0.0,0.0,0.0,0.0,0.8100586,2.0,19.0,3.0,2.0,2.0,2.0,1567.03,5.4804688,5.1015625,3.4003906
1.0,0.0,0.0,0.0,0.0,0.0,0.0,0.0,0.5097656,7.0,19.0,3.0,3.0,1.0,0.0,1567.08,4.5585938,4.3710938,2.9609375
1.0,0.0,0.0,0.0,0.0,0.0,0.0,0.0,0.8100586,4.0,10.0,3.0,3.0,3.0,2.0,1568.43,6.0703125,4.859375,3.2792969
1.0,0.0,0.0,0.0,0.0,0.0,0.0,0.0,0.58984375,4.0,14.0,3.0,3.0,2.0,0.0,1570.42,5.3398438,4.3398438,2.9492188
1.0,0.0,0.0,0.0,0.0,0.0,0.0,0.0,0.52001953,5.0,15.0,3.0,3.0,1.0,0.0,1526.14,4.5117188,4.46875,3.0292969
1.0,0.0,0.0,0.0,0.0,0.0,0.0,0.0,0.52001953,4.0,17.0,3.0,3.0,2.0,0.0,1527.1,5.0117188,4.3007812,2.9199219
1.0,0.0,0.0,0.0,0.0,0.0,0.0,0.0,0.5097656,7.0,15.0,3.0,3.0,2.0,0.0,1528.28,4.9492188,4.2890625,2.890625
1.0,0.0,0.0,0.0,0.0,0.0,0.0,0.0,0.5,5.0,16.0,2.0,3.0,2.0,0.0,1529.65,4.890625,4.171875,2.9199219
1.0,0.0,0.0,0.0,0.0,0.0,0.0,0.0,0.52978516,7.0,19.0,3.0,2.0,1.0,1.0,1530.67,4.6210938,4.5195312,2.9394531
1.0,0.0,0.0,0.0,0.0,0.0,0.0,0.0,0.5,6.0,14.0,3.0,3.0,2.0,0.0,1531.28,4.6210938,4.359375,2.9609375
1.0,0.0,0.0,0.0,0.0,0.0,0.0,0.0,0.5,6.0,16.0,3.0,3.0,2.0,1.0,1533.78,4.578125,4.4101562,2.9394531
1.0,0.0,0.0,0.0,0.0,0.0,0.0,0.0,0.5,5.0,14.0,2.0,3.0,3.0,0.0,1533.84,4.46875,4.3789062,3.0097656
1.0,0.0,0.0,0.0,0.0,0.0,0.0,0.0,0.70996094,7.0,11.0,3.0,3.0,2.0,0.0,1534.18,5.1210938,4.890625,3.2695312
1.0,0.0,0.0,0.0,0.0,0.0,0.0,0.0,0.5097656,5.0,19.0,3.0,3.0,1.0,0.0,1534.45,4.6289062,4.421875,2.9394531
1.0,0.0,0.0,0.0,0.0,0.0,0.0,0.0,1.0,4.0,9.0,2.0,3.0,2.0,2.0,1534.49,6.2382812,5.2695312,3.6601562
1.0,0.0,0.0,0.0,0.0,0.0,0.0,0.0,0.7001953,4.0,12.0,2.0,3.0,2.0,0.0,1537.65,5.3515625,4.7304688,3.2890625
1.0,0.0,0.0,0.0,0.0,0.0,0.0,0.0,0.52978516,5.0,14.0,3.0,2.0,2.0,0.0,1541.11,5.0,4.328125,2.9394531
1.0,0.0,0.0,0.0,0.0,0.0,0.0,0.0,0.52001953,4.0,17.0,3.0,3.0,3.0,0.0,1542.87,4.7304688,4.4492188,3.0097656
1.0,0.0,0.0,0.0,0.0,0.0,0.0,0.0,0.5,5.0,15.0,3.0,3.0,3.0,0.0,1544.19,4.75,4.3085938,2.9296875
1.0,0.0,0.0,0.0,0.0,0.0,0.0,0.0,1.0,4.0,19.0,3.0,2.0,2.0,1.0,1512.88,5.7695312,5.359375,3.609375
1.0,0.0,0.0,0.0,0.0,0.0,0.0,0.0,0.89990234,3.0,11.0,2.0,3.0,2.0,2.0,1514.71,5.609375,5.109375,3.5703125
1.0,0.0,0.0,0.0,0.0,0.0,0.0,0.0,0.5097656,4.0,19.0,3.0,3.0,2.0,2.0,1515.05,4.7109375,4.25,2.8808594
1.0,0.0,0.0,0.0,0.0,0.0,0.0,0.0,0.58984375,4.0,14.0,3.0,3.0,2.0,0.0,1515.87,4.7617188,4.6210938,3.1191406
1.0,0.0,0.0,0.0,0.0,0.0,0.0,0.0,0.72021484,3.0,14.0,3.0,3.0,2.0,0.0,1516.09,5.5195312,4.78125,3.2207031
1.0,0.0,0.0,0.0,0.0,0.0,0.0,0.0,0.52001953,4.0,17.0,3.0,3.0,2.0,0.0,1517.4,4.96875,4.3203125,2.9296875
1.0,0.0,0.0,0.0,0.0,0.0,0.0,0.0,0.5,5.0,16.0,2.0,3.0,2.0,0.0,1518.67,4.75,4.2890625,2.890625
1.0,0.0,0.0,0.0,0.0,0.0,0.0,0.0,0.5,7.0,14.0,3.0,2.0,1.0,0.0,1519.31,4.8984375,4.2304688,2.8691406
1.0,0.0,0.0,0.0,0.0,0.0,0.0,0.0,0.5,8.0,15.0,3.0,3.0,2.0,2.0,1521.74,4.7382812,4.3203125,2.9199219
1.0,0.0,0.0,0.0,0.0,0.0,0.0,0.0,0.5,4.0,16.0,3.0,3.0,2.0,0.0,1522.74,5.1484375,4.171875,2.8105469
1.0,0.0,0.0,0.0,0.0,0.0,0.0,0.0,0.5,8.0,15.0,3.0,3.0,2.0,1.0,1524.32,4.7304688,4.3085938,2.9003906
1.0,0.0,0.0,0.0,0.0,0.0,0.0,0.0,1.0097656,4.0,19.0,3.0,2.0,2.0,1.0,1524.68,5.8085938,5.71875,3.5605469
1.0,0.0,0.0,0.0,0.0,0.0,0.0,0.0,0.52978516,5.0,16.0,3.0,3.0,2.0,1.0,1525.01,5.1992188,4.3085938,2.9101562
1.0,0.0,0.0,0.0,0.0,0.0,0.0,0.0,0.5097656,8.0,14.0,3.0,3.0,2.0,0.0,1525.77,4.5117188,4.4804688,3.0292969
1.0,0.0,0.0,0.0,0.0,0.0,0.0,0.0,0.72998047,5.0,11.0,3.0,3.0,3.0,0.0,1525.93,5.6210938,4.8007812,3.2402344
1.0,0.0,0.0,0.0,0.0,0.0,0.0,0.0,0.58984375,5.0,13.0,2.0,3.0,3.0,2.0,1570.48,4.8085938,4.578125,3.1992188
1.0,0.0,0.0,0.0,0.0,0.0,0.0,0.0,0.5,5.0,15.0,2.0,2.0,2.0,0.0,1570.86,4.7382812,4.28125,2.9609375
1.0,0.0,0.0,0.0,0.0,0.0,0.0,0.0,0.5,6.0,14.0,3.0,2.0,2.0,0.0,1571.02,4.5,4.4492188,2.9296875
1.0,0.0,0.0,0.0,0.0,0.0,0.0,0.0,0.66015625,7.0,19.0,3.0,3.0,2.0,2.0,1571.38,4.9804688,4.6992188,3.1796875
1.0,0.0,0.0,0.0,0.0,0.0,0.0,0.0,0.5,6.0,15.0,3.0,3.0,2.0,0.0,1572.63,4.6484375,4.359375,2.9707031
1.0,0.0,0.0,0.0,0.0,0.0,0.0,0.0,0.72998047,4.0,11.0,3.0,3.0,3.0,0.0,1574.05,5.5390625,4.8007812,3.2597656
1.0,0.0,0.0,0.0,0.0,0.0,0.0,0.0,0.70996094,4.0,11.0,3.0,3.0,2.0,0.0,1574.07,5.25,4.859375,3.3007812
1.0,0.0,0.0,0.0,0.0,0.0,0.0,0.0,0.5600586,5.0,14.0,2.0,3.0,3.0,0.0,1575.91,4.8203125,4.4882812,3.1191406
1.0,0.0,0.0,0.0,0.0,0.0,0.0,0.0,0.5800781,4.0,18.0,3.0,3.0,2.0,0.0,1579.27,5.1601562,4.4609375,3.0195312
1.0,0.0,0.0,0.0,0.0,0.0,0.0,0.0,0.91015625,8.0,9.0,3.0,3.0,3.0,0.0,1579.34,6.28125,5.1210938,3.4707031
1.0,0.0,0.0,0.0,0.0,0.0,0.0,0.0,0.52978516,8.0,14.0,3.0,2.0,3.0,2.0,1581.98,4.7109375,4.4492188,3.0
1.0,0.0,0.0,0.0,0.0,0.0,0.0,0.0,0.85009766,6.0,10.0,3.0,3.0,3.0,2.0,1582.02,5.859375,5.0195312,3.4003906
1.0,0.0,0.0,0.0,0.0,0.0,0.0,0.0,0.5097656,3.0,18.0,2.0,3.0,2.0,0.0,1582.12,4.890625,4.1796875,2.9199219
1.0,0.0,0.0,0.0,0.0,0.0,0.0,0.0,0.5097656,5.0,17.0,3.0,3.0,1.0,0.0,1582.23,4.9609375,4.3007812,2.9101562
1.0,0.0,0.0,0.0,0.0,0.0,0.0,0.0,0.5,5.0,16.0,3.0,3.0,2.0,0.0,1584.58,4.8984375,4.2109375,2.859375
1.0,0.0,0.0,0.0,0.0,0.0,0.0,0.0,0.52001953,7.0,12.0,3.0,3.0,3.0,0.0,1156.87,4.609375,4.5117188,3.0097656
1.0,0.0,0.0,0.0,0.0,0.0,0.0,0.0,0.7001953,7.0,3.0,1.0,3.0,2.0,4.0,1160.33,4.921875,4.8085938,3.4609375
1.0,0.0,0.0,0.0,0.0,0.0,0.0,0.0,0.5,5.0,14.0,3.0,3.0,2.0,5.0,1162.75,4.53125,4.4882812,3.0097656
1.0,0.0,0.0,0.0,0.0,0.0,0.0,0.0,0.5,6.0,13.0,2.0,3.0,2.0,1.0,1163.62,4.71875,4.3203125,2.9804688
1.0,0.0,0.0,0.0,0.0,0.0,0.0,0.0,0.5,6.0,13.0,2.0,3.0,2.0,0.0,1163.62,4.4492188,4.3515625,3.0507812
1.0,0.0,0.0,0.0,0.0,0.0,0.0,0.0,0.5097656,5.0,13.0,3.0,3.0,2.0,0.0,1165.07,4.6484375,4.3710938,2.9707031
1.0,0.0,0.0,0.0,0.0,0.0,0.0,0.0,0.52001953,5.0,13.0,3.0,3.0,2.0,2.0,1166.78,4.6484375,4.4492188,3.0195312
1.0,0.0,0.0,0.0,0.0,0.0,0.0,0.0,0.5,6.0,12.0,3.0,3.0,2.0,0.0,1178.31,4.6289062,4.3710938,2.9296875
1.0,0.0,0.0,0.0,0.0,0.0,0.0,0.0,0.5097656,5.0,12.0,3.0,3.0,2.0,0.0,1180.03,4.9414062,4.2890625,2.890625
1.0,0.0,0.0,0.0,0.0,0.0,0.0,0.0,0.8100586,3.0,9.0,3.0,3.0,3.0,1.0,1186.09,5.4296875,5.1484375,3.4804688
1.0,0.0,0.0,0.0,0.0,0.0,0.0,0.0,0.7001953,5.0,10.0,2.0,3.0,2.0,2.0,1191.85,5.4101562,4.7109375,3.140625
1.0,0.0,0.0,0.0,0.0,0.0,0.0,0.0,0.52001953,5.0,13.0,3.0,3.0,2.0,0.0,1194.64,4.5898438,4.5195312,3.0390625
1.0,0.0,0.0,0.0,0.0,0.0,0.0,0.0,0.5,5.0,13.0,3.0,2.0,2.0,0.0,1194.84,5.1015625,4.21875,2.8398438
1.0,0.0,0.0,0.0,0.0,0.0,0.0,0.0,0.7998047,4.0,8.0,2.0,3.0,2.0,1.0,1196.5,5.2382812,5.0898438,3.5
1.0,0.0,0.0,0.0,0.0,0.0,0.0,0.0,0.5498047,7.0,12.0,3.0,3.0,2.0,4.0,1196.99,5.0507812,4.3710938,2.9609375
1.0,0.0,0.0,0.0,0.0,0.0,0.0,0.0,0.5,6.0,13.0,2.0,3.0,3.0,2.0,1244.88,4.6210938,4.21875,2.9296875
1.0,0.0,0.0,0.0,0.0,0.0,0.0,0.0,0.7998047,4.0,9.0,3.0,3.0,2.0,2.0,1246.32,5.46875,5.03125,3.4199219
1.0,0.0,0.0,0.0,0.0,0.0,0.0,0.0,0.5097656,7.0,13.0,3.0,3.0,2.0,0.0,1251.5,4.9804688,4.28125,2.890625
1.0,0.0,0.0,0.0,0.0,0.0,0.0,0.0,0.5,4.0,13.0,2.0,3.0,2.0,0.0,1251.53,4.46875,4.390625,3.0703125
1.0,0.0,0.0,0.0,0.0,0.0,0.0,0.0,0.5,8.0,19.0,3.0,3.0,2.0,0.0,1255.25,4.4296875,4.3515625,2.9492188
1.0,0.0,0.0,0.0,0.0,0.0,0.0,0.0,0.5,4.0,19.0,3.0,3.0,1.0,1.0,1255.25,4.5585938,4.3710938,2.9609375
1.0,0.0,0.0,0.0,0.0,0.0,0.0,0.0,0.5,6.0,19.0,3.0,3.0,3.0,0.0,1257.85,4.6992188,4.4101562,2.9804688
1.0,0.0,0.0,0.0,0.0,0.0,0.0,0.0,0.77001953,5.0,9.0,3.0,3.0,2.0,0.0,1259.09,5.1992188,5.03125,3.4101562
1.0,0.0,0.0,0.0,0.0,0.0,0.0,0.0,0.5,4.0,15.0,2.0,3.0,1.0,0.0,1259.15,4.8710938,4.2890625,2.7792969
1.0,0.0,0.0,0.0,0.0,0.0,0.0,0.0,0.5,5.0,14.0,2.0,2.0,2.0,0.0,1264.05,4.6289062,4.3398438,3.0292969
1.0,0.0,0.0,0.0,0.0,0.0,0.0,0.0,0.5,4.0,14.0,3.0,2.0,1.0,0.0,1273.41,4.7382812,4.3710938,2.890625
1.0,0.0,0.0,0.0,0.0,0.0,0.0,0.0,0.52978516,6.0,19.0,3.0,3.0,2.0,0.0,1274.08,4.7617188,4.4101562,2.9902344
1.0,0.0,0.0,0.0,0.0,0.0,0.0,0.0,0.5,4.0,15.0,2.0,3.0,2.0,0.0,1276.9,4.6914062,4.1914062,2.9296875
1.0,0.0,0.0,0.0,0.0,0.0,0.0,0.0,0.52978516,7.0,19.0,3.0,3.0,2.0,1.0,1277.75,4.5585938,4.4882812,2.9394531
1.0,0.0,0.0,0.0,0.0,0.0,0.0,0.0,0.5,4.0,13.0,3.0,3.0,2.0,0.0,1281.88,4.890625,4.2890625,2.9199219
1.0,0.0,0.0,0.0,0.0,0.0,0.0,0.0,0.5,8.0,16.0,3.0,3.0,2.0,4.0,1545.59,5.0,4.2109375,2.8007812
1.0,0.0,0.0,0.0,0.0,0.0,0.0,0.0,0.5,5.0,17.0,3.0,3.0,1.0,0.0,1546.52,4.5898438,4.390625,2.9101562
1.0,0.0,0.0,0.0,0.0,0.0,0.0,0.0,0.5097656,8.0,15.0,3.0,3.0,2.0,1.0,1547.89,4.5390625,4.4101562,2.9902344
1.0,0.0,0.0,0.0,0.0,0.0,0.0,0.0,0.72998047,5.0,3.0,3.0,2.0,2.0,0.0,1548.26,4.8984375,4.8398438,3.3691406
1.0,0.0,0.0,0.0,0.0,0.0,0.0,0.0,0.7998047,7.0,10.0,3.0,3.0,2.0,0.0,1549.36,5.3203125,5.0390625,3.4199219
1.0,0.0,0.0,0.0,0.0,0.0,0.0,0.0,0.89990234,4.0,10.0,3.0,3.0,3.0,2.0,1550.22,5.6484375,5.390625,3.5898438
1.0,0.0,0.0,0.0,0.0,0.0,0.0,0.0,0.89990234,6.0,10.0,3.0,3.0,2.0,2.0,1550.5,5.6914062,5.1914062,3.5195312
1.0,0.0,0.0,0.0,0.0,0.0,0.0,0.0,0.5,5.0,15.0,2.0,3.0,2.0,0.0,1551.42,4.6484375,4.328125,2.9492188
1.0,0.0,0.0,0.0,0.0,0.0,0.0,0.0,0.5,6.0,14.0,3.0,3.0,2.0,0.0,1551.56,4.7382812,4.3085938,2.9199219
1.0,0.0,0.0,0.0,0.0,0.0,0.0,0.0,0.5,5.0,14.0,3.0,3.0,2.0,0.0,1552.3,4.578125,4.3515625,2.9296875
1.0,0.0,0.0,0.0,0.0,0.0,0.0,0.0,0.70996094,6.0,19.0,3.0,3.0,2.0,1.0,1553.75,5.578125,4.6015625,3.1191406
1.0,0.0,0.0,0.0,0.0,0.0,0.0,0.0,1.0595703,3.0,11.0,3.0,2.0,2.0,0.0,1553.91,5.96875,5.421875,3.6796875
1.0,0.0,0.0,0.0,0.0,0.0,0.0,0.0,0.7998047,4.0,10.0,3.0,3.0,2.0,0.0,1554.79,5.390625,5.1210938,3.4707031
1.0,0.0,0.0,0.0,0.0,0.0,0.0,0.0,0.8100586,4.0,11.0,3.0,3.0,3.0,0.0,1554.99,5.828125,4.890625,3.3105469
1.0,0.0,0.0,0.0,0.0,0.0,0.0,0.0,0.5,5.0,15.0,2.0,3.0,2.0,0.0,1555.32,4.8398438,4.1914062,2.9199219
1.0,0.0,0.0,0.0,0.0,0.0,0.0,0.0,0.7998047,6.0,10.0,3.0,3.0,3.0,0.0,1477.31,5.4492188,5.0585938,3.3398438
1.0,0.0,0.0,0.0,0.0,0.0,0.0,0.0,0.52978516,4.0,15.0,3.0,3.0,2.0,0.0,1477.5,4.921875,4.5117188,2.8300781
1.0,0.0,0.0,0.0,0.0,0.0,0.0,0.0,0.52978516,3.0,19.0,3.0,2.0,1.0,0.0,1477.52,4.7109375,4.421875,2.9707031
1.0,0.0,0.0,0.0,0.0,0.0,0.0,0.0,0.8100586,6.0,9.0,3.0,3.0,2.0,2.0,1478.93,5.7890625,4.9609375,3.3691406
1.0,0.0,0.0,0.0,0.0,0.0,0.0,0.0,0.5498047,5.0,13.0,3.0,3.0,3.0,0.0,1479.49,5.1015625,4.3789062,2.9609375
1.0,0.0,0.0,0.0,0.0,0.0,0.0,0.0,0.7998047,5.0,10.0,3.0,3.0,3.0,0.0,1481.58,5.2890625,5.2109375,3.4707031
1.0,0.0,0.0,0.0,0.0,0.0,0.0,0.0,0.52978516,4.0,15.0,3.0,3.0,3.0,2.0,1481.83,4.6289062,4.4882812,3.0292969
1.0,0.0,0.0,0.0,0.0,0.0,0.0,0.0,0.5498047,4.0,15.0,3.0,3.0,2.0,0.0,1482.23,4.7695312,4.5,3.0390625
1.0,0.0,0.0,0.0,0.0,0.0,0.0,0.0,0.75,2.0,19.0,3.0,1.0,1.0,2.0,1483.05,5.21875,4.9414062,3.3496094
1.0,0.0,0.0,0.0,0.0,0.0,0.0,0.0,0.5,6.0,15.0,2.0,3.0,1.0,0.0,1485.28,5.109375,4.25,2.8398438
1.0,0.0,0.0,0.0,0.0,0.0,0.0,0.0,0.5,6.0,14.0,3.0,3.0,2.0,0.0,1486.18,4.7304688,4.3085938,2.9101562
1.0,0.0,0.0,0.0,0.0,0.0,0.0,0.0,0.5,6.0,13.0,3.0,3.0,2.0,0.0,1486.49,4.9804688,4.2890625,2.8691406
1.0,0.0,0.0,0.0,0.0,0.0,0.0,0.0,0.5800781,7.0,13.0,3.0,3.0,3.0,0.0,1487.77,4.9101562,4.5390625,3.0800781
1.0,0.0,0.0,0.0,0.0,0.0,0.0,0.0,0.7001953,3.0,12.0,3.0,3.0,3.0,0.0,1488.1,5.2890625,4.8085938,3.2695312
1.0,0.0,0.0,0.0,0.0,0.0,0.0,0.0,0.7998047,4.0,10.0,3.0,3.0,2.0,2.0,1488.39,5.5117188,4.9804688,3.3300781
1.0,0.0,0.0,0.0,0.0,0.0,0.0,0.0,0.66015625,3.0,19.0,3.0,3.0,3.0,1.0,1014.51,4.8007812,4.7695312,3.2304688
1.0,0.0,0.0,0.0,0.0,0.0,0.0,0.0,0.66015625,1.0,19.0,3.0,2.0,2.0,2.0,1014.51,5.0,4.7304688,3.1503906
1.0,0.0,0.0,0.0,0.0,0.0,0.0,0.0,0.5097656,3.0,13.0,3.0,2.0,2.0,2.0,1015.11,4.828125,4.390625,2.9707031
1.0,0.0,0.0,0.0,0.0,0.0,0.0,0.0,0.6098633,2.0,19.0,3.0,3.0,1.0,2.0,1016.33,4.8203125,4.78125,3.0996094
1.0,0.0,0.0,0.0,0.0,0.0,0.0,0.0,0.44995117,3.0,16.0,3.0,3.0,2.0,0.0,1017.89,4.5195312,4.1601562,2.8203125
1.0,0.0,0.0,0.0,0.0,0.0,0.0,0.0,0.5,4.0,19.0,1.0,3.0,2.0,2.0,1018.38,4.1992188,4.140625,3.109375
1.0,0.0,0.0,0.0,0.0,0.0,0.0,0.0,0.52001953,9.0,11.0,3.0,3.0,2.0,0.0,1021.06,4.6289062,4.4101562,2.9902344
1.0,0.0,0.0,0.0,0.0,0.0,0.0,0.0,0.58984375,8.0,0.0,3.0,2.0,2.0,0.0,1034.37,4.8984375,4.5195312,3.0605469
1.0,0.0,0.0,0.0,0.0,0.0,0.0,0.0,0.39990234,4.0,15.0,2.0,2.0,2.0,0.0,1034.99,4.3203125,3.9199219,2.7304688
1.0,0.0,0.0,0.0,0.0,0.0,0.0,0.0,0.5498047,7.0,1.0,3.0,3.0,2.0,0.0,1041.9,4.671875,4.421875,2.9902344
1.0,0.0,0.0,0.0,0.0,0.0,0.0,0.0,0.5097656,3.0,19.0,3.0,2.0,2.0,0.0,1044.18,4.6289062,4.4882812,2.9296875
1.0,0.0,0.0,0.0,0.0,0.0,0.0,0.0,0.5,5.0,11.0,3.0,2.0,2.0,2.0,1046.08,5.1015625,4.2109375,2.7597656
1.0,0.0,0.0,0.0,0.0,0.0,0.0,0.0,0.3400879,6.0,14.0,3.0,3.0,2.0,0.0,1050.5,4.21875,3.8398438,2.5605469
1.0,0.0,0.0,0.0,0.0,0.0,0.0,0.0,0.5097656,3.0,13.0,3.0,3.0,3.0,2.0,1051.23,4.9882812,4.25,2.8808594
1.0,0.0,0.0,0.0,0.0,0.0,0.0,0.0,0.4099121,5.0,14.0,3.0,3.0,2.0,2.0,1052.41,4.578125,3.9707031,2.6796875
1.0,0.0,0.0,0.0,0.0,0.0,0.0,0.0,0.70996094,6.0,0.0,3.0,2.0,2.0,1.0,1402.31,5.1015625,4.9414062,3.1894531
1.0,0.0,0.0,0.0,0.0,0.0,0.0,0.0,0.5,5.0,14.0,2.0,3.0,2.0,2.0,1402.85,4.640625,4.359375,2.8808594
1.0,0.0,0.0,0.0,0.0,0.0,0.0,0.0,0.60009766,4.0,14.0,3.0,3.0,2.0,0.0,1406.76,4.9414062,4.6015625,3.109375
1.0,0.0,0.0,0.0,0.0,0.0,0.0,0.0,0.8300781,6.0,10.0,3.0,3.0,2.0,0.0,1407.77,5.859375,4.9882812,3.3808594
1.0,0.0,0.0,0.0,0.0,0.0,0.0,0.0,0.70996094,3.0,11.0,2.0,3.0,2.0,0.0,1410.74,5.1601562,4.8007812,3.3300781
1.0,0.0,0.0,0.0,0.0,0.0,0.0,0.0,0.5097656,8.0,13.0,3.0,3.0,3.0,0.0,1411.99,4.6914062,4.359375,2.9609375
1.0,0.0,0.0,0.0,0.0,0.0,0.0,0.0,0.5,4.0,15.0,3.0,3.0,2.0,0.0,1412.99,4.5507812,4.3398438,2.9492188
1.0,0.0,0.0,0.0,0.0,0.0,0.0,0.0,0.5,4.0,15.0,3.0,3.0,2.0,2.0,1414.37,4.640625,4.328125,2.9394531
1.0,0.0,0.0,0.0,0.0,0.0,0.0,0.0,0.5,5.0,15.0,3.0,3.0,1.0,2.0,1416.14,4.5195312,4.5,3.0195312
1.0,0.0,0.0,0.0,0.0,0.0,0.0,0.0,0.7998047,5.0,10.0,2.0,3.0,2.0,1.0,1417.83,5.4414062,4.9882812,3.4609375
1.0,0.0,0.0,0.0,0.0,0.0,0.0,0.0,0.95996094,3.0,4.0,3.0,3.0,2.0,0.0,1418.06,5.6289062,5.5,3.6894531
1.0,0.0,0.0,0.0,0.0,0.0,0.0,0.0,0.5,7.0,13.0,3.0,3.0,2.0,0.0,1418.79,4.4414062,4.4296875,3.0
1.0,0.0,0.0,0.0,0.0,0.0,0.0,0.0,0.45996094,6.0,17.0,2.0,3.0,2.0,0.0,1421.0,4.5390625,4.109375,2.8496094
1.0,0.0,0.0,0.0,0.0,0.0,0.0,0.0,0.72021484,5.0,11.0,1.0,3.0,2.0,0.0,1421.51,5.4804688,4.5703125,3.2890625
1.0,0.0,0.0,0.0,0.0,0.0,0.0,0.0,0.7597656,7.0,10.0,3.0,3.0,3.0,2.0,1422.0,5.4609375,4.9609375,3.3203125
1.0,0.0,0.0,0.0,0.0,0.0,0.0,0.0,0.5097656,6.0,11.0,3.0,2.0,2.0,0.0,958.73,4.71875,4.3085938,2.9199219
1.0,0.0,0.0,0.0,0.0,0.0,0.0,0.0,0.52001953,7.0,11.0,3.0,3.0,2.0,0.0,959.96,5.0,4.3203125,2.9003906
1.0,0.0,0.0,0.0,0.0,0.0,0.0,0.0,0.72021484,3.0,19.0,3.0,3.0,2.0,2.0,960.77,5.03125,4.7890625,3.2597656
1.0,0.0,0.0,0.0,0.0,0.0,0.0,0.0,0.5,6.0,11.0,3.0,3.0,2.0,2.0,963.05,4.9296875,4.28125,2.859375
1.0,0.0,0.0,0.0,0.0,0.0,0.0,0.0,0.52001953,5.0,3.0,3.0,3.0,2.0,0.0,963.47,4.671875,4.5703125,2.7597656
1.0,0.0,0.0,0.0,0.0,0.0,0.0,0.0,0.5,8.0,11.0,2.0,3.0,2.0,0.0,968.24,4.5195312,4.3085938,2.9707031
1.0,0.0,0.0,0.0,0.0,0.0,0.0,0.0,0.52978516,5.0,10.0,3.0,3.0,2.0,0.0,973.58,4.8710938,4.4296875,2.9199219
1.0,0.0,0.0,0.0,0.0,0.0,0.0,0.0,0.52978516,7.0,3.0,3.0,3.0,2.0,2.0,975.35,4.8203125,4.4609375,2.9707031
1.0,0.0,0.0,0.0,0.0,0.0,0.0,0.0,0.66015625,3.0,1.0,3.0,3.0,3.0,2.0,981.59,4.8984375,4.828125,3.1894531
1.0,0.0,0.0,0.0,0.0,0.0,0.0,0.0,0.5698242,8.0,10.0,3.0,3.0,2.0,0.0,981.59,4.8398438,4.5507812,3.0507812
1.0,0.0,0.0,0.0,0.0,0.0,0.0,0.0,0.5,3.0,12.0,2.0,3.0,2.0,0.0,987.31,4.6210938,4.3085938,2.9609375
1.0,0.0,0.0,0.0,0.0,0.0,0.0,0.0,0.5,7.0,11.0,2.0,3.0,2.0,0.0,994.18,4.921875,4.2695312,2.8496094
1.0,0.0,0.0,0.0,0.0,0.0,0.0,0.0,0.52978516,4.0,19.0,3.0,3.0,2.0,1.0,994.55,4.578125,4.46875,2.9394531
1.0,0.0,0.0,0.0,0.0,0.0,0.0,0.0,0.5097656,3.0,11.0,2.0,3.0,3.0,0.0,994.82,4.921875,4.3515625,2.8105469
1.0,0.0,0.0,0.0,0.0,0.0,0.0,0.0,0.5097656,2.0,19.0,3.0,2.0,1.0,2.0,1011.55,4.3789062,4.3789062,3.0390625
1.0,0.0,0.0,0.0,0.0,0.0,0.0,0.0,1.2001953,4.0,1.0,3.0,3.0,2.0,2.0,1665.16,5.96875,5.671875,3.8496094
1.0,0.0,0.0,0.0,0.0,0.0,0.0,0.0,1.0,3.0,19.0,3.0,2.0,1.0,0.0,1669.15,6.0117188,5.6015625,3.4492188
1.0,0.0,0.0,0.0,0.0,0.0,0.0,0.0,0.4099121,8.0,19.0,3.0,2.0,2.0,0.0,1669.75,4.25,4.0390625,2.6601562
1.0,0.0,0.0,0.0,0.0,0.0,0.0,0.0,0.5,6.0,17.0,3.0,3.0,2.0,0.0,1669.86,4.5703125,4.390625,2.9707031
1.0,0.0,0.0,0.0,0.0,0.0,0.0,0.0,0.5,6.0,17.0,3.0,3.0,2.0,0.0,1669.86,4.5507812,4.3984375,2.9804688
1.0,0.0,0.0,0.0,0.0,0.0,0.0,0.0,1.0195312,4.0,9.0,3.0,3.0,2.0,2.0,1670.45,5.9804688,5.4414062,3.6796875
1.0,0.0,0.0,0.0,0.0,0.0,0.0,0.0,0.70996094,5.0,12.0,3.0,3.0,3.0,0.0,1670.49,5.4609375,4.71875,3.2109375
1.0,0.0,0.0,0.0,0.0,0.0,0.0,0.0,0.7001953,3.0,14.0,3.0,3.0,2.0,0.0,1673.61,5.03125,4.9609375,3.3691406
1.0,0.0,0.0,0.0,0.0,0.0,0.0,0.0,0.5097656,8.0,16.0,3.0,3.0,2.0,2.0,1674.78,4.9101562,4.2382812,2.8808594
1.0,0.0,0.0,0.0,0.0,0.0,0.0,0.0,0.5,4.0,19.0,3.0,2.0,1.0,2.0,1675.4,4.5507812,4.21875,2.859375
1.0,0.0,0.0,0.0,0.0,0.0,0.0,0.0,0.7001953,3.0,12.0,3.0,3.0,2.0,0.0,1675.92,5.0195312,5.0117188,3.2792969
1.0,0.0,0.0,0.0,0.0,0.0,0.0,0.0,1.0595703,4.0,19.0,3.0,2.0,2.0,2.0,1677.1,6.5117188,5.1601562,3.4902344
1.0,0.0,0.0,0.0,0.0,0.0,0.0,0.0,0.72998047,3.0,13.0,3.0,3.0,2.0,0.0,1680.03,5.6210938,4.7890625,3.25
1.0,0.0,0.0,0.0,0.0,0.0,0.0,0.0,0.5,5.0,17.0,2.0,3.0,3.0,0.0,1680.89,5.078125,4.1601562,2.8691406
1.0,0.0,0.0,0.0,0.0,0.0,0.0,0.0,0.89990234,7.0,6.0,2.0,3.0,1.0,2.0,1681.04,5.390625,5.359375,3.7402344
1.0,0.0,0.0,0.0,0.0,0.0,0.0,0.0,0.89990234,3.0,11.0,3.0,3.0,2.0,0.0,1766.67,5.8203125,5.3203125,3.5800781
1.0,0.0,0.0,0.0,0.0,0.0,0.0,0.0,1.0,3.0,1.0,3.0,3.0,2.0,0.0,1769.63,5.3515625,5.2382812,3.6601562
1.0,0.0,0.0,0.0,0.0,0.0,0.0,0.0,0.58984375,5.0,16.0,2.0,3.0,2.0,0.0,1770.93,5.0507812,4.5507812,3.1308594
1.0,0.0,0.0,0.0,0.0,0.0,0.0,0.0,0.7597656,5.0,12.0,3.0,3.0,2.0,0.0,1771.59,5.3203125,5.109375,3.4394531
1.0,0.0,0.0,0.0,0.0,0.0,0.0,0.0,0.95996094,4.0,9.0,3.0,3.0,2.0,4.0,1772.2,5.9414062,5.4296875,3.5703125
1.0,0.0,0.0,0.0,0.0,0.0,0.0,0.0,0.58984375,7.0,14.0,3.0,3.0,2.0,0.0,1773.02,4.9609375,4.5507812,3.0898438
1.0,0.0,0.0,0.0,0.0,0.0,0.0,0.0,0.75,5.0,19.0,3.0,3.0,2.0,2.0,1773.52,5.6015625,4.6914062,3.1601562
1.0,0.0,0.0,0.0,0.0,0.0,0.0,0.0,1.0195312,3.0,19.0,3.0,3.0,2.0,1.0,1773.89,5.78125,5.5507812,3.7109375
1.0,0.0,0.0,0.0,0.0,0.0,0.0,0.0,0.6098633,6.0,15.0,3.0,3.0,2.0,1.0,1774.13,5.1914062,4.5117188,3.0292969
1.0,0.0,0.0,0.0,0.0,0.0,0.0,0.0,0.7998047,6.0,11.0,3.0,3.0,3.0,0.0,1774.68,5.96875,4.8984375,3.3203125
1.0,0.0,0.0,0.0,0.0,0.0,0.0,0.0,0.70996094,6.0,19.0,3.0,3.0,3.0,0.0,1780.85,4.9296875,4.921875,3.3398438
1.0,0.0,0.0,0.0,0.0,0.0,0.0,0.0,0.7001953,3.0,15.0,2.0,3.0,2.0,0.0,1781.41,5.0195312,4.8984375,3.4199219
1.0,0.0,0.0,0.0,0.0,0.0,0.0,0.0,0.5,5.0,16.0,3.0,3.0,2.0,0.0,1781.43,4.96875,4.2109375,2.8398438
1.0,0.0,0.0,0.0,0.0,0.0,0.0,0.0,0.5,6.0,15.0,3.0,3.0,2.0,0.0,1781.43,5.109375,4.1015625,2.7792969
1.0,0.0,0.0,0.0,0.0,0.0,0.0,0.0,1.2099609,4.0,4.0,3.0,3.0,2.0,0.0,1782.88,5.9609375,5.921875,4.0117188
1.0,0.0,0.0,0.0,0.0,0.0,0.0,0.0,1.0097656,7.0,3.0,3.0,3.0,2.0,0.0,2200.95,5.4882812,5.4609375,3.75
1.0,0.0,0.0,0.0,0.0,0.0,0.0,0.0,0.7998047,7.0,13.0,3.0,2.0,1.0,0.0,2200.95,5.359375,5.140625,3.4394531
1.0,0.0,0.0,0.0,0.0,0.0,0.0,0.0,0.7998047,8.0,19.0,3.0,3.0,2.0,4.0,2203.44,5.9492188,5.0117188,3.0390625
1.0,0.0,0.0,0.0,0.0,0.0,0.0,0.0,1.2001953,3.0,10.0,2.0,3.0,1.0,4.0,2204.14,6.2109375,5.71875,3.9707031
1.0,0.0,0.0,0.0,0.0,0.0,0.0,0.0,0.7998047,7.0,12.0,3.0,3.0,3.0,2.0,2207.81,5.1796875,5.1601562,3.4902344
1.0,0.0,0.0,0.0,0.0,0.0,0.0,0.0,0.7998047,5.0,12.0,3.0,3.0,2.0,0.0,2207.83,5.1914062,5.109375,3.4707031
1.0,0.0,0.0,0.0,0.0,0.0,0.0,0.0,0.7998047,6.0,13.0,2.0,3.0,2.0,0.0,2207.9,5.4414062,4.9414062,3.4101562
1.0,0.0,0.0,0.0,0.0,0.0,0.0,0.0,0.7001953,3.0,18.0,3.0,3.0,3.0,0.0,2209.85,5.3007812,4.8203125,3.2792969
1.0,0.0,0.0,0.0,0.0,0.0,0.0,0.0,0.8598633,7.0,19.0,3.0,3.0,2.0,2.0,2210.42,5.4296875,5.3007812,3.5605469
1.0,0.0,0.0,0.0,0.0,0.0,0.0,0.0,0.8100586,4.0,13.0,3.0,3.0,2.0,2.0,2099.21,5.5390625,5.078125,3.4492188
1.0,0.0,0.0,0.0,0.0,0.0,0.0,0.0,0.8100586,4.0,13.0,3.0,3.0,2.0,0.0,2105.47,5.28125,5.2617188,3.5605469
1.0,0.0,0.0,0.0,0.0,0.0,0.0,0.0,0.7597656,4.0,13.0,3.0,3.0,2.0,0.0,2106.91,5.3710938,5.0585938,3.4296875
1.0,0.0,0.0,0.0,0.0,0.0,0.0,0.0,1.1103516,7.0,4.0,3.0,3.0,3.0,4.0,2107.75,6.03125,5.6992188,3.8300781
1.0,0.0,0.0,0.0,0.0,0.0,0.0,0.0,0.8100586,3.0,18.0,3.0,3.0,2.0,0.0,2111.99,5.7304688,4.9804688,3.3808594
1.0,0.0,0.0,0.0,0.0,0.0,0.0,0.0,0.7001953,5.0,14.0,2.0,3.0,2.0,1.0,2112.72,5.640625,4.6289062,3.1699219
1.0,0.0,0.0,0.0,0.0,0.0,0.0,0.0,0.7998047,3.0,16.0,2.0,3.0,2.0,1.0,2116.52,5.5117188,5.140625,3.4492188
1.0,0.0,0.0,0.0,0.0,0.0,0.0,0.0,0.7001953,3.0,18.0,3.0,3.0,2.0,0.0,2117.68,5.2304688,4.9296875,3.3105469
1.0,0.0,0.0,0.0,0.0,0.0,0.0,0.0,0.58984375,5.0,16.0,3.0,3.0,2.0,0.0,2117.98,4.9804688,4.5195312,3.0703125
1.0,0.0,0.0,0.0,0.0,0.0,0.0,0.0,0.75,7.0,13.0,3.0,3.0,2.0,2.0,2118.77,5.1015625,5.1015625,3.4199219
1.0,0.0,0.0,0.0,0.0,0.0,0.0,0.0,0.7998047,5.0,13.0,3.0,3.0,2.0,2.0,2119.15,5.671875,4.9296875,3.3496094
1.0,0.0,0.0,0.0,0.0,0.0,0.0,0.0,0.7998047,5.0,13.0,2.0,3.0,2.0,0.0,2119.15,5.6015625,4.9492188,3.4707031
1.0,0.0,0.0,0.0,0.0,0.0,0.0,0.0,0.89990234,4.0,11.0,3.0,3.0,2.0,0.0,2119.75,5.6210938,5.2382812,3.5507812
1.0,0.0,0.0,0.0,0.0,0.0,0.0,0.0,0.70996094,5.0,14.0,2.0,3.0,2.0,0.0,2123.35,5.2382812,4.71875,3.3007812
1.0,0.0,0.0,0.0,0.0,0.0,0.0,0.0,0.72021484,4.0,16.0,3.0,3.0,2.0,0.0,2123.49,5.8007812,4.7109375,3.1796875
1.0,0.0,0.0,0.0,0.0,0.0,0.0,0.0,0.52001953,4.0,19.0,3.0,2.0,2.0,4.0,2211.39,4.6015625,4.3984375,2.9902344
1.0,0.0,0.0,0.0,0.0,0.0,0.0,0.0,0.7998047,4.0,13.0,3.0,3.0,2.0,0.0,2213.12,5.828125,5.0390625,3.3105469
1.0,0.0,0.0,0.0,0.0,0.0,0.0,0.0,0.7001953,4.0,17.0,2.0,2.0,2.0,0.0,2213.67,5.03125,4.859375,3.3496094
1.0,0.0,0.0,0.0,0.0,0.0,0.0,0.0,0.7998047,5.0,13.0,3.0,3.0,2.0,1.0,2214.81,5.28125,5.109375,3.4707031
1.0,0.0,0.0,0.0,0.0,0.0,0.0,0.0,0.7998047,6.0,13.0,2.0,3.0,2.0,2.0,2216.11,5.4296875,5.0,3.4707031
1.0,0.0,0.0,0.0,0.0,0.0,0.0,0.0,0.7001953,4.0,14.0,3.0,3.0,3.0,0.0,2216.65,5.6210938,4.6796875,3.1699219
1.0,0.0,0.0,0.0,0.0,0.0,0.0,0.0,0.7998047,6.0,13.0,3.0,3.0,2.0,0.0,2235.53,5.2304688,5.1210938,3.4707031
1.0,0.0,0.0,0.0,0.0,0.0,0.0,0.0,0.7001953,4.0,18.0,3.0,3.0,2.0,4.0,2237.88,5.0117188,4.890625,3.3105469
1.0,0.0,0.0,0.0,0.0,0.0,0.0,0.0,0.7001953,4.0,15.0,3.0,3.0,2.0,0.0,2239.13,5.1992188,4.8789062,3.3105469
1.0,0.0,0.0,0.0,0.0,0.0,0.0,0.0,0.7998047,8.0,12.0,3.0,3.0,2.0,0.0,2239.4,5.4492188,5.03125,3.4101562
1.0,0.0,0.0,0.0,0.0,0.0,0.0,0.0,0.7998047,3.0,13.0,3.0,3.0,2.0,0.0,2240.43,5.8789062,4.8710938,3.3105469
1.0,0.0,0.0,0.0,0.0,0.0,0.0,0.0,0.8598633,6.0,19.0,3.0,3.0,2.0,1.0,2241.65,5.671875,5.1015625,3.4394531
1.0,0.0,0.0,0.0,0.0,0.0,0.0,0.0,1.0097656,3.0,19.0,2.0,2.0,1.0,4.0,2241.67,6.1015625,5.359375,3.4804688
1.0,0.0,0.0,0.0,0.0,0.0,0.0,0.0,1.0097656,3.0,14.0,3.0,2.0,2.0,0.0,2243.69,6.0585938,5.5195312,3.5898438
1.0,0.0,0.0,0.0,0.0,0.0,0.0,0.0,0.91015625,3.0,12.0,3.0,3.0,3.0,0.0,2245.14,5.78125,5.3007812,3.5898438
1.0,0.0,0.0,0.0,0.0,0.0,0.0,0.0,1.0,3.0,10.0,2.0,3.0,2.0,0.0,2247.57,6.21875,5.2695312,3.6191406
1.0,0.0,0.0,0.0,0.0,0.0,0.0,0.0,0.7998047,6.0,12.0,3.0,2.0,1.0,0.0,2249.2,5.359375,5.1484375,3.5
1.0,0.0,0.0,0.0,0.0,0.0,0.0,0.0,1.0,6.0,8.0,3.0,3.0,2.0,0.0,2249.55,6.2890625,5.2617188,3.5703125
1.0,0.0,0.0,0.0,0.0,0.0,0.0,0.0,1.0,4.0,10.0,3.0,3.0,2.0,2.0,2249.7,6.1289062,5.328125,3.5898438
1.0,0.0,0.0,0.0,0.0,0.0,0.0,0.0,0.7998047,6.0,13.0,2.0,3.0,2.0,1.0,2250.47,5.2617188,5.0390625,3.5195312
1.0,0.0,0.0,0.0,0.0,0.0,0.0,0.0,0.70996094,4.0,18.0,3.0,3.0,2.0,4.0,2251.38,5.28125,4.8007812,3.25
1.0,0.0,0.0,0.0,0.0,0.0,0.0,0.0,1.5097656,4.0,19.0,3.0,2.0,2.0,0.0,2329.11,6.5703125,6.1914062,4.1015625
1.0,0.0,0.0,0.0,0.0,0.0,0.0,0.0,0.7001953,4.0,15.0,3.0,3.0,2.0,0.0,2331.49,5.0195312,4.9296875,3.3398438
1.0,0.0,0.0,0.0,0.0,0.0,0.0,0.0,1.0703125,7.0,3.0,3.0,3.0,2.0,0.0,2331.52,5.8203125,5.4101562,3.7792969
1.0,0.0,0.0,0.0,0.0,0.0,0.0,0.0,0.6098633,8.0,15.0,3.0,3.0,2.0,0.0,2331.78,5.0898438,4.7109375,3.1796875
1.0,0.0,0.0,0.0,0.0,0.0,0.0,0.0,0.72021484,4.0,16.0,3.0,3.0,2.0,0.0,2332.4,5.5585938,4.8007812,3.1699219
1.0,0.0,0.0,0.0,0.0,0.0,0.0,0.0,0.70996094,4.0,14.0,3.0,3.0,2.0,0.0,2335.84,5.78125,4.6601562,3.1601562
1.0,0.0,0.0,0.0,0.0,0.0,0.0,0.0,0.7001953,3.0,16.0,3.0,3.0,2.0,0.0,2340.48,5.421875,4.9296875,3.25
1.0,0.0,0.0,0.0,0.0,0.0,0.0,0.0,0.8100586,5.0,13.0,3.0,3.0,2.0,0.0,2341.58,5.578125,5.1015625,3.4199219
1.0,0.0,0.0,0.0,0.0,0.0,0.0,0.0,1.2001953,5.0,1.0,3.0,3.0,2.0,2.0,2343.25,5.890625,5.7617188,3.9101562
1.0,0.0,0.0,0.0,0.0,0.0,0.0,0.0,0.89990234,6.0,11.0,2.0,3.0,2.0,0.0,2344.02,5.5585938,5.171875,3.609375
1.0,0.0,0.0,0.0,0.0,0.0,0.0,0.0,1.0302734,4.0,3.0,3.0,3.0,2.0,1.0,2347.97,5.78125,5.6015625,3.75
1.0,0.0,0.0,0.0,0.0,0.0,0.0,0.0,0.75,3.0,15.0,3.0,2.0,2.0,0.0,2349.61,5.6210938,4.8789062,3.3105469
1.0,0.0,0.0,0.0,0.0,0.0,0.0,0.0,0.8198242,6.0,13.0,3.0,3.0,3.0,2.0,2350.9,5.78125,5.0117188,3.4003906
1.0,0.0,0.0,0.0,0.0,0.0,0.0,0.0,0.7001953,3.0,17.0,3.0,3.0,2.0,0.0,2351.72,5.1210938,4.9492188,3.3300781
1.0,0.0,0.0,0.0,0.0,0.0,0.0,0.0,0.7998047,3.0,17.0,3.0,3.0,2.0,0.0,2352.72,5.5507812,5.0390625,3.4296875
1.0,0.0,0.0,0.0,0.0,0.0,0.0,0.0,0.7001953,4.0,17.0,3.0,3.0,2.0,0.0,2306.49,5.2382812,4.8203125,3.2695312
1.0,0.0,0.0,0.0,0.0,0.0,0.0,0.0,0.7001953,3.0,16.0,3.0,3.0,2.0,0.0,2306.59,5.3398438,4.890625,3.1796875
1.0,0.0,0.0,0.0,0.0,0.0,0.0,0.0,0.7001953,4.0,14.0,3.0,3.0,2.0,0.0,2307.82,5.6914062,4.78125,3.1503906
1.0,0.0,0.0,0.0,0.0,0.0,0.0,0.0,1.0,7.0,1.0,3.0,3.0,2.0,0.0,2310.88,5.921875,5.578125,3.640625
1.0,0.0,0.0,0.0,0.0,0.0,0.0,0.0,0.72021484,4.0,16.0,3.0,3.0,2.0,0.0,2313.96,5.171875,5.1210938,3.4199219
1.0,0.0,0.0,0.0,0.0,0.0,0.0,0.0,0.72998047,4.0,16.0,3.0,3.0,2.0,0.0,2315.11,5.578125,4.8515625,3.2890625
1.0,0.0,0.0,0.0,0.0,0.0,0.0,0.0,0.52001953,9.0,18.0,3.0,3.0,3.0,0.0,2316.45,4.5703125,4.4609375,3.0097656
1.0,0.0,0.0,0.0,0.0,0.0,0.0,0.0,0.91015625,6.0,11.0,3.0,3.0,2.0,0.0,2319.07,5.75,5.2382812,3.5507812
1.0,0.0,0.0,0.0,0.0,0.0,0.0,0.0,0.8300781,7.0,12.0,3.0,3.0,3.0,0.0,2319.32,5.3203125,5.2890625,3.5507812
1.0,0.0,0.0,0.0,0.0,0.0,0.0,0.0,0.89990234,3.0,19.0,1.0,3.0,2.0,0.0,2319.86,5.7109375,5.1289062,3.609375
1.0,0.0,0.0,0.0,0.0,0.0,0.0,0.0,0.7001953,4.0,18.0,3.0,3.0,2.0,0.0,2320.21,5.5507812,4.7382812,3.1992188
1.0,0.0,0.0,0.0,0.0,0.0,0.0,0.0,0.7001953,4.0,15.0,3.0,3.0,2.0,0.0,2321.01,5.3398438,4.859375,3.25
1.0,0.0,0.0,0.0,0.0,0.0,0.0,0.0,0.89990234,6.0,11.0,3.0,3.0,3.0,0.0,2322.17,5.4101562,5.359375,3.640625
1.0,0.0,0.0,0.0,0.0,0.0,0.0,0.0,0.7001953,7.0,19.0,3.0,3.0,1.0,2.0,2322.22,5.078125,4.9609375,3.1894531
1.0,0.0,0.0,0.0,0.0,0.0,0.0,0.0,0.7998047,8.0,12.0,3.0,3.0,3.0,0.0,2327.93,5.1914062,5.1601562,3.5097656
1.0,0.0,0.0,0.0,0.0,0.0,0.0,0.0,0.77001953,3.0,17.0,3.0,3.0,2.0,0.0,2160.17,5.2109375,5.1484375,3.4492188
1.0,0.0,0.0,0.0,0.0,0.0,0.0,0.0,0.72998047,4.0,13.0,3.0,3.0,3.0,0.0,2160.24,5.2304688,4.8984375,3.3203125
1.0,0.0,0.0,0.0,0.0,0.0,0.0,0.0,0.7001953,4.0,17.0,3.0,3.0,2.0,0.0,2161.39,5.75,4.6289062,3.140625
1.0,0.0,0.0,0.0,0.0,0.0,0.0,0.0,0.70996094,3.0,17.0,3.0,2.0,2.0,0.0,2163.98,5.3710938,4.9296875,3.3300781
1.0,0.0,0.0,0.0,0.0,0.0,0.0,0.0,0.7998047,5.0,12.0,3.0,3.0,2.0,0.0,2166.14,5.4101562,5.1015625,3.4707031
1.0,0.0,0.0,0.0,0.0,0.0,0.0,0.0,0.7998047,5.0,12.0,3.0,3.0,2.0,2.0,2166.14,5.21875,5.1015625,3.4609375
1.0,0.0,0.0,0.0,0.0,0.0,0.0,0.0,0.7001953,5.0,13.0,3.0,3.0,2.0,0.0,2167.1,5.1914062,4.7304688,3.2109375
1.0,0.0,0.0,0.0,0.0,0.0,0.0,0.0,0.70996094,4.0,13.0,3.0,3.0,2.0,0.0,2167.54,5.1601562,5.0195312,3.4003906
1.0,0.0,0.0,0.0,0.0,0.0,0.0,0.0,0.7001953,5.0,14.0,2.0,3.0,2.0,0.0,2171.12,5.1484375,4.7890625,3.3105469
1.0,0.0,0.0,0.0,0.0,0.0,0.0,0.0,0.7998047,4.0,13.0,3.0,2.0,2.0,0.0,2174.39,5.4296875,5.0390625,3.4003906
1.0,0.0,0.0,0.0,0.0,0.0,0.0,0.0,0.75,5.0,13.0,3.0,3.0,2.0,0.0,2176.9,5.078125,5.0507812,3.4296875
1.0,0.0,0.0,0.0,0.0,0.0,0.0,0.0,0.7998047,4.0,13.0,2.0,3.0,2.0,0.0,2177.16,5.6992188,4.890625,3.3808594
1.0,0.0,0.0,0.0,0.0,0.0,0.0,0.0,0.52001953,8.0,18.0,3.0,3.0,3.0,2.0,2178.26,4.9492188,4.3007812,2.9003906
1.0,0.0,0.0,0.0,0.0,0.0,0.0,0.0,0.7998047,3.0,16.0,3.0,3.0,2.0,0.0,2178.43,5.3203125,5.109375,3.4394531
1.0,0.0,0.0,0.0,0.0,0.0,0.0,0.0,0.7998047,4.0,14.0,3.0,3.0,1.0,0.0,2178.56,5.3984375,5.140625,3.4804688
1.0,0.0,0.0,0.0,0.0,0.0,0.0,0.0,0.70996094,4.0,13.0,3.0,3.0,3.0,0.0,2047.93,5.0585938,4.9804688,3.3691406
1.0,0.0,0.0,0.0,0.0,0.0,0.0,0.0,1.0,3.0,11.0,3.0,3.0,2.0,1.0,2049.9,5.8085938,5.5898438,3.640625
1.0,0.0,0.0,0.0,0.0,0.0,0.0,0.0,0.7001953,3.0,17.0,2.0,3.0,2.0,0.0,2053.78,4.9882812,4.828125,3.3691406
1.0,0.0,0.0,0.0,0.0,0.0,0.0,0.0,1.0097656,3.0,10.0,3.0,3.0,3.0,1.0,2053.79,5.9609375,5.421875,3.6796875
1.0,0.0,0.0,0.0,0.0,0.0,0.0,0.0,0.64990234,4.0,18.0,3.0,3.0,2.0,0.0,2053.86,5.2109375,4.7382812,3.2109375
1.0,0.0,0.0,0.0,0.0,0.0,0.0,0.0,0.8100586,3.0,12.0,2.0,3.0,3.0,0.0,2056.1,5.1914062,5.0507812,3.5390625
1.0,0.0,0.0,0.0,0.0,0.0,0.0,0.0,0.72998047,4.0,14.0,3.0,3.0,2.0,0.0,2058.82,5.359375,4.8789062,3.3203125
1.0,0.0,0.0,0.0,0.0,0.0,0.0,0.0,0.75,6.0,12.0,3.0,2.0,3.0,2.0,2065.53,5.328125,5.1484375,3.4101562
1.0,0.0,0.0,0.0,0.0,0.0,0.0,0.0,0.72021484,3.0,16.0,3.0,3.0,3.0,0.0,2066.33,5.140625,4.9882812,3.4003906
1.0,0.0,0.0,0.0,0.0,0.0,0.0,0.0,0.7001953,4.0,13.0,3.0,3.0,3.0,0.0,2067.83,5.2382812,4.859375,3.3007812
1.0,0.0,0.0,0.0,0.0,0.0,0.0,0.0,0.8300781,5.0,11.0,3.0,3.0,2.0,2.0,2067.92,5.2890625,5.25,3.5507812
1.0,0.0,0.0,0.0,0.0,0.0,0.0,0.0,0.75,4.0,15.0,3.0,3.0,3.0,0.0,2074.78,5.671875,4.9101562,3.2890625
1.0,0.0,0.0,0.0,0.0,0.0,0.0,0.0,0.7998047,5.0,12.0,2.0,3.0,1.0,0.0,2076.37,5.1992188,5.1914062,3.5
1.0,0.0,0.0,0.0,0.0,0.0,0.0,0.0,0.91015625,4.0,16.0,2.0,3.0,3.0,0.0,2077.41,5.6210938,5.46875,3.7109375
1.0,0.0,0.0,0.0,0.0,0.0,0.0,0.0,0.7998047,7.0,12.0,2.0,2.0,2.0,0.0,2079.0,5.140625,5.0,3.5
1.0,0.0,0.0,0.0,0.0,0.0,0.0,0.0,0.7001953,4.0,17.0,3.0,3.0,2.0,0.0,2125.23,5.6992188,4.6601562,3.1601562
1.0,0.0,0.0,0.0,0.0,0.0,0.0,0.0,0.7998047,7.0,12.0,3.0,3.0,2.0,0.0,2126.15,5.1992188,5.140625,3.4902344
1.0,0.0,0.0,0.0,0.0,0.0,0.0,0.0,1.0,4.0,11.0,3.0,3.0,3.0,4.0,2126.49,5.5703125,5.5703125,3.7695312
1.0,0.0,0.0,0.0,0.0,0.0,0.0,0.0,0.72021484,4.0,17.0,3.0,3.0,2.0,4.0,2127.22,5.5390625,4.8007812,3.2109375
1.0,0.0,0.0,0.0,0.0,0.0,0.0,0.0,0.7001953,3.0,17.0,3.0,3.0,2.0,0.0,2131.11,5.25,4.7695312,3.2402344
1.0,0.0,0.0,0.0,0.0,0.0,0.0,0.0,0.5600586,8.0,19.0,3.0,2.0,1.0,0.0,2131.23,4.8085938,4.578125,3.0800781
1.0,0.0,0.0,0.0,0.0,0.0,0.0,0.0,0.7998047,4.0,13.0,2.0,3.0,1.0,0.0,2131.51,5.0898438,5.078125,3.5605469
1.0,0.0,0.0,0.0,0.0,0.0,0.0,0.0,0.7001953,3.0,18.0,3.0,3.0,2.0,0.0,2133.55,5.109375,4.9414062,3.359375
1.0,0.0,0.0,0.0,0.0,0.0,0.0,0.0,0.89990234,4.0,11.0,2.0,3.0,2.0,0.0,2133.76,5.6601562,5.2109375,3.640625
1.0,0.0,0.0,0.0,0.0,0.0,0.0,0.0,0.89990234,3.0,13.0,2.0,3.0,2.0,0.0,2133.85,5.421875,5.2304688,3.6601562
1.0,0.0,0.0,0.0,0.0,0.0,0.0,0.0,0.7998047,8.0,12.0,2.0,3.0,2.0,0.0,2135.66,5.1601562,5.1289062,3.5898438
1.0,0.0,0.0,0.0,0.0,0.0,0.0,0.0,0.7001953,3.0,18.0,3.0,3.0,2.0,0.0,2138.86,5.0898438,4.890625,3.3203125
1.0,0.0,0.0,0.0,0.0,0.0,0.0,0.0,0.75,3.0,16.0,3.0,3.0,3.0,0.0,2139.12,5.171875,5.0117188,3.4003906
1.0,0.0,0.0,0.0,0.0,0.0,0.0,0.0,1.2001953,6.0,19.0,3.0,3.0,2.0,0.0,2140.45,6.0195312,5.859375,3.9296875
1.0,0.0,0.0,0.0,0.0,0.0,0.0,0.0,1.1201172,4.0,19.0,3.0,2.0,1.0,4.0,2140.5,6.0703125,5.6601562,3.6699219
1.0,0.0,0.0,0.0,0.0,0.0,0.0,0.0,1.0097656,4.0,11.0,3.0,3.0,3.0,2.0,2369.4,5.8984375,5.6210938,3.6601562
1.0,0.0,0.0,0.0,0.0,0.0,0.0,0.0,0.7001953,4.0,17.0,3.0,3.0,2.0,0.0,2369.66,5.3007812,4.8398438,3.2597656
1.0,0.0,0.0,0.0,0.0,0.0,0.0,0.0,1.2900391,4.0,19.0,3.0,2.0,2.0,1.0,2369.89,6.0898438,5.8984375,4.0
1.0,0.0,0.0,0.0,0.0,0.0,0.0,0.0,0.70996094,4.0,17.0,3.0,3.0,3.0,0.0,2370.29,5.3203125,4.8398438,3.2695312
1.0,0.0,0.0,0.0,0.0,0.0,0.0,0.0,0.7001953,4.0,18.0,3.0,3.0,2.0,2.0,2370.8,5.71875,4.5898438,3.1191406
1.0,0.0,0.0,0.0,0.0,0.0,0.0,0.0,0.70996094,4.0,18.0,3.0,3.0,3.0,2.0,2376.9,5.328125,4.8515625,3.2695312
1.0,0.0,0.0,0.0,0.0,0.0,0.0,0.0,0.7998047,4.0,17.0,3.0,3.0,2.0,4.0,2378.47,5.2617188,5.03125,3.4101562
1.0,0.0,0.0,0.0,0.0,0.0,0.0,0.0,0.7998047,4.0,14.0,3.0,3.0,3.0,0.0,2379.12,5.25,5.1796875,3.5097656
1.0,0.0,0.0,0.0,0.0,0.0,0.0,0.0,0.8100586,5.0,13.0,3.0,3.0,2.0,0.0,2379.45,5.3085938,5.109375,3.4609375
1.0,0.0,0.0,0.0,0.0,0.0,0.0,0.0,0.60009766,8.0,19.0,3.0,3.0,3.0,1.0,2380.14,4.8085938,4.640625,3.109375
1.0,0.0,0.0,0.0,0.0,0.0,0.0,0.0,1.5097656,3.0,19.0,3.0,2.0,1.0,0.0,2387.28,6.1601562,5.9609375,4.1601562
1.0,0.0,0.0,0.0,0.0,0.0,0.0,0.0,0.7998047,3.0,16.0,3.0,3.0,2.0,0.0,2390.34,5.421875,5.0117188,3.4003906
1.0,0.0,0.0,0.0,0.0,0.0,0.0,0.0,1.2099609,4.0,1.0,3.0,3.0,2.0,0.0,2394.42,6.1601562,5.9609375,3.7597656
1.0,0.0,0.0,0.0,0.0,0.0,0.0,0.0,1.2001953,4.0,19.0,3.0,3.0,2.0,2.0,2399.32,6.1210938,5.7617188,3.9101562
1.0,0.0,0.0,0.0,0.0,0.0,0.0,0.0,0.8598633,4.0,18.0,3.0,3.0,2.0,5.0,2399.71,5.859375,5.0898438,3.4609375
1.0,0.0,0.0,0.0,0.0,0.0,0.0,0.0,0.75,4.0,13.0,3.0,3.0,2.0,0.0,2179.86,5.6015625,4.8710938,3.3105469
1.0,0.0,0.0,0.0,0.0,0.0,0.0,0.0,1.0302734,4.0,19.0,3.0,2.0,2.0,0.0,2180.15,5.6484375,5.5507812,3.7695312
1.0,0.0,0.0,0.0,0.0,0.0,0.0,0.0,0.8300781,5.0,13.0,3.0,3.0,2.0,0.0,2181.55,5.828125,5.0507812,3.3808594
1.0,0.0,0.0,0.0,0.0,0.0,0.0,0.0,0.7001953,3.0,16.0,3.0,2.0,2.0,0.0,2184.75,5.4882812,4.75,3.2207031
1.0,0.0,0.0,0.0,0.0,0.0,0.0,0.0,0.72021484,4.0,16.0,3.0,3.0,2.0,0.0,2190.78,5.1289062,4.9609375,3.359375
1.0,0.0,0.0,0.0,0.0,0.0,0.0,0.0,0.8100586,4.0,12.0,3.0,3.0,3.0,0.0,2191.89,5.3203125,5.140625,3.4804688
1.0,0.0,0.0,0.0,0.0,0.0,0.0,0.0,0.7998047,7.0,12.0,3.0,3.0,2.0,0.0,2192.54,5.46875,5.1289062,3.4609375
1.0,0.0,0.0,0.0,0.0,0.0,0.0,0.0,0.8100586,4.0,13.0,3.0,3.0,3.0,0.0,2193.05,5.25,5.2304688,3.5292969
1.0,0.0,0.0,0.0,0.0,0.0,0.0,0.0,0.7001953,7.0,19.0,3.0,3.0,1.0,1.0,2194.13,5.0507812,4.7382812,3.2402344
1.0,0.0,0.0,0.0,0.0,0.0,0.0,0.0,0.7001953,6.0,13.0,3.0,2.0,2.0,0.0,2194.35,5.1484375,4.6484375,3.3203125
1.0,0.0,0.0,0.0,0.0,0.0,0.0,0.0,0.70996094,3.0,18.0,3.0,3.0,2.0,0.0,2194.84,5.109375,5.03125,3.3691406
1.0,0.0,0.0,0.0,0.0,0.0,0.0,0.0,0.7001953,3.0,18.0,3.0,3.0,3.0,0.0,2195.14,5.46875,4.75,3.2207031
1.0,0.0,0.0,0.0,0.0,0.0,0.0,0.0,0.7001953,4.0,17.0,2.0,3.0,2.0,0.0,2196.69,5.1210938,4.8515625,3.2695312
1.0,0.0,0.0,0.0,0.0,0.0,0.0,0.0,0.7998047,7.0,13.0,2.0,3.0,2.0,4.0,2199.7,5.5703125,4.890625,3.4003906
1.0,0.0,0.0,0.0,0.0,0.0,0.0,0.0,0.89990234,6.0,19.0,3.0,3.0,1.0,2.0,2200.67,5.421875,5.3710938,3.640625
1.0,0.0,0.0,0.0,0.0,0.0,0.0,0.0,0.85009766,6.0,19.0,3.0,3.0,1.0,1.0,2251.42,5.28125,5.0390625,3.5195312
1.0,0.0,0.0,0.0,0.0,0.0,0.0,0.0,0.7597656,3.0,14.0,3.0,3.0,2.0,0.0,2251.76,5.171875,5.0117188,3.4101562
1.0,0.0,0.0,0.0,0.0,0.0,0.0,0.0,0.89990234,5.0,12.0,1.0,3.0,3.0,0.0,2253.96,5.3984375,5.2695312,3.6894531
1.0,0.0,0.0,0.0,0.0,0.0,0.0,0.0,0.72021484,4.0,17.0,3.0,3.0,2.0,0.0,2254.49,5.1484375,4.9609375,3.3300781
1.0,0.0,0.0,0.0,0.0,0.0,0.0,0.0,0.89990234,3.0,12.0,3.0,3.0,2.0,0.0,2254.6,5.4492188,5.421875,3.6796875
1.0,0.0,0.0,0.0,0.0,0.0,0.0,0.0,1.1103516,8.0,3.0,3.0,3.0,2.0,1.0,2255.38,6.5898438,5.2617188,3.5703125
1.0,0.0,0.0,0.0,0.0,0.0,0.0,0.0,0.7998047,5.0,12.0,3.0,3.0,2.0,0.0,2257.43,5.5585938,5.0585938,3.390625
1.0,0.0,0.0,0.0,0.0,0.0,0.0,0.0,0.89990234,5.0,11.0,3.0,3.0,2.0,2.0,2257.57,5.609375,5.2890625,3.5996094
1.0,0.0,0.0,0.0,0.0,0.0,0.0,0.0,0.7998047,7.0,12.0,3.0,3.0,3.0,0.0,2257.61,5.8515625,4.9609375,3.3691406
1.0,0.0,0.0,0.0,0.0,0.0,0.0,0.0,1.0,5.0,9.0,3.0,3.0,2.0,0.0,2258.86,5.8085938,5.4609375,3.6992188
1.0,0.0,0.0,0.0,0.0,0.0,0.0,0.0,0.89990234,3.0,12.0,2.0,3.0,2.0,0.0,2262.4,5.4492188,5.328125,3.5800781
1.0,0.0,0.0,0.0,0.0,0.0,0.0,0.0,0.72998047,4.0,15.0,3.0,3.0,3.0,0.0,2263.09,5.0703125,5.0507812,3.4003906
1.0,0.0,0.0,0.0,0.0,0.0,0.0,0.0,1.0097656,6.0,19.0,3.0,3.0,1.0,2.0,2263.49,5.640625,5.609375,3.6601562
1.0,0.0,0.0,0.0,0.0,0.0,0.0,0.0,1.0,3.0,19.0,3.0,3.0,2.0,0.0,2267.65,5.5117188,5.4804688,3.7207031
1.0,0.0,0.0,0.0,0.0,0.0,0.0,0.0,0.89990234,3.0,13.0,2.0,3.0,2.0,2.0,2268.42,5.5195312,5.328125,3.7109375
1.0,0.0,0.0,0.0,0.0,0.0,0.0,0.0,1.0097656,6.0,19.0,3.0,3.0,2.0,0.0,2079.5,5.5703125,5.46875,3.7109375
1.0,0.0,0.0,0.0,0.0,0.0,0.0,0.0,1.2001953,3.0,8.0,3.0,3.0,3.0,1.0,2080.3,6.0703125,5.8398438,3.9296875
1.0,0.0,0.0,0.0,0.0,0.0,0.0,0.0,0.6098633,5.0,15.0,3.0,3.0,2.0,0.0,2082.28,4.8789062,4.6796875,3.1503906
1.0,0.0,0.0,0.0,0.0,0.0,0.0,0.0,0.70996094,3.0,13.0,3.0,3.0,3.0,0.0,2088.89,4.9804688,4.96875,3.3691406
1.0,0.0,0.0,0.0,0.0,0.0,0.0,0.0,0.9199219,8.0,10.0,3.0,3.0,3.0,0.0,2089.31,5.7695312,5.2382812,3.5390625
1.0,0.0,0.0,0.0,0.0,0.0,0.0,0.0,0.7001953,7.0,13.0,3.0,3.0,3.0,0.0,2090.03,5.4882812,4.7109375,3.1894531
1.0,0.0,0.0,0.0,0.0,0.0,0.0,0.0,0.75,8.0,19.0,3.0,3.0,2.0,1.0,2091.23,5.578125,4.8398438,3.2695312
1.0,0.0,0.0,0.0,0.0,0.0,0.0,0.0,0.72021484,5.0,19.0,3.0,3.0,2.0,1.0,2092.63,4.8710938,4.8515625,3.390625
1.0,0.0,0.0,0.0,0.0,0.0,0.0,0.0,0.91015625,5.0,11.0,2.0,3.0,3.0,2.0,2092.96,5.578125,5.1992188,3.6308594
1.0,0.0,0.0,0.0,0.0,0.0,0.0,0.0,0.7001953,4.0,16.0,3.0,2.0,2.0,0.0,2094.68,5.21875,4.78125,3.2402344
1.0,0.0,0.0,0.0,0.0,0.0,0.0,0.0,0.72021484,4.0,14.0,3.0,3.0,2.0,0.0,2094.93,5.1289062,4.9492188,3.359375
1.0,0.0,0.0,0.0,0.0,0.0,0.0,0.0,0.7998047,5.0,12.0,2.0,3.0,2.0,2.0,2095.55,5.3398438,5.0507812,3.5292969
1.0,0.0,0.0,0.0,0.0,0.0,0.0,0.0,0.7001953,3.0,19.0,3.0,3.0,1.0,2.0,2095.89,5.078125,4.859375,3.25
1.0,0.0,0.0,0.0,0.0,0.0,0.0,0.0,1.0,4.0,10.0,2.0,3.0,2.0,0.0,2096.38,5.6914062,5.3085938,3.7109375
1.0,0.0,0.0,0.0,0.0,0.0,0.0,0.0,1.0,6.0,9.0,2.0,3.0,1.0,2.0,2096.43,5.5585938,5.4882812,3.8496094
1.0,0.0,0.0,0.0,0.0,0.0,0.0,0.0,0.7998047,8.0,19.0,3.0,3.0,2.0,2.0,2270.01,5.2382812,4.8710938,3.4003906
1.0,0.0,0.0,0.0,0.0,0.0,0.0,0.0,0.7001953,4.0,17.0,3.0,3.0,2.0,0.0,2270.32,5.6992188,4.6601562,3.1503906
1.0,0.0,0.0,0.0,0.0,0.0,0.0,0.0,0.95996094,6.0,11.0,3.0,3.0,1.0,4.0,2272.87,6.25,5.1289062,3.4902344
1.0,0.0,0.0,0.0,0.0,0.0,0.0,0.0,0.7998047,4.0,13.0,3.0,3.0,2.0,0.0,2273.98,5.3007812,5.1601562,3.4707031
1.0,0.0,0.0,0.0,0.0,0.0,0.0,0.0,0.7998047,8.0,12.0,3.0,3.0,2.0,0.0,2273.98,5.4882812,5.0507812,3.3691406
1.0,0.0,0.0,0.0,0.0,0.0,0.0,0.0,0.7998047,5.0,12.0,3.0,3.0,3.0,0.0,2274.17,5.2382812,5.21875,3.5507812
1.0,0.0,0.0,0.0,0.0,0.0,0.0,0.0,0.70996094,4.0,17.0,3.0,3.0,2.0,0.0,2279.46,5.28125,4.9296875,3.3007812
1.0,0.0,0.0,0.0,0.0,0.0,0.0,0.0,0.7998047,6.0,13.0,3.0,3.0,3.0,0.0,2279.6,5.2695312,5.078125,3.4609375
1.0,0.0,0.0,0.0,0.0,0.0,0.0,0.0,1.0097656,3.0,16.0,3.0,2.0,2.0,0.0,2281.0,5.9296875,5.7890625,3.8300781
1.0,0.0,0.0,0.0,0.0,0.0,0.0,0.0,0.7001953,4.0,16.0,3.0,3.0,2.0,1.0,2282.33,5.3203125,4.8515625,3.2109375
1.0,0.0,0.0,0.0,0.0,0.0,0.0,0.0,0.7001953,4.0,16.0,2.0,3.0,3.0,2.0,2282.33,5.2695312,4.7382812,3.3105469
1.0,0.0,0.0,0.0,0.0,0.0,0.0,0.0,0.89990234,6.0,11.0,2.0,3.0,2.0,2.0,2283.52,5.4296875,5.28125,3.6699219
1.0,0.0,0.0,0.0,0.0,0.0,0.0,0.0,0.8100586,7.0,12.0,3.0,3.0,3.0,0.0,2288.56,5.4804688,5.109375,3.4609375
1.0,0.0,0.0,0.0,0.0,0.0,0.0,0.0,0.7001953,4.0,16.0,3.0,3.0,2.0,0.0,2289.0,5.3085938,4.8398438,3.2695312
1.0,0.0,0.0,0.0,0.0,0.0,0.0,0.0,1.0,7.0,4.0,3.0,3.0,2.0,0.0,2289.26,5.6601562,5.6015625,3.75
1.0,0.0,0.0,0.0,0.0,0.0,0.0,0.0,0.7998047,5.0,13.0,3.0,3.0,2.0,0.0,2354.34,5.71875,4.9492188,3.3105469
1.0,0.0,0.0,0.0,0.0,0.0,0.0,0.0,0.7998047,5.0,13.0,3.0,2.0,3.0,0.0,2354.34,6.1289062,4.9609375,3.2695312
1.0,0.0,0.0,0.0,0.0,0.0,0.0,0.0,1.2304688,6.0,19.0,3.0,3.0,2.0,0.0,2354.88,5.9492188,5.9296875,3.9609375
1.0,0.0,0.0,0.0,0.0,0.0,0.0,0.0,0.89990234,4.0,11.0,3.0,3.0,2.0,0.0,2356.37,5.7304688,5.21875,3.5390625
1.0,0.0,0.0,0.0,0.0,0.0,0.0,0.0,0.72998047,4.0,14.0,3.0,3.0,2.0,0.0,2356.77,5.3789062,4.9296875,3.2792969
1.0,0.0,0.0,0.0,0.0,0.0,0.0,0.0,0.75,6.0,19.0,3.0,3.0,2.0,1.0,2357.06,5.1484375,4.9609375,3.3691406
1.0,0.0,0.0,0.0,0.0,0.0,0.0,0.0,1.0195312,7.0,0.0,3.0,3.0,2.0,1.0,2358.92,6.2617188,5.4804688,3.5605469
1.0,0.0,0.0,0.0,0.0,0.0,0.0,0.0,0.75,4.0,16.0,3.0,3.0,2.0,0.0,2359.81,5.1484375,5.0195312,3.4101562
1.0,0.0,0.0,0.0,0.0,0.0,0.0,0.0,0.8100586,7.0,13.0,3.0,3.0,3.0,0.0,2359.81,5.2617188,5.1914062,3.5195312
1.0,0.0,0.0,0.0,0.0,0.0,0.0,0.0,1.2099609,4.0,19.0,3.0,3.0,2.0,2.0,2360.07,5.7617188,5.671875,3.9003906
1.0,0.0,0.0,0.0,0.0,0.0,0.0,0.0,0.7998047,8.0,12.0,3.0,3.0,2.0,0.0,2361.12,5.6796875,5.0,3.390625
1.0,0.0,0.0,0.0,0.0,0.0,0.0,0.0,0.8198242,3.0,16.0,3.0,3.0,2.0,0.0,2362.06,5.7617188,5.0,3.390625
1.0,0.0,0.0,0.0,0.0,0.0,0.0,0.0,1.0097656,3.0,14.0,3.0,2.0,2.0,3.0,2362.83,6.3710938,5.359375,3.5292969
1.0,0.0,0.0,0.0,0.0,0.0,0.0,0.0,0.7001953,4.0,15.0,3.0,3.0,2.0,0.0,2365.95,5.7617188,4.6484375,3.1503906
1.0,0.0,0.0,0.0,0.0,0.0,0.0,0.0,0.7998047,5.0,13.0,3.0,3.0,3.0,0.0,2368.37,5.4609375,5.0898438,3.4609375
1.0,0.0,0.0,0.0,0.0,0.0,0.0,0.0,0.75,4.0,14.0,3.0,3.0,2.0,0.0,2401.57,5.609375,4.8515625,3.2792969
1.0,0.0,0.0,0.0,0.0,0.0,0.0,0.0,0.7001953,4.0,16.0,3.0,3.0,2.0,0.0,2403.31,5.2382812,4.78125,3.2402344
1.0,0.0,0.0,0.0,0.0,0.0,0.0,0.0,0.72998047,4.0,18.0,3.0,3.0,2.0,0.0,2404.83,5.6015625,4.8203125,3.2109375
1.0,0.0,0.0,0.0,0.0,0.0,0.0,0.0,0.7597656,3.0,17.0,3.0,3.0,3.0,2.0,2404.87,5.2695312,5.1210938,3.4199219
1.0,0.0,0.0,0.0,0.0,0.0,0.0,0.0,0.89990234,3.0,13.0,1.0,3.0,1.0,0.0,2404.99,5.359375,5.1015625,3.6699219
1.0,0.0,0.0,0.0,0.0,0.0,0.0,0.0,0.89990234,3.0,12.0,2.0,3.0,2.0,0.0,2405.31,5.3984375,5.2890625,3.6796875
1.0,0.0,0.0,0.0,0.0,0.0,0.0,0.0,0.95996094,3.0,11.0,3.0,3.0,2.0,2.0,2405.8,6.0703125,5.28125,3.5800781
1.0,0.0,0.0,0.0,0.0,0.0,0.0,0.0,0.7998047,4.0,13.0,3.0,3.0,2.0,0.0,2406.77,5.4609375,5.0,3.390625
1.0,0.0,0.0,0.0,0.0,0.0,0.0,0.0,1.0097656,5.0,9.0,3.0,3.0,3.0,0.0,2408.0,5.9492188,5.4101562,3.6601562
1.0,0.0,0.0,0.0,0.0,0.0,0.0,0.0,1.2001953,2.0,19.0,3.0,2.0,2.0,2.0,2411.29,6.078125,5.96875,3.8691406
1.0,0.0,0.0,0.0,0.0,0.0,0.0,0.0,0.8100586,5.0,13.0,3.0,3.0,2.0,0.0,2412.96,5.8398438,5.0390625,3.3691406
1.0,0.0,0.0,0.0,0.0,0.0,0.0,0.0,0.95996094,4.0,11.0,3.0,3.0,2.0,0.0,2415.62,5.6210938,5.4492188,3.6894531
1.0,0.0,0.0,0.0,0.0,0.0,0.0,0.0,0.89990234,4.0,12.0,3.0,3.0,2.0,2.0,2417.12,5.4882812,5.390625,3.5703125
1.0,0.0,0.0,0.0,0.0,0.0,0.0,0.0,0.70996094,4.0,16.0,3.0,3.0,2.0,0.0,2417.66,5.3007812,4.859375,3.2890625
1.0,0.0,0.0,0.0,0.0,0.0,0.0,0.0,0.95996094,5.0,11.0,3.0,3.0,2.0,2.0,2419.01,6.0898438,5.2695312,3.5703125
1.0,0.0,0.0,0.0,0.0,0.0,0.0,0.0,0.7001953,3.0,17.0,3.0,3.0,2.0,0.0,2142.31,5.5117188,4.7890625,3.25
1.0,0.0,0.0,0.0,0.0,0.0,0.0,0.0,0.8198242,5.0,12.0,3.0,3.0,2.0,0.0,2145.22,5.4882812,5.1210938,3.4804688
1.0,0.0,0.0,0.0,0.0,0.0,0.0,0.0,0.8198242,3.0,19.0,3.0,3.0,2.0,2.0,2147.8,5.5390625,4.96875,3.359375
1.0,0.0,0.0,0.0,0.0,0.0,0.0,0.0,1.0097656,4.0,11.0,3.0,3.0,3.0,4.0,2147.83,5.640625,5.5585938,3.7792969
1.0,0.0,0.0,0.0,0.0,0.0,0.0,0.0,1.0,6.0,8.0,3.0,3.0,3.0,4.0,2147.95,6.2617188,5.4296875,3.6992188
1.0,0.0,0.0,0.0,0.0,0.0,0.0,0.0,1.0,6.0,8.0,3.0,3.0,2.0,1.0,2147.95,5.8710938,5.5898438,3.7402344
1.0,0.0,0.0,0.0,0.0,0.0,0.0,0.0,0.7001953,3.0,18.0,3.0,2.0,2.0,0.0,2148.28,5.1914062,4.9296875,3.2792969
1.0,0.0,0.0,0.0,0.0,0.0,0.0,0.0,0.8100586,5.0,12.0,3.0,3.0,2.0,0.0,2149.77,5.421875,5.0898438,3.4492188
1.0,0.0,0.0,0.0,0.0,0.0,0.0,0.0,1.4199219,3.0,8.0,3.0,3.0,2.0,0.0,2150.61,6.921875,6.0703125,3.8007812
1.0,0.0,0.0,0.0,0.0,0.0,0.0,0.0,0.7998047,4.0,13.0,2.0,3.0,2.0,2.0,2155.03,5.2695312,5.1289062,3.5292969
1.0,0.0,0.0,0.0,0.0,0.0,0.0,0.0,1.0703125,7.0,1.0,3.0,3.0,3.0,0.0,2155.85,5.828125,5.4492188,3.6894531
1.0,0.0,0.0,0.0,0.0,0.0,0.0,0.0,0.7998047,5.0,12.0,3.0,3.0,3.0,0.0,2157.93,5.859375,4.9609375,3.359375
1.0,0.0,0.0,0.0,0.0,0.0,0.0,0.0,0.91015625,7.0,11.0,3.0,3.0,3.0,0.0,2158.66,5.3984375,5.390625,3.6503906
1.0,0.0,0.0,0.0,0.0,0.0,0.0,0.0,1.2099609,3.0,11.0,3.0,3.0,3.0,0.0,2159.07,6.3515625,6.0507812,4.109375
1.0,0.0,0.0,0.0,0.0,0.0,0.0,0.0,0.5097656,7.0,18.0,3.0,3.0,2.0,0.0,2159.88,4.71875,4.328125,2.9296875
1.0,0.0,0.0,0.0,0.0,0.0,0.0,0.0,0.7001953,6.0,19.0,3.0,3.0,1.0,0.0,2026.14,4.9882812,4.8203125,3.4394531
1.0,0.0,0.0,0.0,0.0,0.0,0.0,0.0,0.70996094,5.0,13.0,3.0,3.0,2.0,0.0,2026.56,5.25,4.8398438,3.2695312
1.0,0.0,0.0,0.0,0.0,0.0,0.0,0.0,0.5498047,7.0,17.0,3.0,3.0,3.0,0.0,2027.1,4.7109375,4.4882812,3.0507812
1.0,0.0,0.0,0.0,0.0,0.0,0.0,0.0,0.9301758,4.0,11.0,3.0,3.0,3.0,0.0,2027.74,6.0117188,5.1796875,3.5
1.0,0.0,0.0,0.0,0.0,0.0,0.0,0.0,0.8198242,7.0,12.0,3.0,3.0,2.0,0.0,2030.12,5.5703125,5.0703125,3.4296875
1.0,0.0,0.0,0.0,0.0,0.0,0.0,0.0,0.7998047,5.0,12.0,3.0,3.0,2.0,0.0,2030.73,5.5117188,5.0195312,3.4101562
1.0,0.0,0.0,0.0,0.0,0.0,0.0,0.0,0.7001953,5.0,13.0,3.0,3.0,2.0,0.0,2030.97,5.6484375,4.640625,3.1191406
1.0,0.0,0.0,0.0,0.0,0.0,0.0,0.0,0.7001953,3.0,18.0,3.0,3.0,2.0,0.0,2032.09,5.578125,4.8515625,3.2304688
1.0,0.0,0.0,0.0,0.0,0.0,0.0,0.0,0.5800781,6.0,16.0,3.0,3.0,3.0,0.0,2033.86,5.1484375,4.46875,3.0195312
1.0,0.0,0.0,0.0,0.0,0.0,0.0,0.0,0.7998047,7.0,12.0,3.0,3.0,2.0,0.0,2038.84,5.4882812,5.0390625,3.4101562
1.0,0.0,0.0,0.0,0.0,0.0,0.0,0.0,0.8100586,7.0,12.0,3.0,3.0,3.0,1.0,2040.5,5.4882812,5.0390625,3.4199219
1.0,0.0,0.0,0.0,0.0,0.0,0.0,0.0,0.8100586,3.0,13.0,3.0,3.0,3.0,0.0,2043.47,5.4296875,5.140625,3.4609375
1.0,0.0,0.0,0.0,0.0,0.0,0.0,0.0,0.7001953,3.0,14.0,2.0,3.0,2.0,0.0,2043.89,5.6992188,4.5585938,3.1191406
1.0,0.0,0.0,0.0,0.0,0.0,0.0,0.0,0.89990234,3.0,13.0,1.0,3.0,2.0,0.0,2043.99,5.4609375,5.2109375,3.7207031
1.0,0.0,0.0,0.0,0.0,0.0,0.0,0.0,0.7998047,4.0,12.0,3.0,3.0,2.0,2.0,2045.8,5.2617188,5.1601562,3.4804688
1.0,0.0,0.0,0.0,0.0,0.0,0.0,0.0,0.8100586,5.0,12.0,3.0,3.0,3.0,1.0,2008.35,5.4101562,5.1796875,3.4492188
1.0,0.0,0.0,0.0,0.0,0.0,0.0,0.0,0.72998047,3.0,18.0,3.0,3.0,3.0,2.0,2009.44,5.1210938,5.0195312,3.390625
1.0,0.0,0.0,0.0,0.0,0.0,0.0,0.0,0.7001953,3.0,15.0,3.0,3.0,2.0,0.0,2012.64,5.2695312,4.7890625,3.25
1.0,0.0,0.0,0.0,0.0,0.0,0.0,0.0,1.2001953,4.0,19.0,3.0,2.0,2.0,2.0,2014.29,6.2382812,5.53125,3.7597656
1.0,0.0,0.0,0.0,0.0,0.0,0.0,0.0,0.7001953,5.0,13.0,2.0,3.0,2.0,0.0,2014.41,5.1992188,4.7382812,3.2792969
1.0,0.0,0.0,0.0,0.0,0.0,0.0,0.0,0.52001953,7.0,17.0,3.0,3.0,2.0,0.0,2014.58,4.9609375,4.3085938,2.9199219
1.0,0.0,0.0,0.0,0.0,0.0,0.0,0.0,0.7597656,7.0,12.0,2.0,3.0,2.0,0.0,2014.73,5.0585938,4.9882812,3.4902344
1.0,0.0,0.0,0.0,0.0,0.0,0.0,0.0,0.7001953,3.0,18.0,3.0,3.0,3.0,0.0,2015.51,5.5585938,4.7382812,3.1992188
1.0,0.0,0.0,0.0,0.0,0.0,0.0,0.0,0.52001953,7.0,18.0,3.0,3.0,3.0,2.0,2015.68,4.5507812,4.5117188,3.0605469
1.0,0.0,0.0,0.0,0.0,0.0,0.0,0.0,1.0400391,5.0,11.0,3.0,3.0,3.0,2.0,2016.71,6.421875,5.3515625,3.5898438
1.0,0.0,0.0,0.0,0.0,0.0,0.0,0.0,0.7597656,4.0,14.0,3.0,3.0,2.0,0.0,2018.23,5.640625,4.9101562,3.3300781
1.0,0.0,0.0,0.0,0.0,0.0,0.0,0.0,0.72021484,4.0,18.0,3.0,3.0,2.0,4.0,2018.99,5.328125,4.8398438,3.2695312
1.0,0.0,0.0,0.0,0.0,0.0,0.0,0.0,0.8100586,4.0,14.0,3.0,3.0,2.0,0.0,2020.41,5.7695312,4.9492188,3.3496094
1.0,0.0,0.0,0.0,0.0,0.0,0.0,0.0,0.70996094,7.0,13.0,2.0,3.0,2.0,0.0,2020.42,5.171875,4.7695312,3.3398438
1.0,0.0,0.0,0.0,0.0,0.0,0.0,0.0,0.70996094,4.0,14.0,3.0,3.0,2.0,0.0,2021.49,5.3515625,4.890625,3.3007812
1.0,0.0,0.0,0.0,0.0,0.0,0.0,0.0,0.6098633,5.0,17.0,3.0,3.0,2.0,0.0,2217.08,4.8710938,4.6914062,3.1503906
1.0,0.0,0.0,0.0,0.0,0.0,0.0,0.0,0.7001953,4.0,14.0,3.0,3.0,2.0,0.0,2222.82,5.1289062,4.890625,3.3105469
1.0,0.0,0.0,0.0,0.0,0.0,0.0,0.0,0.7998047,5.0,13.0,3.0,3.0,2.0,2.0,2223.08,6.078125,4.859375,3.1699219
1.0,0.0,0.0,0.0,0.0,0.0,0.0,0.0,1.2001953,5.0,8.0,2.0,3.0,2.0,0.0,2224.06,5.8984375,5.8789062,4.078125
1.0,0.0,0.0,0.0,0.0,0.0,0.0,0.0,1.0,3.0,11.0,1.0,3.0,2.0,2.0,2224.79,5.4101562,5.390625,3.890625
1.0,0.0,0.0,0.0,0.0,0.0,0.0,0.0,1.0,4.0,11.0,3.0,3.0,2.0,1.0,2224.84,5.671875,5.640625,3.8007812
1.0,0.0,0.0,0.0,0.0,0.0,0.0,0.0,0.7998047,4.0,13.0,3.0,3.0,3.0,0.0,2225.57,5.5117188,5.0117188,3.390625
1.0,0.0,0.0,0.0,0.0,0.0,0.0,0.0,0.89990234,8.0,11.0,1.0,3.0,1.0,0.0,2227.14,5.4414062,5.1015625,3.6601562
1.0,0.0,0.0,0.0,0.0,0.0,0.0,0.0,1.0,5.0,9.0,3.0,3.0,3.0,2.0,2227.9,5.6601562,5.53125,3.75
1.0,0.0,0.0,0.0,0.0,0.0,0.0,0.0,0.89990234,5.0,11.0,3.0,3.0,2.0,0.0,2228.75,5.9609375,5.1796875,3.4394531
1.0,0.0,0.0,0.0,0.0,0.0,0.0,0.0,0.7998047,3.0,17.0,3.0,3.0,2.0,2.0,2229.48,6.0585938,4.859375,3.2890625
1.0,0.0,0.0,0.0,0.0,0.0,0.0,0.0,0.7998047,6.0,12.0,3.0,2.0,2.0,2.0,2231.4,5.859375,4.921875,3.3398438
1.0,0.0,0.0,0.0,0.0,0.0,0.0,0.0,0.72021484,5.0,14.0,3.0,3.0,2.0,1.0,2232.88,5.71875,4.6914062,3.1894531
1.0,0.0,0.0,0.0,0.0,0.0,0.0,0.0,0.7998047,8.0,12.0,3.0,3.0,3.0,2.0,2235.25,5.7617188,4.96875,3.2792969
1.0,0.0,0.0,0.0,0.0,0.0,0.0,0.0,0.9301758,3.0,13.0,3.0,3.0,2.0,0.0,2235.37,5.4882812,5.46875,3.6992188
1.0,0.0,0.0,0.0,0.0,0.0,0.0,0.0,1.0996094,6.0,3.0,3.0,3.0,1.0,2.0,2289.26,6.3984375,5.7304688,3.4492188
1.0,0.0,0.0,0.0,0.0,0.0,0.0,0.0,0.8100586,6.0,12.0,3.0,3.0,2.0,0.0,2289.75,5.7890625,5.0195312,3.3105469
1.0,0.0,0.0,0.0,0.0,0.0,0.0,0.0,0.7998047,5.0,13.0,3.0,2.0,2.0,0.0,2290.68,6.0390625,4.828125,3.2109375
1.0,0.0,0.0,0.0,0.0,0.0,0.0,0.0,1.0,3.0,12.0,3.0,3.0,3.0,0.0,2291.32,6.359375,5.328125,3.5292969
1.0,0.0,0.0,0.0,0.0,0.0,0.0,0.0,0.8100586,5.0,13.0,2.0,3.0,2.0,0.0,2291.34,5.25,5.1210938,3.5195312
1.0,0.0,0.0,0.0,0.0,0.0,0.0,0.0,0.75,3.0,15.0,3.0,3.0,1.0,0.0,2296.25,5.6992188,4.859375,3.2890625
1.0,0.0,0.0,0.0,0.0,0.0,0.0,0.0,0.6098633,5.0,19.0,3.0,2.0,2.0,0.0,2299.8,4.78125,4.609375,3.2109375
1.0,0.0,0.0,0.0,0.0,0.0,0.0,0.0,0.7998047,4.0,13.0,2.0,3.0,2.0,0.0,2300.26,5.171875,5.0507812,3.5
1.0,0.0,0.0,0.0,0.0,0.0,0.0,0.0,0.7998047,4.0,13.0,3.0,3.0,2.0,0.0,2300.26,5.4804688,4.9804688,3.3808594
1.0,0.0,0.0,0.0,0.0,0.0,0.0,0.0,0.75,3.0,15.0,3.0,3.0,2.0,0.0,2300.3,5.3710938,4.9101562,3.3300781
1.0,0.0,0.0,0.0,0.0,0.0,0.0,0.0,0.7998047,5.0,13.0,3.0,3.0,3.0,0.0,2301.83,5.5,5.0,3.4003906
1.0,0.0,0.0,0.0,0.0,0.0,0.0,0.0,0.7998047,6.0,13.0,3.0,3.0,3.0,0.0,2302.01,5.8203125,4.8710938,3.3007812
1.0,0.0,0.0,0.0,0.0,0.0,0.0,0.0,0.7597656,3.0,18.0,3.0,2.0,2.0,0.0,2302.77,5.421875,4.9414062,3.3496094
1.0,0.0,0.0,0.0,0.0,0.0,0.0,0.0,0.7001953,4.0,15.0,2.0,3.0,2.0,2.0,2305.38,5.2890625,4.7109375,3.2890625
1.0,0.0,0.0,0.0,0.0,0.0,0.0,0.0,0.72998047,4.0,16.0,3.0,3.0,3.0,2.0,2306.11,5.2109375,4.9101562,3.3300781
1.0,0.0,0.0,0.0,0.0,0.0,0.0,0.0,0.89990234,5.0,14.0,3.0,3.0,2.0,0.0,3856.69,5.4882812,5.3789062,3.6308594
1.0,0.0,0.0,0.0,0.0,0.0,0.0,0.0,1.0097656,3.0,18.0,3.0,3.0,3.0,1.0,3858.96,6.3398438,5.421875,3.6699219
1.0,0.0,0.0,0.0,0.0,0.0,0.0,0.0,1.0,4.0,16.0,2.0,3.0,1.0,2.0,3885.83,5.9492188,5.4101562,3.7207031
1.0,0.0,0.0,0.0,0.0,0.0,0.0,0.0,1.0097656,8.0,12.0,3.0,3.0,3.0,2.0,3905.91,5.6601562,5.5390625,3.7597656
1.0,0.0,0.0,0.0,0.0,0.0,0.0,0.0,0.91015625,5.0,15.0,3.0,3.0,3.0,0.0,3908.68,5.578125,5.4414062,3.640625
1.0,0.0,0.0,0.0,0.0,0.0,0.0,0.0,1.5898438,6.0,13.0,1.0,2.0,2.0,0.0,3909.51,6.9882812,6.578125,4.1601562
1.0,0.0,0.0,0.0,0.0,0.0,0.0,0.0,1.5400391,4.0,14.0,2.0,1.0,1.0,0.0,3910.9,6.6796875,6.5117188,4.390625
1.0,0.0,0.0,0.0,0.0,0.0,0.0,0.0,0.91015625,5.0,16.0,3.0,3.0,3.0,0.0,3914.58,5.578125,5.3515625,3.6191406
1.0,0.0,0.0,0.0,0.0,0.0,0.0,0.0,0.89990234,4.0,17.0,3.0,3.0,2.0,0.0,3915.77,5.5,5.421875,3.6601562
1.0,0.0,0.0,0.0,0.0,0.0,0.0,0.0,1.0,4.0,15.0,2.0,3.0,2.0,0.0,3916.61,5.8007812,5.359375,3.75
1.0,0.0,0.0,0.0,0.0,0.0,0.0,0.0,1.7304688,3.0,19.0,3.0,3.0,2.0,2.0,3916.89,7.1796875,6.3007812,4.21875
1.0,0.0,0.0,0.0,0.0,0.0,0.0,0.0,1.0,6.0,13.0,3.0,3.0,3.0,0.0,3923.14,5.8984375,5.46875,3.7207031
1.0,0.0,0.0,0.0,0.0,0.0,0.0,0.0,1.0,3.0,17.0,3.0,3.0,2.0,0.0,3927.44,6.3203125,5.5,3.7402344
1.0,0.0,0.0,0.0,0.0,0.0,0.0,0.0,0.95996094,4.0,16.0,3.0,3.0,2.0,2.0,3928.74,6.3203125,5.1015625,3.4707031
1.0,0.0,0.0,0.0,0.0,0.0,0.0,0.0,1.8203125,3.0,3.0,3.0,3.0,2.0,0.0,3929.77,6.7695312,6.6796875,4.5507812
1.0,0.0,0.0,0.0,0.0,0.0,0.0,0.0,0.7998047,5.0,16.0,3.0,3.0,3.0,1.0,3006.85,5.7695312,4.96875,3.3691406
1.0,0.0,0.0,0.0,0.0,0.0,0.0,0.0,0.7001953,6.0,15.0,2.0,3.0,3.0,0.0,3007.03,4.96875,4.8515625,3.3691406
1.0,0.0,0.0,0.0,0.0,0.0,0.0,0.0,1.0097656,3.0,19.0,3.0,3.0,2.0,1.0,3010.7,5.7617188,5.5195312,3.6894531
1.0,0.0,0.0,0.0,0.0,0.0,0.0,0.0,1.0097656,3.0,17.0,3.0,3.0,2.0,0.0,3018.02,6.03125,5.5,3.7207031
1.0,0.0,0.0,0.0,0.0,0.0,0.0,0.0,1.2998047,6.0,4.0,3.0,3.0,3.0,1.0,3018.93,6.1289062,6.0703125,4.1210938
1.0,0.0,0.0,0.0,0.0,0.0,0.0,0.0,0.7998047,4.0,16.0,3.0,3.0,2.0,0.0,3019.15,5.8984375,4.9414062,3.2597656
1.0,0.0,0.0,0.0,0.0,0.0,0.0,0.0,0.89990234,3.0,17.0,3.0,3.0,3.0,0.0,3019.53,5.4296875,5.3789062,3.6503906
1.0,0.0,0.0,0.0,0.0,0.0,0.0,0.0,0.97021484,6.0,12.0,3.0,2.0,2.0,0.0,3021.19,6.2695312,5.2304688,3.5507812
1.0,0.0,0.0,0.0,0.0,0.0,0.0,0.0,1.0,5.0,11.0,3.0,3.0,3.0,0.0,3022.76,6.2109375,5.3789062,3.6503906
1.0,0.0,0.0,0.0,0.0,0.0,0.0,0.0,1.0,6.0,11.0,2.0,3.0,3.0,0.0,3024.32,5.5390625,5.5117188,3.8496094
1.0,0.0,0.0,0.0,0.0,0.0,0.0,0.0,1.0,6.0,11.0,2.0,3.0,3.0,2.0,3024.32,5.9804688,5.2617188,3.6796875
1.0,0.0,0.0,0.0,0.0,0.0,0.0,0.0,0.7998047,7.0,17.0,3.0,3.0,2.0,1.0,3025.51,5.7890625,5.03125,3.4101562
1.0,0.0,0.0,0.0,0.0,0.0,0.0,0.0,0.89990234,4.0,18.0,3.0,3.0,3.0,5.0,3025.82,5.390625,5.390625,3.6601562
1.0,0.0,0.0,0.0,0.0,0.0,0.0,0.0,1.0,4.0,12.0,3.0,3.0,3.0,2.0,3031.11,5.7382812,5.4804688,3.7207031
1.0,0.0,0.0,0.0,0.0,0.0,0.0,0.0,1.0,4.0,12.0,3.0,3.0,2.0,1.0,3031.11,5.7382812,5.5585938,3.7207031
1.0,0.0,0.0,0.0,0.0,0.0,0.0,0.0,0.8100586,5.0,14.0,3.0,3.0,2.0,0.0,2544.9,5.421875,5.2695312,3.5097656
1.0,0.0,0.0,0.0,0.0,0.0,0.0,0.0,0.8100586,5.0,14.0,3.0,3.0,2.0,0.0,2544.9,5.828125,5.03125,3.3300781
1.0,0.0,0.0,0.0,0.0,0.0,0.0,0.0,0.89990234,4.0,13.0,3.0,3.0,2.0,0.0,2545.21,5.5,5.390625,3.5898438
1.0,0.0,0.0,0.0,0.0,0.0,0.0,0.0,0.75,4.0,17.0,3.0,3.0,2.0,2.0,2547.34,5.4101562,4.921875,3.3203125
1.0,0.0,0.0,0.0,0.0,0.0,0.0,0.0,0.64990234,9.0,19.0,3.0,3.0,2.0,2.0,2551.92,4.859375,4.7890625,3.2207031
1.0,0.0,0.0,0.0,0.0,0.0,0.0,0.0,0.75,4.0,15.0,3.0,3.0,3.0,0.0,2552.97,5.28125,4.9804688,3.3808594
1.0,0.0,0.0,0.0,0.0,0.0,0.0,0.0,0.75,4.0,16.0,3.0,3.0,3.0,2.0,2555.25,5.6289062,4.890625,3.2890625
1.0,0.0,0.0,0.0,0.0,0.0,0.0,0.0,1.0,5.0,10.0,2.0,3.0,3.0,0.0,2559.38,5.7382812,5.3710938,3.75
1.0,0.0,0.0,0.0,0.0,0.0,0.0,0.0,0.97021484,3.0,12.0,3.0,3.0,2.0,0.0,2559.66,6.1015625,5.3007812,3.5898438
1.0,0.0,0.0,0.0,0.0,0.0,0.0,0.0,0.7998047,4.0,16.0,2.0,3.0,2.0,0.0,2560.39,5.3203125,5.078125,3.5507812
1.0,0.0,0.0,0.0,0.0,0.0,0.0,0.0,1.5,3.0,19.0,3.0,3.0,2.0,2.0,2560.74,6.3789062,6.0898438,4.1601562
1.0,0.0,0.0,0.0,0.0,0.0,0.0,0.0,0.95996094,7.0,11.0,1.0,3.0,1.0,0.0,2565.76,5.6601562,5.1210938,3.8105469
1.0,0.0,0.0,0.0,0.0,0.0,0.0,0.0,0.89990234,5.0,12.0,3.0,2.0,3.0,0.0,2566.67,5.46875,5.3984375,3.5703125
1.0,0.0,0.0,0.0,0.0,0.0,0.0,0.0,0.7001953,4.0,17.0,3.0,3.0,3.0,0.0,2567.05,5.578125,4.7382812,3.2109375
1.0,0.0,0.0,0.0,0.0,0.0,0.0,0.0,0.8300781,9.0,19.0,3.0,3.0,2.0,0.0,2567.29,5.2890625,5.2304688,3.5097656
1.0,0.0,0.0,0.0,0.0,0.0,0.0,0.0,0.95996094,4.0,15.0,3.0,3.0,3.0,0.0,3621.08,5.7890625,5.390625,3.6308594
1.0,0.0,0.0,0.0,0.0,0.0,0.0,0.0,0.91015625,6.0,13.0,3.0,3.0,2.0,0.0,3623.78,5.46875,5.3203125,3.609375
1.0,0.0,0.0,0.0,0.0,0.0,0.0,0.0,1.5097656,3.0,10.0,3.0,3.0,3.0,4.0,3624.29,6.4296875,6.328125,4.3007812
1.0,0.0,0.0,0.0,0.0,0.0,0.0,0.0,1.2001953,4.0,11.0,2.0,3.0,3.0,0.0,3624.45,5.9492188,5.7109375,4.0
1.0,0.0,0.0,0.0,0.0,0.0,0.0,0.0,0.85009766,6.0,16.0,3.0,3.0,3.0,2.0,3631.94,5.6015625,5.1015625,3.4707031
1.0,0.0,0.0,0.0,0.0,0.0,0.0,0.0,0.8198242,5.0,18.0,3.0,3.0,3.0,0.0,3632.78,6.1015625,4.9101562,3.3300781
1.0,0.0,0.0,0.0,0.0,0.0,0.0,0.0,0.9199219,4.0,15.0,3.0,3.0,3.0,0.0,3632.78,5.5507812,5.3984375,3.6699219
1.0,0.0,0.0,0.0,0.0,0.0,0.0,0.0,1.0097656,3.0,16.0,3.0,3.0,3.0,0.0,3633.68,6.3398438,5.3203125,3.6191406
1.0,0.0,0.0,0.0,0.0,0.0,0.0,0.0,1.1904297,1.0,19.0,3.0,2.0,1.0,1.0,3638.36,5.96875,5.5898438,3.8007812
1.0,0.0,0.0,0.0,0.0,0.0,0.0,0.0,1.0097656,3.0,17.0,3.0,3.0,2.0,2.0,3640.86,5.6992188,5.5585938,3.7695312
1.0,0.0,0.0,0.0,0.0,0.0,0.0,0.0,0.97021484,3.0,15.0,3.0,3.0,2.0,0.0,3641.97,6.4296875,5.1796875,3.5195312
1.0,0.0,0.0,0.0,0.0,0.0,0.0,0.0,0.95996094,6.0,13.0,2.0,3.0,2.0,2.0,3642.69,5.4492188,5.4296875,3.7890625
1.0,0.0,0.0,0.0,0.0,0.0,0.0,0.0,0.89990234,4.0,16.0,3.0,3.0,2.0,0.0,3644.99,5.7382812,5.2617188,3.5703125
1.0,0.0,0.0,0.0,0.0,0.0,0.0,0.0,1.0097656,3.0,16.0,3.0,3.0,3.0,0.0,3645.57,5.7109375,5.5117188,3.7597656
1.0,0.0,0.0,0.0,0.0,0.0,0.0,0.0,1.5,2.0,19.0,2.0,3.0,2.0,2.0,3646.86,6.1914062,6.0703125,4.3515625
1.0,0.0,0.0,0.0,0.0,0.0,0.0,0.0,0.8100586,5.0,14.0,3.0,3.0,2.0,0.0,2838.9,5.8203125,4.921875,3.3105469
1.0,0.0,0.0,0.0,0.0,0.0,0.0,0.0,0.7001953,6.0,17.0,1.0,3.0,2.0,0.0,2839.1,4.96875,4.640625,3.3398438
1.0,0.0,0.0,0.0,0.0,0.0,0.0,0.0,0.7998047,4.0,16.0,3.0,3.0,2.0,0.0,2839.34,5.921875,4.9492188,3.2792969
1.0,0.0,0.0,0.0,0.0,0.0,0.0,0.0,0.8100586,5.0,15.0,3.0,3.0,2.0,2.0,2842.98,5.96875,5.0195312,3.2890625
1.0,0.0,0.0,0.0,0.0,0.0,0.0,0.0,0.9199219,6.0,12.0,3.0,3.0,2.0,0.0,2843.19,5.9414062,5.1601562,3.4902344
1.0,0.0,0.0,0.0,0.0,0.0,0.0,0.0,0.7001953,4.0,18.0,3.0,3.0,3.0,0.0,2843.7,5.3085938,4.8515625,3.2890625
1.0,0.0,0.0,0.0,0.0,0.0,0.0,0.0,0.6899414,8.0,19.0,3.0,3.0,2.0,0.0,2847.54,4.9882812,4.8007812,3.25
1.0,0.0,0.0,0.0,0.0,0.0,0.0,0.0,1.2802734,5.0,14.0,2.0,1.0,1.0,0.0,2850.12,6.5507812,6.328125,4.0195312
1.0,0.0,0.0,0.0,0.0,0.0,0.0,0.0,0.7998047,4.0,17.0,3.0,3.0,2.0,0.0,2851.0,5.4296875,5.0585938,3.4296875
1.0,0.0,0.0,0.0,0.0,0.0,0.0,0.0,1.0302734,4.0,19.0,3.0,3.0,2.0,1.0,2851.4,5.6484375,5.6015625,3.7109375
1.0,0.0,0.0,0.0,0.0,0.0,0.0,0.0,1.0302734,5.0,11.0,3.0,3.0,3.0,1.0,2851.75,5.6914062,5.6796875,3.8496094
1.0,0.0,0.0,0.0,0.0,0.0,0.0,0.0,1.3095703,8.0,1.0,3.0,2.0,3.0,1.0,2853.96,6.28125,6.0117188,3.890625
1.0,0.0,0.0,0.0,0.0,0.0,0.0,0.0,0.7998047,5.0,16.0,3.0,3.0,3.0,0.0,2854.04,5.6601562,4.9101562,3.3398438
1.0,0.0,0.0,0.0,0.0,0.0,0.0,0.0,1.0996094,4.0,3.0,3.0,3.0,3.0,0.0,2854.35,5.9101562,5.6601562,3.8398438
1.0,0.0,0.0,0.0,0.0,0.0,0.0,0.0,1.2001953,3.0,13.0,2.0,3.0,3.0,0.0,2854.7,5.9882812,5.6914062,3.9707031
1.0,0.0,0.0,0.0,0.0,0.0,0.0,0.0,1.0097656,3.0,13.0,3.0,3.0,3.0,0.0,3148.92,6.5,5.3984375,3.6601562
1.0,0.0,0.0,0.0,0.0,0.0,0.0,0.0,0.8100586,4.0,18.0,3.0,3.0,2.0,0.0,3155.22,5.5703125,5.0703125,3.4101562
1.0,0.0,0.0,0.0,0.0,0.0,0.0,0.0,0.8100586,5.0,15.0,3.0,3.0,2.0,0.0,3160.69,5.71875,4.9804688,3.3691406
1.0,0.0,0.0,0.0,0.0,0.0,0.0,0.0,0.89990234,3.0,17.0,2.0,3.0,2.0,4.0,3162.87,5.3984375,5.328125,3.6699219
1.0,0.0,0.0,0.0,0.0,0.0,0.0,0.0,0.8701172,8.0,19.0,3.0,3.0,2.0,1.0,3163.92,5.140625,5.1210938,3.5703125
1.0,0.0,0.0,0.0,0.0,0.0,0.0,0.0,1.2998047,6.0,0.0,3.0,3.0,2.0,2.0,3168.43,6.1796875,6.171875,3.9609375
1.0,0.0,0.0,0.0,0.0,0.0,0.0,0.0,0.89990234,4.0,16.0,2.0,3.0,3.0,0.0,3170.35,5.9492188,5.0507812,3.5097656
1.0,0.0,0.0,0.0,0.0,0.0,0.0,0.0,1.0,4.0,13.0,3.0,3.0,3.0,1.0,3172.28,5.7382812,5.4882812,3.7207031
1.0,0.0,0.0,0.0,0.0,0.0,0.0,0.0,1.0097656,8.0,19.0,3.0,3.0,1.0,2.0,3172.57,5.6601562,5.4882812,3.7304688
1.0,0.0,0.0,0.0,0.0,0.0,0.0,0.0,1.4101562,4.0,3.0,3.0,3.0,3.0,0.0,3173.58,6.3007812,6.140625,4.1601562
1.0,0.0,0.0,0.0,0.0,0.0,0.0,0.0,1.0302734,4.0,12.0,3.0,3.0,3.0,2.0,3173.68,6.21875,5.4101562,3.6699219
1.0,0.0,0.0,0.0,0.0,0.0,0.0,0.0,0.7998047,5.0,16.0,3.0,3.0,3.0,0.0,3174.67,5.46875,5.171875,3.4199219
1.0,0.0,0.0,0.0,0.0,0.0,0.0,0.0,1.5,2.0,16.0,3.0,3.0,3.0,0.0,3175.67,6.71875,6.3710938,4.5195312
1.0,0.0,0.0,0.0,0.0,0.0,0.0,0.0,0.91015625,5.0,13.0,3.0,3.0,3.0,0.0,3180.36,5.5,5.3984375,3.6503906
1.0,0.0,0.0,0.0,0.0,0.0,0.0,0.0,1.0,3.0,16.0,3.0,3.0,2.0,2.0,3180.61,6.0117188,5.4609375,3.5605469
1.0,0.0,0.0,0.0,0.0,0.0,0.0,0.0,0.7998047,5.0,14.0,3.0,3.0,2.0,0.0,2567.32,5.4882812,4.9882812,3.390625
1.0,0.0,0.0,0.0,0.0,0.0,0.0,0.0,0.7998047,4.0,16.0,3.0,2.0,2.0,0.0,2568.84,5.4804688,5.0703125,3.4492188
1.0,0.0,0.0,0.0,0.0,0.0,0.0,0.0,0.7998047,4.0,15.0,3.0,3.0,2.0,0.0,2573.08,5.2890625,5.1289062,3.4902344
1.0,0.0,0.0,0.0,0.0,0.0,0.0,0.0,1.2304688,6.0,0.0,3.0,3.0,2.0,0.0,2573.59,6.0507812,5.8398438,3.9296875
1.0,0.0,0.0,0.0,0.0,0.0,0.0,0.0,1.2099609,6.0,3.0,3.0,3.0,3.0,1.0,2575.46,6.6914062,5.8710938,3.5390625
1.0,0.0,0.0,0.0,0.0,0.0,0.0,0.0,0.8100586,5.0,13.0,3.0,3.0,2.0,0.0,2576.42,5.828125,5.0585938,3.4003906
1.0,0.0,0.0,0.0,0.0,0.0,0.0,0.0,1.0097656,3.0,19.0,3.0,2.0,2.0,4.0,2576.8,6.0390625,5.2382812,3.5292969
1.0,0.0,0.0,0.0,0.0,0.0,0.0,0.0,0.7001953,4.0,18.0,2.0,3.0,2.0,0.0,2577.77,5.1015625,4.7890625,3.3007812
1.0,0.0,0.0,0.0,0.0,0.0,0.0,0.0,0.7001953,5.0,17.0,1.0,3.0,2.0,2.0,2579.84,5.171875,4.46875,3.4101562
1.0,0.0,0.0,0.0,0.0,0.0,0.0,0.0,0.8100586,4.0,17.0,3.0,3.0,3.0,1.0,2582.83,5.7617188,5.0117188,3.390625
1.0,0.0,0.0,0.0,0.0,0.0,0.0,0.0,0.89990234,6.0,12.0,3.0,3.0,2.0,0.0,2583.7,5.7304688,5.2890625,3.5703125
1.0,0.0,0.0,0.0,0.0,0.0,0.0,0.0,0.7998047,5.0,19.0,3.0,3.0,2.0,2.0,2583.82,5.390625,4.9609375,3.3300781
1.0,0.0,0.0,0.0,0.0,0.0,0.0,0.0,0.70996094,5.0,15.0,3.0,3.0,2.0,0.0,2585.08,5.3007812,4.8398438,3.2597656
1.0,0.0,0.0,0.0,0.0,0.0,0.0,0.0,0.7998047,3.0,17.0,3.0,3.0,2.0,0.0,2587.83,5.7617188,4.8984375,3.3300781
1.0,0.0,0.0,0.0,0.0,0.0,0.0,0.0,0.72021484,5.0,15.0,3.0,3.0,2.0,4.0,2589.08,5.4804688,4.7617188,3.2109375
1.0,0.0,0.0,0.0,0.0,0.0,0.0,0.0,0.7998047,4.0,17.0,3.0,3.0,2.0,0.0,2922.7,5.671875,4.9882812,3.3300781
1.0,0.0,0.0,0.0,0.0,0.0,0.0,0.0,1.2001953,6.0,1.0,3.0,3.0,2.0,1.0,2928.0,6.578125,5.5703125,3.609375
1.0,0.0,0.0,0.0,0.0,0.0,0.0,0.0,0.8300781,4.0,17.0,3.0,3.0,3.0,1.0,2930.48,5.4296875,5.3984375,3.5507812
1.0,0.0,0.0,0.0,0.0,0.0,0.0,0.0,1.0097656,4.0,12.0,3.0,3.0,2.0,0.0,2931.82,5.8203125,5.5117188,3.7402344
1.0,0.0,0.0,0.0,0.0,0.0,0.0,0.0,0.7998047,6.0,15.0,3.0,3.0,2.0,4.0,2932.74,5.328125,5.0507812,3.4199219
1.0,0.0,0.0,0.0,0.0,0.0,0.0,0.0,0.89990234,4.0,13.0,3.0,3.0,3.0,0.0,2934.53,5.4414062,5.3984375,3.6601562
1.0,0.0,0.0,0.0,0.0,0.0,0.0,0.0,0.8300781,5.0,17.0,3.0,3.0,2.0,1.0,2934.67,5.359375,5.3203125,3.5390625
1.0,0.0,0.0,0.0,0.0,0.0,0.0,0.0,1.0,3.0,13.0,3.0,3.0,2.0,4.0,2934.68,6.1484375,5.3515625,3.5996094
1.0,0.0,0.0,0.0,0.0,0.0,0.0,0.0,1.0097656,6.0,11.0,2.0,2.0,1.0,0.0,2935.14,5.7890625,5.5195312,3.7597656
1.0,0.0,0.0,0.0,0.0,0.0,0.0,0.0,1.2597656,6.0,4.0,3.0,3.0,2.0,2.0,2936.27,6.3203125,5.890625,3.9707031
1.0,0.0,0.0,0.0,0.0,0.0,0.0,0.0,0.7998047,5.0,17.0,3.0,3.0,2.0,2.0,2937.92,5.9492188,4.8085938,3.2597656
1.0,0.0,0.0,0.0,0.0,0.0,0.0,0.0,1.5996094,2.0,19.0,3.0,2.0,1.0,2.0,2939.19,6.5507812,6.5507812,4.2617188
1.0,0.0,0.0,0.0,0.0,0.0,0.0,0.0,0.7998047,5.0,15.0,3.0,3.0,3.0,0.0,2946.6,5.3203125,5.1601562,3.4804688
1.0,0.0,0.0,0.0,0.0,0.0,0.0,0.0,0.8198242,4.0,16.0,3.0,3.0,2.0,0.0,2947.46,5.2617188,5.21875,3.5097656
1.0,0.0,0.0,0.0,0.0,0.0,0.0,0.0,1.0302734,2.0,13.0,3.0,3.0,2.0,0.0,2951.11,5.7617188,5.5703125,3.7890625
1.0,0.0,0.0,0.0,0.0,0.0,0.0,0.0,1.0097656,5.0,12.0,3.0,3.0,2.0,0.0,3830.65,6.0507812,5.7695312,3.9199219
1.0,0.0,0.0,0.0,0.0,0.0,0.0,0.0,0.89990234,6.0,14.0,1.0,3.0,2.0,0.0,3836.3,5.28125,5.0507812,3.9492188
1.0,0.0,0.0,0.0,0.0,0.0,0.0,0.0,0.7998047,8.0,16.0,2.0,3.0,2.0,0.0,3837.55,5.4804688,4.96875,3.4804688
1.0,0.0,0.0,0.0,0.0,0.0,0.0,0.0,1.0,3.0,14.0,3.0,3.0,3.0,2.0,3838.51,5.6992188,5.5,3.7207031
1.0,0.0,0.0,0.0,0.0,0.0,0.0,0.0,1.5097656,5.0,19.0,3.0,3.0,2.0,0.0,3840.15,7.2890625,5.8515625,3.9707031
1.0,0.0,0.0,0.0,0.0,0.0,0.0,0.0,1.0195312,3.0,16.0,2.0,3.0,3.0,1.0,3840.75,6.109375,5.3789062,3.7207031
1.0,0.0,0.0,0.0,0.0,0.0,0.0,0.0,1.1201172,4.0,19.0,3.0,3.0,2.0,0.0,3842.37,6.3007812,5.5,3.6699219
1.0,0.0,0.0,0.0,0.0,0.0,0.0,0.0,0.7001953,8.0,17.0,3.0,3.0,2.0,0.0,3846.12,5.3515625,4.8710938,3.2207031
1.0,0.0,0.0,0.0,0.0,0.0,0.0,0.0,1.0,3.0,14.0,2.0,3.0,3.0,0.0,3846.38,5.859375,5.3710938,3.7597656
1.0,0.0,0.0,0.0,0.0,0.0,0.0,0.0,0.89990234,7.0,14.0,2.0,3.0,3.0,2.0,3847.49,5.6015625,5.21875,3.640625
1.0,0.0,0.0,0.0,0.0,0.0,0.0,0.0,1.2001953,5.0,11.0,2.0,3.0,2.0,0.0,3849.88,6.0507812,5.7109375,3.9902344
1.0,0.0,0.0,0.0,0.0,0.0,0.0,0.0,1.5,6.0,19.0,3.0,3.0,2.0,1.0,3852.42,6.3007812,6.0585938,4.1914062
1.0,0.0,0.0,0.0,0.0,0.0,0.0,0.0,1.6201172,7.0,1.0,3.0,2.0,2.0,0.0,3852.61,6.2617188,6.1796875,4.328125
1.0,0.0,0.0,0.0,0.0,0.0,0.0,0.0,0.89990234,6.0,17.0,3.0,3.0,2.0,1.0,3854.87,5.4492188,5.3007812,3.5898438
1.0,0.0,0.0,0.0,0.0,0.0,0.0,0.0,1.0097656,3.0,14.0,3.0,3.0,2.0,0.0,3855.59,6.0,5.4609375,3.6894531
1.0,0.0,0.0,0.0,0.0,0.0,0.0,0.0,0.95996094,3.0,16.0,2.0,2.0,2.0,0.0,3647.7,5.6992188,5.2304688,3.6601562
1.0,0.0,0.0,0.0,0.0,0.0,0.0,0.0,0.89990234,4.0,14.0,3.0,3.0,2.0,0.0,3650.01,5.8984375,5.0703125,3.4394531
1.0,0.0,0.0,0.0,0.0,0.0,0.0,0.0,0.89990234,4.0,16.0,3.0,3.0,2.0,0.0,3650.11,5.890625,5.3515625,3.5195312
1.0,0.0,0.0,0.0,0.0,0.0,0.0,0.0,0.91015625,6.0,13.0,3.0,3.0,2.0,0.0,3650.16,6.0195312,5.2109375,3.5195312
1.0,0.0,0.0,0.0,0.0,0.0,0.0,0.0,1.0097656,3.0,15.0,3.0,3.0,3.0,2.0,3651.12,5.921875,5.6601562,3.7890625
1.0,0.0,0.0,0.0,0.0,0.0,0.0,0.0,0.89990234,3.0,17.0,3.0,2.0,2.0,0.0,3652.83,5.46875,5.3789062,3.6503906
1.0,0.0,0.0,0.0,0.0,0.0,0.0,0.0,0.89990234,4.0,16.0,2.0,3.0,2.0,0.0,3653.05,5.6015625,5.25,3.640625
1.0,0.0,0.0,0.0,0.0,0.0,0.0,0.0,0.8100586,5.0,17.0,2.0,3.0,3.0,0.0,3653.66,5.1796875,5.1601562,3.5507812
1.0,0.0,0.0,0.0,0.0,0.0,0.0,0.0,0.89990234,6.0,19.0,3.0,3.0,2.0,0.0,3655.62,5.5585938,5.2617188,3.5507812
1.0,0.0,0.0,0.0,0.0,0.0,0.0,0.0,1.0302734,5.0,12.0,3.0,3.0,2.0,2.0,3656.15,6.2382812,5.4296875,3.6308594
1.0,0.0,0.0,0.0,0.0,0.0,0.0,0.0,0.89990234,4.0,16.0,3.0,3.0,2.0,0.0,3660.36,5.4882812,5.359375,3.640625
1.0,0.0,0.0,0.0,0.0,0.0,0.0,0.0,1.0302734,5.0,12.0,3.0,3.0,3.0,0.0,3663.2,6.1914062,5.3710938,3.6503906
1.0,0.0,0.0,0.0,0.0,0.0,0.0,0.0,0.7998047,7.0,18.0,3.0,2.0,2.0,0.0,3664.6,5.390625,5.0390625,3.4199219
1.0,0.0,0.0,0.0,0.0,0.0,0.0,0.0,0.7998047,8.0,15.0,3.0,3.0,3.0,0.0,3673.84,5.75,4.9492188,3.359375
1.0,0.0,0.0,0.0,0.0,0.0,0.0,0.0,0.89990234,5.0,16.0,3.0,3.0,3.0,0.0,3680.92,5.8984375,5.1289062,3.4804688
1.0,0.0,0.0,0.0,0.0,0.0,0.0,0.0,0.72021484,7.0,14.0,3.0,3.0,2.0,0.0,2854.71,5.3203125,4.859375,3.2792969
1.0,0.0,0.0,0.0,0.0,0.0,0.0,0.0,0.7998047,4.0,18.0,3.0,3.0,2.0,0.0,2859.3,5.6484375,4.9101562,3.3398438
1.0,0.0,0.0,0.0,0.0,0.0,0.0,0.0,0.7998047,6.0,14.0,3.0,3.0,2.0,0.0,2859.51,5.3515625,5.2695312,3.5507812
1.0,0.0,0.0,0.0,0.0,0.0,0.0,0.0,0.89990234,3.0,14.0,2.0,3.0,2.0,0.0,2864.45,5.7109375,5.2304688,3.5605469
1.0,0.0,0.0,0.0,0.0,0.0,0.0,0.0,0.7998047,7.0,16.0,3.0,3.0,2.0,4.0,2868.84,5.8398438,4.8789062,3.3203125
1.0,0.0,0.0,0.0,0.0,0.0,0.0,0.0,0.95996094,3.0,13.0,3.0,3.0,2.0,0.0,2870.92,5.5703125,5.4296875,3.6992188
1.0,0.0,0.0,0.0,0.0,0.0,0.0,0.0,0.91015625,6.0,12.0,2.0,3.0,3.0,0.0,2871.28,5.6796875,5.1484375,3.5703125
1.0,0.0,0.0,0.0,0.0,0.0,0.0,0.0,1.5097656,3.0,1.0,3.0,3.0,2.0,1.0,2873.76,6.46875,6.359375,4.1992188
1.0,0.0,0.0,0.0,0.0,0.0,0.0,0.0,0.7998047,4.0,18.0,3.0,3.0,2.0,0.0,2874.53,5.7695312,5.0,3.3496094
1.0,0.0,0.0,0.0,0.0,0.0,0.0,0.0,1.0097656,7.0,11.0,3.0,3.0,2.0,1.0,2879.08,6.21875,5.3710938,3.6503906
1.0,0.0,0.0,0.0,0.0,0.0,0.0,0.0,0.8100586,5.0,15.0,3.0,3.0,2.0,2.0,2883.82,5.3398438,5.1914062,3.4394531
1.0,0.0,0.0,0.0,0.0,0.0,0.0,0.0,0.95996094,5.0,12.0,1.0,3.0,1.0,0.0,2884.0,5.4882812,5.328125,3.9003906
1.0,0.0,0.0,0.0,0.0,0.0,0.0,0.0,0.7001953,5.0,17.0,3.0,3.0,2.0,0.0,2887.38,5.2617188,4.8398438,3.2890625
1.0,0.0,0.0,0.0,0.0,0.0,0.0,0.0,0.8100586,5.0,14.0,3.0,3.0,2.0,0.0,2891.22,5.421875,5.1015625,3.4492188
1.0,0.0,0.0,0.0,0.0,0.0,0.0,0.0,0.77978516,5.0,17.0,3.0,3.0,3.0,0.0,2891.4,5.4882812,4.9882812,3.3398438
1.0,0.0,0.0,0.0,0.0,0.0,0.0,0.0,0.7998047,4.0,15.0,3.0,3.0,3.0,0.0,3207.27,5.2617188,5.0898438,3.4394531
1.0,0.0,0.0,0.0,0.0,0.0,0.0,0.0,1.0195312,7.0,11.0,3.0,3.0,3.0,0.0,3209.25,5.6484375,5.6210938,3.8105469
1.0,0.0,0.0,0.0,0.0,0.0,0.0,0.0,0.89990234,4.0,16.0,1.0,3.0,2.0,0.0,3211.78,5.5195312,5.140625,3.6894531
1.0,0.0,0.0,0.0,0.0,0.0,0.0,0.0,0.7998047,7.0,14.0,3.0,3.0,3.0,0.0,3212.39,5.2304688,5.171875,3.5097656
1.0,0.0,0.0,0.0,0.0,0.0,0.0,0.0,0.8100586,4.0,18.0,3.0,3.0,2.0,1.0,3212.69,5.859375,5.0507812,3.390625
1.0,0.0,0.0,0.0,0.0,0.0,0.0,0.0,0.7001953,5.0,16.0,3.0,3.0,3.0,0.0,3215.06,5.6210938,4.6992188,3.1699219
1.0,0.0,0.0,0.0,0.0,0.0,0.0,0.0,0.7998047,6.0,14.0,2.0,3.0,2.0,0.0,3215.06,5.140625,5.0195312,3.5097656
1.0,0.0,0.0,0.0,0.0,0.0,0.0,0.0,1.3603516,7.0,3.0,3.0,3.0,2.0,1.0,3215.28,6.3203125,5.9882812,4.0390625
1.0,0.0,0.0,0.0,0.0,0.0,0.0,0.0,1.0,8.0,10.0,3.0,3.0,3.0,0.0,3219.29,6.0898438,5.2890625,3.5800781
1.0,0.0,0.0,0.0,0.0,0.0,0.0,0.0,1.0302734,3.0,14.0,3.0,3.0,3.0,6.0,3221.83,6.2695312,5.3984375,3.6308594
1.0,0.0,0.0,0.0,0.0,0.0,0.0,0.0,0.89990234,4.0,14.0,3.0,3.0,2.0,0.0,3223.18,5.7109375,5.2617188,3.5605469
1.0,0.0,0.0,0.0,0.0,0.0,0.0,0.0,0.89990234,4.0,14.0,2.0,2.0,2.0,0.0,3229.56,5.5390625,5.2617188,3.6503906
1.0,0.0,0.0,0.0,0.0,0.0,0.0,0.0,0.7998047,5.0,16.0,2.0,3.0,3.0,0.0,3233.01,5.4609375,5.0390625,3.4707031
1.0,0.0,0.0,0.0,0.0,0.0,0.0,0.0,0.8701172,5.0,15.0,3.0,3.0,3.0,0.0,3236.98,5.3710938,5.2695312,3.5605469
1.0,0.0,0.0,0.0,0.0,0.0,0.0,0.0,0.95996094,3.0,18.0,3.0,3.0,3.0,0.0,3237.69,6.1992188,5.1601562,3.5097656
1.0,0.0,0.0,0.0,0.0,0.0,0.0,0.0,0.7998047,6.0,16.0,2.0,3.0,2.0,0.0,3336.77,5.171875,5.109375,3.5703125
1.0,0.0,0.0,0.0,0.0,0.0,0.0,0.0,1.0,3.0,15.0,3.0,3.0,2.0,0.0,3336.97,6.6601562,5.328125,3.5507812
1.0,0.0,0.0,0.0,0.0,0.0,0.0,0.0,1.0195312,4.0,19.0,3.0,2.0,2.0,0.0,3340.76,5.8203125,5.4414062,3.6699219
1.0,0.0,0.0,0.0,0.0,0.0,0.0,0.0,0.89990234,5.0,13.0,2.0,3.0,3.0,2.0,3343.19,5.4609375,5.4296875,3.75
1.0,0.0,0.0,0.0,0.0,0.0,0.0,0.0,0.7998047,5.0,17.0,3.0,3.0,3.0,0.0,3349.0,5.671875,4.9296875,3.3496094
1.0,0.0,0.0,0.0,0.0,0.0,0.0,0.0,0.91015625,5.0,14.0,3.0,3.0,3.0,0.0,3365.27,5.9492188,5.1484375,3.5
1.0,0.0,0.0,0.0,0.0,0.0,0.0,0.0,0.7998047,5.0,15.0,3.0,3.0,3.0,0.0,3367.95,5.421875,5.0,3.390625
1.0,0.0,0.0,0.0,0.0,0.0,0.0,0.0,0.89990234,7.0,14.0,2.0,3.0,2.0,1.0,3368.06,5.4296875,5.2890625,3.6992188
1.0,0.0,0.0,0.0,0.0,0.0,0.0,0.0,1.6298828,3.0,19.0,3.0,2.0,2.0,2.0,3368.13,6.6914062,6.2890625,4.2695312
1.0,0.0,0.0,0.0,0.0,0.0,0.0,0.0,1.0097656,3.0,15.0,3.0,3.0,1.0,4.0,3371.32,6.3710938,5.2890625,3.5996094
1.0,0.0,0.0,0.0,0.0,0.0,0.0,0.0,0.7998047,8.0,18.0,3.0,3.0,3.0,1.0,3371.89,5.3789062,5.1210938,3.4804688
1.0,0.0,0.0,0.0,0.0,0.0,0.0,0.0,0.7998047,5.0,17.0,3.0,3.0,2.0,0.0,3375.01,5.7617188,4.921875,3.3300781
1.0,0.0,0.0,0.0,0.0,0.0,0.0,0.0,1.0097656,3.0,14.0,3.0,3.0,3.0,0.0,3377.27,5.6289062,5.53125,3.7597656
1.0,0.0,0.0,0.0,0.0,0.0,0.0,0.0,1.4003906,3.0,19.0,3.0,3.0,2.0,2.0,3381.53,6.828125,5.7617188,3.9101562
1.0,0.0,0.0,0.0,0.0,0.0,0.0,0.0,0.75,6.0,19.0,3.0,3.0,1.0,0.0,3383.8,5.1289062,4.7617188,3.3300781
1.0,0.0,0.0,0.0,0.0,0.0,0.0,0.0,0.91015625,4.0,16.0,3.0,3.0,3.0,0.0,3421.52,5.53125,5.4101562,3.6191406
1.0,0.0,0.0,0.0,0.0,0.0,0.0,0.0,0.95996094,4.0,15.0,3.0,3.0,2.0,0.0,3421.66,5.7890625,5.46875,3.6796875
1.0,0.0,0.0,0.0,0.0,0.0,0.0,0.0,0.89990234,5.0,14.0,1.0,3.0,2.0,0.0,3423.2,5.9296875,4.7890625,3.7792969
1.0,0.0,0.0,0.0,0.0,0.0,0.0,0.0,1.0097656,7.0,12.0,3.0,3.0,3.0,0.0,3423.76,5.9804688,5.5,3.6699219
1.0,0.0,0.0,0.0,0.0,0.0,0.0,0.0,1.0800781,3.0,16.0,3.0,3.0,3.0,0.0,3424.5,5.9101562,5.7695312,3.8496094
1.0,0.0,0.0,0.0,0.0,0.0,0.0,0.0,1.2001953,3.0,15.0,3.0,3.0,2.0,2.0,3425.25,5.921875,5.9101562,4.0
1.0,0.0,0.0,0.0,0.0,0.0,0.0,0.0,1.6298828,6.0,12.0,2.0,2.0,2.0,0.0,3426.7,7.5898438,6.8515625,4.1210938
1.0,0.0,0.0,0.0,0.0,0.0,0.0,0.0,0.89990234,5.0,15.0,3.0,3.0,3.0,0.0,3427.05,6.1210938,5.1210938,3.4492188
1.0,0.0,0.0,0.0,0.0,0.0,0.0,0.0,1.5996094,6.0,12.0,2.0,2.0,2.0,0.0,3434.4,7.0703125,6.421875,4.2695312
1.0,0.0,0.0,0.0,0.0,0.0,0.0,0.0,0.89990234,7.0,14.0,2.0,3.0,2.0,0.0,3436.68,5.75,5.078125,3.5507812
1.0,0.0,0.0,0.0,0.0,0.0,0.0,0.0,1.0,3.0,14.0,3.0,3.0,3.0,0.0,3438.83,6.171875,5.359375,3.640625
1.0,0.0,0.0,0.0,0.0,0.0,0.0,0.0,1.5,3.0,11.0,2.0,3.0,3.0,4.0,3441.31,6.6601562,6.1796875,4.3085938
1.0,0.0,0.0,0.0,0.0,0.0,0.0,0.0,1.5097656,3.0,19.0,3.0,3.0,3.0,0.0,3442.51,6.6289062,6.1601562,4.1914062
1.0,0.0,0.0,0.0,0.0,0.0,0.0,0.0,1.0,3.0,17.0,3.0,3.0,1.0,0.0,3443.55,5.8515625,5.4101562,3.6699219
1.0,0.0,0.0,0.0,0.0,0.0,0.0,0.0,0.89990234,6.0,13.0,3.0,3.0,3.0,0.0,3447.56,5.6914062,5.1992188,3.5292969
1.0,0.0,0.0,0.0,0.0,0.0,0.0,0.0,0.7998047,6.0,15.0,3.0,2.0,2.0,2.0,2819.34,5.3203125,5.1992188,3.5
1.0,0.0,0.0,0.0,0.0,0.0,0.0,0.0,0.7998047,4.0,18.0,2.0,3.0,1.0,2.0,2820.4,5.25,4.9804688,3.4902344
1.0,0.0,0.0,0.0,0.0,0.0,0.0,0.0,0.8100586,6.0,14.0,3.0,3.0,2.0,0.0,2820.67,5.2695312,5.171875,3.5
1.0,0.0,0.0,0.0,0.0,0.0,0.0,0.0,0.7001953,6.0,16.0,1.0,3.0,1.0,2.0,2822.3,4.7695312,4.71875,3.4394531
1.0,0.0,0.0,0.0,0.0,0.0,0.0,0.0,0.70996094,7.0,18.0,2.0,3.0,2.0,1.0,2823.23,5.2382812,4.7695312,3.3300781
1.0,0.0,0.0,0.0,0.0,0.0,0.0,0.0,0.7998047,4.0,16.0,3.0,3.0,2.0,0.0,2823.25,5.671875,4.9296875,3.3496094
1.0,0.0,0.0,0.0,0.0,0.0,0.0,0.0,0.5,4.0,19.0,3.0,3.0,2.0,1.0,2823.99,4.8984375,4.2109375,2.8496094
1.0,0.0,0.0,0.0,0.0,0.0,0.0,0.0,0.7998047,4.0,15.0,2.0,3.0,2.0,0.0,2827.4,5.1992188,5.1289062,3.5800781
1.0,0.0,0.0,0.0,0.0,0.0,0.0,0.0,0.89990234,5.0,12.0,3.0,3.0,2.0,0.0,2829.58,5.4609375,5.4101562,3.6601562
1.0,0.0,0.0,0.0,0.0,0.0,0.0,0.0,1.0,3.0,13.0,3.0,3.0,2.0,0.0,2829.81,5.890625,5.5703125,3.6699219
1.0,0.0,0.0,0.0,0.0,0.0,0.0,0.0,1.0,6.0,11.0,1.0,3.0,1.0,0.0,2834.65,5.609375,5.2890625,3.8007812
1.0,0.0,0.0,0.0,0.0,0.0,0.0,0.0,0.85009766,5.0,19.0,3.0,3.0,1.0,2.0,2835.39,5.2109375,5.1796875,3.4902344
1.0,0.0,0.0,0.0,0.0,0.0,0.0,0.0,1.0,5.0,11.0,3.0,3.0,3.0,2.0,2837.71,5.8789062,5.4609375,3.6992188
1.0,0.0,0.0,0.0,0.0,0.0,0.0,0.0,1.0097656,3.0,13.0,3.0,3.0,1.0,2.0,2837.98,5.7695312,5.5703125,3.7597656
1.0,0.0,0.0,0.0,0.0,0.0,0.0,0.0,1.0,3.0,13.0,1.0,3.0,2.0,0.0,2838.02,5.640625,5.3085938,3.8203125
1.0,0.0,0.0,0.0,0.0,0.0,0.0,0.0,0.8300781,5.0,17.0,3.0,3.0,2.0,0.0,3389.88,5.96875,5.0117188,3.3496094
1.0,0.0,0.0,0.0,0.0,0.0,0.0,0.0,0.75,6.0,15.0,3.0,3.0,2.0,0.0,3391.44,5.0898438,5.078125,3.4492188
1.0,0.0,0.0,0.0,0.0,0.0,0.0,0.0,0.72021484,5.0,16.0,3.0,3.0,3.0,0.0,3392.17,5.5898438,4.7890625,3.25
1.0,0.0,0.0,0.0,0.0,0.0,0.0,0.0,0.8198242,5.0,17.0,3.0,3.0,2.0,0.0,3395.72,5.4296875,5.1289062,3.4707031
1.0,0.0,0.0,0.0,0.0,0.0,0.0,0.0,1.2001953,4.0,11.0,3.0,3.0,2.0,0.0,3397.09,5.96875,5.9609375,4.0390625
1.0,0.0,0.0,0.0,0.0,0.0,0.0,0.0,0.72998047,6.0,18.0,3.0,3.0,2.0,2.0,3399.11,5.5507812,4.8203125,3.2207031
1.0,0.0,0.0,0.0,0.0,0.0,0.0,0.0,0.75,6.0,17.0,2.0,3.0,3.0,1.0,3400.33,5.0507812,5.0,3.4492188
1.0,0.0,0.0,0.0,0.0,0.0,0.0,0.0,0.75,5.0,18.0,2.0,3.0,2.0,0.0,3400.33,5.3203125,4.8789062,3.359375
1.0,0.0,0.0,0.0,0.0,0.0,0.0,0.0,1.0498047,4.0,19.0,3.0,3.0,2.0,0.0,3404.8,6.390625,5.2109375,3.5292969
1.0,0.0,0.0,0.0,0.0,0.0,0.0,0.0,0.89990234,3.0,17.0,2.0,3.0,2.0,0.0,3407.53,5.4492188,5.390625,3.75
1.0,0.0,0.0,0.0,0.0,0.0,0.0,0.0,1.2099609,2.0,16.0,2.0,3.0,2.0,1.0,3410.29,6.28125,5.6796875,3.9902344
1.0,0.0,0.0,0.0,0.0,0.0,0.0,0.0,0.8100586,4.0,18.0,3.0,3.0,3.0,0.0,3416.84,5.5507812,5.1015625,3.4707031
1.0,0.0,0.0,0.0,0.0,0.0,0.0,0.0,0.7998047,5.0,17.0,3.0,3.0,3.0,2.0,3417.96,5.5390625,5.0507812,3.4003906
1.0,0.0,0.0,0.0,0.0,0.0,0.0,0.0,1.5,7.0,8.0,3.0,3.0,1.0,4.0,3419.67,6.5390625,6.3203125,4.28125
1.0,0.0,0.0,0.0,0.0,0.0,0.0,0.0,0.89990234,6.0,13.0,3.0,3.0,2.0,0.0,3420.86,5.5117188,5.3984375,3.6308594
1.0,0.0,0.0,0.0,0.0,0.0,0.0,0.0,0.8100586,8.0,16.0,2.0,3.0,2.0,2.0,3480.49,5.5117188,4.9882812,3.4902344
1.0,0.0,0.0,0.0,0.0,0.0,0.0,0.0,1.0,3.0,12.0,2.0,2.0,2.0,0.0,3480.83,5.8789062,5.3398438,3.7304688
1.0,0.0,0.0,0.0,0.0,0.0,0.0,0.0,0.95996094,4.0,14.0,2.0,2.0,2.0,2.0,3480.99,6.0,5.1914062,3.6191406
1.0,0.0,0.0,0.0,0.0,0.0,0.0,0.0,0.95996094,4.0,14.0,3.0,3.0,2.0,4.0,3483.07,6.3789062,5.140625,3.4902344
1.0,0.0,0.0,0.0,0.0,0.0,0.0,0.0,0.7001953,7.0,17.0,2.0,3.0,2.0,0.0,3486.08,4.9414062,4.8515625,3.3808594
1.0,0.0,0.0,0.0,0.0,0.0,0.0,0.0,0.95996094,4.0,13.0,2.0,3.0,2.0,0.0,3489.02,5.5585938,5.359375,3.75
1.0,0.0,0.0,0.0,0.0,0.0,0.0,0.0,0.89990234,4.0,17.0,2.0,3.0,2.0,0.0,3489.83,5.578125,5.21875,3.6503906
1.0,0.0,0.0,0.0,0.0,0.0,0.0,0.0,1.6796875,5.0,12.0,2.0,2.0,2.0,0.0,3491.26,7.0507812,6.5898438,4.2890625
1.0,0.0,0.0,0.0,0.0,0.0,0.0,0.0,1.5195312,5.0,1.0,3.0,3.0,2.0,2.0,3496.52,6.4882812,6.03125,4.1914062
1.0,0.0,0.0,0.0,0.0,0.0,0.0,0.0,1.0,4.0,13.0,3.0,3.0,2.0,0.0,3498.72,6.1289062,5.3203125,3.609375
1.0,0.0,0.0,0.0,0.0,0.0,0.0,0.0,0.7998047,6.0,15.0,3.0,3.0,2.0,0.0,3499.04,5.6914062,4.9492188,3.359375
1.0,0.0,0.0,0.0,0.0,0.0,0.0,0.0,0.89990234,6.0,14.0,1.0,2.0,1.0,0.0,3499.06,5.5390625,4.9882812,3.6894531
1.0,0.0,0.0,0.0,0.0,0.0,0.0,0.0,0.89990234,4.0,16.0,1.0,3.0,2.0,0.0,3499.16,5.6210938,5.0,3.6992188
1.0,0.0,0.0,0.0,0.0,0.0,0.0,0.0,0.97021484,4.0,14.0,1.0,2.0,2.0,0.0,3502.31,5.4492188,5.1210938,4.0117188
1.0,0.0,0.0,0.0,0.0,0.0,0.0,0.0,1.2001953,6.0,11.0,2.0,3.0,1.0,4.0,3505.15,6.4804688,5.640625,3.8398438
1.0,0.0,0.0,0.0,0.0,0.0,0.0,0.0,1.0097656,4.0,15.0,3.0,3.0,2.0,0.0,3790.33,5.75,5.5390625,3.7304688
1.0,0.0,0.0,0.0,0.0,0.0,0.0,0.0,1.0,6.0,13.0,3.0,3.0,2.0,2.0,3792.23,5.8984375,5.3789062,3.6503906
1.0,0.0,0.0,0.0,0.0,0.0,0.0,0.0,0.95996094,3.0,14.0,3.0,3.0,2.0,0.0,3800.19,6.25,5.25,3.5292969
1.0,0.0,0.0,0.0,0.0,0.0,0.0,0.0,0.89990234,4.0,15.0,2.0,3.0,2.0,0.0,3801.32,5.5195312,5.1210938,3.5898438
1.0,0.0,0.0,0.0,0.0,0.0,0.0,0.0,0.95996094,5.0,13.0,3.0,2.0,2.0,0.0,3801.62,5.8085938,5.3515625,3.640625
1.0,0.0,0.0,0.0,0.0,0.0,0.0,0.0,0.8198242,5.0,18.0,3.0,3.0,2.0,0.0,3805.66,5.8710938,5.0,3.359375
1.0,0.0,0.0,0.0,0.0,0.0,0.0,0.0,1.8095703,4.0,0.0,3.0,3.0,2.0,2.0,3811.71,6.6992188,6.671875,4.5195312
1.0,0.0,0.0,0.0,0.0,0.0,0.0,0.0,1.0,4.0,13.0,3.0,3.0,2.0,0.0,3812.58,5.8398438,5.6992188,3.8496094
1.0,0.0,0.0,0.0,0.0,0.0,0.0,0.0,1.2001953,3.0,14.0,3.0,2.0,2.0,0.0,3814.51,6.5507812,5.6914062,3.8496094
1.0,0.0,0.0,0.0,0.0,0.0,0.0,0.0,1.0097656,3.0,15.0,3.0,3.0,3.0,1.0,3815.09,5.9101562,5.4414062,3.6894531
1.0,0.0,0.0,0.0,0.0,0.0,0.0,0.0,0.97998047,4.0,14.0,2.0,3.0,2.0,0.0,3819.36,5.6210938,5.3515625,3.7304688
1.0,0.0,0.0,0.0,0.0,0.0,0.0,0.0,1.2001953,7.0,11.0,3.0,3.0,2.0,2.0,3824.38,6.2617188,5.7382812,3.9003906
1.0,0.0,0.0,0.0,0.0,0.0,0.0,0.0,1.1904297,5.0,12.0,3.0,3.0,1.0,1.0,3824.5,6.109375,5.8398438,3.9199219
1.0,0.0,0.0,0.0,0.0,0.0,0.0,0.0,1.5097656,4.0,19.0,3.0,3.0,2.0,0.0,3825.69,6.46875,6.2382812,4.2382812
1.0,0.0,0.0,0.0,0.0,0.0,0.0,0.0,1.0195312,3.0,15.0,3.0,3.0,3.0,0.0,3829.74,5.8007812,5.6796875,3.859375
1.0,0.0,0.0,0.0,0.0,0.0,0.0,0.0,1.0,3.0,19.0,2.0,3.0,2.0,4.0,3448.25,5.5117188,5.2382812,3.7402344
1.0,0.0,0.0,0.0,0.0,0.0,0.0,0.0,1.0,3.0,17.0,3.0,3.0,2.0,4.0,3448.44,6.3515625,5.5,3.6992188
1.0,0.0,0.0,0.0,0.0,0.0,0.0,0.0,0.89990234,5.0,13.0,3.0,3.0,2.0,0.0,3448.68,5.46875,5.328125,3.640625
1.0,0.0,0.0,0.0,0.0,0.0,0.0,0.0,1.25,4.0,19.0,3.0,3.0,2.0,0.0,3449.06,6.609375,5.5390625,3.8691406
1.0,0.0,0.0,0.0,0.0,0.0,0.0,0.0,0.72021484,8.0,19.0,3.0,3.0,2.0,1.0,3456.76,5.5117188,4.7617188,3.1992188
1.0,0.0,0.0,0.0,0.0,0.0,0.0,0.0,1.0097656,6.0,12.0,2.0,3.0,2.0,1.0,3460.94,6.1914062,5.2617188,3.6503906
1.0,0.0,0.0,0.0,0.0,0.0,0.0,0.0,1.0,3.0,15.0,3.0,3.0,2.0,0.0,3461.91,5.8789062,5.7695312,3.9101562
1.0,0.0,0.0,0.0,0.0,0.0,0.0,0.0,1.0097656,3.0,13.0,2.0,3.0,3.0,0.0,3463.35,6.1015625,5.421875,3.7597656
1.0,0.0,0.0,0.0,0.0,0.0,0.0,0.0,0.7998047,5.0,17.0,3.0,3.0,3.0,0.0,3466.3,5.3710938,5.109375,3.4609375
1.0,0.0,0.0,0.0,0.0,0.0,0.0,0.0,1.0,3.0,15.0,3.0,3.0,2.0,0.0,3468.24,6.140625,5.3085938,3.609375
1.0,0.0,0.0,0.0,0.0,0.0,0.0,0.0,1.2900391,3.0,12.0,3.0,2.0,2.0,0.0,3470.17,6.0703125,6.03125,4.078125
1.0,0.0,0.0,0.0,0.0,0.0,0.0,0.0,0.89990234,4.0,15.0,3.0,3.0,3.0,0.0,3471.41,5.6289062,5.328125,3.609375
1.0,0.0,0.0,0.0,0.0,0.0,0.0,0.0,0.7998047,6.0,17.0,3.0,3.0,2.0,2.0,3471.87,5.7617188,5.0,3.390625
1.0,0.0,0.0,0.0,0.0,0.0,0.0,0.0,1.0,3.0,16.0,3.0,3.0,2.0,4.0,3473.08,6.359375,5.2617188,3.5800781
1.0,0.0,0.0,0.0,0.0,0.0,0.0,0.0,0.89990234,6.0,13.0,3.0,2.0,2.0,0.0,3475.48,5.7109375,5.21875,3.5390625
1.0,0.0,0.0,0.0,0.0,0.0,0.0,0.0,0.89990234,3.0,14.0,2.0,3.0,2.0,2.0,2611.79,5.6015625,5.1992188,3.5292969
1.0,0.0,0.0,0.0,0.0,0.0,0.0,0.0,0.7998047,5.0,14.0,3.0,3.0,2.0,0.0,2618.67,5.5585938,5.140625,3.4003906
1.0,0.0,0.0,0.0,0.0,0.0,0.0,0.0,0.95996094,7.0,11.0,3.0,3.0,2.0,0.0,2619.85,6.0390625,5.21875,3.5390625
1.0,0.0,0.0,0.0,0.0,0.0,0.0,0.0,0.7998047,4.0,17.0,2.0,3.0,2.0,0.0,2619.95,5.4804688,4.9882812,3.4394531
1.0,0.0,0.0,0.0,0.0,0.0,0.0,0.0,0.89990234,3.0,17.0,3.0,3.0,2.0,4.0,2620.85,5.75,5.2304688,3.5390625
1.0,0.0,0.0,0.0,0.0,0.0,0.0,0.0,0.75,4.0,16.0,3.0,3.0,2.0,0.0,2620.9,5.8398438,4.8710938,3.2304688
1.0,0.0,0.0,0.0,0.0,0.0,0.0,0.0,1.0097656,2.0,19.0,3.0,3.0,2.0,1.0,2621.11,5.75,5.6914062,3.6894531
1.0,0.0,0.0,0.0,0.0,0.0,0.0,0.0,0.7998047,4.0,15.0,3.0,3.0,2.0,0.0,2622.65,6.0390625,4.8398438,3.2890625
1.0,0.0,0.0,0.0,0.0,0.0,0.0,0.0,0.72021484,5.0,16.0,3.0,3.0,2.0,0.0,2623.08,5.1484375,4.9296875,3.3496094
1.0,0.0,0.0,0.0,0.0,0.0,0.0,0.0,0.75,3.0,16.0,3.0,3.0,2.0,0.0,2623.1,5.5703125,4.8515625,3.2792969
1.0,0.0,0.0,0.0,0.0,0.0,0.0,0.0,0.8100586,5.0,12.0,2.0,3.0,3.0,0.0,2625.6,5.3984375,5.0117188,3.5097656
1.0,0.0,0.0,0.0,0.0,0.0,0.0,0.0,0.9501953,3.0,14.0,3.0,3.0,2.0,4.0,2626.23,5.671875,5.4804688,3.6992188
1.0,0.0,0.0,0.0,0.0,0.0,0.0,0.0,0.8100586,4.0,17.0,3.0,3.0,2.0,0.0,2626.83,5.890625,4.9882812,3.3496094
1.0,0.0,0.0,0.0,0.0,0.0,0.0,0.0,1.0097656,3.0,13.0,2.0,3.0,2.0,4.0,2629.54,6.0,5.3398438,3.7304688
1.0,0.0,0.0,0.0,0.0,0.0,0.0,0.0,0.7001953,5.0,16.0,3.0,3.0,2.0,0.0,2631.11,5.2304688,4.8984375,3.2792969
1.0,0.0,0.0,0.0,0.0,0.0,0.0,0.0,1.0,3.0,14.0,3.0,2.0,3.0,0.0,3759.15,5.6992188,5.5195312,3.75
1.0,0.0,0.0,0.0,0.0,0.0,0.0,0.0,1.0,6.0,13.0,2.0,2.0,3.0,1.0,3764.02,5.7695312,5.3085938,3.7207031
1.0,0.0,0.0,0.0,0.0,0.0,0.0,0.0,1.0,3.0,16.0,3.0,3.0,2.0,0.0,3765.58,6.2890625,5.4296875,3.6308594
1.0,0.0,0.0,0.0,0.0,0.0,0.0,0.0,1.0195312,4.0,18.0,3.0,3.0,3.0,4.0,3768.42,5.921875,5.53125,3.7109375
1.0,0.0,0.0,0.0,0.0,0.0,0.0,0.0,0.89990234,5.0,14.0,3.0,3.0,2.0,0.0,3771.04,5.5117188,5.3085938,3.5898438
1.0,0.0,0.0,0.0,0.0,0.0,0.0,0.0,1.0097656,4.0,14.0,3.0,2.0,2.0,4.0,3775.07,6.2304688,5.4101562,3.6601562
1.0,0.0,0.0,0.0,0.0,0.0,0.0,0.0,1.0097656,4.0,14.0,3.0,3.0,3.0,2.0,3776.68,5.75,5.6289062,3.7695312
1.0,0.0,0.0,0.0,0.0,0.0,0.0,0.0,0.89990234,4.0,16.0,3.0,3.0,2.0,0.0,3778.83,5.6289062,5.3398438,3.6308594
1.0,0.0,0.0,0.0,0.0,0.0,0.0,0.0,0.89990234,4.0,15.0,3.0,3.0,3.0,0.0,3779.11,5.6210938,5.3398438,3.5898438
1.0,0.0,0.0,0.0,0.0,0.0,0.0,0.0,0.9199219,4.0,16.0,3.0,3.0,2.0,0.0,3780.37,5.75,5.2304688,3.5507812
1.0,0.0,0.0,0.0,0.0,0.0,0.0,0.0,1.7001953,3.0,10.0,2.0,3.0,1.0,0.0,3781.67,6.6484375,6.5390625,4.4882812
1.0,0.0,0.0,0.0,0.0,0.0,0.0,0.0,1.0,3.0,16.0,3.0,3.0,2.0,0.0,3784.61,5.890625,5.6210938,3.8007812
1.0,0.0,0.0,0.0,0.0,0.0,0.0,0.0,1.0,4.0,16.0,3.0,3.0,2.0,1.0,3788.46,5.921875,5.390625,3.6601562
1.0,0.0,0.0,0.0,0.0,0.0,0.0,0.0,1.0097656,6.0,12.0,3.0,3.0,2.0,0.0,3789.79,6.03125,5.5,3.7109375
1.0,0.0,0.0,0.0,0.0,0.0,0.0,0.0,1.0195312,4.0,16.0,3.0,3.0,3.0,4.0,3789.97,5.7109375,5.671875,3.8398438
1.0,0.0,0.0,0.0,0.0,0.0,0.0,0.0,0.89990234,3.0,14.0,2.0,3.0,2.0,0.0,2895.11,5.6992188,5.140625,3.5800781
1.0,0.0,0.0,0.0,0.0,0.0,0.0,0.0,1.7099609,3.0,0.0,3.0,3.0,2.0,0.0,2895.53,6.6914062,6.3789062,4.3203125
1.0,0.0,0.0,0.0,0.0,0.0,0.0,0.0,0.7998047,5.0,15.0,3.0,3.0,3.0,0.0,2896.8,5.25,5.1914062,3.5195312
1.0,0.0,0.0,0.0,0.0,0.0,0.0,0.0,0.89990234,5.0,12.0,3.0,3.0,3.0,0.0,2901.07,5.609375,5.25,3.5605469
1.0,0.0,0.0,0.0,0.0,0.0,0.0,0.0,1.0097656,5.0,11.0,3.0,3.0,2.0,2.0,2901.56,6.0507812,5.3710938,3.640625
1.0,0.0,0.0,0.0,0.0,0.0,0.0,0.0,0.7998047,5.0,15.0,3.0,3.0,3.0,0.0,2902.28,5.5898438,5.0898438,3.4296875
1.0,0.0,0.0,0.0,0.0,0.0,0.0,0.0,0.89990234,6.0,12.0,3.0,3.0,2.0,0.0,2902.58,5.3710938,5.3398438,3.609375
1.0,0.0,0.0,0.0,0.0,0.0,0.0,0.0,0.89990234,7.0,12.0,2.0,3.0,3.0,0.0,2902.86,5.3984375,5.21875,3.6308594
1.0,0.0,0.0,0.0,0.0,0.0,0.0,0.0,0.89990234,5.0,13.0,3.0,3.0,2.0,1.0,2904.15,6.1914062,5.0898438,3.4609375
1.0,0.0,0.0,0.0,0.0,0.0,0.0,0.0,1.0,3.0,13.0,3.0,3.0,3.0,2.0,2904.99,5.9609375,5.7109375,3.7890625
1.0,0.0,0.0,0.0,0.0,0.0,0.0,0.0,0.7001953,7.0,15.0,2.0,3.0,3.0,2.0,2906.72,5.0,4.8710938,3.4003906
1.0,0.0,0.0,0.0,0.0,0.0,0.0,0.0,1.0097656,4.0,19.0,3.0,3.0,2.0,1.0,2911.64,6.3984375,5.2304688,3.5507812
1.0,0.0,0.0,0.0,0.0,0.0,0.0,0.0,0.95996094,4.0,12.0,2.0,3.0,2.0,2.0,2916.16,5.6914062,5.3515625,3.7402344
1.0,0.0,0.0,0.0,0.0,0.0,0.0,0.0,1.0097656,3.0,12.0,3.0,3.0,2.0,0.0,2921.49,5.640625,5.6015625,3.7597656
1.0,0.0,0.0,0.0,0.0,0.0,0.0,0.0,0.89990234,3.0,18.0,3.0,3.0,3.0,2.0,2921.58,5.3710938,5.3515625,3.609375
1.0,0.0,0.0,0.0,0.0,0.0,0.0,0.0,1.0097656,4.0,12.0,2.0,3.0,2.0,0.0,2798.53,5.75,5.4609375,3.8105469
1.0,0.0,0.0,0.0,0.0,0.0,0.0,0.0,0.7998047,4.0,16.0,3.0,3.0,2.0,0.0,2799.77,5.1914062,5.1601562,3.5
1.0,0.0,0.0,0.0,0.0,0.0,0.0,0.0,0.7998047,6.0,13.0,3.0,3.0,2.0,0.0,2800.26,5.4296875,5.0898438,3.4492188
1.0,0.0,0.0,0.0,0.0,0.0,0.0,0.0,1.0097656,6.0,6.0,3.0,3.0,2.0,0.0,2802.49,5.6992188,5.578125,3.7890625
1.0,0.0,0.0,0.0,0.0,0.0,0.0,0.0,1.0097656,5.0,11.0,3.0,3.0,2.0,1.0,2802.83,5.890625,5.4882812,3.7304688
1.0,0.0,0.0,0.0,0.0,0.0,0.0,0.0,0.7998047,5.0,15.0,3.0,3.0,3.0,0.0,2805.18,5.2695312,5.25,3.5605469
1.0,0.0,0.0,0.0,0.0,0.0,0.0,0.0,1.1103516,4.0,19.0,3.0,3.0,2.0,2.0,2805.3,5.921875,5.609375,3.8105469
1.0,0.0,0.0,0.0,0.0,0.0,0.0,0.0,1.1298828,5.0,19.0,3.0,3.0,2.0,2.0,2805.77,6.3710938,5.359375,3.640625
1.0,0.0,0.0,0.0,0.0,0.0,0.0,0.0,0.89990234,6.0,12.0,2.0,3.0,2.0,2.0,2806.82,5.6484375,5.21875,3.5800781
1.0,0.0,0.0,0.0,0.0,0.0,0.0,0.0,0.95996094,2.0,16.0,3.0,3.0,3.0,0.0,2807.43,5.890625,5.3710938,3.640625
1.0,0.0,0.0,0.0,0.0,0.0,0.0,0.0,0.89990234,5.0,12.0,3.0,3.0,3.0,0.0,2812.65,6.0117188,5.1289062,3.4902344
1.0,0.0,0.0,0.0,0.0,0.0,0.0,0.0,0.7998047,4.0,16.0,3.0,3.0,2.0,0.0,2817.63,5.3398438,5.171875,3.4902344
1.0,0.0,0.0,0.0,0.0,0.0,0.0,0.0,0.8100586,5.0,16.0,3.0,3.0,2.0,1.0,2817.8,5.4492188,5.1992188,3.4199219
1.0,0.0,0.0,0.0,0.0,0.0,0.0,0.0,1.0,7.0,10.0,1.0,3.0,3.0,0.0,2817.95,5.359375,5.3515625,3.8496094
1.0,0.0,0.0,0.0,0.0,0.0,0.0,0.0,0.7001953,5.0,16.0,2.0,3.0,2.0,0.0,2818.99,5.0195312,4.8007812,3.359375
1.0,0.0,0.0,0.0,0.0,0.0,0.0,0.0,0.72021484,5.0,16.0,3.0,2.0,2.0,0.0,3237.87,5.6914062,4.8085938,3.1992188
1.0,0.0,0.0,0.0,0.0,0.0,0.0,0.0,0.89990234,3.0,17.0,2.0,3.0,2.0,0.0,3238.89,5.6289062,5.2304688,3.6503906
1.0,0.0,0.0,0.0,0.0,0.0,0.0,0.0,0.8198242,6.0,14.0,3.0,3.0,3.0,0.0,3248.18,5.7617188,5.0,3.3808594
1.0,0.0,0.0,0.0,0.0,0.0,0.0,0.0,1.0,7.0,11.0,2.0,3.0,3.0,0.0,3250.49,5.7109375,5.3984375,3.75
1.0,0.0,0.0,0.0,0.0,0.0,0.0,0.0,0.7998047,7.0,18.0,3.0,3.0,2.0,1.0,3250.53,5.8710938,4.921875,3.3203125
1.0,0.0,0.0,0.0,0.0,0.0,0.0,0.0,0.89990234,3.0,18.0,2.0,3.0,2.0,0.0,3251.21,6.0195312,5.109375,3.4492188
1.0,0.0,0.0,0.0,0.0,0.0,0.0,0.0,1.0,6.0,12.0,1.0,3.0,2.0,0.0,3255.46,5.8789062,5.1992188,3.7402344
1.0,0.0,0.0,0.0,0.0,0.0,0.0,0.0,0.95996094,3.0,14.0,3.0,3.0,3.0,4.0,3257.15,5.7695312,5.7109375,3.5800781
1.0,0.0,0.0,0.0,0.0,0.0,0.0,0.0,0.7998047,5.0,15.0,3.0,3.0,2.0,0.0,3260.31,5.2382812,5.1992188,3.4707031
1.0,0.0,0.0,0.0,0.0,0.0,0.0,0.0,1.0,5.0,11.0,2.0,3.0,3.0,0.0,3267.15,5.71875,5.3515625,3.7207031
1.0,0.0,0.0,0.0,0.0,0.0,0.0,0.0,0.72021484,6.0,15.0,3.0,3.0,3.0,0.0,3268.8,5.2109375,4.921875,3.2890625
1.0,0.0,0.0,0.0,0.0,0.0,0.0,0.0,0.7998047,5.0,15.0,3.0,3.0,2.0,0.0,3269.41,5.4414062,5.0390625,3.4199219
1.0,0.0,0.0,0.0,0.0,0.0,0.0,0.0,1.2001953,3.0,11.0,3.0,3.0,2.0,2.0,3269.71,6.640625,5.6015625,3.7597656
1.0,0.0,0.0,0.0,0.0,0.0,0.0,0.0,0.7001953,6.0,18.0,2.0,3.0,2.0,0.0,3273.31,4.9414062,4.9101562,3.4199219
1.0,0.0,0.0,0.0,0.0,0.0,0.0,0.0,0.9199219,3.0,16.0,3.0,2.0,3.0,0.0,3275.32,5.859375,5.3398438,3.4707031
1.0,0.0,0.0,0.0,0.0,0.0,0.0,0.0,0.7001953,4.0,17.0,3.0,3.0,2.0,0.0,2421.52,5.3203125,4.8710938,3.2890625
1.0,0.0,0.0,0.0,0.0,0.0,0.0,0.0,0.7998047,6.0,13.0,3.0,3.0,2.0,0.0,2422.26,5.3007812,5.2109375,3.5390625
1.0,0.0,0.0,0.0,0.0,0.0,0.0,0.0,0.7998047,4.0,15.0,3.0,3.0,2.0,0.0,2422.89,5.8398438,4.9492188,3.3398438
1.0,0.0,0.0,0.0,0.0,0.0,0.0,0.0,1.2900391,4.0,19.0,3.0,2.0,2.0,2.0,2423.51,6.109375,5.8515625,3.9609375
1.0,0.0,0.0,0.0,0.0,0.0,0.0,0.0,0.8300781,4.0,15.0,3.0,3.0,2.0,0.0,2425.61,5.3398438,5.2109375,3.5390625
1.0,0.0,0.0,0.0,0.0,0.0,0.0,0.0,0.70996094,5.0,17.0,3.0,3.0,2.0,0.0,2426.81,5.53125,4.7695312,3.1601562
1.0,0.0,0.0,0.0,0.0,0.0,0.0,0.0,1.0097656,4.0,11.0,3.0,3.0,3.0,1.0,2433.19,5.671875,5.578125,3.75
1.0,0.0,0.0,0.0,0.0,0.0,0.0,0.0,1.2197266,6.0,19.0,3.0,2.0,2.0,0.0,2433.77,5.921875,5.890625,3.9492188
1.0,0.0,0.0,0.0,0.0,0.0,0.0,0.0,0.8598633,5.0,19.0,3.0,3.0,2.0,0.0,2433.8,5.2382812,5.0585938,3.5195312
1.0,0.0,0.0,0.0,0.0,0.0,0.0,0.0,0.8100586,5.0,13.0,3.0,3.0,3.0,0.0,2434.07,5.28125,5.1601562,3.5
1.0,0.0,0.0,0.0,0.0,0.0,0.0,0.0,1.5,3.0,1.0,2.0,2.0,1.0,1.0,2435.5,6.6914062,5.9609375,4.1601562
1.0,0.0,0.0,0.0,0.0,0.0,0.0,0.0,0.8100586,4.0,15.0,3.0,3.0,2.0,0.0,2435.56,5.4609375,5.1796875,3.5
1.0,0.0,0.0,0.0,0.0,0.0,0.0,0.0,0.95996094,6.0,11.0,2.0,3.0,3.0,0.0,2435.56,5.6601562,5.421875,3.75
1.0,0.0,0.0,0.0,0.0,0.0,0.0,0.0,1.0097656,3.0,15.0,3.0,2.0,2.0,4.0,2436.86,6.2890625,5.4609375,3.6601562
1.0,0.0,0.0,0.0,0.0,0.0,0.0,0.0,0.75,4.0,15.0,3.0,3.0,2.0,0.0,2437.61,5.1796875,4.9882812,3.390625
1.0,0.0,0.0,0.0,0.0,0.0,0.0,0.0,1.0097656,3.0,13.0,3.0,3.0,3.0,1.0,2772.47,6.3007812,5.328125,3.6191406
1.0,0.0,0.0,0.0,0.0,0.0,0.0,0.0,0.89990234,4.0,13.0,2.0,3.0,2.0,2.0,2773.7,5.5507812,5.1484375,3.609375
1.0,0.0,0.0,0.0,0.0,0.0,0.0,0.0,1.0703125,3.0,19.0,3.0,2.0,1.0,0.0,2774.9,6.5117188,5.4882812,3.4003906
1.0,0.0,0.0,0.0,0.0,0.0,0.0,0.0,1.2998047,3.0,12.0,3.0,3.0,3.0,6.0,2775.23,6.421875,5.9296875,3.9296875
1.0,0.0,0.0,0.0,0.0,0.0,0.0,0.0,0.89990234,4.0,13.0,3.0,3.0,3.0,0.0,2776.28,5.5507812,5.3398438,3.609375
1.0,0.0,0.0,0.0,0.0,0.0,0.0,0.0,0.7001953,8.0,15.0,1.0,3.0,2.0,0.0,2778.78,5.0,4.640625,3.3398438
1.0,0.0,0.0,0.0,0.0,0.0,0.0,0.0,1.2099609,5.0,1.0,3.0,3.0,3.0,1.0,2782.81,5.8710938,5.6601562,3.9296875
1.0,0.0,0.0,0.0,0.0,0.0,0.0,0.0,0.8300781,3.0,19.0,3.0,3.0,2.0,2.0,2782.91,5.8203125,4.8203125,3.25
1.0,0.0,0.0,0.0,0.0,0.0,0.0,0.0,0.8701172,4.0,16.0,3.0,3.0,3.0,4.0,2784.33,5.578125,5.25,3.5292969
1.0,0.0,0.0,0.0,0.0,0.0,0.0,0.0,0.7998047,6.0,14.0,3.0,3.0,2.0,0.0,2784.64,5.3007812,5.1210938,3.4492188
1.0,0.0,0.0,0.0,0.0,0.0,0.0,0.0,0.7998047,6.0,14.0,3.0,3.0,3.0,0.0,2784.64,5.5703125,5.0507812,3.3808594
1.0,0.0,0.0,0.0,0.0,0.0,0.0,0.0,0.8300781,4.0,15.0,3.0,3.0,3.0,0.0,2785.64,5.4804688,5.171875,3.4492188
1.0,0.0,0.0,0.0,0.0,0.0,0.0,0.0,1.0195312,3.0,12.0,3.0,3.0,2.0,2.0,2786.32,6.5117188,5.4882812,3.7109375
1.0,0.0,0.0,0.0,0.0,0.0,0.0,0.0,0.89990234,4.0,13.0,2.0,3.0,2.0,0.0,2788.33,5.5195312,5.25,3.5800781
1.0,0.0,0.0,0.0,0.0,0.0,0.0,0.0,0.7998047,6.0,14.0,2.0,3.0,3.0,0.0,2798.33,5.4492188,5.0,3.4609375
1.0,0.0,0.0,0.0,0.0,0.0,0.0,0.0,0.9301758,4.0,16.0,3.0,3.0,2.0,0.0,3559.23,5.6796875,5.3984375,3.640625
1.0,0.0,0.0,0.0,0.0,0.0,0.0,0.0,0.8100586,5.0,17.0,3.0,3.0,3.0,0.0,3560.2,5.46875,5.1015625,3.4394531
1.0,0.0,0.0,0.0,0.0,0.0,0.0,0.0,0.95996094,3.0,14.0,3.0,3.0,3.0,2.0,3561.17,5.828125,5.3398438,3.6191406
1.0,0.0,0.0,0.0,0.0,0.0,0.0,0.0,1.5302734,7.0,1.0,3.0,3.0,2.0,2.0,3562.82,6.3789062,6.28125,4.28125
1.0,0.0,0.0,0.0,0.0,0.0,0.0,0.0,2.0195312,3.0,2.0,3.0,2.0,2.0,4.0,3572.14,8.078125,6.46875,4.359375
1.0,0.0,0.0,0.0,0.0,0.0,0.0,0.0,0.7998047,6.0,16.0,3.0,3.0,2.0,0.0,3574.69,5.3007812,5.0585938,3.4394531
1.0,0.0,0.0,0.0,0.0,0.0,0.0,0.0,0.8198242,5.0,18.0,3.0,3.0,3.0,0.0,3578.22,5.9296875,5.0195312,3.4003906
1.0,0.0,0.0,0.0,0.0,0.0,0.0,0.0,0.89990234,4.0,16.0,3.0,3.0,3.0,0.0,3579.91,5.7109375,5.28125,3.5800781
1.0,0.0,0.0,0.0,0.0,0.0,0.0,0.0,0.89990234,4.0,17.0,2.0,3.0,3.0,0.0,3582.57,5.4414062,5.359375,3.7109375
1.0,0.0,0.0,0.0,0.0,0.0,0.0,0.0,0.8901367,5.0,15.0,3.0,3.0,3.0,2.0,3586.53,5.6601562,5.2304688,3.5507812
1.0,0.0,0.0,0.0,0.0,0.0,0.0,0.0,1.0,5.0,12.0,2.0,3.0,3.0,0.0,3586.78,5.6484375,5.4414062,3.7890625
1.0,0.0,0.0,0.0,0.0,0.0,0.0,0.0,0.8198242,5.0,18.0,3.0,3.0,3.0,2.0,3587.97,5.7695312,5.0,3.359375
1.0,0.0,0.0,0.0,0.0,0.0,0.0,0.0,1.0097656,3.0,14.0,3.0,2.0,3.0,0.0,3590.27,5.921875,5.8085938,3.9492188
1.0,0.0,0.0,0.0,0.0,0.0,0.0,0.0,1.0097656,3.0,14.0,3.0,3.0,3.0,0.0,3590.27,5.75,5.609375,3.7890625
1.0,0.0,0.0,0.0,0.0,0.0,0.0,0.0,0.75,6.0,16.0,3.0,3.0,3.0,0.0,3597.05,5.3984375,5.0390625,3.2890625
1.0,0.0,0.0,0.0,0.0,0.0,0.0,0.0,0.8100586,7.0,16.0,3.0,3.0,3.0,0.0,3505.63,5.4882812,5.0,3.4003906
1.0,0.0,0.0,0.0,0.0,0.0,0.0,0.0,1.0,5.0,13.0,2.0,3.0,2.0,0.0,3506.48,6.1015625,5.2382812,3.6601562
1.0,0.0,0.0,0.0,0.0,0.0,0.0,0.0,0.95996094,3.0,17.0,3.0,3.0,2.0,0.0,3506.6,6.2109375,5.3515625,3.5195312
1.0,0.0,0.0,0.0,0.0,0.0,0.0,0.0,1.2001953,3.0,13.0,3.0,3.0,2.0,0.0,3506.66,6.078125,5.78125,3.9296875
1.0,0.0,0.0,0.0,0.0,0.0,0.0,0.0,0.89990234,4.0,13.0,3.0,3.0,2.0,0.0,3508.11,5.390625,5.3515625,3.6191406
1.0,0.0,0.0,0.0,0.0,0.0,0.0,0.0,0.95996094,3.0,17.0,3.0,3.0,2.0,0.0,3510.08,5.6484375,5.4492188,3.6796875
1.0,0.0,0.0,0.0,0.0,0.0,0.0,0.0,1.3896484,4.0,19.0,3.0,3.0,2.0,0.0,3512.26,6.3984375,5.9101562,4.0195312
1.0,0.0,0.0,0.0,0.0,0.0,0.0,0.0,0.91015625,5.0,13.0,3.0,3.0,3.0,0.0,3513.85,5.7109375,5.1992188,3.5292969
1.0,0.0,0.0,0.0,0.0,0.0,0.0,0.0,0.89990234,6.0,13.0,3.0,3.0,3.0,0.0,3514.31,5.6992188,5.359375,3.6308594
1.0,0.0,0.0,0.0,0.0,0.0,0.0,0.0,1.0,6.0,12.0,3.0,3.0,2.0,0.0,3514.62,6.0703125,5.2890625,3.5898438
1.0,0.0,0.0,0.0,0.0,0.0,0.0,0.0,0.8598633,5.0,17.0,3.0,3.0,2.0,2.0,3514.76,5.671875,5.2617188,3.5097656
1.0,0.0,0.0,0.0,0.0,0.0,0.0,0.0,0.89990234,6.0,13.0,3.0,3.0,2.0,0.0,3519.17,5.4609375,5.3007812,3.5996094
1.0,0.0,0.0,0.0,0.0,0.0,0.0,0.0,0.89990234,4.0,17.0,2.0,3.0,2.0,2.0,3519.28,5.6914062,5.2695312,3.6601562
1.0,0.0,0.0,0.0,0.0,0.0,0.0,0.0,0.7998047,5.0,17.0,3.0,3.0,3.0,0.0,3520.52,5.2304688,5.1796875,3.5097656
1.0,0.0,0.0,0.0,0.0,0.0,0.0,0.0,1.0097656,9.0,19.0,3.0,3.0,2.0,2.0,3521.16,5.7695312,5.53125,3.7402344
1.0,0.0,0.0,0.0,0.0,0.0,0.0,0.0,1.0097656,6.0,19.0,3.0,3.0,2.0,0.0,2473.38,6.0390625,5.28125,3.5605469
1.0,0.0,0.0,0.0,0.0,0.0,0.0,0.0,1.0097656,8.0,6.0,3.0,3.0,2.0,0.0,2473.38,6.21875,5.3984375,3.6191406
1.0,0.0,0.0,0.0,0.0,0.0,0.0,0.0,0.70996094,4.0,15.0,3.0,3.0,2.0,0.0,2477.47,5.4882812,4.7695312,3.2402344
1.0,0.0,0.0,0.0,0.0,0.0,0.0,0.0,0.89990234,3.0,13.0,3.0,3.0,3.0,0.0,2478.23,5.4882812,5.421875,3.6601562
1.0,0.0,0.0,0.0,0.0,0.0,0.0,0.0,0.95996094,6.0,19.0,3.0,2.0,1.0,0.0,2478.69,5.4296875,5.1992188,3.5292969
1.0,0.0,0.0,0.0,0.0,0.0,0.0,0.0,0.7998047,6.0,13.0,3.0,3.0,2.0,0.0,2480.15,5.1992188,5.1015625,3.4707031
1.0,0.0,0.0,0.0,0.0,0.0,0.0,0.0,0.7001953,4.0,17.0,3.0,3.0,2.0,0.0,2480.77,5.5117188,4.78125,3.2402344
1.0,0.0,0.0,0.0,0.0,0.0,0.0,0.0,0.91015625,5.0,11.0,3.0,3.0,3.0,0.0,2482.02,5.5,5.328125,3.6191406
1.0,0.0,0.0,0.0,0.0,0.0,0.0,0.0,0.7998047,4.0,15.0,3.0,3.0,2.0,0.0,2485.2,5.859375,5.0,3.2695312
1.0,0.0,0.0,0.0,0.0,0.0,0.0,0.0,0.7998047,6.0,13.0,3.0,3.0,3.0,0.0,2485.75,5.3398438,5.1601562,3.4492188
1.0,0.0,0.0,0.0,0.0,0.0,0.0,0.0,0.72998047,4.0,18.0,3.0,3.0,2.0,0.0,2486.84,5.1210938,4.9804688,3.390625
1.0,0.0,0.0,0.0,0.0,0.0,0.0,0.0,0.7001953,4.0,17.0,3.0,3.0,3.0,0.0,2487.6,5.0507812,4.8789062,3.3105469
1.0,0.0,0.0,0.0,0.0,0.0,0.0,0.0,0.7998047,6.0,13.0,3.0,3.0,2.0,0.0,2489.86,5.5390625,5.078125,3.4003906
1.0,0.0,0.0,0.0,0.0,0.0,0.0,0.0,0.70996094,4.0,17.0,3.0,3.0,3.0,0.0,2490.5,5.171875,4.859375,3.3007812
1.0,0.0,0.0,0.0,0.0,0.0,0.0,0.0,0.7998047,5.0,13.0,3.0,3.0,3.0,0.0,2491.37,5.578125,5.1015625,3.4296875
1.0,0.0,0.0,0.0,0.0,0.0,0.0,0.0,1.0097656,3.0,15.0,3.0,3.0,3.0,2.0,3714.83,6.4492188,5.2109375,3.5195312
1.0,0.0,0.0,0.0,0.0,0.0,0.0,0.0,1.0097656,3.0,17.0,3.0,3.0,2.0,0.0,3717.46,5.96875,5.4804688,3.6894531
1.0,0.0,0.0,0.0,0.0,0.0,0.0,0.0,1.5097656,3.0,12.0,3.0,3.0,3.0,0.0,3719.32,6.6601562,6.3007812,4.25
1.0,0.0,0.0,0.0,0.0,0.0,0.0,0.0,1.2998047,4.0,19.0,3.0,3.0,3.0,0.0,3719.79,6.359375,5.8398438,4.078125
1.0,0.0,0.0,0.0,0.0,0.0,0.0,0.0,1.4599609,7.0,3.0,3.0,3.0,1.0,2.0,3722.42,6.3203125,6.03125,4.1210938
1.0,0.0,0.0,0.0,0.0,0.0,0.0,0.0,1.2998047,9.0,5.0,3.0,2.0,3.0,2.0,3723.5,6.359375,5.9492188,3.9492188
1.0,0.0,0.0,0.0,0.0,0.0,0.0,0.0,0.91015625,5.0,14.0,2.0,2.0,2.0,0.0,3728.59,5.6484375,5.1796875,3.6308594
1.0,0.0,0.0,0.0,0.0,0.0,0.0,0.0,0.89990234,4.0,15.0,1.0,3.0,2.0,0.0,3736.3,5.7695312,5.0507812,3.6191406
1.0,0.0,0.0,0.0,0.0,0.0,0.0,0.0,1.6699219,6.0,19.0,3.0,2.0,2.0,0.0,3748.26,6.5,6.28125,4.3710938
1.0,0.0,0.0,0.0,0.0,0.0,0.0,0.0,1.0,6.0,13.0,1.0,3.0,2.0,0.0,3753.88,5.6210938,5.2695312,3.7890625
1.0,0.0,0.0,0.0,0.0,0.0,0.0,0.0,0.91015625,4.0,16.0,3.0,3.0,2.0,0.0,3754.13,6.21875,5.0390625,3.4199219
1.0,0.0,0.0,0.0,0.0,0.0,0.0,0.0,1.0097656,4.0,16.0,1.0,3.0,2.0,4.0,3755.99,5.25,5.140625,4.0898438
1.0,0.0,0.0,0.0,0.0,0.0,0.0,0.0,1.4003906,8.0,4.0,3.0,3.0,2.0,1.0,3756.25,6.3203125,6.140625,4.109375
1.0,0.0,0.0,0.0,0.0,0.0,0.0,0.0,0.91015625,4.0,14.0,3.0,3.0,3.0,0.0,3756.79,5.578125,5.4609375,3.6699219
1.0,0.0,0.0,0.0,0.0,0.0,0.0,0.0,0.91015625,4.0,17.0,3.0,3.0,3.0,0.0,3758.85,5.8007812,5.2890625,3.5898438
1.0,0.0,0.0,0.0,0.0,0.0,0.0,0.0,0.8100586,4.0,18.0,3.0,3.0,3.0,0.0,3064.2,6.0390625,4.859375,3.3105469
1.0,0.0,0.0,0.0,0.0,0.0,0.0,0.0,0.89990234,4.0,14.0,2.0,3.0,2.0,0.0,3067.51,5.4414062,5.2890625,3.6894531
1.0,0.0,0.0,0.0,0.0,0.0,0.0,0.0,0.7998047,6.0,17.0,3.0,3.0,1.0,0.0,3068.11,5.7617188,4.96875,3.359375
1.0,0.0,0.0,0.0,0.0,0.0,0.0,0.0,1.0097656,9.0,10.0,3.0,3.0,2.0,0.0,3069.61,5.71875,5.6484375,3.7695312
1.0,0.0,0.0,0.0,0.0,0.0,0.0,0.0,0.8100586,6.0,14.0,3.0,3.0,3.0,2.0,3071.17,5.171875,5.171875,3.5097656
1.0,0.0,0.0,0.0,0.0,0.0,0.0,0.0,0.89990234,3.0,15.0,3.0,3.0,2.0,0.0,3071.27,5.421875,5.3007812,3.609375
1.0,0.0,0.0,0.0,0.0,0.0,0.0,0.0,1.2001953,5.0,1.0,3.0,3.0,1.0,0.0,3071.64,6.0585938,5.71875,3.8691406
1.0,0.0,0.0,0.0,0.0,0.0,0.0,0.0,0.97021484,3.0,16.0,3.0,3.0,3.0,0.0,3072.35,5.5898438,5.5507812,3.7597656
1.0,0.0,0.0,0.0,0.0,0.0,0.0,0.0,1.0195312,4.0,12.0,3.0,3.0,2.0,0.0,3076.53,6.4296875,5.3789062,3.609375
1.0,0.0,0.0,0.0,0.0,0.0,0.0,0.0,0.75,5.0,17.0,3.0,3.0,2.0,0.0,3082.27,5.6796875,4.8515625,3.2402344
1.0,0.0,0.0,0.0,0.0,0.0,0.0,0.0,0.7998047,4.0,17.0,3.0,3.0,3.0,0.0,3083.53,5.5390625,5.03125,3.4101562
1.0,0.0,0.0,0.0,0.0,0.0,0.0,0.0,1.0,3.0,14.0,1.0,2.0,2.0,0.0,3086.33,5.5898438,5.421875,3.8300781
1.0,0.0,0.0,0.0,0.0,0.0,0.0,0.0,0.8100586,6.0,14.0,3.0,3.0,2.0,0.0,3086.89,5.8984375,4.9882812,3.25
1.0,0.0,0.0,0.0,0.0,0.0,0.0,0.0,0.95996094,3.0,15.0,2.0,3.0,3.0,2.0,3088.25,5.4609375,5.4492188,3.8007812
1.0,0.0,0.0,0.0,0.0,0.0,0.0,0.0,1.2001953,3.0,12.0,3.0,2.0,2.0,1.0,3089.76,6.1914062,6.0507812,4.109375
1.0,0.0,0.0,0.0,0.0,0.0,0.0,0.0,1.0302734,3.0,15.0,3.0,3.0,2.0,0.0,3031.8,5.9414062,5.8203125,3.859375
1.0,0.0,0.0,0.0,0.0,0.0,0.0,0.0,0.7998047,6.0,14.0,3.0,3.0,2.0,0.0,3040.92,5.8203125,4.8984375,3.2695312
1.0,0.0,0.0,0.0,0.0,0.0,0.0,0.0,0.7998047,5.0,16.0,3.0,3.0,2.0,0.0,3043.26,5.5195312,5.1015625,3.4101562
1.0,0.0,0.0,0.0,0.0,0.0,0.0,0.0,0.7001953,6.0,17.0,2.0,3.0,2.0,2.0,3043.66,5.2695312,4.6992188,3.2792969
1.0,0.0,0.0,0.0,0.0,0.0,0.0,0.0,0.8100586,7.0,14.0,3.0,3.0,2.0,0.0,3049.01,5.2695312,5.1914062,3.5195312
1.0,0.0,0.0,0.0,0.0,0.0,0.0,0.0,0.89990234,5.0,13.0,3.0,3.0,1.0,0.0,3049.3,5.5390625,5.4296875,3.5605469
1.0,0.0,0.0,0.0,0.0,0.0,0.0,0.0,0.8198242,7.0,14.0,3.0,3.0,3.0,0.0,3049.59,5.3984375,5.1796875,3.5097656
1.0,0.0,0.0,0.0,0.0,0.0,0.0,0.0,0.8300781,4.0,17.0,3.0,3.0,3.0,0.0,3049.77,5.3984375,5.2109375,3.5
1.0,0.0,0.0,0.0,0.0,0.0,0.0,0.0,0.70996094,5.0,17.0,3.0,3.0,2.0,0.0,3049.79,5.8515625,4.8007812,3.140625
1.0,0.0,0.0,0.0,0.0,0.0,0.0,0.0,0.8100586,5.0,15.0,3.0,3.0,2.0,0.0,3050.2,5.421875,5.140625,3.5
1.0,0.0,0.0,0.0,0.0,0.0,0.0,0.0,0.7597656,6.0,18.0,3.0,3.0,2.0,2.0,3051.67,5.4804688,4.9882812,3.2792969
1.0,0.0,0.0,0.0,0.0,0.0,0.0,0.0,1.2001953,4.0,12.0,2.0,3.0,1.0,0.0,3053.85,6.109375,5.8085938,4.0507812
1.0,0.0,0.0,0.0,0.0,0.0,0.0,0.0,1.0097656,4.0,13.0,3.0,3.0,3.0,1.0,3054.69,5.7695312,5.578125,3.7402344
1.0,0.0,0.0,0.0,0.0,0.0,0.0,0.0,1.0,4.0,12.0,3.0,3.0,2.0,0.0,3056.71,6.1289062,5.3085938,3.609375
1.0,0.0,0.0,0.0,0.0,0.0,0.0,0.0,1.0097656,4.0,12.0,3.0,3.0,2.0,0.0,3062.77,5.71875,5.578125,3.7890625
1.0,0.0,0.0,0.0,0.0,0.0,0.0,0.0,0.7998047,7.0,13.0,3.0,3.0,2.0,0.0,2651.54,5.8710938,4.8515625,3.2890625
1.0,0.0,0.0,0.0,0.0,0.0,0.0,0.0,0.7001953,5.0,15.0,2.0,3.0,2.0,0.0,2653.49,5.6289062,4.609375,3.1992188
1.0,0.0,0.0,0.0,0.0,0.0,0.0,0.0,0.89990234,3.0,14.0,3.0,3.0,2.0,4.0,2653.81,5.71875,5.3007812,3.5605469
1.0,0.0,0.0,0.0,0.0,0.0,0.0,0.0,0.89990234,3.0,17.0,2.0,3.0,2.0,0.0,2658.75,5.8085938,5.1289062,3.5800781
1.0,0.0,0.0,0.0,0.0,0.0,0.0,0.0,2.0,1.0,19.0,3.0,2.0,1.0,0.0,2658.94,7.0507812,6.890625,4.5703125
1.0,0.0,0.0,0.0,0.0,0.0,0.0,0.0,1.1201172,3.0,19.0,3.0,3.0,1.0,1.0,2661.88,6.109375,5.671875,3.8105469
1.0,0.0,0.0,0.0,0.0,0.0,0.0,0.0,0.95996094,3.0,13.0,3.0,3.0,2.0,0.0,2663.32,6.078125,5.28125,3.5898438
1.0,0.0,0.0,0.0,0.0,0.0,0.0,0.0,0.7998047,5.0,14.0,3.0,3.0,2.0,0.0,2665.6,5.2109375,5.109375,3.4609375
1.0,0.0,0.0,0.0,0.0,0.0,0.0,0.0,0.95996094,3.0,16.0,2.0,3.0,2.0,0.0,2674.88,5.53125,5.3710938,3.75
1.0,0.0,0.0,0.0,0.0,0.0,0.0,0.0,0.89990234,4.0,13.0,3.0,3.0,2.0,1.0,2677.72,5.9414062,5.1601562,3.5
1.0,0.0,0.0,0.0,0.0,0.0,0.0,0.0,1.0,2.0,13.0,3.0,3.0,3.0,0.0,2678.0,5.6992188,5.6015625,3.7402344
1.0,0.0,0.0,0.0,0.0,0.0,0.0,0.0,0.7998047,4.0,17.0,3.0,3.0,2.0,0.0,2678.2,5.21875,5.140625,3.5
1.0,0.0,0.0,0.0,0.0,0.0,0.0,0.0,0.8198242,4.0,14.0,3.0,3.0,3.0,0.0,2678.97,5.5703125,5.0703125,3.4394531
1.0,0.0,0.0,0.0,0.0,0.0,0.0,0.0,0.75,4.0,17.0,3.0,2.0,2.0,0.0,2679.02,5.4101562,4.9414062,3.3496094
1.0,0.0,0.0,0.0,0.0,0.0,0.0,0.0,1.2304688,5.0,1.0,3.0,3.0,3.0,2.0,2680.02,6.03125,5.921875,3.9804688
1.0,0.0,0.0,0.0,0.0,0.0,0.0,0.0,0.7998047,4.0,16.0,3.0,3.0,2.0,2.0,2697.24,5.8789062,4.9609375,3.2207031
1.0,0.0,0.0,0.0,0.0,0.0,0.0,0.0,1.0,3.0,12.0,3.0,2.0,2.0,2.0,2699.52,6.109375,5.5117188,3.4296875
1.0,0.0,0.0,0.0,0.0,0.0,0.0,0.0,1.2099609,8.0,6.0,3.0,3.0,2.0,1.0,2700.18,6.8085938,5.578125,3.7890625
1.0,0.0,0.0,0.0,0.0,0.0,0.0,0.0,1.2099609,8.0,3.0,3.0,3.0,3.0,0.0,2700.18,5.8984375,5.890625,3.9707031
1.0,0.0,0.0,0.0,0.0,0.0,0.0,0.0,0.7998047,6.0,13.0,3.0,3.0,2.0,0.0,2703.02,5.4609375,5.0507812,3.4394531
1.0,0.0,0.0,0.0,0.0,0.0,0.0,0.0,0.95996094,4.0,12.0,3.0,3.0,2.0,0.0,2704.61,6.28125,5.3007812,3.4609375
1.0,0.0,0.0,0.0,0.0,0.0,0.0,0.0,0.8100586,4.0,15.0,3.0,3.0,2.0,0.0,2708.48,5.25,5.1992188,3.5195312
1.0,0.0,0.0,0.0,0.0,0.0,0.0,0.0,0.7998047,4.0,16.0,3.0,3.0,2.0,0.0,2708.53,5.4101562,5.0585938,3.4296875
1.0,0.0,0.0,0.0,0.0,0.0,0.0,0.0,0.75,4.0,16.0,3.0,3.0,3.0,0.0,2715.83,5.6914062,4.9296875,3.2304688
1.0,0.0,0.0,0.0,0.0,0.0,0.0,0.0,0.5698242,5.0,19.0,3.0,3.0,2.0,2.0,2716.99,4.75,4.6210938,3.0898438
1.0,0.0,0.0,0.0,0.0,0.0,0.0,0.0,0.70996094,5.0,18.0,3.0,3.0,2.0,0.0,2723.69,5.7382812,4.6796875,3.1191406
1.0,0.0,0.0,0.0,0.0,0.0,0.0,0.0,0.95996094,3.0,16.0,3.0,3.0,2.0,0.0,2724.68,6.0898438,5.1914062,3.5292969
1.0,0.0,0.0,0.0,0.0,0.0,0.0,0.0,0.7998047,5.0,14.0,3.0,3.0,3.0,0.0,2724.9,5.53125,5.0507812,3.4003906
1.0,0.0,0.0,0.0,0.0,0.0,0.0,0.0,1.1298828,5.0,1.0,3.0,3.0,2.0,2.0,2727.75,6.0898438,5.7304688,3.7792969
1.0,0.0,0.0,0.0,0.0,0.0,0.0,0.0,1.0703125,5.0,10.0,3.0,2.0,3.0,0.0,2732.2,5.7617188,5.7382812,3.890625
1.0,0.0,0.0,0.0,0.0,0.0,0.0,0.0,1.7099609,5.0,12.0,2.0,2.0,2.0,0.0,3683.56,7.0507812,7.0117188,4.3984375
1.0,0.0,0.0,0.0,0.0,0.0,0.0,0.0,1.2001953,5.0,12.0,1.0,3.0,2.0,0.0,3684.33,5.8710938,5.71875,4.078125
1.0,0.0,0.0,0.0,0.0,0.0,0.0,0.0,1.2001953,4.0,12.0,3.0,3.0,2.0,0.0,3684.67,6.6601562,5.609375,3.7695312
1.0,0.0,0.0,0.0,0.0,0.0,0.0,0.0,0.8100586,5.0,16.0,3.0,3.0,3.0,0.0,3686.33,5.7617188,4.9804688,3.3808594
1.0,0.0,0.0,0.0,0.0,0.0,0.0,0.0,1.0097656,4.0,14.0,3.0,3.0,3.0,0.0,3691.02,5.8085938,5.5390625,3.7402344
1.0,0.0,0.0,0.0,0.0,0.0,0.0,0.0,1.2099609,5.0,12.0,2.0,3.0,1.0,0.0,3692.0,5.9609375,5.78125,4.0195312
1.0,0.0,0.0,0.0,0.0,0.0,0.0,0.0,0.89990234,4.0,16.0,2.0,3.0,2.0,0.0,3697.89,5.5585938,5.1914062,3.6191406
1.0,0.0,0.0,0.0,0.0,0.0,0.0,0.0,1.2001953,6.0,19.0,2.0,2.0,2.0,2.0,3698.5,5.671875,5.5585938,4.0
1.0,0.0,0.0,0.0,0.0,0.0,0.0,0.0,0.97998047,4.0,15.0,3.0,3.0,2.0,0.0,3702.23,5.6992188,5.4414062,3.6894531
1.0,0.0,0.0,0.0,0.0,0.0,0.0,0.0,1.0,4.0,15.0,2.0,3.0,1.0,0.0,3703.38,5.859375,5.3007812,3.6992188
1.0,0.0,0.0,0.0,0.0,0.0,0.0,0.0,0.89990234,4.0,16.0,2.0,3.0,1.0,0.0,3704.33,5.5507812,5.2617188,3.6601562
1.0,0.0,0.0,0.0,0.0,0.0,0.0,0.0,1.0302734,4.0,13.0,3.0,3.0,3.0,0.0,3706.2,6.359375,5.3515625,3.6191406
1.0,0.0,0.0,0.0,0.0,0.0,0.0,0.0,1.5097656,3.0,1.0,3.0,3.0,2.0,2.0,3706.42,6.6484375,6.0898438,4.25
1.0,0.0,0.0,0.0,0.0,0.0,0.0,0.0,1.0097656,3.0,15.0,3.0,3.0,3.0,0.0,3706.53,6.2304688,5.390625,3.6699219
1.0,0.0,0.0,0.0,0.0,0.0,0.0,0.0,2.359375,3.0,19.0,3.0,3.0,2.0,0.0,3709.1,7.4296875,7.3085938,4.9609375
1.0,0.0,0.0,0.0,0.0,0.0,0.0,0.0,0.89990234,4.0,19.0,2.0,3.0,1.0,1.0,2516.07,5.1210938,4.9492188,3.9003906
1.0,0.0,0.0,0.0,0.0,0.0,0.0,0.0,0.75,4.0,16.0,3.0,3.0,2.0,0.0,2516.77,5.1210938,5.0195312,3.4101562
1.0,0.0,0.0,0.0,0.0,0.0,0.0,0.0,1.2001953,8.0,1.0,3.0,3.0,3.0,0.0,2517.03,6.1992188,5.7382812,3.859375
1.0,0.0,0.0,0.0,0.0,0.0,0.0,0.0,0.7998047,8.0,13.0,2.0,3.0,3.0,0.0,2524.34,5.421875,4.890625,3.4101562
1.0,0.0,0.0,0.0,0.0,0.0,0.0,0.0,0.72021484,4.0,18.0,3.0,3.0,3.0,1.0,2525.64,5.109375,4.9882812,3.3496094
1.0,0.0,0.0,0.0,0.0,0.0,0.0,0.0,0.7001953,4.0,17.0,2.0,3.0,2.0,0.0,2525.67,5.0898438,4.9414062,3.3007812
1.0,0.0,0.0,0.0,0.0,0.0,0.0,0.0,0.8100586,6.0,13.0,3.0,3.0,3.0,0.0,2526.48,5.2695312,5.2617188,3.5507812
1.0,0.0,0.0,0.0,0.0,0.0,0.0,0.0,1.0,5.0,0.0,3.0,3.0,3.0,1.0,2526.88,5.4492188,5.3007812,3.7109375
1.0,0.0,0.0,0.0,0.0,0.0,0.0,0.0,0.75,5.0,16.0,3.0,3.0,2.0,0.0,2533.68,5.6015625,4.828125,3.2792969
1.0,0.0,0.0,0.0,0.0,0.0,0.0,0.0,0.7998047,4.0,16.0,3.0,3.0,2.0,0.0,2534.06,5.5390625,5.0390625,3.4199219
1.0,0.0,0.0,0.0,0.0,0.0,0.0,0.0,1.0996094,7.0,19.0,3.0,3.0,2.0,0.0,2536.14,6.078125,5.578125,3.8007812
1.0,0.0,0.0,0.0,0.0,0.0,0.0,0.0,0.7001953,4.0,17.0,3.0,3.0,3.0,0.0,2536.55,5.109375,4.890625,3.2890625
1.0,0.0,0.0,0.0,0.0,0.0,0.0,0.0,1.5,4.0,19.0,3.0,3.0,2.0,0.0,2538.44,6.3984375,6.3398438,4.2382812
1.0,0.0,0.0,0.0,0.0,0.0,0.0,0.0,0.89990234,5.0,12.0,2.0,3.0,3.0,0.0,2538.95,5.859375,5.1601562,3.5996094
1.0,0.0,0.0,0.0,0.0,0.0,0.0,0.0,0.8198242,5.0,14.0,3.0,3.0,2.0,0.0,2539.38,5.7890625,5.03125,3.4101562
1.0,0.0,0.0,0.0,0.0,0.0,0.0,0.0,0.75,4.0,15.0,3.0,3.0,2.0,0.0,2437.61,5.3203125,5.03125,3.3808594
1.0,0.0,0.0,0.0,0.0,0.0,0.0,0.0,1.2001953,3.0,10.0,2.0,3.0,2.0,0.0,2439.22,6.3710938,5.578125,3.9003906
1.0,0.0,0.0,0.0,0.0,0.0,0.0,0.0,0.7001953,5.0,15.0,1.0,3.0,1.0,2.0,2441.63,4.9101562,4.6992188,3.3203125
1.0,0.0,0.0,0.0,0.0,0.0,0.0,0.0,0.72021484,5.0,14.0,3.0,3.0,3.0,0.0,2442.08,5.1992188,4.9414062,3.3105469
1.0,0.0,0.0,0.0,0.0,0.0,0.0,0.0,0.89990234,3.0,15.0,3.0,3.0,2.0,0.0,2443.8,5.5195312,5.3515625,3.6308594
1.0,0.0,0.0,0.0,0.0,0.0,0.0,0.0,1.2597656,4.0,19.0,3.0,3.0,2.0,2.0,2444.16,6.0117188,5.8984375,3.9394531
1.0,0.0,0.0,0.0,0.0,0.0,0.0,0.0,0.7001953,4.0,17.0,3.0,3.0,3.0,0.0,2455.49,5.1210938,4.9101562,3.2890625
1.0,0.0,0.0,0.0,0.0,0.0,0.0,0.0,0.8198242,5.0,13.0,3.0,3.0,2.0,0.0,2456.91,5.3710938,5.1914062,3.5097656
1.0,0.0,0.0,0.0,0.0,0.0,0.0,0.0,1.5996094,3.0,19.0,3.0,2.0,1.0,0.0,2459.12,6.5,6.2617188,4.2304688
1.0,0.0,0.0,0.0,0.0,0.0,0.0,0.0,1.5595703,4.0,0.0,3.0,3.0,2.0,0.0,2460.87,6.8789062,6.0390625,4.2109375
1.0,0.0,0.0,0.0,0.0,0.0,0.0,0.0,1.2900391,4.0,19.0,3.0,3.0,2.0,2.0,2461.08,5.9296875,5.8984375,3.9707031
1.0,0.0,0.0,0.0,0.0,0.0,0.0,0.0,0.89990234,3.0,13.0,1.0,2.0,2.0,0.0,2462.49,5.75,5.03125,3.609375
1.0,0.0,0.0,0.0,0.0,0.0,0.0,0.0,1.5,5.0,19.0,3.0,3.0,2.0,0.0,2464.8,6.3710938,6.359375,4.1484375
1.0,0.0,0.0,0.0,0.0,0.0,0.0,0.0,0.7998047,8.0,13.0,3.0,3.0,2.0,0.0,2467.91,5.2890625,5.1796875,3.5195312
1.0,0.0,0.0,0.0,0.0,0.0,0.0,0.0,1.0097656,3.0,14.0,3.0,2.0,2.0,6.0,2470.41,6.3984375,5.5117188,3.6699219
1.0,0.0,0.0,0.0,0.0,0.0,0.0,0.0,0.89990234,6.0,12.0,2.0,3.0,3.0,0.0,3280.0,5.359375,5.28125,3.6894531
1.0,0.0,0.0,0.0,0.0,0.0,0.0,0.0,1.7099609,4.0,1.0,3.0,3.0,2.0,0.0,3280.34,6.9609375,6.4414062,4.3789062
1.0,0.0,0.0,0.0,0.0,0.0,0.0,0.0,0.7998047,5.0,17.0,3.0,3.0,2.0,0.0,3286.48,5.1601562,5.1484375,3.4902344
1.0,0.0,0.0,0.0,0.0,0.0,0.0,0.0,1.2099609,3.0,14.0,3.0,3.0,3.0,0.0,3288.14,6.25,5.7890625,3.9199219
1.0,0.0,0.0,0.0,0.0,0.0,0.0,0.0,0.5800781,4.0,19.0,2.0,1.0,1.0,2.0,3296.1,4.9804688,4.578125,2.9492188
1.0,0.0,0.0,0.0,0.0,0.0,0.0,0.0,1.2001953,3.0,12.0,3.0,2.0,3.0,0.0,3301.06,6.46875,5.5507812,3.7792969
1.0,0.0,0.0,0.0,0.0,0.0,0.0,0.0,0.95996094,3.0,16.0,3.0,3.0,2.0,2.0,3302.45,6.109375,5.2109375,3.5507812
1.0,0.0,0.0,0.0,0.0,0.0,0.0,0.0,1.0097656,3.0,17.0,3.0,2.0,2.0,0.0,3303.52,5.7382812,5.578125,3.7792969
1.0,0.0,0.0,0.0,0.0,0.0,0.0,0.0,1.0097656,3.0,16.0,3.0,3.0,3.0,0.0,3304.58,5.8085938,5.5,3.7304688
1.0,0.0,0.0,0.0,0.0,0.0,0.0,0.0,1.0097656,4.0,12.0,3.0,2.0,2.0,0.0,3305.75,6.3007812,5.3203125,3.5390625
1.0,0.0,0.0,0.0,0.0,0.0,0.0,0.0,0.8598633,5.0,15.0,3.0,3.0,2.0,2.0,3310.73,6.1289062,4.921875,3.3398438
1.0,0.0,0.0,0.0,0.0,0.0,0.0,0.0,0.89990234,5.0,13.0,3.0,3.0,2.0,2.0,3311.66,5.3789062,5.359375,3.6503906
1.0,0.0,0.0,0.0,0.0,0.0,0.0,0.0,0.89990234,4.0,17.0,3.0,3.0,2.0,0.0,3321.39,5.46875,5.4414062,3.6699219
1.0,0.0,0.0,0.0,0.0,0.0,0.0,0.0,1.0195312,7.0,19.0,3.0,3.0,2.0,0.0,3325.5,5.71875,5.5390625,3.6894531
1.0,0.0,0.0,0.0,0.0,0.0,0.0,0.0,0.89990234,4.0,15.0,3.0,3.0,3.0,0.0,3327.44,5.5,5.3085938,3.609375
1.0,0.0,0.0,0.0,0.0,0.0,0.0,0.0,0.89990234,7.0,12.0,3.0,3.0,2.0,0.0,2736.16,5.390625,5.3203125,3.609375
1.0,0.0,0.0,0.0,0.0,0.0,0.0,0.0,0.8100586,5.0,17.0,3.0,3.0,2.0,4.0,2736.71,5.7304688,4.9882812,3.3496094
1.0,0.0,0.0,0.0,0.0,0.0,0.0,0.0,0.8300781,4.0,18.0,3.0,3.0,2.0,1.0,2737.06,5.4296875,5.3007812,3.5605469
1.0,0.0,0.0,0.0,0.0,0.0,0.0,0.0,0.89990234,3.0,13.0,2.0,3.0,2.0,0.0,2739.74,5.8710938,5.1210938,3.5390625
1.0,0.0,0.0,0.0,0.0,0.0,0.0,0.0,0.7998047,4.0,17.0,2.0,3.0,2.0,2.0,2743.65,5.359375,4.9804688,3.4804688
1.0,0.0,0.0,0.0,0.0,0.0,0.0,0.0,0.8100586,4.0,16.0,3.0,3.0,2.0,0.0,2746.64,5.78125,5.0195312,3.3105469
1.0,0.0,0.0,0.0,0.0,0.0,0.0,0.0,1.2900391,4.0,3.0,3.0,3.0,2.0,0.0,2748.27,6.0,5.9882812,4.1210938
1.0,0.0,0.0,0.0,0.0,0.0,0.0,0.0,0.7998047,5.0,17.0,2.0,3.0,2.0,1.0,2749.8,5.96875,4.8085938,3.3496094
1.0,0.0,0.0,0.0,0.0,0.0,0.0,0.0,0.9199219,4.0,19.0,3.0,3.0,2.0,2.0,2752.5,5.3203125,5.2109375,3.5390625
1.0,0.0,0.0,0.0,0.0,0.0,0.0,0.0,0.89990234,3.0,15.0,3.0,3.0,2.0,0.0,2757.79,5.7304688,5.28125,3.5507812
1.0,0.0,0.0,0.0,0.0,0.0,0.0,0.0,0.9199219,4.0,12.0,3.0,3.0,2.0,0.0,2758.82,6.03125,5.1992188,3.5390625
1.0,0.0,0.0,0.0,0.0,0.0,0.0,0.0,0.7998047,5.0,15.0,3.0,3.0,2.0,2.0,2762.35,5.6484375,4.921875,3.3398438
1.0,0.0,0.0,0.0,0.0,0.0,0.0,0.0,1.0498047,6.0,10.0,3.0,3.0,2.0,2.0,2762.63,6.4804688,5.390625,3.640625
1.0,0.0,0.0,0.0,0.0,0.0,0.0,0.0,0.89990234,6.0,12.0,2.0,3.0,2.0,2.0,2762.91,5.8085938,5.140625,3.5800781
1.0,0.0,0.0,0.0,0.0,0.0,0.0,0.0,0.7998047,4.0,15.0,2.0,3.0,2.0,2.0,2765.11,5.1796875,5.1210938,3.5898438
1.0,0.0,0.0,0.0,0.0,0.0,0.0,0.0,1.25,6.0,5.0,3.0,3.0,3.0,0.0,3180.94,6.0195312,5.9882812,4.0507812
1.0,0.0,0.0,0.0,0.0,0.0,0.0,0.0,0.7998047,4.0,18.0,3.0,3.0,2.0,0.0,3182.68,5.7304688,4.9804688,3.390625
1.0,0.0,0.0,0.0,0.0,0.0,0.0,0.0,0.7998047,5.0,17.0,2.0,3.0,2.0,0.0,3184.13,5.4609375,4.9882812,3.4609375
1.0,0.0,0.0,0.0,0.0,0.0,0.0,0.0,1.0097656,4.0,12.0,2.0,3.0,3.0,0.0,3185.7,5.609375,5.5507812,3.8398438
1.0,0.0,0.0,0.0,0.0,0.0,0.0,0.0,0.89990234,5.0,13.0,2.0,3.0,1.0,0.0,3187.67,5.4492188,5.3984375,3.6894531
1.0,0.0,0.0,0.0,0.0,0.0,0.0,0.0,0.85009766,4.0,16.0,3.0,2.0,3.0,0.0,3188.48,5.640625,5.1796875,3.4707031
1.0,0.0,0.0,0.0,0.0,0.0,0.0,0.0,0.89990234,6.0,13.0,2.0,3.0,2.0,0.0,3188.52,5.421875,5.2382812,3.6601562
1.0,0.0,0.0,0.0,0.0,0.0,0.0,0.0,0.7998047,7.0,14.0,3.0,3.0,3.0,0.0,3188.69,5.2617188,5.078125,3.4492188
1.0,0.0,0.0,0.0,0.0,0.0,0.0,0.0,1.0195312,3.0,14.0,3.0,3.0,3.0,0.0,3193.78,5.71875,5.6289062,3.75
1.0,0.0,0.0,0.0,0.0,0.0,0.0,0.0,0.8100586,4.0,17.0,3.0,3.0,2.0,0.0,3195.9,5.8085938,5.0390625,3.359375
1.0,0.0,0.0,0.0,0.0,0.0,0.0,0.0,1.0195312,3.0,19.0,3.0,3.0,3.0,2.0,3196.62,5.6015625,5.578125,3.7792969
1.0,0.0,0.0,0.0,0.0,0.0,0.0,0.0,1.5800781,6.0,19.0,3.0,3.0,2.0,2.0,3198.96,6.46875,6.46875,4.3789062
1.0,0.0,0.0,0.0,0.0,0.0,0.0,0.0,1.5,3.0,1.0,3.0,3.0,2.0,0.0,3199.56,6.3085938,6.0585938,4.1601562
1.0,0.0,0.0,0.0,0.0,0.0,0.0,0.0,0.8198242,6.0,17.0,3.0,3.0,2.0,0.0,3202.85,5.4882812,5.109375,3.4492188
1.0,0.0,0.0,0.0,0.0,0.0,0.0,0.0,0.89990234,4.0,14.0,3.0,3.0,1.0,0.0,3203.4,5.8515625,5.1015625,3.4707031
1.0,0.0,0.0,0.0,0.0,0.0,0.0,0.0,0.89990234,4.0,16.0,3.0,3.0,2.0,0.0,3522.03,5.5507812,5.3007812,3.5996094
1.0,0.0,0.0,0.0,0.0,0.0,0.0,0.0,1.0097656,4.0,13.0,3.0,3.0,3.0,0.0,3522.97,5.9492188,5.6015625,3.5996094
1.0,0.0,0.0,0.0,0.0,0.0,0.0,0.0,0.91015625,5.0,15.0,1.0,3.0,2.0,2.0,3523.3,5.2382812,5.0585938,4.0117188
1.0,0.0,0.0,0.0,0.0,0.0,0.0,0.0,1.0,7.0,12.0,1.0,3.0,2.0,2.0,3526.33,5.6992188,5.0390625,3.9707031
1.0,0.0,0.0,0.0,0.0,0.0,0.0,0.0,0.7998047,9.0,14.0,3.0,3.0,3.0,0.0,3534.21,5.5117188,5.0898438,3.4492188
1.0,0.0,0.0,0.0,0.0,0.0,0.0,0.0,0.89990234,3.0,15.0,3.0,3.0,2.0,0.0,3535.96,5.640625,5.4882812,3.5703125
1.0,0.0,0.0,0.0,0.0,0.0,0.0,0.0,1.5195312,3.0,11.0,3.0,3.0,3.0,0.0,3536.54,7.0507812,6.4414062,3.890625
1.0,0.0,0.0,0.0,0.0,0.0,0.0,0.0,0.89990234,5.0,14.0,2.0,3.0,3.0,0.0,3536.97,5.421875,5.2382812,3.6601562
1.0,0.0,0.0,0.0,0.0,0.0,0.0,0.0,1.0097656,3.0,14.0,3.0,3.0,2.0,0.0,3537.12,6.1796875,5.359375,3.640625
1.0,0.0,0.0,0.0,0.0,0.0,0.0,0.0,1.2197266,3.0,14.0,3.0,3.0,2.0,0.0,3539.38,5.96875,5.9414062,4.0
1.0,0.0,0.0,0.0,0.0,0.0,0.0,0.0,0.95996094,6.0,14.0,2.0,3.0,2.0,4.0,3539.54,5.4882812,5.3789062,3.7597656
1.0,0.0,0.0,0.0,0.0,0.0,0.0,0.0,1.0,4.0,13.0,1.0,2.0,2.0,0.0,3546.24,5.8007812,5.1289062,3.6894531
1.0,0.0,0.0,0.0,0.0,0.0,0.0,0.0,1.0097656,3.0,19.0,1.0,3.0,1.0,2.0,3546.35,5.6210938,5.25,3.7695312
1.0,0.0,0.0,0.0,0.0,0.0,0.0,0.0,1.0,4.0,18.0,3.0,3.0,2.0,5.0,3546.45,6.2695312,5.4101562,3.6191406
1.0,0.0,0.0,0.0,0.0,0.0,0.0,0.0,1.0195312,3.0,17.0,3.0,3.0,2.0,1.0,3550.5,5.8984375,5.5703125,3.7402344
1.0,0.0,0.0,0.0,0.0,0.0,0.0,0.0,0.7001953,8.0,19.0,3.0,3.0,2.0,0.0,2983.04,4.9609375,4.8203125,3.2597656
1.0,0.0,0.0,0.0,0.0,0.0,0.0,0.0,0.89990234,4.0,13.0,3.0,3.0,2.0,0.0,2983.77,5.9492188,5.171875,3.4902344
1.0,0.0,0.0,0.0,0.0,0.0,0.0,0.0,1.0097656,3.0,14.0,3.0,3.0,2.0,0.0,2987.38,6.3789062,5.2382812,3.5605469
1.0,0.0,0.0,0.0,0.0,0.0,0.0,0.0,1.0,3.0,14.0,3.0,3.0,3.0,0.0,2987.55,6.1210938,5.3085938,3.5996094
1.0,0.0,0.0,0.0,0.0,0.0,0.0,0.0,0.7001953,5.0,16.0,3.0,3.0,2.0,0.0,2989.34,5.6210938,4.671875,3.140625
1.0,0.0,0.0,0.0,0.0,0.0,0.0,0.0,1.0898438,4.0,12.0,3.0,3.0,3.0,4.0,2991.07,6.4296875,5.4492188,3.6992188
1.0,0.0,0.0,0.0,0.0,0.0,0.0,0.0,0.8100586,5.0,16.0,3.0,3.0,3.0,0.0,2991.83,5.5117188,5.1210938,3.4609375
1.0,0.0,0.0,0.0,0.0,0.0,0.0,0.0,1.0195312,3.0,19.0,3.0,3.0,2.0,0.0,2993.13,6.1484375,5.2617188,3.4707031
1.0,0.0,0.0,0.0,0.0,0.0,0.0,0.0,1.0195312,7.0,10.0,3.0,3.0,3.0,2.0,2993.33,6.2617188,5.4296875,3.6601562
1.0,0.0,0.0,0.0,0.0,0.0,0.0,0.0,0.89990234,4.0,13.0,3.0,3.0,2.0,0.0,2998.6,5.9414062,5.1484375,3.4902344
1.0,0.0,0.0,0.0,0.0,0.0,0.0,0.0,1.0097656,3.0,13.0,2.0,3.0,2.0,0.0,3000.9,6.03125,5.25,3.6601562
1.0,0.0,0.0,0.0,0.0,0.0,0.0,0.0,1.0097656,3.0,15.0,3.0,2.0,2.0,0.0,3001.29,6.328125,5.3710938,3.5800781
1.0,0.0,0.0,0.0,0.0,0.0,0.0,0.0,0.8198242,5.0,19.0,3.0,3.0,2.0,1.0,3001.51,5.109375,5.0390625,3.4707031
1.0,0.0,0.0,0.0,0.0,0.0,0.0,0.0,1.0,6.0,11.0,2.0,3.0,2.0,0.0,3005.08,5.7695312,5.390625,3.75
1.0,0.0,0.0,0.0,0.0,0.0,0.0,0.0,0.91015625,7.0,12.0,3.0,3.0,3.0,2.0,3005.11,5.7109375,5.2304688,3.5292969
1.0,0.0,0.0,0.0,0.0,0.0,0.0,0.0,0.8100586,5.0,14.0,3.0,3.0,3.0,0.0,2591.06,5.3085938,5.1796875,3.5097656
1.0,0.0,0.0,0.0,0.0,0.0,0.0,0.0,0.7998047,3.0,17.0,3.0,3.0,3.0,0.0,2594.54,5.3085938,5.140625,3.4804688
1.0,0.0,0.0,0.0,0.0,0.0,0.0,0.0,1.0898438,3.0,14.0,3.0,3.0,2.0,3.0,2596.11,6.171875,5.609375,3.8105469
1.0,0.0,0.0,0.0,0.0,0.0,0.0,0.0,0.89990234,3.0,13.0,2.0,3.0,2.0,0.0,2596.69,5.3085938,5.3007812,3.6796875
1.0,0.0,0.0,0.0,0.0,0.0,0.0,0.0,1.0,3.0,11.0,3.0,3.0,2.0,0.0,2596.85,6.3789062,5.2617188,3.5703125
1.0,0.0,0.0,0.0,0.0,0.0,0.0,0.0,0.75,4.0,18.0,3.0,3.0,1.0,0.0,2597.07,5.390625,5.0,3.390625
1.0,0.0,0.0,0.0,0.0,0.0,0.0,0.0,0.7998047,8.0,13.0,3.0,3.0,3.0,0.0,2597.79,5.2695312,5.1992188,3.5
1.0,0.0,0.0,0.0,0.0,0.0,0.0,0.0,0.7998047,4.0,14.0,3.0,3.0,2.0,0.0,2598.73,5.8203125,5.0507812,3.3691406
1.0,0.0,0.0,0.0,0.0,0.0,0.0,0.0,0.7001953,4.0,18.0,3.0,3.0,2.0,2.0,2600.76,5.28125,4.828125,3.2402344
1.0,0.0,0.0,0.0,0.0,0.0,0.0,0.0,0.8198242,4.0,15.0,3.0,3.0,2.0,2.0,2602.91,5.578125,5.0703125,3.4296875
1.0,0.0,0.0,0.0,0.0,0.0,0.0,0.0,0.89990234,4.0,12.0,2.0,3.0,2.0,0.0,2603.86,6.109375,4.9296875,3.4296875
1.0,0.0,0.0,0.0,0.0,0.0,0.0,0.0,1.0,4.0,12.0,2.0,3.0,2.0,4.0,2605.37,5.8710938,5.3710938,3.7304688
1.0,0.0,0.0,0.0,0.0,0.0,0.0,0.0,0.9199219,4.0,12.0,3.0,3.0,3.0,0.0,2606.31,5.6210938,5.3398438,3.6191406
1.0,0.0,0.0,0.0,0.0,0.0,0.0,0.0,1.0195312,3.0,13.0,3.0,3.0,2.0,1.0,2606.53,6.0898438,5.5507812,3.7597656
1.0,0.0,0.0,0.0,0.0,0.0,0.0,0.0,0.7001953,5.0,16.0,1.0,3.0,1.0,0.0,2611.73,5.0195312,4.609375,3.6503906
1.0,0.0,0.0,0.0,0.0,0.0,0.0,0.0,0.7998047,5.0,17.0,3.0,3.0,2.0,0.0,3122.16,6.0117188,4.8515625,3.2890625
1.0,0.0,0.0,0.0,0.0,0.0,0.0,0.0,0.7998047,5.0,17.0,3.0,3.0,2.0,0.0,3126.03,5.7109375,4.9414062,3.3398438
1.0,0.0,0.0,0.0,0.0,0.0,0.0,0.0,0.7001953,5.0,17.0,3.0,3.0,2.0,0.0,3127.87,5.8710938,4.6992188,3.1191406
1.0,0.0,0.0,0.0,0.0,0.0,0.0,0.0,1.2001953,3.0,13.0,2.0,3.0,2.0,2.0,3129.89,6.359375,5.609375,3.9199219
1.0,0.0,0.0,0.0,0.0,0.0,0.0,0.0,0.8598633,8.0,19.0,3.0,3.0,2.0,2.0,3131.43,5.1289062,5.1015625,3.5507812
1.0,0.0,0.0,0.0,0.0,0.0,0.0,0.0,0.75,5.0,15.0,3.0,3.0,3.0,2.0,3133.09,5.2695312,5.0117188,3.390625
1.0,0.0,0.0,0.0,0.0,0.0,0.0,0.0,0.7998047,5.0,15.0,3.0,3.0,3.0,0.0,3135.82,5.3085938,5.1210938,3.4804688
1.0,0.0,0.0,0.0,0.0,0.0,0.0,0.0,0.8701172,5.0,19.0,3.0,3.0,2.0,1.0,3135.98,5.4296875,5.109375,3.5292969
1.0,0.0,0.0,0.0,0.0,0.0,0.0,0.0,0.95996094,3.0,13.0,3.0,2.0,2.0,0.0,3136.03,5.8203125,5.7109375,3.8398438
1.0,0.0,0.0,0.0,0.0,0.0,0.0,0.0,1.0,3.0,14.0,3.0,3.0,2.0,0.0,3137.67,5.7617188,5.5195312,3.7402344
1.0,0.0,0.0,0.0,0.0,0.0,0.0,0.0,0.75,7.0,17.0,3.0,3.0,2.0,1.0,3138.17,5.0898438,5.0507812,3.4199219
1.0,0.0,0.0,0.0,0.0,0.0,0.0,0.0,0.6899414,5.0,19.0,3.0,3.0,1.0,0.0,3140.14,4.8203125,4.671875,3.2304688
1.0,0.0,0.0,0.0,0.0,0.0,0.0,0.0,0.7001953,6.0,15.0,3.0,3.0,3.0,0.0,3143.13,5.6015625,4.6484375,3.1503906
1.0,0.0,0.0,0.0,0.0,0.0,0.0,0.0,1.0595703,3.0,19.0,3.0,3.0,2.0,2.0,3143.29,6.1914062,5.609375,3.6992188
1.0,0.0,0.0,0.0,0.0,0.0,0.0,0.0,1.0,9.0,10.0,3.0,3.0,3.0,0.0,3144.12,5.6484375,5.46875,3.7207031
1.0,0.0,0.0,0.0,0.0,0.0,0.0,0.0,1.0,5.0,11.0,2.0,3.0,2.0,4.0,2680.12,5.5585938,5.5195312,3.8105469
1.0,0.0,0.0,0.0,0.0,0.0,0.0,0.0,1.2001953,3.0,4.0,3.0,3.0,3.0,1.0,2680.62,6.4609375,5.5898438,3.7792969
1.0,0.0,0.0,0.0,0.0,0.0,0.0,0.0,1.2001953,8.0,1.0,3.0,3.0,2.0,2.0,2680.62,5.890625,5.8203125,3.9492188
1.0,0.0,0.0,0.0,0.0,0.0,0.0,0.0,0.91015625,5.0,12.0,3.0,3.0,3.0,0.0,2680.97,6.0703125,5.1992188,3.4804688
1.0,0.0,0.0,0.0,0.0,0.0,0.0,0.0,0.77001953,5.0,14.0,3.0,3.0,2.0,0.0,2682.54,5.7304688,4.9296875,3.3398438
1.0,0.0,0.0,0.0,0.0,0.0,0.0,0.0,0.8100586,4.0,16.0,3.0,3.0,2.0,0.0,2683.3,5.4882812,5.0703125,3.4394531
1.0,0.0,0.0,0.0,0.0,0.0,0.0,0.0,1.0302734,5.0,1.0,3.0,3.0,2.0,0.0,2683.59,5.6601562,5.6015625,3.6601562
1.0,0.0,0.0,0.0,0.0,0.0,0.0,0.0,0.8300781,5.0,13.0,3.0,3.0,3.0,0.0,2683.75,5.4414062,5.1992188,3.5195312
1.0,0.0,0.0,0.0,0.0,0.0,0.0,0.0,0.8100586,6.0,14.0,3.0,3.0,2.0,2.0,2684.81,5.3398438,5.0585938,3.4296875
1.0,0.0,0.0,0.0,0.0,0.0,0.0,0.0,0.7998047,4.0,15.0,2.0,3.0,2.0,0.0,2685.07,5.3398438,5.0,3.4804688
1.0,0.0,0.0,0.0,0.0,0.0,0.0,0.0,1.5996094,4.0,3.0,3.0,3.0,2.0,0.0,2686.39,6.640625,6.28125,4.2617188
1.0,0.0,0.0,0.0,0.0,0.0,0.0,0.0,0.7998047,4.0,15.0,3.0,3.0,3.0,0.0,2689.04,5.4296875,5.0703125,3.4199219
1.0,0.0,0.0,0.0,0.0,0.0,0.0,0.0,0.7001953,5.0,18.0,2.0,3.0,2.0,1.0,2689.18,5.5,4.640625,3.25
1.0,0.0,0.0,0.0,0.0,0.0,0.0,0.0,0.7998047,5.0,14.0,3.0,3.0,2.0,2.0,2690.38,5.5117188,5.0195312,3.4003906
1.0,0.0,0.0,0.0,0.0,0.0,0.0,0.0,0.7998047,4.0,17.0,3.0,3.0,2.0,0.0,2696.13,5.3984375,5.1289062,3.4609375
1.0,0.0,0.0,0.0,0.0,0.0,0.0,0.0,1.0302734,5.0,15.0,3.0,3.0,3.0,5.0,4130.21,6.2617188,5.3398438,3.6191406
1.0,0.0,0.0,0.0,0.0,0.0,0.0,0.0,1.0,6.0,14.0,3.0,3.0,3.0,1.0,4131.98,5.9414062,5.6601562,3.7402344
1.0,0.0,0.0,0.0,0.0,0.0,0.0,0.0,1.5800781,6.0,13.0,2.0,2.0,2.0,0.0,4132.68,7.0585938,6.7382812,4.25
1.0,0.0,0.0,0.0,0.0,0.0,0.0,0.0,1.2001953,7.0,11.0,3.0,3.0,3.0,0.0,4133.16,6.5390625,5.6796875,3.859375
1.0,0.0,0.0,0.0,0.0,0.0,0.0,0.0,1.0,6.0,13.0,3.0,3.0,2.0,0.0,4145.44,6.1914062,5.25,3.5703125
1.0,0.0,0.0,0.0,0.0,0.0,0.0,0.0,0.89990234,5.0,15.0,3.0,3.0,3.0,0.0,4147.44,5.4296875,5.3007812,3.5996094
1.0,0.0,0.0,0.0,0.0,0.0,0.0,0.0,1.5097656,3.0,11.0,3.0,3.0,3.0,0.0,4148.72,6.7695312,6.1484375,4.1484375
1.0,0.0,0.0,0.0,0.0,0.0,0.0,0.0,1.0,6.0,13.0,2.0,3.0,2.0,0.0,4149.34,5.609375,5.3007812,3.7109375
1.0,0.0,0.0,0.0,0.0,0.0,0.0,0.0,1.2099609,3.0,13.0,3.0,3.0,2.0,0.0,4154.59,6.1796875,5.8710938,3.9804688
1.0,0.0,0.0,0.0,0.0,0.0,0.0,0.0,0.9902344,4.0,15.0,3.0,3.0,2.0,0.0,4156.69,5.5898438,5.5585938,3.7597656
1.0,0.0,0.0,0.0,0.0,0.0,0.0,0.0,1.7001953,3.0,19.0,3.0,2.0,2.0,1.0,4161.09,6.8398438,6.4101562,4.3515625
1.0,0.0,0.0,0.0,0.0,0.0,0.0,0.0,0.95996094,5.0,15.0,3.0,3.0,3.0,1.0,4166.86,5.921875,5.6289062,3.5195312
1.0,0.0,0.0,0.0,0.0,0.0,0.0,0.0,1.0,4.0,14.0,3.0,3.0,2.0,0.0,4168.5,5.7695312,5.5195312,3.75
1.0,0.0,0.0,0.0,0.0,0.0,0.0,0.0,1.5195312,4.0,14.0,2.0,2.0,2.0,0.0,4170.27,6.8085938,6.3710938,4.3789062
1.0,0.0,0.0,0.0,0.0,0.0,0.0,0.0,1.0898438,4.0,14.0,3.0,2.0,2.0,2.0,4171.01,6.3984375,5.4882812,3.7207031
1.0,0.0,0.0,0.0,0.0,0.0,0.0,0.0,1.0,7.0,17.0,3.0,3.0,2.0,2.0,6119.9,5.6289062,5.6015625,3.7792969
1.0,0.0,0.0,0.0,0.0,0.0,0.0,0.0,1.0,6.0,17.0,3.0,2.0,2.0,0.0,6137.89,6.2304688,5.3789062,3.640625
1.0,0.0,0.0,0.0,0.0,0.0,0.0,0.0,1.0498047,8.0,16.0,3.0,3.0,3.0,1.0,6150.68,5.71875,5.671875,3.8203125
1.0,0.0,0.0,0.0,0.0,0.0,0.0,0.0,1.0302734,6.0,18.0,3.0,3.0,3.0,1.0,6151.17,5.859375,5.5390625,3.7304688
1.0,0.0,0.0,0.0,0.0,0.0,0.0,0.0,1.2900391,3.0,18.0,2.0,3.0,3.0,2.0,6151.3,6.21875,6.1992188,4.3085938
1.0,0.0,0.0,0.0,0.0,0.0,0.0,0.0,1.0,8.0,16.0,3.0,3.0,2.0,0.0,6153.36,5.6289062,5.609375,3.8007812
1.0,0.0,0.0,0.0,0.0,0.0,0.0,0.0,1.5800781,6.0,16.0,3.0,3.0,3.0,0.0,6156.05,7.1914062,5.9414062,4.2382812
1.0,0.0,0.0,0.0,0.0,0.0,0.0,0.0,1.0302734,8.0,16.0,3.0,3.0,3.0,4.0,6168.37,6.3203125,5.3515625,3.6308594
1.0,0.0,0.0,0.0,0.0,0.0,0.0,0.0,1.2001953,4.0,14.0,1.0,3.0,2.0,0.0,6173.62,5.9101562,5.78125,4.1601562
1.0,0.0,0.0,0.0,0.0,0.0,0.0,0.0,1.2001953,8.0,14.0,2.0,3.0,2.0,1.0,6176.57,6.8789062,5.9414062,3.9609375
1.0,0.0,0.0,0.0,0.0,0.0,0.0,0.0,1.7099609,6.0,15.0,3.0,3.0,2.0,0.0,6182.97,7.8710938,6.5195312,4.4414062
1.0,0.0,0.0,0.0,0.0,0.0,0.0,0.0,1.5195312,7.0,17.0,3.0,3.0,3.0,0.0,6184.51,6.46875,6.421875,4.28125
1.0,0.0,0.0,0.0,0.0,0.0,0.0,0.0,1.5097656,4.0,12.0,2.0,3.0,2.0,0.0,6206.88,6.5585938,6.1796875,4.3203125
1.0,0.0,0.0,0.0,0.0,0.0,0.0,0.0,1.0097656,6.0,17.0,3.0,3.0,2.0,0.0,6209.44,5.7109375,5.5898438,3.7695312
1.0,0.0,0.0,0.0,0.0,0.0,0.0,0.0,2.0097656,5.0,3.0,3.0,3.0,2.0,0.0,6219.47,6.828125,6.8007812,4.671875
1.0,0.0,0.0,0.0,0.0,0.0,0.0,0.0,0.89990234,8.0,17.0,3.0,3.0,2.0,0.0,5959.52,5.9804688,5.1210938,3.4707031
1.0,0.0,0.0,0.0,0.0,0.0,0.0,0.0,2.0097656,4.0,19.0,3.0,2.0,2.0,0.0,5968.42,6.9492188,6.8789062,4.6601562
1.0,0.0,0.0,0.0,0.0,0.0,0.0,0.0,1.5097656,3.0,13.0,3.0,3.0,3.0,0.0,5979.0,6.6914062,6.3203125,4.28125
1.0,0.0,0.0,0.0,0.0,0.0,0.0,0.0,1.0,7.0,17.0,3.0,3.0,2.0,1.0,5980.0,6.5585938,5.25,3.4101562
1.0,0.0,0.0,0.0,0.0,0.0,0.0,0.0,2.0097656,2.0,19.0,3.0,3.0,2.0,1.0,5981.25,8.0390625,6.6796875,4.3085938
1.0,0.0,0.0,0.0,0.0,0.0,0.0,0.0,1.3300781,5.0,14.0,3.0,3.0,2.0,4.0,5981.33,6.1992188,6.0585938,4.1289062
1.0,0.0,0.0,0.0,0.0,0.0,0.0,0.0,1.5996094,3.0,14.0,3.0,2.0,2.0,6.0,5986.1,6.7109375,6.4609375,4.3007812
1.0,0.0,0.0,0.0,0.0,0.0,0.0,0.0,2.0,7.0,3.0,3.0,3.0,2.0,2.0,5988.19,7.1210938,6.8203125,4.609375
1.0,0.0,0.0,0.0,0.0,0.0,0.0,0.0,1.2001953,4.0,15.0,2.0,3.0,3.0,2.0,5992.25,6.1796875,5.6484375,3.9492188
1.0,0.0,0.0,0.0,0.0,0.0,0.0,0.0,1.0,8.0,15.0,3.0,3.0,2.0,2.0,5993.37,6.5390625,5.2382812,3.5507812
1.0,0.0,0.0,0.0,0.0,0.0,0.0,0.0,1.2001953,6.0,14.0,1.0,3.0,2.0,2.0,5994.24,5.6289062,5.5507812,4.2304688
1.0,0.0,0.0,0.0,0.0,0.0,0.0,0.0,1.0302734,6.0,15.0,3.0,3.0,3.0,0.0,5998.07,6.2382812,5.421875,3.6601562
1.0,0.0,0.0,0.0,0.0,0.0,0.0,0.0,1.2001953,5.0,14.0,3.0,2.0,2.0,2.0,6006.28,6.3984375,5.921875,3.9707031
1.0,0.0,0.0,0.0,0.0,0.0,0.0,0.0,1.6103516,5.0,19.0,3.0,3.0,2.0,2.0,6010.82,6.4296875,6.25,4.359375
1.0,0.0,0.0,0.0,0.0,0.0,0.0,0.0,1.0302734,5.0,17.0,3.0,3.0,2.0,0.0,6012.71,6.28125,5.4609375,3.640625
1.0,0.0,0.0,0.0,0.0,0.0,0.0,0.0,1.5097656,4.0,19.0,3.0,2.0,3.0,2.0,4782.45,6.578125,6.1601562,4.1210938
1.0,0.0,0.0,0.0,0.0,0.0,0.0,0.0,1.0097656,4.0,17.0,3.0,3.0,3.0,0.0,4783.98,5.9492188,5.7382812,3.8496094
1.0,0.0,0.0,0.0,0.0,0.0,0.0,0.0,1.0,4.0,15.0,3.0,3.0,2.0,0.0,4788.35,6.1914062,5.3085938,3.609375
1.0,0.0,0.0,0.0,0.0,0.0,0.0,0.0,1.2001953,3.0,13.0,2.0,3.0,2.0,0.0,4789.14,5.96875,5.75,3.9902344
1.0,0.0,0.0,0.0,0.0,0.0,0.0,0.0,0.97021484,6.0,17.0,3.0,3.0,3.0,0.0,4794.36,5.9101562,5.390625,3.640625
1.0,0.0,0.0,0.0,0.0,0.0,0.0,0.0,1.0,5.0,15.0,3.0,2.0,2.0,1.0,4795.54,5.7617188,5.4804688,3.6503906
1.0,0.0,0.0,0.0,0.0,0.0,0.0,0.0,0.95996094,5.0,18.0,2.0,3.0,2.0,2.0,4799.85,5.5585938,5.421875,3.7792969
1.0,0.0,0.0,0.0,0.0,0.0,0.0,0.0,1.0,4.0,18.0,3.0,2.0,2.0,1.0,4805.29,6.1914062,5.3710938,3.5703125
1.0,0.0,0.0,0.0,0.0,0.0,0.0,0.0,1.2001953,6.0,13.0,1.0,3.0,2.0,0.0,4805.37,6.078125,5.609375,4.0117188
1.0,0.0,0.0,0.0,0.0,0.0,0.0,0.0,1.5,3.0,14.0,3.0,2.0,2.0,0.0,4806.83,6.640625,6.3789062,4.3203125
1.0,0.0,0.0,0.0,0.0,0.0,0.0,0.0,1.0,6.0,15.0,2.0,3.0,1.0,0.0,4813.17,5.921875,5.28125,3.6796875
1.0,0.0,0.0,0.0,0.0,0.0,0.0,0.0,1.5,3.0,14.0,3.0,2.0,2.0,3.0,4819.43,7.3515625,6.078125,4.0195312
1.0,0.0,0.0,0.0,0.0,0.0,0.0,0.0,1.2001953,3.0,16.0,3.0,2.0,2.0,0.0,4822.48,6.6914062,5.6796875,3.8496094
1.0,0.0,0.0,0.0,0.0,0.0,0.0,0.0,1.0195312,5.0,14.0,3.0,3.0,2.0,0.0,4822.85,5.921875,5.53125,3.7402344
1.0,0.0,0.0,0.0,0.0,0.0,0.0,0.0,1.0,5.0,15.0,2.0,3.0,2.0,0.0,4828.25,5.78125,5.359375,3.7304688
1.0,0.0,0.0,0.0,0.0,0.0,0.0,0.0,1.2099609,8.0,19.0,3.0,3.0,1.0,2.0,4498.58,7.0507812,5.6210938,3.6308594
1.0,0.0,0.0,0.0,0.0,0.0,0.0,0.0,1.0,6.0,16.0,3.0,3.0,1.0,2.0,4499.39,5.8398438,5.46875,3.7109375
1.0,0.0,0.0,0.0,0.0,0.0,0.0,0.0,1.7597656,4.0,19.0,3.0,2.0,2.0,0.0,4504.55,6.6601562,6.5507812,4.421875
1.0,0.0,0.0,0.0,0.0,0.0,0.0,0.0,1.5,4.0,10.0,3.0,3.0,2.0,0.0,4504.58,6.6914062,6.3203125,4.2695312
1.0,0.0,0.0,0.0,0.0,0.0,0.0,0.0,0.91015625,7.0,18.0,3.0,3.0,2.0,1.0,4510.98,5.6992188,5.28125,3.5605469
1.0,0.0,0.0,0.0,0.0,0.0,0.0,0.0,1.2001953,5.0,13.0,2.0,3.0,2.0,0.0,4520.49,6.0117188,5.71875,4.0195312
1.0,0.0,0.0,0.0,0.0,0.0,0.0,0.0,1.0498047,6.0,13.0,3.0,3.0,3.0,0.0,4520.89,5.8710938,5.5117188,3.7402344
1.0,0.0,0.0,0.0,0.0,0.0,0.0,0.0,1.0,6.0,14.0,3.0,3.0,3.0,2.0,4521.0,6.1015625,5.3085938,3.5996094
1.0,0.0,0.0,0.0,0.0,0.0,0.0,0.0,1.6601562,4.0,14.0,2.0,2.0,2.0,0.0,4524.53,7.4296875,7.078125,4.2890625
1.0,0.0,0.0,0.0,0.0,0.0,0.0,0.0,0.91015625,6.0,15.0,3.0,3.0,3.0,0.0,4527.24,5.7890625,5.28125,3.5800781
1.0,0.0,0.0,0.0,0.0,0.0,0.0,0.0,1.0,7.0,13.0,2.0,3.0,2.0,0.0,4541.88,5.609375,5.3710938,3.75
1.0,0.0,0.0,0.0,0.0,0.0,0.0,0.0,1.5195312,3.0,19.0,3.0,3.0,3.0,2.0,4542.22,6.7617188,6.3515625,4.1484375
1.0,0.0,0.0,0.0,0.0,0.0,0.0,0.0,1.0,3.0,18.0,3.0,3.0,2.0,2.0,4542.4,6.2109375,5.3007812,3.5703125
1.0,0.0,0.0,0.0,0.0,0.0,0.0,0.0,0.89990234,5.0,19.0,3.0,2.0,2.0,1.0,4545.71,6.2382812,5.0703125,3.0507812
1.0,0.0,0.0,0.0,0.0,0.0,0.0,0.0,1.0,5.0,14.0,3.0,3.0,1.0,0.0,4549.16,6.390625,5.2382812,3.5507812
1.0,0.0,0.0,0.0,0.0,0.0,0.0,0.0,1.2099609,8.0,19.0,3.0,3.0,3.0,2.0,5262.99,6.3085938,5.921875,3.8105469
1.0,0.0,0.0,0.0,0.0,0.0,0.0,0.0,1.2998047,3.0,15.0,3.0,3.0,2.0,1.0,5275.09,6.8398438,5.7382812,3.9003906
1.0,0.0,0.0,0.0,0.0,0.0,0.0,0.0,1.0195312,5.0,15.0,3.0,3.0,3.0,0.0,5281.28,5.8398438,5.6796875,3.7890625
1.0,0.0,0.0,0.0,0.0,0.0,0.0,0.0,1.0,7.0,15.0,3.0,3.0,3.0,1.0,5285.35,5.6914062,5.5,3.7304688
1.0,0.0,0.0,0.0,0.0,0.0,0.0,0.0,1.0,6.0,15.0,3.0,3.0,3.0,0.0,5286.84,5.7617188,5.5585938,3.75
1.0,0.0,0.0,0.0,0.0,0.0,0.0,0.0,1.0195312,5.0,15.0,3.0,3.0,3.0,0.0,5289.38,5.9296875,5.6210938,3.7109375
1.0,0.0,0.0,0.0,0.0,0.0,0.0,0.0,0.91015625,6.0,16.0,3.0,3.0,3.0,0.0,5293.72,5.5507812,5.3203125,3.609375
1.0,0.0,0.0,0.0,0.0,0.0,0.0,0.0,1.2001953,6.0,13.0,3.0,3.0,2.0,0.0,5298.17,6.21875,5.7695312,3.9003906
1.0,0.0,0.0,0.0,0.0,0.0,0.0,0.0,1.2001953,6.0,13.0,2.0,3.0,3.0,2.0,5298.17,6.390625,5.5117188,3.8203125
1.0,0.0,0.0,0.0,0.0,0.0,0.0,0.0,1.0195312,6.0,17.0,3.0,3.0,2.0,1.0,5298.65,5.96875,5.6914062,3.7597656
1.0,0.0,0.0,0.0,0.0,0.0,0.0,0.0,1.5,3.0,13.0,3.0,3.0,2.0,0.0,5301.59,7.1601562,5.96875,4.0585938
1.0,0.0,0.0,0.0,0.0,0.0,0.0,0.0,1.5996094,4.0,11.0,3.0,3.0,3.0,2.0,5306.89,6.6914062,6.4609375,4.3984375
1.0,0.0,0.0,0.0,0.0,0.0,0.0,0.0,1.0097656,5.0,15.0,3.0,3.0,2.0,0.0,5309.69,5.9414062,5.4101562,3.6601562
1.0,0.0,0.0,0.0,0.0,0.0,0.0,0.0,1.0097656,7.0,16.0,3.0,3.0,3.0,1.0,5316.14,6.28125,5.4492188,3.7109375
1.0,0.0,0.0,0.0,0.0,0.0,0.0,0.0,1.0097656,6.0,16.0,1.0,3.0,2.0,0.0,5323.7,5.8515625,5.2304688,3.7597656
1.0,0.0,0.0,0.0,0.0,0.0,0.0,0.0,1.0,8.0,17.0,3.0,3.0,2.0,0.0,7215.98,5.75,5.6015625,3.7695312
1.0,0.0,0.0,0.0,0.0,0.0,0.0,0.0,2.3105469,5.0,3.0,3.0,3.0,2.0,0.0,7220.1,7.2382812,7.0,4.890625
1.0,0.0,0.0,0.0,0.0,0.0,0.0,0.0,2.0195312,3.0,19.0,2.0,3.0,2.0,2.0,7247.4,6.8984375,6.7890625,4.71875
1.0,0.0,0.0,0.0,0.0,0.0,0.0,0.0,1.0195312,7.0,17.0,3.0,3.0,3.0,0.0,7255.43,5.671875,5.671875,3.8105469
1.0,0.0,0.0,0.0,0.0,0.0,0.0,0.0,1.5302734,8.0,12.0,3.0,3.0,2.0,1.0,7274.9,6.6015625,6.328125,4.25
1.0,0.0,0.0,0.0,0.0,0.0,0.0,0.0,1.2304688,4.0,16.0,3.0,3.0,3.0,0.0,7281.9,6.7695312,5.8515625,3.9707031
1.0,0.0,0.0,0.0,0.0,0.0,0.0,0.0,1.0195312,9.0,17.0,3.0,3.0,3.0,2.0,7282.45,6.2695312,5.3203125,3.5898438
1.0,0.0,0.0,0.0,0.0,0.0,0.0,0.0,1.0097656,9.0,16.0,3.0,3.0,2.0,0.0,7283.4,6.4882812,5.1992188,3.5195312
1.0,0.0,0.0,0.0,0.0,0.0,0.0,0.0,1.2099609,4.0,18.0,3.0,3.0,3.0,4.0,7283.46,6.4609375,5.9882812,4.0390625
1.0,0.0,0.0,0.0,0.0,0.0,0.0,0.0,1.0097656,9.0,16.0,3.0,3.0,3.0,0.0,7289.18,6.2109375,5.3984375,3.6308594
1.0,0.0,0.0,0.0,0.0,0.0,0.0,0.0,1.2900391,8.0,13.0,2.0,3.0,3.0,0.0,7307.85,6.609375,5.6210938,3.9296875
1.0,0.0,0.0,0.0,0.0,0.0,0.0,0.0,1.5,3.0,17.0,3.0,3.0,3.0,0.0,7313.18,6.7695312,6.1914062,4.1992188
1.0,0.0,0.0,0.0,0.0,0.0,0.0,0.0,1.2099609,6.0,18.0,3.0,3.0,3.0,4.0,7319.82,6.6914062,5.609375,3.7890625
1.0,0.0,0.0,0.0,0.0,0.0,0.0,0.0,1.8095703,3.0,16.0,3.0,3.0,3.0,0.0,7320.17,7.3203125,7.078125,4.6992188
1.0,0.0,0.0,0.0,0.0,0.0,0.0,0.0,1.5195312,7.0,14.0,3.0,3.0,3.0,0.0,4944.08,6.5585938,6.25,4.2109375
1.0,0.0,0.0,0.0,0.0,0.0,0.0,0.0,1.0097656,5.0,17.0,3.0,3.0,2.0,1.0,4947.13,5.9492188,5.4882812,3.6503906
1.0,0.0,0.0,0.0,0.0,0.0,0.0,0.0,1.7099609,4.0,4.0,3.0,3.0,2.0,0.0,4948.29,6.5390625,6.5117188,4.4882812
1.0,0.0,0.0,0.0,0.0,0.0,0.0,0.0,1.2900391,7.0,12.0,2.0,3.0,3.0,4.0,4958.89,6.359375,6.03125,4.1601562
1.0,0.0,0.0,0.0,0.0,0.0,0.0,0.0,1.0,5.0,15.0,3.0,3.0,3.0,0.0,4959.29,5.6015625,5.5703125,3.7792969
1.0,0.0,0.0,0.0,0.0,0.0,0.0,0.0,1.0,6.0,15.0,2.0,3.0,1.0,0.0,4971.72,5.8789062,5.3984375,3.7695312
1.0,0.0,0.0,0.0,0.0,0.0,0.0,0.0,1.2001953,3.0,19.0,3.0,3.0,2.0,0.0,4988.83,6.0390625,5.5507812,3.7792969
1.0,0.0,0.0,0.0,0.0,0.0,0.0,0.0,1.0302734,9.0,13.0,3.0,3.0,3.0,0.0,4993.69,5.71875,5.578125,3.75
1.0,0.0,0.0,0.0,0.0,0.0,0.0,0.0,1.0,5.0,15.0,3.0,3.0,3.0,0.0,4994.6,5.8789062,5.4101562,3.6699219
1.0,0.0,0.0,0.0,0.0,0.0,0.0,0.0,1.2001953,4.0,18.0,2.0,2.0,1.0,0.0,5000.8,6.1914062,5.671875,3.9707031
1.0,0.0,0.0,0.0,0.0,0.0,0.0,0.0,1.5097656,6.0,11.0,2.0,3.0,3.0,2.0,5002.0,6.6015625,6.1289062,4.2695312
1.0,0.0,0.0,0.0,0.0,0.0,0.0,0.0,1.0097656,4.0,16.0,3.0,2.0,2.0,0.0,5002.73,5.828125,5.578125,3.7890625
1.0,0.0,0.0,0.0,0.0,0.0,0.0,0.0,1.0,5.0,14.0,3.0,3.0,2.0,0.0,5005.46,6.3203125,5.1992188,3.5292969
1.0,0.0,0.0,0.0,0.0,0.0,0.0,0.0,1.2001953,5.0,13.0,2.0,3.0,2.0,0.0,5009.13,5.8789062,5.8789062,4.109375
1.0,0.0,0.0,0.0,0.0,0.0,0.0,0.0,1.0,6.0,14.0,2.0,3.0,2.0,0.0,5029.7,5.859375,5.3984375,3.7792969
1.0,0.0,0.0,0.0,0.0,0.0,0.0,0.0,1.0,4.0,14.0,2.0,3.0,2.0,0.0,4007.66,5.75,5.390625,3.7695312
1.0,0.0,0.0,0.0,0.0,0.0,0.0,0.0,1.7998047,6.0,19.0,3.0,3.0,3.0,4.0,4007.88,6.921875,6.7695312,4.4414062
1.0,0.0,0.0,0.0,0.0,0.0,0.0,0.0,0.89990234,6.0,15.0,3.0,3.0,2.0,4.0,4007.99,5.5,5.3085938,3.5996094
1.0,0.0,0.0,0.0,0.0,0.0,0.0,0.0,0.89990234,6.0,15.0,3.0,3.0,2.0,1.0,4007.99,5.78125,5.25,3.5507812
1.0,0.0,0.0,0.0,0.0,0.0,0.0,0.0,1.0097656,8.0,12.0,3.0,3.0,3.0,0.0,4011.7,5.8984375,5.5585938,3.7207031
1.0,0.0,0.0,0.0,0.0,0.0,0.0,0.0,1.2099609,3.0,16.0,3.0,3.0,3.0,0.0,4012.24,6.2617188,5.8789062,4.0
1.0,0.0,0.0,0.0,0.0,0.0,0.0,0.0,0.89990234,5.0,14.0,3.0,3.0,3.0,0.0,4012.8,5.75,5.2304688,3.5390625
1.0,0.0,0.0,0.0,0.0,0.0,0.0,0.0,0.9501953,6.0,13.0,3.0,3.0,2.0,0.0,4022.17,6.328125,5.1601562,3.5097656
1.0,0.0,0.0,0.0,0.0,0.0,0.0,0.0,0.9199219,5.0,14.0,2.0,3.0,2.0,0.0,4028.1,5.78125,5.1992188,3.6191406
1.0,0.0,0.0,0.0,0.0,0.0,0.0,0.0,1.2001953,4.0,13.0,3.0,3.0,2.0,2.0,4029.32,5.96875,5.8203125,3.9492188
1.0,0.0,0.0,0.0,0.0,0.0,0.0,0.0,1.0,4.0,13.0,3.0,3.0,3.0,0.0,4030.43,5.7890625,5.4609375,3.7207031
1.0,0.0,0.0,0.0,0.0,0.0,0.0,0.0,1.0097656,3.0,15.0,3.0,3.0,3.0,0.0,4031.17,5.8789062,5.5,3.7304688
1.0,0.0,0.0,0.0,0.0,0.0,0.0,0.0,1.0,6.0,13.0,3.0,3.0,2.0,2.0,4033.9,5.6992188,5.4609375,3.7207031
1.0,0.0,0.0,0.0,0.0,0.0,0.0,0.0,1.1904297,3.0,16.0,3.0,2.0,2.0,0.0,4034.1,6.0507812,5.8398438,3.9394531
1.0,0.0,0.0,0.0,0.0,0.0,0.0,0.0,1.0097656,6.0,13.0,3.0,3.0,2.0,2.0,4036.32,5.8515625,5.3710938,3.6503906
1.0,0.0,0.0,0.0,0.0,0.0,0.0,0.0,1.0195312,4.0,16.0,3.0,3.0,3.0,0.0,4828.62,5.6601562,5.640625,3.8105469
1.0,0.0,0.0,0.0,0.0,0.0,0.0,0.0,1.5703125,3.0,11.0,3.0,3.0,3.0,0.0,4829.5,6.609375,6.4492188,4.359375
1.0,0.0,0.0,0.0,0.0,0.0,0.0,0.0,1.0195312,5.0,15.0,3.0,3.0,3.0,2.0,4833.72,6.0703125,5.5390625,3.7597656
1.0,0.0,0.0,0.0,0.0,0.0,0.0,0.0,0.91015625,7.0,18.0,3.0,3.0,3.0,4.0,4837.05,6.2382812,5.0,3.390625
1.0,0.0,0.0,0.0,0.0,0.0,0.0,0.0,1.0097656,6.0,15.0,3.0,3.0,2.0,2.0,4838.19,5.6601562,5.5507812,3.7695312
1.0,0.0,0.0,0.0,0.0,0.0,0.0,0.0,1.0302734,5.0,15.0,3.0,3.0,2.0,1.0,4839.8,5.96875,5.5703125,3.7304688
1.0,0.0,0.0,0.0,0.0,0.0,0.0,0.0,1.0097656,5.0,14.0,3.0,2.0,2.0,0.0,4844.01,5.8789062,5.578125,3.8007812
1.0,0.0,0.0,0.0,0.0,0.0,0.0,0.0,1.2001953,7.0,13.0,2.0,3.0,2.0,1.0,4849.5,5.8984375,5.8085938,4.0703125
1.0,0.0,0.0,0.0,0.0,0.0,0.0,0.0,1.6103516,7.0,1.0,3.0,3.0,3.0,0.0,4854.47,6.4882812,6.3007812,4.2695312
1.0,0.0,0.0,0.0,0.0,0.0,0.0,0.0,1.5195312,4.0,16.0,3.0,3.0,3.0,0.0,4854.82,6.6914062,6.6289062,4.421875
1.0,0.0,0.0,0.0,0.0,0.0,0.0,0.0,1.0302734,4.0,16.0,3.0,3.0,3.0,0.0,4856.94,6.078125,5.5390625,3.7402344
1.0,0.0,0.0,0.0,0.0,0.0,0.0,0.0,1.2001953,3.0,18.0,3.0,3.0,2.0,0.0,4858.12,6.2890625,5.7695312,3.9101562
1.0,0.0,0.0,0.0,0.0,0.0,0.0,0.0,1.0097656,5.0,14.0,3.0,3.0,3.0,2.0,4861.1,6.140625,5.3203125,3.6191406
1.0,0.0,0.0,0.0,0.0,0.0,0.0,0.0,1.2001953,3.0,14.0,3.0,3.0,2.0,2.0,4861.95,6.6796875,5.6914062,3.7695312
1.0,0.0,0.0,0.0,0.0,0.0,0.0,0.0,1.2001953,4.0,18.0,3.0,3.0,2.0,1.0,4861.95,6.171875,5.8085938,3.9492188
1.0,0.0,0.0,0.0,0.0,0.0,0.0,0.0,0.95996094,4.0,16.0,3.0,3.0,2.0,0.0,4324.44,5.859375,5.4492188,3.5996094
1.0,0.0,0.0,0.0,0.0,0.0,0.0,0.0,1.0097656,6.0,13.0,3.0,3.0,3.0,0.0,4331.75,5.9804688,5.4414062,3.6796875
1.0,0.0,0.0,0.0,0.0,0.0,0.0,0.0,1.2001953,2.0,18.0,2.0,3.0,2.0,1.0,4338.46,6.3710938,5.7304688,3.8007812
1.0,0.0,0.0,0.0,0.0,0.0,0.0,0.0,1.0,4.0,14.0,3.0,3.0,3.0,0.0,4338.9,5.640625,5.5898438,3.7207031
1.0,0.0,0.0,0.0,0.0,0.0,0.0,0.0,0.95996094,5.0,15.0,2.0,3.0,2.0,0.0,4340.03,5.8710938,5.3007812,3.609375
1.0,0.0,0.0,0.0,0.0,0.0,0.0,0.0,1.5,3.0,15.0,3.0,3.0,2.0,0.0,7832.91,6.5195312,6.25,4.2382812
1.0,0.0,0.0,0.0,0.0,0.0,0.0,0.0,1.7304688,7.0,19.0,3.0,2.0,2.0,1.0,7833.56,6.6601562,6.390625,4.4414062
1.0,0.0,0.0,0.0,0.0,0.0,0.0,0.0,1.5097656,3.0,13.0,3.0,3.0,3.0,0.0,7834.67,6.7109375,6.3085938,4.2695312
1.0,0.0,0.0,0.0,0.0,0.0,0.0,0.0,1.3203125,4.0,14.0,3.0,3.0,3.0,0.0,7848.41,6.75,5.8984375,3.9902344
1.0,0.0,0.0,0.0,0.0,0.0,0.0,0.0,1.5,3.0,16.0,3.0,3.0,2.0,0.0,7878.44,7.28125,5.9882812,4.0585938
1.0,0.0,0.0,0.0,0.0,0.0,0.0,0.0,1.0195312,9.0,18.0,3.0,3.0,3.0,4.0,7891.49,5.9609375,5.4882812,3.7207031
1.0,0.0,0.0,0.0,0.0,0.0,0.0,0.0,1.7197266,3.0,19.0,3.0,3.0,2.0,2.0,7898.48,6.5117188,6.5117188,4.4101562
1.0,0.0,0.0,0.0,0.0,0.0,0.0,0.0,2.0292969,7.0,19.0,3.0,3.0,2.0,1.0,7903.76,6.96875,6.9414062,4.6484375
1.0,0.0,0.0,0.0,0.0,0.0,0.0,0.0,1.8398438,7.0,16.0,3.0,3.0,3.0,0.0,7922.8,7.0,6.7890625,4.5195312
1.0,0.0,0.0,0.0,0.0,0.0,0.0,0.0,1.7001953,8.0,17.0,3.0,3.0,3.0,0.0,7931.24,7.0390625,6.8203125,4.5117188
1.0,0.0,0.0,0.0,0.0,0.0,0.0,0.0,1.5097656,3.0,14.0,2.0,3.0,1.0,0.0,7951.83,6.671875,6.3515625,4.3710938
1.0,0.0,0.0,0.0,0.0,0.0,0.0,0.0,2.0,3.0,12.0,3.0,2.0,2.0,0.0,7960.77,8.25,6.6015625,4.4296875
1.0,0.0,0.0,0.0,0.0,0.0,0.0,0.0,1.2001953,6.0,15.0,3.0,3.0,2.0,0.0,7974.06,6.53125,5.6484375,3.8398438
1.0,0.0,0.0,0.0,0.0,0.0,0.0,0.0,1.2001953,6.0,15.0,3.0,3.0,2.0,0.0,7974.06,6.0585938,5.859375,3.9804688
1.0,0.0,0.0,0.0,0.0,0.0,0.0,0.0,1.4003906,6.0,17.0,3.0,3.0,2.0,5.0,8003.01,6.9492188,5.859375,3.9804688
1.0,0.0,0.0,0.0,0.0,0.0,0.0,0.0,2.0,4.0,18.0,3.0,3.0,3.0,0.0,17787.42,7.78125,6.7617188,4.53125
1.0,0.0,0.0,0.0,0.0,0.0,0.0,0.0,2.0,4.0,16.0,3.0,3.0,2.0,0.0,17875.2,7.25,7.0703125,4.7617188
1.0,0.0,0.0,0.0,0.0,0.0,0.0,0.0,2.0097656,5.0,14.0,3.0,3.0,3.0,0.0,18024.06,7.328125,7.3203125,4.9101562
1.0,0.0,0.0,0.0,0.0,0.0,0.0,0.0,2.0,5.0,17.0,3.0,3.0,3.0,1.0,18073.74,7.390625,6.96875,4.71875
1.0,0.0,0.0,0.0,0.0,0.0,0.0,0.0,2.0097656,5.0,14.0,2.0,3.0,3.0,0.0,18439.82,7.3085938,7.21875,4.9609375
1.0,0.0,0.0,0.0,0.0,0.0,0.0,0.0,2.0097656,4.0,15.0,3.0,3.0,3.0,0.0,18524.37,7.96875,6.9296875,4.6796875
1.0,0.0,0.0,0.0,0.0,0.0,0.0,0.0,1.7099609,7.0,18.0,3.0,3.0,3.0,0.0,18681.64,7.7304688,6.6992188,4.2304688
1.0,0.0,0.0,0.0,0.0,0.0,0.0,0.0,1.8896484,5.0,15.0,2.0,3.0,3.0,0.0,18728.41,7.3398438,6.578125,4.5703125
1.0,0.0,0.0,0.0,0.0,0.0,0.0,0.0,1.8095703,8.0,19.0,3.0,3.0,2.0,0.0,18729.27,6.78125,6.5898438,4.46875
1.0,0.0,0.0,0.0,0.0,0.0,0.0,0.0,1.9003906,4.0,17.0,2.0,3.0,3.0,0.0,18762.07,7.03125,6.8085938,4.7382812
1.0,0.0,0.0,0.0,0.0,0.0,0.0,0.0,2.0,5.0,18.0,3.0,3.0,2.0,1.0,19164.77,7.0585938,7.03125,4.7695312
1.0,0.0,0.0,0.0,0.0,0.0,0.0,0.0,1.9003906,4.0,18.0,3.0,3.0,3.0,2.0,19184.02,7.3515625,6.71875,4.5703125
1.0,0.0,0.0,0.0,0.0,0.0,0.0,0.0,2.0,6.0,15.0,3.0,3.0,3.0,4.0,19277.86,7.6601562,6.6484375,4.5195312
1.0,0.0,0.0,0.0,0.0,0.0,0.0,0.0,2.5,6.0,19.0,3.0,3.0,2.0,0.0,19531.2,7.359375,7.3085938,4.9101562
1.0,0.0,0.0,0.0,0.0,0.0,0.0,0.0,2.0097656,3.0,13.0,2.0,2.0,2.0,0.0,11445.17,7.359375,6.78125,4.7382812
1.0,0.0,0.0,0.0,0.0,0.0,0.0,0.0,1.2001953,4.0,13.0,3.0,3.0,2.0,0.0,5744.23,6.0117188,5.859375,3.9609375
1.0,0.0,0.0,0.0,0.0,0.0,0.0,0.0,1.3203125,9.0,18.0,3.0,3.0,3.0,5.0,11502.51,6.421875,6.03125,4.0390625
1.0,0.0,0.0,0.0,0.0,0.0,0.0,0.0,1.9101562,4.0,19.0,3.0,3.0,3.0,4.0,11574.89,7.2109375,6.5195312,4.5117188
1.0,0.0,0.0,0.0,0.0,0.0,0.0,0.0,1.2900391,8.0,16.0,2.0,2.0,3.0,0.0,11584.19,6.3007812,5.8984375,4.0898438
1.0,0.0,0.0,0.0,0.0,0.0,0.0,0.0,2.0,6.0,19.0,3.0,3.0,2.0,1.0,11586.96,7.1210938,6.8398438,4.6289062
1.0,0.0,0.0,0.0,0.0,0.0,0.0,0.0,2.0097656,6.0,19.0,2.0,3.0,2.0,0.0,11643.3,6.7890625,6.71875,4.671875
1.0,0.0,0.0,0.0,0.0,0.0,0.0,0.0,2.0195312,7.0,17.0,3.0,3.0,3.0,0.0,11662.87,7.4414062,7.2695312,4.8203125
1.0,0.0,0.0,0.0,0.0,0.0,0.0,0.0,1.7900391,5.0,14.0,2.0,3.0,3.0,1.0,11713.93,6.671875,6.5585938,4.5898438
1.0,0.0,0.0,0.0,0.0,0.0,0.0,0.0,1.0595703,9.0,18.0,3.0,3.0,3.0,0.0,11736.56,6.6289062,5.328125,3.609375
1.0,0.0,0.0,0.0,0.0,0.0,0.0,0.0,1.5195312,4.0,15.0,2.0,3.0,3.0,0.0,11750.81,7.1289062,5.9609375,4.1484375
1.0,0.0,0.0,0.0,0.0,0.0,0.0,0.0,2.0292969,6.0,19.0,3.0,3.0,2.0,0.0,11755.98,7.2109375,6.75,4.578125
1.0,0.0,0.0,0.0,0.0,0.0,0.0,0.0,2.0,6.0,11.0,3.0,3.0,2.0,0.0,11775.25,7.1796875,7.0585938,4.8007812
1.0,0.0,0.0,0.0,0.0,0.0,0.0,0.0,2.0,3.0,13.0,2.0,3.0,3.0,0.0,11775.93,7.4804688,6.6015625,4.609375
1.0,0.0,0.0,0.0,0.0,0.0,0.0,0.0,1.7001953,5.0,15.0,2.0,3.0,3.0,0.0,11917.48,6.9882812,6.359375,4.4609375
1.0,0.0,0.0,0.0,0.0,0.0,0.0,0.0,2.0,3.0,13.0,3.0,3.0,2.0,2.0,11968.98,7.1015625,7.0898438,4.8203125
1.0,0.0,0.0,0.0,0.0,0.0,0.0,0.0,1.9003906,4.0,13.0,3.0,3.0,3.0,0.0,12627.71,6.9804688,6.7890625,4.609375
1.0,0.0,0.0,0.0,0.0,0.0,0.0,0.0,2.0,4.0,13.0,1.0,3.0,2.0,0.0,12696.18,7.0898438,6.7617188,4.7109375
1.0,0.0,0.0,0.0,0.0,0.0,0.0,0.0,2.0,3.0,15.0,3.0,3.0,3.0,0.0,12820.09,7.4492188,6.8710938,4.640625
1.0,0.0,0.0,0.0,0.0,0.0,0.0,0.0,1.5097656,5.0,16.0,3.0,3.0,2.0,0.0,12892.04,6.6210938,6.5390625,4.4414062
1.0,0.0,0.0,0.0,0.0,0.0,0.0,0.0,1.7001953,4.0,16.0,3.0,3.0,3.0,0.0,12916.46,6.8789062,6.609375,4.5
1.0,0.0,0.0,0.0,0.0,0.0,0.0,0.0,2.0,6.0,12.0,2.0,3.0,2.0,1.0,12989.62,6.9804688,6.890625,4.7695312
1.0,0.0,0.0,0.0,0.0,0.0,0.0,0.0,2.6992188,5.0,19.0,3.0,3.0,2.0,0.0,12996.87,7.8203125,7.71875,5.1796875
1.0,0.0,0.0,0.0,0.0,0.0,0.0,0.0,3.0,8.0,1.0,3.0,3.0,3.0,1.0,12997.82,8.2265625,7.9804688,5.0898438
1.0,0.0,0.0,0.0,0.0,0.0,0.0,0.0,2.5,7.0,19.0,2.0,2.0,2.0,0.0,13084.5,7.2304688,7.2109375,5.1289062
1.0,0.0,0.0,0.0,0.0,0.0,0.0,0.0,2.0097656,7.0,12.0,3.0,3.0,3.0,4.0,13092.02,7.25,7.0117188,4.7617188
1.0,0.0,0.0,0.0,0.0,0.0,0.0,0.0,1.7001953,4.0,14.0,3.0,3.0,3.0,0.0,13164.25,6.8984375,6.75,4.5507812
1.0,0.0,0.0,0.0,0.0,0.0,0.0,0.0,1.5097656,7.0,16.0,3.0,3.0,3.0,1.0,13219.49,6.609375,6.5195312,4.4296875
1.0,0.0,0.0,0.0,0.0,0.0,0.0,0.0,1.7001953,6.0,16.0,2.0,3.0,3.0,1.0,13223.02,7.4101562,6.25,4.359375
1.0,0.0,0.0,0.0,0.0,0.0,0.0,0.0,1.7001953,6.0,16.0,3.0,3.0,2.0,1.0,13262.9,7.3789062,6.8984375,4.2890625
0.0,1.0,0.0,0.0,0.0,0.0,0.0,0.0,0.30004883,7.0,18.0,3.0,3.0,1.0,0.0,973.78,4.6796875,3.1601562,2.1503906
0.0,1.0,0.0,0.0,0.0,0.0,0.0,0.0,0.30004883,7.0,17.0,2.0,2.0,1.0,0.0,974.29,4.6210938,3.1894531,2.0292969
0.0,1.0,0.0,0.0,0.0,0.0,0.0,0.0,0.30004883,7.0,17.0,2.0,2.0,1.0,0.0,974.29,4.75,3.0605469,2.0898438
0.0,1.0,0.0,0.0,0.0,0.0,0.0,0.0,0.30004883,6.0,18.0,2.0,3.0,2.0,0.0,974.29,4.3515625,3.2695312,2.2207031
0.0,1.0,0.0,0.0,0.0,0.0,0.0,0.0,0.30004883,6.0,18.0,2.0,2.0,1.0,0.0,974.29,4.3984375,3.2792969,2.25
0.0,1.0,0.0,0.0,0.0,0.0,0.0,0.0,0.30004883,6.0,18.0,3.0,3.0,1.0,2.0,974.29,4.46875,3.2207031,2.1503906
0.0,1.0,0.0,0.0,0.0,0.0,0.0,0.0,0.30004883,6.0,18.0,3.0,3.0,2.0,1.0,974.29,4.4414062,3.2597656,2.2109375
0.0,1.0,0.0,0.0,0.0,0.0,0.0,0.0,0.30004883,6.0,18.0,3.0,2.0,1.0,1.0,974.29,4.5898438,3.1894531,2.1699219
0.0,1.0,0.0,0.0,0.0,0.0,0.0,0.0,0.30004883,5.0,18.0,3.0,3.0,2.0,0.0,974.35,4.609375,3.25,2.1308594
0.0,1.0,0.0,0.0,0.0,0.0,0.0,0.0,0.30004883,5.0,18.0,3.0,3.0,2.0,0.0,974.35,4.640625,3.2109375,2.1894531
0.0,1.0,0.0,0.0,0.0,0.0,0.0,0.0,0.32006836,5.0,18.0,3.0,3.0,1.0,0.0,974.56,4.6484375,3.5,2.2402344
0.0,1.0,0.0,0.0,0.0,0.0,0.0,0.0,0.3100586,7.0,18.0,3.0,2.0,2.0,0.0,974.57,4.9296875,3.1699219,2.0800781
0.0,1.0,0.0,0.0,0.0,0.0,0.0,0.0,0.32006836,5.0,16.0,2.0,2.0,2.0,0.0,974.57,4.828125,3.25,2.1894531
0.0,1.0,0.0,0.0,0.0,0.0,0.0,0.0,0.32006836,6.0,14.0,3.0,1.0,1.0,0.0,974.59,4.8398438,3.2304688,2.1699219
0.0,1.0,0.0,0.0,0.0,0.0,0.0,0.0,0.3100586,7.0,17.0,2.0,3.0,1.0,0.0,975.06,4.5507812,3.3808594,2.1992188
0.0,1.0,0.0,0.0,0.0,0.0,0.0,0.0,0.30004883,5.0,17.0,1.0,1.0,1.0,2.0,901.8,4.8398438,3.1601562,2.0292969
0.0,1.0,0.0,0.0,0.0,0.0,0.0,0.0,0.32006836,4.0,18.0,3.0,3.0,2.0,0.0,902.12,4.609375,3.3105469,2.2207031
0.0,1.0,0.0,0.0,0.0,0.0,0.0,0.0,0.32006836,6.0,16.0,3.0,1.0,1.0,0.0,902.6,4.5507812,3.4101562,2.3300781
0.0,1.0,0.0,0.0,0.0,0.0,0.0,0.0,0.30004883,6.0,16.0,3.0,2.0,2.0,0.0,902.81,4.5195312,3.3105469,2.1796875
0.0,1.0,0.0,0.0,0.0,0.0,0.0,0.0,0.30004883,5.0,18.0,2.0,2.0,1.0,2.0,902.88,4.4882812,3.3496094,2.1699219
0.0,1.0,0.0,0.0,0.0,0.0,0.0,0.0,0.30004883,6.0,18.0,3.0,3.0,2.0,5.0,903.31,4.609375,3.3300781,2.1308594
0.0,1.0,0.0,0.0,0.0,0.0,0.0,0.0,0.41992188,8.0,11.0,3.0,3.0,1.0,2.0,903.73,5.0117188,3.6699219,2.4101562
0.0,1.0,0.0,0.0,0.0,0.0,0.0,0.0,0.30004883,5.0,16.0,2.0,1.0,1.0,0.0,904.35,4.4101562,3.25,2.2402344
0.0,1.0,0.0,0.0,0.0,0.0,0.0,0.0,0.30004883,5.0,16.0,2.0,3.0,1.0,0.0,904.35,4.5585938,3.4101562,2.0703125
0.0,1.0,0.0,0.0,0.0,0.0,0.0,0.0,0.30004883,6.0,15.0,2.0,2.0,1.0,2.0,904.35,4.53125,3.3203125,2.1992188
0.0,1.0,0.0,0.0,0.0,0.0,0.0,0.0,0.30004883,5.0,14.0,3.0,2.0,2.0,0.0,904.35,4.5390625,3.2402344,2.140625
0.0,1.0,0.0,0.0,0.0,0.0,0.0,0.0,0.30004883,5.0,17.0,2.0,2.0,1.0,0.0,905.91,4.3203125,3.25,2.2695312
0.0,1.0,0.0,0.0,0.0,0.0,0.0,0.0,0.5498047,3.0,12.0,3.0,3.0,1.0,0.0,905.96,5.7382812,3.7890625,2.5898438
0.0,1.0,0.0,0.0,0.0,0.0,0.0,0.0,0.3100586,4.0,18.0,3.0,3.0,1.0,0.0,906.48,4.7304688,3.2109375,2.1699219
0.0,1.0,0.0,0.0,0.0,0.0,0.0,0.0,0.30004883,7.0,18.0,2.0,2.0,1.0,1.0,906.85,5.0390625,3.1894531,1.8896484
0.0,1.0,0.0,0.0,0.0,0.0,0.0,0.0,0.32006836,4.0,18.0,2.0,2.0,2.0,2.0,924.28,4.9609375,3.3203125,1.9296875
0.0,1.0,0.0,0.0,0.0,0.0,0.0,0.0,0.30004883,5.0,16.0,3.0,3.0,1.0,0.0,924.62,4.5507812,3.3808594,2.1191406
0.0,1.0,0.0,0.0,0.0,0.0,0.0,0.0,0.30004883,5.0,15.0,3.0,3.0,2.0,0.0,924.67,4.7890625,3.1191406,2.0703125
0.0,1.0,0.0,0.0,0.0,0.0,0.0,0.0,0.30004883,6.0,18.0,2.0,3.0,2.0,0.0,925.61,4.3515625,3.3398438,2.2890625
0.0,1.0,0.0,0.0,0.0,0.0,0.0,0.0,0.30004883,6.0,18.0,3.0,3.0,1.0,0.0,925.61,4.4609375,3.3496094,2.1191406
0.0,1.0,0.0,0.0,0.0,0.0,0.0,0.0,0.30004883,5.0,17.0,3.0,3.0,2.0,4.0,925.63,4.6601562,3.2304688,2.0898438
0.0,1.0,0.0,0.0,0.0,0.0,0.0,0.0,0.30004883,4.0,18.0,3.0,2.0,1.0,0.0,926.15,4.6210938,3.1894531,2.0996094
0.0,1.0,0.0,0.0,0.0,0.0,0.0,0.0,0.3100586,6.0,18.0,2.0,2.0,1.0,2.0,926.34,4.75,3.2597656,2.0390625
0.0,1.0,0.0,0.0,0.0,0.0,0.0,0.0,0.30004883,7.0,14.0,3.0,3.0,2.0,0.0,926.68,4.4492188,3.2792969,2.2304688
0.0,1.0,0.0,0.0,0.0,0.0,0.0,0.0,0.33007812,6.0,18.0,3.0,2.0,2.0,2.0,926.93,5.03125,3.25,2.0390625
0.0,1.0,0.0,0.0,0.0,0.0,0.0,0.0,0.41992188,7.0,11.0,2.0,3.0,2.0,0.0,927.17,4.8398438,3.6191406,2.5
0.0,1.0,0.0,0.0,0.0,0.0,0.0,0.0,0.30004883,7.0,17.0,3.0,2.0,2.0,2.0,927.64,4.8789062,3.140625,1.9697266
0.0,1.0,0.0,0.0,0.0,0.0,0.0,0.0,0.30004883,7.0,18.0,2.0,3.0,1.0,2.0,927.71,5.03125,3.0996094,2.0507812
0.0,1.0,0.0,0.0,0.0,0.0,0.0,0.0,0.30004883,8.0,16.0,2.0,3.0,1.0,0.0,928.15,4.421875,3.2695312,2.1699219
0.0,1.0,0.0,0.0,0.0,0.0,0.0,0.0,0.30004883,6.0,16.0,2.0,2.0,1.0,0.0,928.72,4.4804688,3.2304688,2.1308594
0.0,1.0,0.0,0.0,0.0,0.0,0.0,0.0,0.30004883,7.0,18.0,2.0,2.0,1.0,0.0,1027.1,4.7109375,3.0097656,2.0195312
0.0,1.0,0.0,0.0,0.0,0.0,0.0,0.0,0.32006836,7.0,17.0,3.0,3.0,2.0,1.0,1027.52,4.9101562,3.3007812,2.0507812
0.0,1.0,0.0,0.0,0.0,0.0,0.0,0.0,0.30004883,8.0,18.0,3.0,1.0,1.0,2.0,1028.04,4.890625,3.1308594,1.8798828
0.0,1.0,0.0,0.0,0.0,0.0,0.0,0.0,0.3100586,8.0,17.0,3.0,3.0,1.0,0.0,1028.04,4.7109375,3.1699219,2.109375
0.0,1.0,0.0,0.0,0.0,0.0,0.0,0.0,0.30004883,8.0,17.0,3.0,2.0,1.0,0.0,1028.09,4.4414062,3.3300781,2.1503906
0.0,1.0,0.0,0.0,0.0,0.0,0.0,0.0,0.3798828,6.0,16.0,3.0,3.0,1.0,2.0,1028.45,4.7695312,3.4902344,2.3808594
0.0,1.0,0.0,0.0,0.0,0.0,0.0,0.0,0.3100586,7.0,16.0,3.0,3.0,2.0,0.0,1029.11,4.7695312,3.1699219,2.0996094
0.0,1.0,0.0,0.0,0.0,0.0,0.0,0.0,0.3100586,5.0,17.0,3.0,3.0,2.0,0.0,1029.62,4.5898438,3.3691406,2.1601562
0.0,1.0,0.0,0.0,0.0,0.0,0.0,0.0,0.5,4.0,11.0,3.0,2.0,1.0,0.0,1029.67,5.1992188,3.8300781,2.5703125
0.0,1.0,0.0,0.0,0.0,0.0,0.0,0.0,0.30004883,8.0,16.0,3.0,2.0,1.0,0.0,1030.06,4.75,3.0898438,2.0996094
0.0,1.0,0.0,0.0,0.0,0.0,0.0,0.0,0.30004883,6.0,18.0,3.0,2.0,2.0,0.0,1030.06,4.4609375,3.2792969,2.1191406
0.0,1.0,0.0,0.0,0.0,0.0,0.0,0.0,0.30004883,9.0,17.0,3.0,3.0,2.0,0.0,1030.12,4.421875,3.2695312,2.1894531
0.0,1.0,0.0,0.0,0.0,0.0,0.0,0.0,0.39990234,5.0,13.0,3.0,2.0,1.0,0.0,1030.22,4.9804688,3.6796875,2.4101562
0.0,1.0,0.0,0.0,0.0,0.0,0.0,0.0,0.3100586,5.0,17.0,3.0,3.0,2.0,0.0,1030.65,4.5507812,3.3398438,2.1503906
0.0,1.0,0.0,0.0,0.0,0.0,0.0,0.0,0.3100586,6.0,16.0,3.0,3.0,2.0,0.0,1030.65,4.4492188,3.2792969,2.109375
0.0,1.0,0.0,0.0,0.0,0.0,0.0,0.0,0.3100586,5.0,18.0,3.0,2.0,2.0,0.0,1041.16,4.8085938,3.1503906,2.0390625
0.0,1.0,0.0,0.0,0.0,0.0,0.0,0.0,0.32006836,7.0,18.0,3.0,3.0,1.0,0.0,1041.63,4.5390625,3.359375,2.2207031
0.0,1.0,0.0,0.0,0.0,0.0,0.0,0.0,0.3100586,6.0,17.0,3.0,3.0,2.0,2.0,1041.65,4.7890625,3.140625,2.0898438
0.0,1.0,0.0,0.0,0.0,0.0,0.0,0.0,0.30004883,6.0,17.0,3.0,3.0,2.0,0.0,1041.78,4.6796875,3.3691406,2.0703125
0.0,1.0,0.0,0.0,0.0,0.0,0.0,0.0,0.30004883,8.0,15.0,3.0,3.0,2.0,0.0,1041.78,4.7109375,3.1601562,2.0195312
0.0,1.0,0.0,0.0,0.0,0.0,0.0,0.0,0.30004883,8.0,17.0,2.0,3.0,1.0,0.0,1041.82,4.8203125,3.0996094,2.109375
0.0,1.0,0.0,0.0,0.0,0.0,0.0,0.0,0.30004883,7.0,18.0,3.0,3.0,2.0,0.0,1041.82,4.5,3.4003906,2.0996094
0.0,1.0,0.0,0.0,0.0,0.0,0.0,0.0,0.3100586,7.0,17.0,3.0,3.0,2.0,0.0,1042.12,4.8007812,3.2207031,2.1796875
0.0,1.0,0.0,0.0,0.0,0.0,0.0,0.0,0.3100586,8.0,17.0,3.0,3.0,1.0,0.0,1042.22,4.828125,3.140625,2.1308594
0.0,1.0,0.0,0.0,0.0,0.0,0.0,0.0,0.30004883,8.0,18.0,3.0,2.0,2.0,1.0,1042.29,4.75,3.1992188,2.0507812
0.0,1.0,0.0,0.0,0.0,0.0,0.0,0.0,0.3798828,6.0,17.0,2.0,3.0,1.0,2.0,1042.53,4.6484375,3.4804688,2.4609375
0.0,1.0,0.0,0.0,0.0,0.0,0.0,0.0,0.32006836,6.0,17.0,3.0,1.0,1.0,0.0,1043.29,4.5898438,3.3808594,2.0507812
0.0,1.0,0.0,0.0,0.0,0.0,0.0,0.0,0.33007812,5.0,17.0,3.0,3.0,2.0,0.0,1044.12,4.9101562,3.2695312,2.0195312
0.0,1.0,0.0,0.0,0.0,0.0,0.0,0.0,0.30004883,8.0,16.0,3.0,3.0,1.0,0.0,1044.25,4.3984375,3.25,2.1894531
0.0,1.0,0.0,0.0,0.0,0.0,0.0,0.0,0.30004883,8.0,16.0,3.0,3.0,1.0,0.0,1044.25,4.8515625,3.140625,2.0292969
0.0,1.0,0.0,0.0,0.0,0.0,0.0,0.0,0.3100586,6.0,18.0,3.0,3.0,2.0,2.0,1012.78,4.390625,3.2304688,2.2109375
0.0,1.0,0.0,0.0,0.0,0.0,0.0,0.0,0.32006836,9.0,17.0,3.0,3.0,2.0,0.0,1012.92,4.890625,3.1308594,2.109375
0.0,1.0,0.0,0.0,0.0,0.0,0.0,0.0,0.32006836,7.0,16.0,3.0,2.0,2.0,2.0,1012.99,4.828125,3.1796875,2.0898438
0.0,1.0,0.0,0.0,0.0,0.0,0.0,0.0,0.30004883,5.0,17.0,2.0,2.0,2.0,0.0,1013.32,4.6210938,3.25,2.0898438
0.0,1.0,0.0,0.0,0.0,0.0,0.0,0.0,0.3100586,6.0,17.0,3.0,2.0,2.0,2.0,1013.39,4.5898438,3.4101562,2.1894531
0.0,1.0,0.0,0.0,0.0,0.0,0.0,0.0,0.33007812,6.0,17.0,3.0,2.0,1.0,2.0,1013.41,4.8203125,3.2402344,2.140625
0.0,1.0,0.0,0.0,0.0,0.0,0.0,0.0,0.32006836,7.0,16.0,2.0,3.0,1.0,2.0,1013.49,4.9296875,3.2304688,1.9902344
0.0,1.0,0.0,0.0,0.0,0.0,0.0,0.0,0.32006836,7.0,16.0,3.0,1.0,0.0,0.0,1013.49,4.8710938,3.4492188,2.0292969
0.0,1.0,0.0,0.0,0.0,0.0,0.0,0.0,0.35009766,6.0,15.0,3.0,3.0,2.0,2.0,1013.53,4.6914062,3.4609375,2.1796875
0.0,1.0,0.0,0.0,0.0,0.0,0.0,0.0,0.30004883,7.0,16.0,3.0,3.0,1.0,0.0,1013.85,4.2695312,3.1992188,2.2304688
0.0,1.0,0.0,0.0,0.0,0.0,0.0,0.0,0.32006836,8.0,16.0,3.0,3.0,1.0,2.0,1014.0,4.9414062,3.1894531,2.0390625
0.0,1.0,0.0,0.0,0.0,0.0,0.0,0.0,0.3400879,6.0,18.0,3.0,1.0,1.0,2.0,1014.3,4.7695312,3.5898438,2.3007812
0.0,1.0,0.0,0.0,0.0,0.0,0.0,0.0,0.30004883,7.0,17.0,3.0,2.0,1.0,0.0,1014.34,4.8007812,3.1601562,2.0605469
0.0,1.0,0.0,0.0,0.0,0.0,0.0,0.0,0.30004883,7.0,17.0,3.0,2.0,1.0,0.0,1014.34,4.8515625,3.0800781,2.0800781
0.0,1.0,0.0,0.0,0.0,0.0,0.0,0.0,0.30004883,7.0,17.0,3.0,3.0,1.0,0.0,1014.34,4.7304688,3.0898438,2.0390625
0.0,1.0,0.0,0.0,0.0,0.0,0.0,0.0,0.33007812,7.0,16.0,3.0,2.0,2.0,2.0,1061.4,4.5585938,3.3007812,2.2597656
0.0,1.0,0.0,0.0,0.0,0.0,0.0,0.0,0.32006836,7.0,18.0,3.0,3.0,1.0,0.0,1061.61,4.5195312,3.3300781,2.2109375
0.0,1.0,0.0,0.0,0.0,0.0,0.0,0.0,0.32006836,7.0,18.0,2.0,3.0,1.0,0.0,1061.61,4.671875,3.3105469,2.1503906
0.0,1.0,0.0,0.0,0.0,0.0,0.0,0.0,0.3100586,6.0,17.0,3.0,3.0,2.0,0.0,1062.06,4.46875,3.3398438,2.1503906
0.0,1.0,0.0,0.0,0.0,0.0,0.0,0.0,0.35009766,7.0,18.0,3.0,3.0,1.0,2.0,1063.21,5.0,3.3398438,2.140625
0.0,1.0,0.0,0.0,0.0,0.0,0.0,0.0,0.4699707,7.0,11.0,3.0,2.0,2.0,0.0,1063.3,5.1210938,3.7695312,2.5605469
0.0,1.0,0.0,0.0,0.0,0.0,0.0,0.0,0.3100586,6.0,18.0,3.0,3.0,2.0,0.0,1063.6,4.4414062,3.3300781,2.1796875
0.0,1.0,0.0,0.0,0.0,0.0,0.0,0.0,0.33007812,7.0,16.0,3.0,2.0,2.0,0.0,1063.64,4.9882812,3.2792969,2.0996094
0.0,1.0,0.0,0.0,0.0,0.0,0.0,0.0,0.5097656,8.0,8.0,3.0,3.0,2.0,0.0,1063.75,5.7695312,3.75,2.3496094
0.0,1.0,0.0,0.0,0.0,0.0,0.0,0.0,0.32006836,6.0,17.0,3.0,1.0,1.0,0.0,1063.84,4.6796875,3.2109375,2.2207031
0.0,1.0,0.0,0.0,0.0,0.0,0.0,0.0,0.30004883,6.0,18.0,3.0,3.0,2.0,0.0,1064.02,4.609375,3.25,2.1796875
0.0,1.0,0.0,0.0,0.0,0.0,0.0,0.0,0.32006836,6.0,17.0,3.0,2.0,1.0,0.0,1064.36,4.96875,3.2304688,2.0605469
0.0,1.0,0.0,0.0,0.0,0.0,0.0,0.0,0.3100586,6.0,17.0,3.0,3.0,2.0,0.0,1065.24,4.8007812,3.140625,2.1308594
0.0,1.0,0.0,0.0,0.0,0.0,0.0,0.0,0.3100586,7.0,16.0,3.0,2.0,2.0,0.0,1065.24,4.5195312,3.3398438,2.2597656
0.0,1.0,0.0,0.0,0.0,0.0,0.0,0.0,0.3100586,8.0,15.0,3.0,3.0,2.0,0.0,1065.24,4.6992188,3.1308594,2.1191406
0.0,1.0,0.0,0.0,0.0,0.0,0.0,0.0,0.32006836,6.0,18.0,3.0,3.0,2.0,0.0,1065.38,4.5117188,3.390625,2.1699219
0.0,1.0,0.0,0.0,0.0,0.0,0.0,0.0,0.3100586,9.0,17.0,3.0,2.0,1.0,0.0,1065.76,4.3984375,3.3203125,2.2109375
0.0,1.0,0.0,0.0,0.0,0.0,0.0,0.0,0.3100586,8.0,18.0,3.0,3.0,0.0,0.0,1065.76,4.5703125,3.3808594,2.1191406
0.0,1.0,0.0,0.0,0.0,0.0,0.0,0.0,0.30004883,6.0,16.0,3.0,3.0,3.0,0.0,1066.07,4.6796875,3.1191406,2.1308594
0.0,1.0,0.0,0.0,0.0,0.0,0.0,0.0,0.39990234,4.0,16.0,3.0,3.0,1.0,0.0,1066.14,5.109375,3.4902344,2.3496094
0.0,1.0,0.0,0.0,0.0,0.0,0.0,0.0,0.33007812,8.0,14.0,3.0,3.0,2.0,0.0,1066.41,4.6914062,3.3496094,2.1601562
0.0,1.0,0.0,0.0,0.0,0.0,0.0,0.0,0.32006836,7.0,18.0,3.0,3.0,1.0,0.0,1066.49,4.859375,3.2597656,2.1308594
0.0,1.0,0.0,0.0,0.0,0.0,0.0,0.0,0.3400879,6.0,17.0,3.0,3.0,2.0,0.0,1066.63,4.6796875,3.4492188,2.2304688
0.0,1.0,0.0,0.0,0.0,0.0,0.0,0.0,0.33007812,7.0,17.0,3.0,2.0,1.0,0.0,1066.91,4.578125,3.390625,2.2207031
0.0,1.0,0.0,0.0,0.0,0.0,0.0,0.0,0.36010742,8.0,17.0,3.0,2.0,1.0,2.0,1066.93,4.921875,3.3398438,2.25
0.0,1.0,0.0,0.0,0.0,0.0,0.0,0.0,0.30004883,8.0,17.0,3.0,3.0,1.0,0.0,1067.13,4.4101562,3.1699219,2.1601562
0.0,1.0,0.0,0.0,0.0,0.0,0.0,0.0,0.33007812,5.0,18.0,3.0,3.0,2.0,0.0,1030.68,4.5898438,3.3691406,2.3007812
0.0,1.0,0.0,0.0,0.0,0.0,0.0,0.0,0.30004883,5.0,17.0,3.0,3.0,2.0,0.0,1031.12,4.7695312,3.1308594,2.109375
0.0,1.0,0.0,0.0,0.0,0.0,0.0,0.0,0.30004883,6.0,16.0,3.0,3.0,2.0,0.0,1031.12,4.75,3.2207031,2.0
0.0,1.0,0.0,0.0,0.0,0.0,0.0,0.0,0.3100586,7.0,16.0,3.0,3.0,2.0,2.0,1031.2,4.5507812,3.3105469,2.2304688
0.0,1.0,0.0,0.0,0.0,0.0,0.0,0.0,0.3100586,5.0,18.0,3.0,3.0,2.0,0.0,1031.2,4.5585938,3.3398438,2.1992188
0.0,1.0,0.0,0.0,0.0,0.0,0.0,0.0,0.39990234,4.0,14.0,3.0,2.0,2.0,0.0,1031.63,5.25,3.3808594,2.3105469
0.0,1.0,0.0,0.0,0.0,0.0,0.0,0.0,0.30004883,7.0,18.0,3.0,3.0,1.0,0.0,1031.66,4.71875,3.1699219,2.1191406
0.0,1.0,0.0,0.0,0.0,0.0,0.0,0.0,0.3100586,5.0,17.0,3.0,2.0,2.0,0.0,1031.68,4.8007812,3.2792969,1.9404297
0.0,1.0,0.0,0.0,0.0,0.0,0.0,0.0,0.32006836,6.0,15.0,3.0,3.0,2.0,0.0,1031.93,4.671875,3.3808594,2.1503906
0.0,1.0,0.0,0.0,0.0,0.0,0.0,0.0,0.32006836,6.0,18.0,3.0,2.0,2.0,0.0,1032.39,4.7890625,3.1601562,2.1308594
0.0,1.0,0.0,0.0,0.0,0.0,0.0,0.0,0.3100586,7.0,17.0,3.0,3.0,1.0,0.0,1032.69,4.890625,3.1308594,2.0605469
0.0,1.0,0.0,0.0,0.0,0.0,0.0,0.0,0.3400879,6.0,15.0,2.0,3.0,1.0,0.0,1032.71,4.7382812,3.4394531,2.140625
0.0,1.0,0.0,0.0,0.0,0.0,0.0,0.0,0.30004883,7.0,17.0,3.0,2.0,2.0,0.0,1033.1,4.7890625,3.1601562,2.0195312
0.0,1.0,0.0,0.0,0.0,0.0,0.0,0.0,0.30004883,8.0,18.0,3.0,3.0,1.0,0.0,1033.64,4.4882812,3.359375,2.2207031
0.0,1.0,0.0,0.0,0.0,0.0,0.0,0.0,0.33007812,6.0,16.0,3.0,2.0,2.0,0.0,1034.08,4.9101562,3.25,2.1894531
0.0,1.0,0.0,0.0,0.0,0.0,0.0,0.0,0.52001953,4.0,10.0,3.0,3.0,2.0,2.0,1057.74,5.578125,3.9902344,2.5195312
0.0,1.0,0.0,0.0,0.0,0.0,0.0,0.0,0.5,5.0,10.0,2.0,2.0,2.0,0.0,1058.18,5.4609375,3.6503906,2.5097656
0.0,1.0,0.0,0.0,0.0,0.0,0.0,0.0,0.3100586,6.0,18.0,3.0,2.0,2.0,0.0,1058.89,4.9609375,3.0996094,2.0507812
0.0,1.0,0.0,0.0,0.0,0.0,0.0,0.0,0.30004883,7.0,17.0,3.0,2.0,2.0,0.0,1058.95,4.78125,3.0996094,2.0996094
0.0,1.0,0.0,0.0,0.0,0.0,0.0,0.0,0.30004883,6.0,18.0,3.0,2.0,2.0,0.0,1058.95,4.8789062,3.1796875,2.0292969
0.0,1.0,0.0,0.0,0.0,0.0,0.0,0.0,0.30004883,6.0,18.0,3.0,2.0,2.0,0.0,1058.95,4.6601562,3.1308594,2.140625
0.0,1.0,0.0,0.0,0.0,0.0,0.0,0.0,0.30004883,6.0,18.0,3.0,2.0,2.0,0.0,1058.95,4.3203125,3.2890625,2.2597656
0.0,1.0,0.0,0.0,0.0,0.0,0.0,0.0,0.54003906,6.0,10.0,3.0,2.0,2.0,0.0,1058.97,5.390625,3.9902344,2.5996094
0.0,1.0,0.0,0.0,0.0,0.0,0.0,0.0,0.32006836,7.0,17.0,3.0,2.0,1.0,0.0,1059.43,5.0,3.2304688,2.1308594
0.0,1.0,0.0,0.0,0.0,0.0,0.0,0.0,0.30004883,6.0,17.0,3.0,2.0,2.0,0.0,1060.0,4.9414062,3.1699219,2.0605469
0.0,1.0,0.0,0.0,0.0,0.0,0.0,0.0,0.30004883,7.0,18.0,2.0,2.0,2.0,0.0,1060.0,4.7617188,3.1191406,2.0
0.0,1.0,0.0,0.0,0.0,0.0,0.0,0.0,0.36010742,8.0,14.0,3.0,2.0,2.0,0.0,1060.24,4.9492188,3.4804688,2.2304688
0.0,1.0,0.0,0.0,0.0,0.0,0.0,0.0,0.5498047,7.0,17.0,3.0,3.0,3.0,0.0,1060.46,5.6289062,3.75,2.5996094
0.0,1.0,0.0,0.0,0.0,0.0,0.0,0.0,0.3100586,7.0,18.0,3.0,3.0,2.0,0.0,1060.56,4.4804688,3.3105469,2.2402344
0.0,1.0,0.0,0.0,0.0,0.0,0.0,0.0,0.33007812,7.0,16.0,2.0,2.0,1.0,0.0,1061.4,5.03125,3.1503906,2.1503906
0.0,1.0,0.0,0.0,0.0,0.0,0.0,0.0,0.39990234,4.0,14.0,3.0,2.0,2.0,0.0,1055.32,5.0585938,3.6308594,2.2304688
0.0,1.0,0.0,0.0,0.0,0.0,0.0,0.0,0.39990234,5.0,13.0,2.0,2.0,1.0,0.0,1055.32,5.140625,3.6503906,2.2304688
0.0,1.0,0.0,0.0,0.0,0.0,0.0,0.0,0.3798828,5.0,16.0,3.0,2.0,2.0,0.0,1055.39,5.21875,3.4003906,2.2597656
0.0,1.0,0.0,0.0,0.0,0.0,0.0,0.0,0.3400879,5.0,18.0,3.0,3.0,1.0,0.0,1055.71,4.8789062,3.2792969,2.1796875
0.0,1.0,0.0,0.0,0.0,0.0,0.0,0.0,0.3100586,6.0,17.0,3.0,3.0,2.0,0.0,1055.79,4.5703125,3.3808594,2.2207031
0.0,1.0,0.0,0.0,0.0,0.0,0.0,0.0,0.32006836,6.0,18.0,3.0,2.0,2.0,0.0,1056.18,4.7890625,3.1601562,2.109375
0.0,1.0,0.0,0.0,0.0,0.0,0.0,0.0,0.32006836,6.0,18.0,3.0,3.0,2.0,0.0,1056.18,4.8398438,3.2597656,2.1503906
0.0,1.0,0.0,0.0,0.0,0.0,0.0,0.0,0.3400879,5.0,16.0,3.0,2.0,2.0,2.0,1056.25,5.0703125,3.2597656,2.0996094
0.0,1.0,0.0,0.0,0.0,0.0,0.0,0.0,0.3400879,6.0,17.0,3.0,3.0,2.0,0.0,1056.91,4.53125,3.359375,2.2792969
0.0,1.0,0.0,0.0,0.0,0.0,0.0,0.0,0.33007812,6.0,16.0,3.0,3.0,2.0,0.0,1056.96,4.578125,3.3300781,2.2597656
0.0,1.0,0.0,0.0,0.0,0.0,0.0,0.0,0.33007812,6.0,16.0,3.0,3.0,2.0,2.0,1056.96,4.828125,3.1992188,2.1894531
0.0,1.0,0.0,0.0,0.0,0.0,0.0,0.0,0.3100586,7.0,17.0,2.0,3.0,2.0,0.0,1057.31,4.5,3.3496094,2.1503906
0.0,1.0,0.0,0.0,0.0,0.0,0.0,0.0,0.3100586,8.0,16.0,2.0,3.0,1.0,0.0,1057.31,4.9882812,3.1796875,1.9199219
0.0,1.0,0.0,0.0,0.0,0.0,0.0,0.0,0.3100586,8.0,16.0,3.0,3.0,1.0,0.0,1057.31,4.4882812,3.4394531,2.2597656
0.0,1.0,0.0,0.0,0.0,0.0,0.0,0.0,0.30004883,8.0,18.0,3.0,2.0,1.0,0.0,1057.5,4.9492188,3.2109375,2.0390625
0.0,1.0,0.0,0.0,0.0,0.0,0.0,0.0,0.5,4.0,10.0,3.0,3.0,2.0,0.0,1034.31,5.3710938,3.8300781,2.4296875
0.0,1.0,0.0,0.0,0.0,0.0,0.0,0.0,0.32006836,6.0,16.0,3.0,3.0,2.0,0.0,1034.6,4.6289062,3.3496094,2.1503906
0.0,1.0,0.0,0.0,0.0,0.0,0.0,0.0,0.32006836,6.0,16.0,3.0,2.0,1.0,0.0,1035.18,4.7382812,3.1992188,2.1699219
0.0,1.0,0.0,0.0,0.0,0.0,0.0,0.0,0.3100586,6.0,16.0,3.0,2.0,2.0,0.0,1035.36,4.8398438,3.2109375,2.0996094
0.0,1.0,0.0,0.0,0.0,0.0,0.0,0.0,0.30004883,6.0,18.0,3.0,3.0,2.0,0.0,1035.63,4.78125,3.2207031,2.0996094
0.0,1.0,0.0,0.0,0.0,0.0,0.0,0.0,0.32006836,9.0,17.0,3.0,1.0,1.0,0.0,1035.63,4.578125,3.3808594,2.2890625
0.0,1.0,0.0,0.0,0.0,0.0,0.0,0.0,0.30004883,8.0,18.0,3.0,2.0,1.0,0.0,1035.72,4.640625,3.1308594,2.0097656
0.0,1.0,0.0,0.0,0.0,0.0,0.0,0.0,0.30004883,5.0,17.0,3.0,3.0,2.0,0.0,1036.14,4.4882812,3.3300781,2.1894531
0.0,1.0,0.0,0.0,0.0,0.0,0.0,0.0,0.39990234,4.0,15.0,3.0,2.0,1.0,2.0,1036.38,5.109375,3.4804688,2.2792969
0.0,1.0,0.0,0.0,0.0,0.0,0.0,0.0,0.3400879,8.0,16.0,3.0,2.0,2.0,2.0,1036.71,4.8515625,3.4003906,2.2597656
0.0,1.0,0.0,0.0,0.0,0.0,0.0,0.0,0.3100586,7.0,17.0,3.0,3.0,1.0,0.0,1036.88,4.4414062,3.2792969,2.2402344
0.0,1.0,0.0,0.0,0.0,0.0,0.0,0.0,0.3100586,7.0,17.0,3.0,1.0,1.0,0.0,1036.88,4.390625,3.25,2.2109375
0.0,1.0,0.0,0.0,0.0,0.0,0.0,0.0,0.33007812,6.0,16.0,3.0,3.0,1.0,0.0,1036.88,4.8085938,3.2792969,2.1796875
0.0,1.0,0.0,0.0,0.0,0.0,0.0,0.0,0.30004883,8.0,17.0,2.0,3.0,2.0,0.0,1037.24,4.8398438,3.2304688,1.9003906
0.0,1.0,0.0,0.0,0.0,0.0,0.0,0.0,0.30004883,8.0,17.0,3.0,2.0,2.0,2.0,1037.24,4.828125,3.109375,2.0703125
0.0,1.0,0.0,0.0,0.0,0.0,0.0,0.0,0.48999023,5.0,13.0,2.0,3.0,2.0,2.0,1326.02,5.3515625,3.7304688,2.5605469
0.0,1.0,0.0,0.0,0.0,0.0,0.0,0.0,0.41992188,6.0,15.0,3.0,3.0,2.0,0.0,1326.11,4.96875,3.6601562,2.4199219
0.0,1.0,0.0,0.0,0.0,0.0,0.0,0.0,0.39990234,5.0,16.0,3.0,3.0,1.0,0.0,1326.33,5.140625,3.3808594,2.3007812
0.0,1.0,0.0,0.0,0.0,0.0,0.0,0.0,0.39990234,6.0,15.0,3.0,2.0,1.0,0.0,1326.33,5.2109375,3.4707031,2.2402344
0.0,1.0,0.0,0.0,0.0,0.0,0.0,0.0,0.52001953,5.0,12.0,3.0,3.0,2.0,0.0,1326.65,5.71875,3.7402344,2.4101562
0.0,1.0,0.0,0.0,0.0,0.0,0.0,0.0,0.4099121,5.0,17.0,3.0,1.0,2.0,0.0,1328.24,5.3007812,3.3808594,2.2402344
0.0,1.0,0.0,0.0,0.0,0.0,0.0,0.0,0.39990234,5.0,17.0,3.0,3.0,2.0,0.0,1328.48,4.9414062,3.7304688,2.3398438
0.0,1.0,0.0,0.0,0.0,0.0,0.0,0.0,0.41992188,8.0,15.0,3.0,3.0,3.0,2.0,1328.93,5.3007812,3.5800781,2.3300781
0.0,1.0,0.0,0.0,0.0,0.0,0.0,0.0,0.4099121,7.0,18.0,2.0,3.0,2.0,2.0,1328.98,5.0585938,3.8007812,2.3808594
0.0,1.0,0.0,0.0,0.0,0.0,0.0,0.0,0.39990234,6.0,18.0,2.0,2.0,1.0,2.0,1329.02,5.3515625,3.4492188,2.2402344
0.0,1.0,0.0,0.0,0.0,0.0,0.0,0.0,0.39990234,5.0,18.0,2.0,2.0,2.0,0.0,1329.03,4.9882812,3.7695312,2.25
0.0,1.0,0.0,0.0,0.0,0.0,0.0,0.0,0.52001953,6.0,12.0,3.0,2.0,1.0,2.0,1329.32,5.671875,3.7695312,2.4394531
0.0,1.0,0.0,0.0,0.0,0.0,0.0,0.0,0.39990234,5.0,17.0,3.0,2.0,2.0,0.0,1329.81,5.1015625,3.5292969,2.2304688
0.0,1.0,0.0,0.0,0.0,0.0,0.0,0.0,0.52001953,4.0,13.0,3.0,3.0,2.0,2.0,1330.4,5.78125,3.7304688,2.4492188
0.0,1.0,0.0,0.0,0.0,0.0,0.0,0.0,0.4099121,5.0,16.0,3.0,2.0,1.0,0.0,1330.96,5.421875,3.5292969,2.2890625
0.0,1.0,0.0,0.0,0.0,0.0,0.0,0.0,0.30004883,8.0,18.0,3.0,3.0,2.0,0.0,1140.11,4.5,3.3300781,2.1503906
0.0,1.0,0.0,0.0,0.0,0.0,0.0,0.0,0.3100586,8.0,17.0,3.0,3.0,2.0,0.0,1140.65,4.5898438,3.359375,2.1308594
0.0,1.0,0.0,0.0,0.0,0.0,0.0,0.0,0.3400879,7.0,16.0,3.0,3.0,2.0,0.0,1141.31,5.0117188,3.2695312,2.140625
0.0,1.0,0.0,0.0,0.0,0.0,0.0,0.0,0.5,3.0,16.0,2.0,3.0,2.0,0.0,1142.87,5.921875,3.7597656,2.2402344
0.0,1.0,0.0,0.0,0.0,0.0,0.0,0.0,0.39990234,8.0,13.0,3.0,3.0,2.0,0.0,1143.18,5.109375,3.4394531,2.3496094
0.0,1.0,0.0,0.0,0.0,0.0,0.0,0.0,0.32006836,8.0,17.0,3.0,2.0,1.0,0.0,1143.35,4.8984375,3.1699219,2.1601562
0.0,1.0,0.0,0.0,0.0,0.0,0.0,0.0,0.32006836,7.0,18.0,3.0,3.0,2.0,0.0,1143.35,4.8085938,3.1308594,2.1308594
0.0,1.0,0.0,0.0,0.0,0.0,0.0,0.0,0.39990234,5.0,15.0,1.0,3.0,1.0,2.0,1143.79,5.2382812,3.3007812,2.2597656
0.0,1.0,0.0,0.0,0.0,0.0,0.0,0.0,0.39990234,4.0,18.0,3.0,2.0,1.0,0.0,1143.79,4.9296875,3.6992188,2.4003906
0.0,1.0,0.0,0.0,0.0,0.0,0.0,0.0,0.52001953,8.0,11.0,3.0,3.0,1.0,4.0,1143.99,5.578125,3.7109375,2.4492188
0.0,1.0,0.0,0.0,0.0,0.0,0.0,0.0,0.38989258,5.0,18.0,2.0,2.0,2.0,2.0,1144.1,5.25,3.4101562,2.1894531
0.0,1.0,0.0,0.0,0.0,0.0,0.0,0.0,0.4099121,5.0,14.0,2.0,3.0,1.0,0.0,1144.57,4.8984375,3.6503906,2.3496094
0.0,1.0,0.0,0.0,0.0,0.0,0.0,0.0,0.39990234,5.0,14.0,3.0,3.0,2.0,2.0,1145.23,4.859375,3.5390625,2.3808594
0.0,1.0,0.0,0.0,0.0,0.0,0.0,0.0,0.39990234,5.0,14.0,3.0,2.0,1.0,2.0,1145.23,5.0,3.4707031,2.3691406
0.0,1.0,0.0,0.0,0.0,0.0,0.0,0.0,0.5,5.0,11.0,3.0,3.0,1.0,2.0,1145.9,5.2617188,3.7792969,2.5703125
0.0,1.0,0.0,0.0,0.0,0.0,0.0,0.0,0.44995117,9.0,12.0,3.0,3.0,2.0,2.0,1170.83,5.5898438,3.5898438,2.3300781
0.0,1.0,0.0,0.0,0.0,0.0,0.0,0.0,0.3701172,7.0,17.0,3.0,3.0,2.0,0.0,1172.15,4.8085938,3.5292969,2.3203125
0.0,1.0,0.0,0.0,0.0,0.0,0.0,0.0,0.39990234,3.0,18.0,3.0,3.0,2.0,0.0,1172.2,5.2617188,3.4199219,2.1894531
0.0,1.0,0.0,0.0,0.0,0.0,0.0,0.0,0.35009766,7.0,17.0,3.0,2.0,2.0,0.0,1173.2,5.1914062,3.3300781,2.2207031
0.0,1.0,0.0,0.0,0.0,0.0,0.0,0.0,0.39990234,5.0,15.0,1.0,2.0,1.0,0.0,1173.54,4.640625,3.5195312,2.5195312
0.0,1.0,0.0,0.0,0.0,0.0,0.0,0.0,0.30004883,9.0,18.0,3.0,2.0,1.0,0.0,1173.57,4.578125,3.0996094,2.140625
0.0,1.0,0.0,0.0,0.0,0.0,0.0,0.0,0.5,5.0,12.0,1.0,2.0,1.0,2.0,1173.79,5.0195312,3.75,2.6992188
0.0,1.0,0.0,0.0,0.0,0.0,0.0,0.0,0.5,5.0,13.0,3.0,3.0,2.0,0.0,1174.15,5.1601562,3.7890625,2.5898438
0.0,1.0,0.0,0.0,0.0,0.0,0.0,0.0,0.39990234,5.0,15.0,2.0,2.0,1.0,0.0,1174.21,5.3203125,3.4804688,2.2109375
0.0,1.0,0.0,0.0,0.0,0.0,0.0,0.0,0.33007812,8.0,17.0,3.0,2.0,2.0,0.0,1175.14,4.578125,3.3691406,2.2695312
0.0,1.0,0.0,0.0,0.0,0.0,0.0,0.0,0.33007812,8.0,17.0,3.0,3.0,2.0,0.0,1175.14,4.9609375,3.2109375,2.0996094
0.0,1.0,0.0,0.0,0.0,0.0,0.0,0.0,0.36010742,6.0,17.0,3.0,3.0,3.0,0.0,1175.83,4.8398438,3.5390625,2.2695312
0.0,1.0,0.0,0.0,0.0,0.0,0.0,0.0,0.3100586,8.0,18.0,3.0,2.0,2.0,0.0,1176.27,4.9101562,3.1894531,2.1308594
0.0,1.0,0.0,0.0,0.0,0.0,0.0,0.0,0.41992188,7.0,17.0,3.0,3.0,2.0,1.0,1176.27,4.9804688,3.640625,2.3808594
0.0,1.0,0.0,0.0,0.0,0.0,0.0,0.0,0.39990234,5.0,18.0,2.0,2.0,0.0,0.0,1176.97,4.96875,3.5097656,2.359375
0.0,1.0,0.0,0.0,0.0,0.0,0.0,0.0,0.39990234,6.0,14.0,3.0,3.0,2.0,0.0,1284.47,4.8984375,3.5898438,2.2695312
0.0,1.0,0.0,0.0,0.0,0.0,0.0,0.0,0.4099121,5.0,14.0,3.0,3.0,3.0,0.0,1285.26,5.4296875,3.4492188,2.2304688
0.0,1.0,0.0,0.0,0.0,0.0,0.0,0.0,0.39990234,8.0,15.0,3.0,3.0,1.0,0.0,1285.8,4.9804688,3.6699219,2.3007812
0.0,1.0,0.0,0.0,0.0,0.0,0.0,0.0,0.52001953,3.0,13.0,3.0,3.0,2.0,0.0,1286.36,5.1796875,3.8300781,2.609375
0.0,1.0,0.0,0.0,0.0,0.0,0.0,0.0,0.39990234,7.0,16.0,3.0,2.0,1.0,0.0,1287.1,5.109375,3.5,2.3398438
0.0,1.0,0.0,0.0,0.0,0.0,0.0,0.0,0.3100586,9.0,18.0,3.0,3.0,2.0,0.0,1287.39,4.71875,3.1601562,2.1601562
0.0,1.0,0.0,0.0,0.0,0.0,0.0,0.0,0.5,3.0,14.0,2.0,2.0,1.0,0.0,1287.86,5.53125,3.8398438,2.3398438
0.0,1.0,0.0,0.0,0.0,0.0,0.0,0.0,0.32006836,9.0,18.0,3.0,3.0,2.0,0.0,1288.19,4.4882812,3.3007812,2.25
0.0,1.0,0.0,0.0,0.0,0.0,0.0,0.0,0.39990234,6.0,18.0,2.0,3.0,1.0,0.0,1288.46,5.2109375,3.5292969,2.2402344
0.0,1.0,0.0,0.0,0.0,0.0,0.0,0.0,0.4099121,5.0,17.0,2.0,2.0,1.0,0.0,1288.76,5.21875,3.5292969,2.3398438
0.0,1.0,0.0,0.0,0.0,0.0,0.0,0.0,0.4099121,5.0,16.0,3.0,2.0,2.0,2.0,1288.76,5.0195312,3.5996094,2.4199219
0.0,1.0,0.0,0.0,0.0,0.0,0.0,0.0,0.4099121,5.0,15.0,3.0,3.0,2.0,0.0,1289.35,5.0898438,3.6503906,2.390625
0.0,1.0,0.0,0.0,0.0,0.0,0.0,0.0,0.45996094,4.0,17.0,2.0,3.0,1.0,0.0,1289.67,5.5585938,3.5292969,2.4101562
0.0,1.0,0.0,0.0,0.0,0.0,0.0,0.0,0.4099121,8.0,16.0,3.0,3.0,2.0,2.0,1290.11,4.96875,3.8007812,2.4101562
0.0,1.0,0.0,0.0,0.0,0.0,0.0,0.0,0.4099121,5.0,17.0,3.0,3.0,2.0,2.0,1290.13,4.8984375,3.6992188,2.4707031
0.0,1.0,0.0,0.0,0.0,0.0,0.0,0.0,0.3400879,7.0,17.0,3.0,2.0,2.0,0.0,1155.08,4.71875,3.4394531,2.2304688
0.0,1.0,0.0,0.0,0.0,0.0,0.0,0.0,0.5,4.0,12.0,2.0,1.0,1.0,0.0,1155.23,5.5195312,3.5800781,2.5
0.0,1.0,0.0,0.0,0.0,0.0,0.0,0.0,0.3100586,8.0,18.0,3.0,3.0,2.0,0.0,1155.28,4.6796875,3.2890625,2.1191406
0.0,1.0,0.0,0.0,0.0,0.0,0.0,0.0,0.30004883,8.0,18.0,3.0,3.0,2.0,0.0,1155.32,4.6484375,3.2402344,2.1191406
0.0,1.0,0.0,0.0,0.0,0.0,0.0,0.0,0.5,4.0,12.0,3.0,3.0,3.0,0.0,1155.94,5.5507812,3.6503906,2.5
0.0,1.0,0.0,0.0,0.0,0.0,0.0,0.0,0.39990234,7.0,14.0,2.0,2.0,2.0,2.0,1156.64,4.828125,3.4707031,2.4003906
0.0,1.0,0.0,0.0,0.0,0.0,0.0,0.0,0.39990234,6.0,16.0,3.0,2.0,2.0,1.0,1156.7,5.1914062,3.4101562,2.3300781
0.0,1.0,0.0,0.0,0.0,0.0,0.0,0.0,0.3798828,7.0,17.0,2.0,3.0,2.0,0.0,1156.81,4.9296875,3.4003906,2.3496094
0.0,1.0,0.0,0.0,0.0,0.0,0.0,0.0,0.33007812,6.0,18.0,3.0,3.0,2.0,0.0,1158.38,4.921875,3.2109375,2.1601562
0.0,1.0,0.0,0.0,0.0,0.0,0.0,0.0,0.42993164,7.0,13.0,3.0,2.0,0.0,0.0,1158.55,5.328125,3.5605469,2.2402344
0.0,1.0,0.0,0.0,0.0,0.0,0.0,0.0,0.4399414,8.0,14.0,3.0,2.0,2.0,1.0,1159.07,5.078125,3.7597656,2.3496094
0.0,1.0,0.0,0.0,0.0,0.0,0.0,0.0,0.30004883,9.0,18.0,3.0,3.0,1.0,0.0,1159.37,4.46875,3.2304688,2.1601562
0.0,1.0,0.0,0.0,0.0,0.0,0.0,0.0,0.3100586,8.0,18.0,3.0,2.0,1.0,0.0,1159.56,4.5585938,3.359375,2.1894531
0.0,1.0,0.0,0.0,0.0,0.0,0.0,0.0,0.32006836,8.0,17.0,3.0,3.0,2.0,0.0,1161.2,4.6015625,3.2597656,2.1894531
0.0,1.0,0.0,0.0,0.0,0.0,0.0,0.0,0.39990234,5.0,15.0,2.0,3.0,1.0,0.0,1161.37,4.828125,3.5605469,2.4492188
0.0,1.0,0.0,0.0,0.0,0.0,0.0,0.0,0.39990234,6.0,15.0,2.0,2.0,1.0,0.0,1176.98,5.0585938,3.3691406,2.3496094
0.0,1.0,0.0,0.0,0.0,0.0,0.0,0.0,0.39990234,7.0,13.0,2.0,3.0,1.0,0.0,1177.59,4.7382812,3.5097656,2.5
0.0,1.0,0.0,0.0,0.0,0.0,0.0,0.0,0.32006836,8.0,17.0,3.0,3.0,2.0,0.0,1177.96,4.7382812,3.3691406,2.1992188
0.0,1.0,0.0,0.0,0.0,0.0,0.0,0.0,0.39990234,7.0,18.0,3.0,2.0,2.0,1.0,1179.79,4.9414062,3.640625,2.3203125
0.0,1.0,0.0,0.0,0.0,0.0,0.0,0.0,0.39990234,6.0,15.0,2.0,3.0,1.0,0.0,1181.66,4.6484375,3.5097656,2.4492188
0.0,1.0,0.0,0.0,0.0,0.0,0.0,0.0,0.39990234,8.0,13.0,3.0,3.0,1.0,0.0,1182.36,4.8398438,3.5292969,2.359375
0.0,1.0,0.0,0.0,0.0,0.0,0.0,0.0,0.39990234,5.0,18.0,2.0,3.0,1.0,2.0,1182.41,4.9492188,3.4394531,2.3691406
0.0,1.0,0.0,0.0,0.0,0.0,0.0,0.0,0.39990234,4.0,15.0,3.0,2.0,2.0,0.0,1182.43,5.078125,3.5,2.3398438
0.0,1.0,0.0,0.0,0.0,0.0,0.0,0.0,0.39990234,7.0,14.0,2.0,3.0,2.0,2.0,1183.0,5.0117188,3.5292969,2.4199219
0.0,1.0,0.0,0.0,0.0,0.0,0.0,0.0,0.3400879,8.0,16.0,3.0,3.0,2.0,0.0,1183.24,4.9609375,3.2402344,2.0703125
0.0,1.0,0.0,0.0,0.0,0.0,0.0,0.0,0.3100586,9.0,18.0,3.0,3.0,1.0,0.0,1184.12,4.53125,3.3300781,2.2402344
0.0,1.0,0.0,0.0,0.0,0.0,0.0,0.0,0.39990234,6.0,15.0,2.0,3.0,1.0,2.0,1184.37,4.9882812,3.7597656,2.3007812
0.0,1.0,0.0,0.0,0.0,0.0,0.0,0.0,0.5,7.0,11.0,3.0,3.0,2.0,2.0,1185.32,5.1914062,3.8105469,2.5996094
0.0,1.0,0.0,0.0,0.0,0.0,0.0,0.0,0.39990234,7.0,14.0,3.0,2.0,1.0,0.0,1185.7,5.2617188,3.5097656,2.3105469
0.0,1.0,0.0,0.0,0.0,0.0,0.0,0.0,0.39990234,6.0,16.0,3.0,2.0,1.0,0.0,1290.55,5.359375,3.4609375,2.2109375
0.0,1.0,0.0,0.0,0.0,0.0,0.0,0.0,0.39990234,6.0,16.0,3.0,3.0,1.0,0.0,1290.55,5.03125,3.6191406,2.3808594
0.0,1.0,0.0,0.0,0.0,0.0,0.0,0.0,0.39990234,6.0,17.0,2.0,2.0,2.0,0.0,1290.62,4.6992188,3.4804688,2.3496094
0.0,1.0,0.0,0.0,0.0,0.0,0.0,0.0,0.4099121,5.0,17.0,3.0,3.0,2.0,1.0,1290.74,5.2382812,3.4804688,2.3105469
0.0,1.0,0.0,0.0,0.0,0.0,0.0,0.0,0.5,6.0,12.0,3.0,3.0,2.0,0.0,1291.19,5.140625,3.8105469,2.5996094
0.0,1.0,0.0,0.0,0.0,0.0,0.0,0.0,0.4099121,5.0,18.0,3.0,3.0,2.0,2.0,1291.5,5.2304688,3.4707031,2.2695312
0.0,1.0,0.0,0.0,0.0,0.0,0.0,0.0,0.39990234,5.0,17.0,3.0,2.0,2.0,2.0,1291.89,5.1796875,3.5703125,2.3300781
0.0,1.0,0.0,0.0,0.0,0.0,0.0,0.0,0.39990234,8.0,14.0,3.0,2.0,2.0,0.0,1291.89,5.140625,3.4003906,2.2597656
0.0,1.0,0.0,0.0,0.0,0.0,0.0,0.0,0.39990234,6.0,15.0,2.0,3.0,2.0,0.0,1291.97,5.3789062,3.4394531,2.1601562
0.0,1.0,0.0,0.0,0.0,0.0,0.0,0.0,0.5,6.0,12.0,2.0,3.0,1.0,2.0,1292.53,5.0195312,3.7792969,2.6503906
0.0,1.0,0.0,0.0,0.0,0.0,0.0,0.0,0.39990234,7.0,13.0,3.0,3.0,2.0,0.0,1292.58,5.1796875,3.4003906,2.2890625
0.0,1.0,0.0,0.0,0.0,0.0,0.0,0.0,0.39990234,6.0,16.0,2.0,3.0,2.0,0.0,1292.63,4.9492188,3.4804688,2.3808594
0.0,1.0,0.0,0.0,0.0,0.0,0.0,0.0,0.42993164,8.0,14.0,3.0,2.0,2.0,0.0,1292.93,5.4101562,3.5195312,2.2597656
0.0,1.0,0.0,0.0,0.0,0.0,0.0,0.0,0.39990234,5.0,16.0,2.0,3.0,2.0,0.0,1293.26,4.9414062,3.5,2.4101562
0.0,1.0,0.0,0.0,0.0,0.0,0.0,0.0,0.39990234,5.0,16.0,3.0,2.0,2.0,0.0,1293.26,4.71875,3.5605469,2.4609375
0.0,1.0,0.0,0.0,0.0,0.0,0.0,0.0,0.5698242,7.0,10.0,3.0,2.0,1.0,0.0,1198.33,5.828125,3.8691406,2.4707031
0.0,1.0,0.0,0.0,0.0,0.0,0.0,0.0,0.32006836,9.0,18.0,3.0,3.0,1.0,0.0,1199.6,4.7304688,3.3203125,2.1503906
0.0,1.0,0.0,0.0,0.0,0.0,0.0,0.0,0.33007812,8.0,18.0,3.0,3.0,2.0,0.0,1199.71,4.6484375,3.4101562,2.1699219
0.0,1.0,0.0,0.0,0.0,0.0,0.0,0.0,0.5,4.0,13.0,3.0,2.0,2.0,0.0,1199.94,5.3398438,3.859375,2.5292969
0.0,1.0,0.0,0.0,0.0,0.0,0.0,0.0,0.39990234,5.0,17.0,2.0,3.0,2.0,2.0,1199.98,5.1289062,3.359375,2.3398438
0.0,1.0,0.0,0.0,0.0,0.0,0.0,0.0,0.39990234,5.0,16.0,2.0,3.0,1.0,0.0,1199.98,4.7382812,3.5390625,2.4003906
0.0,1.0,0.0,0.0,0.0,0.0,0.0,0.0,0.39990234,5.0,16.0,2.0,3.0,2.0,2.0,1199.98,4.7695312,3.5195312,2.4101562
0.0,1.0,0.0,0.0,0.0,0.0,0.0,0.0,0.3100586,9.0,18.0,3.0,3.0,2.0,0.0,1200.41,4.671875,3.2109375,2.0605469
0.0,1.0,0.0,0.0,0.0,0.0,0.0,0.0,0.39990234,6.0,15.0,2.0,2.0,1.0,0.0,1201.25,5.1992188,3.4003906,2.1992188
0.0,1.0,0.0,0.0,0.0,0.0,0.0,0.0,0.39990234,5.0,16.0,2.0,3.0,2.0,0.0,1201.96,4.6796875,3.5195312,2.4609375
0.0,1.0,0.0,0.0,0.0,0.0,0.0,0.0,0.4099121,7.0,14.0,2.0,3.0,2.0,0.0,1202.05,4.9609375,3.8105469,2.4199219
0.0,1.0,0.0,0.0,0.0,0.0,0.0,0.0,0.5097656,7.0,11.0,3.0,3.0,2.0,0.0,1202.1,5.3007812,3.9199219,2.5
0.0,1.0,0.0,0.0,0.0,0.0,0.0,0.0,0.6201172,3.0,11.0,3.0,2.0,2.0,1.0,1202.55,5.5195312,4.0898438,2.7890625
0.0,1.0,0.0,0.0,0.0,0.0,0.0,0.0,0.58984375,7.0,10.0,2.0,2.0,1.0,0.0,1202.59,6.0117188,3.9199219,2.6191406
0.0,1.0,0.0,0.0,0.0,0.0,0.0,0.0,0.39990234,8.0,13.0,3.0,2.0,1.0,0.0,1202.65,4.8710938,3.4902344,2.3691406
0.0,1.0,0.0,0.0,0.0,0.0,0.0,0.0,0.39990234,7.0,18.0,3.0,3.0,2.0,4.0,1277.07,5.171875,3.5097656,2.2304688
0.0,1.0,0.0,0.0,0.0,0.0,0.0,0.0,0.45996094,4.0,17.0,3.0,3.0,2.0,0.0,1277.12,5.1914062,3.8105469,2.390625
0.0,1.0,0.0,0.0,0.0,0.0,0.0,0.0,0.39990234,6.0,17.0,3.0,3.0,1.0,0.0,1277.72,5.2304688,3.5292969,2.390625
0.0,1.0,0.0,0.0,0.0,0.0,0.0,0.0,0.5,6.0,13.0,2.0,3.0,2.0,0.0,1277.73,5.28125,4.0,2.390625
0.0,1.0,0.0,0.0,0.0,0.0,0.0,0.0,0.39990234,5.0,16.0,3.0,3.0,2.0,0.0,1277.78,4.8007812,3.5,2.390625
0.0,1.0,0.0,0.0,0.0,0.0,0.0,0.0,0.4699707,7.0,13.0,3.0,3.0,1.0,0.0,1277.78,5.5507812,3.5097656,2.4003906
0.0,1.0,0.0,0.0,0.0,0.0,0.0,0.0,0.5498047,5.0,12.0,2.0,3.0,1.0,2.0,1277.78,5.2109375,3.9296875,2.75
0.0,1.0,0.0,0.0,0.0,0.0,0.0,0.0,0.5097656,5.0,12.0,3.0,3.0,2.0,0.0,1279.25,5.6484375,3.6699219,2.4003906
0.0,1.0,0.0,0.0,0.0,0.0,0.0,0.0,0.7001953,4.0,17.0,3.0,3.0,3.0,0.0,1279.4,5.7382812,4.2382812,2.8007812
0.0,1.0,0.0,0.0,0.0,0.0,0.0,0.0,0.7001953,4.0,17.0,3.0,3.0,3.0,0.0,1279.4,5.0195312,4.9296875,3.109375
0.0,1.0,0.0,0.0,0.0,0.0,0.0,0.0,0.5,5.0,13.0,3.0,2.0,1.0,2.0,1279.6,5.1992188,3.8398438,2.5800781
0.0,1.0,0.0,0.0,0.0,0.0,0.0,0.0,0.39990234,5.0,16.0,2.0,1.0,2.0,0.0,1279.77,4.7695312,3.5800781,2.3300781
0.0,1.0,0.0,0.0,0.0,0.0,0.0,0.0,0.39990234,7.0,17.0,2.0,2.0,1.0,0.0,1280.34,4.7617188,3.5703125,2.4492188
0.0,1.0,0.0,0.0,0.0,0.0,0.0,0.0,0.52001953,5.0,12.0,3.0,2.0,2.0,0.0,1281.09,5.3515625,3.8691406,2.640625
0.0,1.0,0.0,0.0,0.0,0.0,0.0,0.0,0.5698242,5.0,11.0,2.0,3.0,3.0,2.0,1281.12,5.25,3.9492188,2.7597656
0.0,1.0,0.0,0.0,0.0,0.0,0.0,0.0,0.32006836,7.0,17.0,3.0,3.0,2.0,0.0,1133.52,4.8789062,3.2109375,2.109375
0.0,1.0,0.0,0.0,0.0,0.0,0.0,0.0,0.39990234,4.0,18.0,2.0,2.0,1.0,0.0,1133.65,5.0195312,3.5292969,2.3203125
0.0,1.0,0.0,0.0,0.0,0.0,0.0,0.0,0.3100586,8.0,17.0,3.0,2.0,2.0,0.0,1135.48,4.5,3.2695312,2.1699219
0.0,1.0,0.0,0.0,0.0,0.0,0.0,0.0,0.58984375,4.0,10.0,3.0,2.0,2.0,0.0,1135.71,6.0585938,3.9003906,2.5292969
0.0,1.0,0.0,0.0,0.0,0.0,0.0,0.0,0.39990234,5.0,14.0,3.0,2.0,1.0,0.0,1136.46,5.0117188,3.5195312,2.2695312
0.0,1.0,0.0,0.0,0.0,0.0,0.0,0.0,0.35009766,8.0,16.0,3.0,3.0,2.0,0.0,1136.53,4.8710938,3.2304688,2.2109375
0.0,1.0,0.0,0.0,0.0,0.0,0.0,0.0,0.39990234,7.0,14.0,2.0,3.0,0.0,0.0,1137.03,5.28125,3.609375,2.109375
0.0,1.0,0.0,0.0,0.0,0.0,0.0,0.0,0.39990234,7.0,15.0,3.0,2.0,1.0,0.0,1137.07,4.8710938,3.5605469,2.390625
0.0,1.0,0.0,0.0,0.0,0.0,0.0,0.0,0.41992188,7.0,15.0,3.0,3.0,2.0,1.0,1137.37,5.0585938,3.7109375,2.3496094
0.0,1.0,0.0,0.0,0.0,0.0,0.0,0.0,0.30004883,8.0,18.0,3.0,3.0,2.0,0.0,1137.56,4.5195312,3.3203125,2.1796875
0.0,1.0,0.0,0.0,0.0,0.0,0.0,0.0,0.39990234,5.0,16.0,3.0,2.0,1.0,0.0,1138.52,4.921875,3.6308594,2.2890625
0.0,1.0,0.0,0.0,0.0,0.0,0.0,0.0,0.39990234,5.0,16.0,2.0,1.0,1.0,0.0,1139.08,4.7890625,3.5703125,2.4101562
0.0,1.0,0.0,0.0,0.0,0.0,0.0,0.0,0.5,8.0,10.0,3.0,3.0,1.0,2.0,1139.13,5.3710938,3.9707031,2.5390625
0.0,1.0,0.0,0.0,0.0,0.0,0.0,0.0,0.3100586,8.0,18.0,3.0,3.0,1.0,0.0,1139.57,4.8203125,3.140625,2.1503906
0.0,1.0,0.0,0.0,0.0,0.0,0.0,0.0,0.33007812,8.0,17.0,2.0,2.0,1.0,0.0,1140.06,4.5507812,3.359375,2.2890625
0.0,1.0,0.0,0.0,0.0,0.0,0.0,0.0,0.39990234,5.0,16.0,2.0,3.0,2.0,0.0,1272.94,4.8984375,3.5097656,2.359375
0.0,1.0,0.0,0.0,0.0,0.0,0.0,0.0,0.4099121,8.0,17.0,2.0,3.0,2.0,4.0,1273.42,5.609375,3.5292969,2.0195312
0.0,1.0,0.0,0.0,0.0,0.0,0.0,0.0,0.4099121,9.0,15.0,3.0,3.0,1.0,0.0,1273.53,4.890625,3.609375,2.4296875
0.0,1.0,0.0,0.0,0.0,0.0,0.0,0.0,0.39990234,5.0,15.0,3.0,3.0,1.0,0.0,1273.58,4.9492188,3.6503906,2.4003906
0.0,1.0,0.0,0.0,0.0,0.0,0.0,0.0,0.39990234,6.0,18.0,3.0,3.0,1.0,0.0,1273.58,5.0898438,3.640625,2.2597656
0.0,1.0,0.0,0.0,0.0,0.0,0.0,0.0,0.39990234,5.0,16.0,3.0,3.0,2.0,0.0,1273.65,4.9101562,3.4902344,2.2890625
0.0,1.0,0.0,0.0,0.0,0.0,0.0,0.0,0.39990234,6.0,16.0,2.0,3.0,2.0,0.0,1274.94,4.921875,3.6699219,2.2890625
0.0,1.0,0.0,0.0,0.0,0.0,0.0,0.0,0.39990234,6.0,17.0,3.0,2.0,1.0,2.0,1275.07,5.46875,3.5195312,2.0800781
0.0,1.0,0.0,0.0,0.0,0.0,0.0,0.0,0.4099121,5.0,17.0,3.0,2.0,1.0,0.0,1275.49,4.8984375,3.609375,2.4609375
0.0,1.0,0.0,0.0,0.0,0.0,0.0,0.0,0.4099121,5.0,16.0,3.0,3.0,1.0,2.0,1275.51,5.1796875,3.5,2.2695312
0.0,1.0,0.0,0.0,0.0,0.0,0.0,0.0,0.52001953,8.0,11.0,3.0,3.0,2.0,2.0,1275.76,5.2304688,3.8808594,2.6191406
0.0,1.0,0.0,0.0,0.0,0.0,0.0,0.0,0.5,5.0,11.0,2.0,2.0,2.0,0.0,1275.95,5.5390625,3.9003906,2.3398438
0.0,1.0,0.0,0.0,0.0,0.0,0.0,0.0,0.5,5.0,13.0,2.0,2.0,1.0,0.0,1276.14,5.0585938,3.8203125,2.6503906
0.0,1.0,0.0,0.0,0.0,0.0,0.0,0.0,0.39990234,6.0,17.0,3.0,3.0,2.0,2.0,1276.32,5.3203125,3.4609375,2.2402344
0.0,1.0,0.0,0.0,0.0,0.0,0.0,0.0,0.39990234,5.0,17.0,2.0,2.0,2.0,0.0,1277.01,4.9492188,3.5292969,2.4101562
0.0,1.0,0.0,0.0,0.0,0.0,0.0,0.0,0.5,7.0,11.0,3.0,3.0,1.0,1.0,1146.77,5.5117188,3.640625,2.4804688
0.0,1.0,0.0,0.0,0.0,0.0,0.0,0.0,0.3100586,8.0,17.0,3.0,3.0,2.0,0.0,1147.0,4.8007812,3.1601562,2.0996094
0.0,1.0,0.0,0.0,0.0,0.0,0.0,0.0,0.39990234,5.0,14.0,3.0,3.0,2.0,0.0,1147.17,4.828125,3.5605469,2.4003906
0.0,1.0,0.0,0.0,0.0,0.0,0.0,0.0,0.5,7.0,11.0,2.0,2.0,2.0,0.0,1147.19,5.1484375,3.8007812,2.5898438
0.0,1.0,0.0,0.0,0.0,0.0,0.0,0.0,0.4099121,5.0,18.0,3.0,3.0,2.0,1.0,1148.07,5.0195312,3.5292969,2.3105469
0.0,1.0,0.0,0.0,0.0,0.0,0.0,0.0,0.39990234,6.0,15.0,2.0,3.0,1.0,0.0,1148.59,4.859375,3.640625,2.3496094
0.0,1.0,0.0,0.0,0.0,0.0,0.0,0.0,0.36010742,6.0,18.0,3.0,3.0,2.0,0.0,1149.61,4.6992188,3.4707031,2.3496094
0.0,1.0,0.0,0.0,0.0,0.0,0.0,0.0,0.3100586,8.0,16.0,3.0,3.0,3.0,0.0,1150.05,4.578125,3.3808594,2.1992188
0.0,1.0,0.0,0.0,0.0,0.0,0.0,0.0,0.35009766,7.0,18.0,3.0,2.0,2.0,0.0,1150.79,4.578125,3.390625,2.3007812
0.0,1.0,0.0,0.0,0.0,0.0,0.0,0.0,0.35009766,8.0,17.0,3.0,2.0,2.0,2.0,1151.31,4.6289062,3.4003906,2.25
0.0,1.0,0.0,0.0,0.0,0.0,0.0,0.0,0.3100586,8.0,18.0,3.0,3.0,1.0,0.0,1151.63,4.6601562,3.2402344,2.1503906
0.0,1.0,0.0,0.0,0.0,0.0,0.0,0.0,0.36010742,7.0,18.0,3.0,3.0,1.0,0.0,1152.06,4.9296875,3.4199219,2.2890625
0.0,1.0,0.0,0.0,0.0,0.0,0.0,0.0,0.39990234,7.0,14.0,3.0,3.0,2.0,0.0,1153.26,5.2109375,3.4492188,2.3496094
0.0,1.0,0.0,0.0,0.0,0.0,0.0,0.0,0.6801758,6.0,4.0,3.0,3.0,2.0,0.0,1153.52,5.8085938,4.25,2.7402344
0.0,1.0,0.0,0.0,0.0,0.0,0.0,0.0,0.35009766,8.0,15.0,3.0,3.0,2.0,0.0,1153.7,4.6210938,3.4804688,2.2597656
0.0,1.0,0.0,0.0,0.0,0.0,0.0,0.0,0.44995117,4.0,15.0,3.0,3.0,1.0,0.0,1161.67,5.1015625,3.6601562,2.4707031
0.0,1.0,0.0,0.0,0.0,0.0,0.0,0.0,0.39990234,4.0,15.0,3.0,3.0,2.0,0.0,1162.09,4.9492188,3.7304688,2.2792969
0.0,1.0,0.0,0.0,0.0,0.0,0.0,0.0,0.33007812,8.0,17.0,3.0,3.0,2.0,0.0,1163.48,4.53125,3.3203125,2.2402344
0.0,1.0,0.0,0.0,0.0,0.0,0.0,0.0,0.33007812,8.0,17.0,3.0,3.0,1.0,0.0,1163.48,4.9414062,3.2695312,2.109375
0.0,1.0,0.0,0.0,0.0,0.0,0.0,0.0,0.35009766,8.0,17.0,3.0,3.0,1.0,0.0,1163.8,4.859375,3.390625,2.1503906
0.0,1.0,0.0,0.0,0.0,0.0,0.0,0.0,0.5097656,6.0,11.0,3.0,2.0,2.0,0.0,1164.15,5.1484375,3.7890625,2.5898438
0.0,1.0,0.0,0.0,0.0,0.0,0.0,0.0,0.3100586,8.0,18.0,3.0,1.0,2.0,0.0,1164.21,4.5117188,3.4609375,2.2402344
0.0,1.0,0.0,0.0,0.0,0.0,0.0,0.0,0.4099121,6.0,13.0,3.0,2.0,1.0,0.0,1164.66,5.21875,3.5605469,2.2109375
0.0,1.0,0.0,0.0,0.0,0.0,0.0,0.0,0.39990234,8.0,13.0,3.0,2.0,1.0,0.0,1164.76,5.3398438,3.4492188,2.140625
0.0,1.0,0.0,0.0,0.0,0.0,0.0,0.0,0.39990234,8.0,14.0,2.0,1.0,1.0,2.0,1164.88,5.4882812,3.4902344,2.0605469
0.0,1.0,0.0,0.0,0.0,0.0,0.0,0.0,0.32006836,8.0,18.0,3.0,3.0,2.0,0.0,1164.9,4.6289062,3.4296875,2.1894531
0.0,1.0,0.0,0.0,0.0,0.0,0.0,0.0,0.36010742,8.0,17.0,3.0,3.0,2.0,2.0,1164.92,4.78125,3.5292969,2.2695312
0.0,1.0,0.0,0.0,0.0,0.0,0.0,0.0,0.5,5.0,11.0,2.0,3.0,2.0,2.0,1165.31,5.0585938,3.8007812,2.6601562
0.0,1.0,0.0,0.0,0.0,0.0,0.0,0.0,0.4099121,5.0,14.0,3.0,2.0,1.0,2.0,1165.41,5.1015625,3.609375,2.359375
0.0,1.0,0.0,0.0,0.0,0.0,0.0,0.0,0.5,3.0,17.0,2.0,2.0,1.0,2.0,1165.48,5.078125,3.8496094,2.6503906
0.0,1.0,0.0,0.0,0.0,0.0,0.0,0.0,0.4099121,7.0,13.0,3.0,2.0,2.0,0.0,1203.45,4.9492188,3.6601562,2.3808594
0.0,1.0,0.0,0.0,0.0,0.0,0.0,0.0,0.39990234,5.0,15.0,2.0,3.0,1.0,0.0,1203.96,4.921875,3.640625,2.3203125
0.0,1.0,0.0,0.0,0.0,0.0,0.0,0.0,0.39990234,6.0,14.0,2.0,3.0,1.0,0.0,1204.07,4.7890625,3.4804688,2.4296875
0.0,1.0,0.0,0.0,0.0,0.0,0.0,0.0,0.33007812,8.0,17.0,3.0,3.0,2.0,0.0,1204.23,4.859375,3.2304688,2.1992188
0.0,1.0,0.0,0.0,0.0,0.0,0.0,0.0,0.33007812,8.0,17.0,2.0,3.0,3.0,0.0,1204.23,4.7890625,3.4296875,2.0703125
0.0,1.0,0.0,0.0,0.0,0.0,0.0,0.0,0.47998047,3.0,18.0,3.0,3.0,1.0,0.0,1204.45,5.3710938,3.6894531,2.5292969
0.0,1.0,0.0,0.0,0.0,0.0,0.0,0.0,0.39990234,5.0,17.0,2.0,3.0,2.0,0.0,1204.73,4.75,3.5898438,2.4902344
0.0,1.0,0.0,0.0,0.0,0.0,0.0,0.0,0.52978516,6.0,11.0,3.0,3.0,1.0,1.0,1205.93,5.6015625,3.890625,2.5898438
0.0,1.0,0.0,0.0,0.0,0.0,0.0,0.0,0.4099121,5.0,16.0,2.0,3.0,0.0,0.0,1208.28,5.21875,3.6796875,2.1894531
0.0,1.0,0.0,0.0,0.0,0.0,0.0,0.0,0.5,5.0,12.0,2.0,3.0,2.0,0.0,1208.47,5.078125,3.7597656,2.5996094
0.0,1.0,0.0,0.0,0.0,0.0,0.0,0.0,0.3701172,7.0,17.0,3.0,3.0,2.0,0.0,1209.04,4.7109375,3.4492188,2.3203125
0.0,1.0,0.0,0.0,0.0,0.0,0.0,0.0,0.39990234,5.0,15.0,2.0,3.0,1.0,0.0,1209.36,5.0703125,3.5605469,2.390625
0.0,1.0,0.0,0.0,0.0,0.0,0.0,0.0,0.4099121,8.0,13.0,3.0,3.0,2.0,0.0,1211.1,5.1484375,3.7109375,2.3300781
0.0,1.0,0.0,0.0,0.0,0.0,0.0,0.0,0.32006836,9.0,18.0,2.0,3.0,0.0,2.0,1211.41,4.8789062,3.25,2.0292969
0.0,1.0,0.0,0.0,0.0,0.0,0.0,0.0,0.39990234,6.0,14.0,2.0,2.0,2.0,2.0,1212.17,5.0703125,3.359375,2.3691406
0.0,1.0,0.0,0.0,0.0,0.0,0.0,0.0,0.39990234,6.0,15.0,2.0,3.0,1.0,1.0,1187.06,4.7109375,3.5195312,2.4296875
0.0,1.0,0.0,0.0,0.0,0.0,0.0,0.0,0.70996094,3.0,18.0,2.0,2.0,2.0,0.0,1188.14,5.75,4.1601562,2.9003906
0.0,1.0,0.0,0.0,0.0,0.0,0.0,0.0,0.70996094,3.0,18.0,3.0,3.0,3.0,0.0,1188.14,5.6289062,4.2304688,2.9707031
0.0,1.0,0.0,0.0,0.0,0.0,0.0,0.0,0.39990234,4.0,15.0,3.0,2.0,2.0,0.0,1188.41,4.8007812,3.5507812,2.4199219
0.0,1.0,0.0,0.0,0.0,0.0,0.0,0.0,0.39990234,7.0,13.0,3.0,3.0,1.0,0.0,1188.42,4.9804688,3.5292969,2.2890625
0.0,1.0,0.0,0.0,0.0,0.0,0.0,0.0,0.5,5.0,13.0,2.0,2.0,2.0,0.0,1188.76,5.1484375,3.859375,2.5800781
0.0,1.0,0.0,0.0,0.0,0.0,0.0,0.0,0.39990234,5.0,15.0,2.0,3.0,1.0,0.0,1190.44,5.0195312,3.5996094,2.1992188
0.0,1.0,0.0,0.0,0.0,0.0,0.0,0.0,0.4099121,6.0,15.0,3.0,3.0,2.0,2.0,1190.98,4.921875,3.609375,2.4609375
0.0,1.0,0.0,0.0,0.0,0.0,0.0,0.0,0.5,3.0,17.0,2.0,3.0,1.0,0.0,1191.53,5.328125,3.6308594,2.5703125
0.0,1.0,0.0,0.0,0.0,0.0,0.0,0.0,0.39990234,5.0,14.0,3.0,2.0,1.0,0.0,1191.82,4.8789062,3.6601562,2.3203125
0.0,1.0,0.0,0.0,0.0,0.0,0.0,0.0,0.39990234,5.0,14.0,3.0,3.0,2.0,0.0,1191.82,4.9101562,3.5605469,2.3496094
0.0,1.0,0.0,0.0,0.0,0.0,0.0,0.0,0.33007812,8.0,17.0,3.0,3.0,2.0,0.0,1192.45,4.5898438,3.390625,2.3007812
0.0,1.0,0.0,0.0,0.0,0.0,0.0,0.0,0.52978516,8.0,11.0,3.0,3.0,2.0,4.0,1192.53,5.6914062,3.7792969,2.5390625
0.0,1.0,0.0,0.0,0.0,0.0,0.0,0.0,0.4099121,8.0,12.0,3.0,3.0,2.0,2.0,1193.06,5.3398438,3.4707031,2.2304688
0.0,1.0,0.0,0.0,0.0,0.0,0.0,0.0,0.5097656,6.0,11.0,3.0,3.0,2.0,2.0,1193.29,5.328125,3.890625,2.5292969
0.0,1.0,0.0,0.0,0.0,0.0,0.0,0.0,0.4099121,7.0,15.0,3.0,2.0,2.0,0.0,1281.14,4.8984375,3.5800781,2.390625
0.0,1.0,0.0,0.0,0.0,0.0,0.0,0.0,0.5,7.0,13.0,2.0,3.0,1.0,1.0,1281.19,5.0585938,3.75,2.5703125
0.0,1.0,0.0,0.0,0.0,0.0,0.0,0.0,0.44995117,6.0,16.0,3.0,2.0,2.0,1.0,1281.8,5.21875,3.7304688,2.4394531
0.0,1.0,0.0,0.0,0.0,0.0,0.0,0.0,0.38989258,8.0,16.0,3.0,3.0,2.0,0.0,1281.83,4.890625,3.5898438,2.3808594
0.0,1.0,0.0,0.0,0.0,0.0,0.0,0.0,0.5097656,4.0,12.0,3.0,3.0,2.0,2.0,1281.9,5.5898438,3.6503906,2.4902344
0.0,1.0,0.0,0.0,0.0,0.0,0.0,0.0,0.5,4.0,12.0,3.0,3.0,1.0,0.0,1281.93,5.1601562,3.8691406,2.640625
0.0,1.0,0.0,0.0,0.0,0.0,0.0,0.0,0.3701172,8.0,17.0,3.0,3.0,1.0,0.0,1282.25,4.9609375,3.5292969,2.2597656
0.0,1.0,0.0,0.0,0.0,0.0,0.0,0.0,0.4099121,7.0,16.0,3.0,2.0,1.0,0.0,1282.56,5.0117188,3.5800781,2.3496094
0.0,1.0,0.0,0.0,0.0,0.0,0.0,0.0,0.4099121,6.0,17.0,3.0,2.0,2.0,0.0,1282.57,4.8085938,3.6191406,2.4609375
0.0,1.0,0.0,0.0,0.0,0.0,0.0,0.0,0.39990234,6.0,18.0,3.0,3.0,2.0,1.0,1283.05,4.9609375,3.5390625,2.390625
0.0,1.0,0.0,0.0,0.0,0.0,0.0,0.0,0.41992188,7.0,13.0,3.0,3.0,1.0,0.0,1283.45,5.2382812,3.5390625,2.2695312
0.0,1.0,0.0,0.0,0.0,0.0,0.0,0.0,0.39990234,5.0,18.0,2.0,3.0,1.0,0.0,1283.79,5.0390625,3.5097656,2.3300781
0.0,1.0,0.0,0.0,0.0,0.0,0.0,0.0,0.39990234,8.0,14.0,3.0,3.0,2.0,0.0,1283.86,5.1796875,3.5507812,2.2792969
0.0,1.0,0.0,0.0,0.0,0.0,0.0,0.0,0.32006836,9.0,18.0,3.0,3.0,2.0,0.0,1283.94,4.6289062,3.4199219,2.1699219
0.0,1.0,0.0,0.0,0.0,0.0,0.0,0.0,0.39990234,6.0,15.0,2.0,2.0,1.0,0.0,1284.45,4.6992188,3.5996094,2.4492188
0.0,1.0,0.0,0.0,0.0,0.0,0.0,0.0,0.39990234,6.0,14.0,3.0,3.0,1.0,0.0,1261.48,4.9296875,3.5390625,2.4003906
0.0,1.0,0.0,0.0,0.0,0.0,0.0,0.0,0.39990234,6.0,14.0,3.0,3.0,1.0,0.0,1261.48,5.2109375,3.5390625,2.3398438
0.0,1.0,0.0,0.0,0.0,0.0,0.0,0.0,0.39990234,6.0,14.0,3.0,3.0,1.0,0.0,1261.48,5.28125,3.5,2.1992188
0.0,1.0,0.0,0.0,0.0,0.0,0.0,0.0,0.4099121,7.0,14.0,3.0,2.0,1.0,0.0,1262.33,5.0898438,3.4902344,2.2792969
0.0,1.0,0.0,0.0,0.0,0.0,0.0,0.0,0.44995117,9.0,13.0,3.0,3.0,2.0,2.0,1262.77,5.359375,3.7792969,2.359375
0.0,1.0,0.0,0.0,0.0,0.0,0.0,0.0,0.39990234,6.0,17.0,2.0,2.0,1.0,0.0,1262.8,5.421875,3.4394531,2.2597656
0.0,1.0,0.0,0.0,0.0,0.0,0.0,0.0,0.39990234,5.0,17.0,2.0,3.0,1.0,0.0,1263.48,5.171875,3.6191406,2.2890625
0.0,1.0,0.0,0.0,0.0,0.0,0.0,0.0,0.39990234,7.0,15.0,3.0,3.0,2.0,0.0,1263.48,4.8398438,3.5507812,2.3808594
0.0,1.0,0.0,0.0,0.0,0.0,0.0,0.0,0.39990234,6.0,17.0,2.0,3.0,2.0,0.0,1263.58,4.7890625,3.4902344,2.4902344
0.0,1.0,0.0,0.0,0.0,0.0,0.0,0.0,0.4099121,4.0,16.0,3.0,3.0,2.0,0.0,1263.82,5.3515625,3.4804688,2.1796875
0.0,1.0,0.0,0.0,0.0,0.0,0.0,0.0,0.5,7.0,12.0,2.0,3.0,1.0,0.0,1263.99,4.9804688,3.7792969,2.640625
0.0,1.0,0.0,0.0,0.0,0.0,0.0,0.0,0.39990234,5.0,16.0,3.0,2.0,2.0,0.0,1264.15,4.828125,3.5898438,2.4492188
0.0,1.0,0.0,0.0,0.0,0.0,0.0,0.0,0.32006836,9.0,18.0,3.0,3.0,2.0,0.0,1264.41,4.8007812,3.2109375,2.1796875
0.0,1.0,0.0,0.0,0.0,0.0,0.0,0.0,0.39990234,6.0,17.0,2.0,3.0,1.0,2.0,1264.81,4.9101562,3.6503906,2.2207031
0.0,1.0,0.0,0.0,0.0,0.0,0.0,0.0,0.39990234,9.0,14.0,3.0,3.0,2.0,2.0,1264.81,5.3085938,3.4394531,2.2890625
0.0,1.0,0.0,0.0,0.0,0.0,0.0,0.0,0.39990234,6.0,13.0,3.0,3.0,2.0,1.0,1166.12,4.9882812,3.640625,2.2792969
0.0,1.0,0.0,0.0,0.0,0.0,0.0,0.0,0.39990234,7.0,13.0,3.0,3.0,2.0,2.0,1166.15,5.1914062,3.4199219,2.2792969
0.0,1.0,0.0,0.0,0.0,0.0,0.0,0.0,0.41992188,6.0,13.0,3.0,3.0,1.0,0.0,1166.37,5.078125,3.5898438,2.390625
0.0,1.0,0.0,0.0,0.0,0.0,0.0,0.0,0.32006836,8.0,17.0,3.0,3.0,2.0,0.0,1166.56,4.671875,3.1894531,2.1796875
0.0,1.0,0.0,0.0,0.0,0.0,0.0,0.0,0.32006836,7.0,18.0,3.0,3.0,2.0,0.0,1166.56,4.8515625,3.1796875,2.1699219
0.0,1.0,0.0,0.0,0.0,0.0,0.0,0.0,0.30004883,8.0,18.0,3.0,2.0,2.0,0.0,1168.47,4.4492188,3.2695312,2.140625
0.0,1.0,0.0,0.0,0.0,0.0,0.0,0.0,0.3400879,8.0,17.0,3.0,3.0,1.0,0.0,1168.91,4.6796875,3.4394531,2.2597656
0.0,1.0,0.0,0.0,0.0,0.0,0.0,0.0,0.32006836,8.0,18.0,3.0,3.0,2.0,0.0,1169.31,4.4804688,3.3007812,2.2402344
0.0,1.0,0.0,0.0,0.0,0.0,0.0,0.0,0.39990234,7.0,14.0,3.0,3.0,2.0,1.0,1169.48,5.1914062,3.6503906,2.2792969
0.0,1.0,0.0,0.0,0.0,0.0,0.0,0.0,0.39990234,6.0,16.0,2.0,2.0,2.0,2.0,1169.5,4.7304688,3.5195312,2.4394531
0.0,1.0,0.0,0.0,0.0,0.0,0.0,0.0,0.39990234,8.0,16.0,3.0,2.0,1.0,2.0,1169.51,4.6484375,3.5996094,2.4902344
0.0,1.0,0.0,0.0,0.0,0.0,0.0,0.0,0.35009766,8.0,17.0,3.0,3.0,2.0,0.0,1169.67,4.7382812,3.5,2.2207031
0.0,1.0,0.0,0.0,0.0,0.0,0.0,0.0,0.4099121,5.0,18.0,3.0,3.0,2.0,1.0,1170.21,4.921875,3.6308594,2.4394531
0.0,1.0,0.0,0.0,0.0,0.0,0.0,0.0,0.38989258,5.0,18.0,2.0,2.0,2.0,0.0,1170.53,5.1015625,3.6503906,2.1894531
0.0,1.0,0.0,0.0,0.0,0.0,0.0,0.0,0.6098633,5.0,10.0,3.0,3.0,2.0,2.0,1170.6,5.5898438,4.140625,2.7890625
0.0,1.0,0.0,0.0,0.0,0.0,0.0,0.0,0.4099121,5.0,17.0,3.0,2.0,2.0,1.0,1309.48,5.4101562,3.5292969,2.1894531
0.0,1.0,0.0,0.0,0.0,0.0,0.0,0.0,0.4099121,8.0,16.0,2.0,2.0,1.0,4.0,1309.56,5.53125,3.5,2.3007812
0.0,1.0,0.0,0.0,0.0,0.0,0.0,0.0,0.39990234,8.0,17.0,3.0,2.0,2.0,0.0,1310.1,4.9882812,3.5390625,2.390625
0.0,1.0,0.0,0.0,0.0,0.0,0.0,0.0,0.39990234,8.0,16.0,3.0,3.0,1.0,2.0,1310.12,4.859375,3.5703125,2.3808594
0.0,1.0,0.0,0.0,0.0,0.0,0.0,0.0,0.4099121,6.0,15.0,3.0,3.0,3.0,0.0,1310.14,4.96875,3.6699219,2.390625
0.0,1.0,0.0,0.0,0.0,0.0,0.0,0.0,0.4099121,6.0,15.0,3.0,2.0,2.0,0.0,1310.14,5.0390625,3.6894531,2.3496094
0.0,1.0,0.0,0.0,0.0,0.0,0.0,0.0,0.39990234,5.0,17.0,2.0,3.0,0.0,0.0,1310.19,5.3710938,3.3691406,2.0703125
0.0,1.0,0.0,0.0,0.0,0.0,0.0,0.0,0.39990234,6.0,16.0,3.0,3.0,2.0,2.0,1310.19,5.2617188,3.4804688,2.1699219
0.0,1.0,0.0,0.0,0.0,0.0,0.0,0.0,0.5,6.0,12.0,2.0,2.0,1.0,2.0,1310.61,5.8007812,3.7109375,2.1894531
0.0,1.0,0.0,0.0,0.0,0.0,0.0,0.0,0.5,7.0,13.0,2.0,2.0,0.0,0.0,1310.72,5.421875,3.8496094,2.3808594
0.0,1.0,0.0,0.0,0.0,0.0,0.0,0.0,0.39990234,8.0,14.0,3.0,3.0,2.0,0.0,1310.78,5.2304688,3.4101562,2.2109375
0.0,1.0,0.0,0.0,0.0,0.0,0.0,0.0,0.52001953,9.0,11.0,2.0,2.0,2.0,1.0,1310.83,5.9101562,3.75,2.2207031
0.0,1.0,0.0,0.0,0.0,0.0,0.0,0.0,0.5,5.0,12.0,3.0,3.0,2.0,2.0,1311.52,5.1484375,3.8007812,2.5996094
0.0,1.0,0.0,0.0,0.0,0.0,0.0,0.0,0.6298828,7.0,10.0,3.0,3.0,3.0,2.0,1406.85,5.9101562,4.1289062,2.7109375
0.0,1.0,0.0,0.0,0.0,0.0,0.0,0.0,0.41992188,7.0,16.0,3.0,2.0,1.0,0.0,1406.96,4.96875,3.6699219,2.390625
0.0,1.0,0.0,0.0,0.0,0.0,0.0,0.0,0.39990234,6.0,18.0,3.0,3.0,2.0,0.0,1407.43,5.1484375,3.5,2.3691406
0.0,1.0,0.0,0.0,0.0,0.0,0.0,0.0,0.60009766,4.0,12.0,3.0,2.0,1.0,0.0,1407.79,5.828125,3.890625,2.6601562
0.0,1.0,0.0,0.0,0.0,0.0,0.0,0.0,0.5,8.0,12.0,2.0,3.0,2.0,0.0,1407.85,5.03125,3.8007812,2.6503906
0.0,1.0,0.0,0.0,0.0,0.0,0.0,0.0,0.39990234,8.0,17.0,2.0,3.0,2.0,0.0,1408.11,4.7304688,3.4902344,2.5
0.0,1.0,0.0,0.0,0.0,0.0,0.0,0.0,0.4099121,6.0,15.0,3.0,3.0,2.0,0.0,1408.65,5.1914062,3.4394531,2.3398438
0.0,1.0,0.0,0.0,0.0,0.0,0.0,0.0,0.5,4.0,13.0,3.0,3.0,2.0,0.0,1408.72,5.2109375,3.8496094,2.5097656
0.0,1.0,0.0,0.0,0.0,0.0,0.0,0.0,0.5,4.0,16.0,3.0,3.0,2.0,0.0,1409.15,5.1796875,3.8300781,2.609375
0.0,1.0,0.0,0.0,0.0,0.0,0.0,0.0,0.5,8.0,13.0,3.0,3.0,2.0,4.0,1409.15,5.1289062,3.7890625,2.5898438
0.0,1.0,0.0,0.0,0.0,0.0,0.0,0.0,0.52001953,4.0,13.0,3.0,3.0,2.0,0.0,1409.53,5.71875,3.75,2.3808594
0.0,1.0,0.0,0.0,0.0,0.0,0.0,0.0,0.39990234,8.0,15.0,3.0,3.0,3.0,0.0,1409.6,4.7695312,3.5195312,2.3691406
0.0,1.0,0.0,0.0,0.0,0.0,0.0,0.0,0.5,4.0,16.0,2.0,2.0,0.0,2.0,1410.46,5.2109375,3.9394531,2.390625
0.0,1.0,0.0,0.0,0.0,0.0,0.0,0.0,0.39990234,7.0,18.0,2.0,3.0,2.0,0.0,1410.85,5.109375,3.3691406,2.3496094
0.0,1.0,0.0,0.0,0.0,0.0,0.0,0.0,0.41992188,8.0,14.0,3.0,3.0,2.0,0.0,1412.05,5.1992188,3.609375,2.25
0.0,1.0,0.0,0.0,0.0,0.0,0.0,0.0,0.4099121,7.0,18.0,3.0,3.0,2.0,0.0,1695.48,5.1484375,3.4707031,2.2792969
0.0,1.0,0.0,0.0,0.0,0.0,0.0,0.0,0.5,5.0,17.0,3.0,2.0,2.0,0.0,1696.22,5.3085938,3.9199219,2.5605469
0.0,1.0,0.0,0.0,0.0,0.0,0.0,0.0,0.45996094,8.0,17.0,3.0,3.0,1.0,0.0,1697.1,5.4492188,3.5996094,2.3496094
0.0,1.0,0.0,0.0,0.0,0.0,0.0,0.0,0.5097656,8.0,13.0,3.0,2.0,2.0,0.0,1697.25,5.28125,3.859375,2.4902344
0.0,1.0,0.0,0.0,0.0,0.0,0.0,0.0,0.6098633,4.0,18.0,3.0,3.0,2.0,1.0,1697.76,5.6601562,4.1992188,2.5996094
0.0,1.0,0.0,0.0,0.0,0.0,0.0,0.0,0.5,7.0,17.0,3.0,3.0,2.0,2.0,1698.05,5.1289062,3.7890625,2.5800781
0.0,1.0,0.0,0.0,0.0,0.0,0.0,0.0,0.5600586,8.0,13.0,3.0,3.0,2.0,0.0,1698.43,5.359375,3.9296875,2.6894531
0.0,1.0,0.0,0.0,0.0,0.0,0.0,0.0,0.58984375,9.0,13.0,3.0,3.0,1.0,0.0,1698.66,5.859375,3.9804688,2.6796875
0.0,1.0,0.0,0.0,0.0,0.0,0.0,0.0,0.5,6.0,18.0,3.0,2.0,1.0,0.0,1698.83,5.5898438,3.7109375,2.4296875
0.0,1.0,0.0,0.0,0.0,0.0,0.0,0.0,0.5,7.0,17.0,1.0,3.0,2.0,2.0,1699.36,5.0898438,3.890625,2.75
0.0,1.0,0.0,0.0,0.0,0.0,0.0,0.0,0.5,6.0,18.0,2.0,3.0,2.0,1.0,1699.36,5.3398438,3.9394531,2.3808594
0.0,1.0,0.0,0.0,0.0,0.0,0.0,0.0,0.5,6.0,18.0,3.0,3.0,2.0,1.0,1699.36,5.1992188,3.7890625,2.5898438
0.0,1.0,0.0,0.0,0.0,0.0,0.0,0.0,0.4699707,8.0,16.0,3.0,3.0,2.0,0.0,1699.57,5.46875,3.5898438,2.4296875
0.0,1.0,0.0,0.0,0.0,0.0,0.0,0.0,0.5,6.0,18.0,3.0,2.0,1.0,0.0,1700.64,5.3789062,3.9707031,2.5195312
0.0,1.0,0.0,0.0,0.0,0.0,0.0,0.0,0.5,5.0,14.0,2.0,3.0,2.0,0.0,1701.95,5.1210938,3.8300781,2.6503906
0.0,1.0,0.0,0.0,0.0,0.0,0.0,0.0,0.39990234,6.0,15.0,3.0,3.0,2.0,0.0,1423.71,5.0117188,3.4707031,2.3691406
0.0,1.0,0.0,0.0,0.0,0.0,0.0,0.0,0.5,6.0,13.0,2.0,2.0,1.0,0.0,1423.83,5.0390625,3.8007812,2.6601562
0.0,1.0,0.0,0.0,0.0,0.0,0.0,0.0,0.58984375,5.0,11.0,3.0,2.0,3.0,0.0,1423.84,5.4414062,4.0195312,2.7402344
0.0,1.0,0.0,0.0,0.0,0.0,0.0,0.0,0.52001953,8.0,12.0,3.0,3.0,2.0,4.0,1424.25,5.6289062,3.6796875,2.5097656
0.0,1.0,0.0,0.0,0.0,0.0,0.0,0.0,0.52001953,5.0,12.0,3.0,3.0,2.0,1.0,1424.25,5.7109375,3.7695312,2.4101562
0.0,1.0,0.0,0.0,0.0,0.0,0.0,0.0,0.39990234,7.0,15.0,3.0,3.0,2.0,0.0,1424.4,5.2695312,3.4609375,2.1992188
0.0,1.0,0.0,0.0,0.0,0.0,0.0,0.0,0.52001953,7.0,12.0,3.0,3.0,2.0,0.0,1424.73,5.2617188,3.8808594,2.640625
0.0,1.0,0.0,0.0,0.0,0.0,0.0,0.0,0.5,6.0,12.0,3.0,2.0,1.0,0.0,1424.77,5.1484375,3.8808594,2.5605469
0.0,1.0,0.0,0.0,0.0,0.0,0.0,0.0,0.4099121,6.0,18.0,2.0,2.0,1.0,2.0,1425.16,5.1992188,3.4707031,2.3808594
0.0,1.0,0.0,0.0,0.0,0.0,0.0,0.0,0.4099121,6.0,18.0,3.0,3.0,1.0,2.0,1425.16,4.8710938,3.5800781,2.4394531
0.0,1.0,0.0,0.0,0.0,0.0,0.0,0.0,0.41992188,6.0,16.0,3.0,1.0,1.0,0.0,1425.46,5.421875,3.6191406,2.2402344
0.0,1.0,0.0,0.0,0.0,0.0,0.0,0.0,0.5,5.0,13.0,2.0,3.0,2.0,0.0,1425.61,5.3710938,3.890625,2.5898438
0.0,1.0,0.0,0.0,0.0,0.0,0.0,0.0,0.5097656,7.0,12.0,3.0,3.0,1.0,2.0,1425.72,5.671875,3.609375,2.4199219
0.0,1.0,0.0,0.0,0.0,0.0,0.0,0.0,0.39990234,7.0,17.0,3.0,3.0,2.0,0.0,1426.36,5.25,3.390625,2.3105469
0.0,1.0,0.0,0.0,0.0,0.0,0.0,0.0,0.5,7.0,13.0,3.0,3.0,1.0,1.0,1426.55,5.78125,3.7109375,2.3203125
0.0,1.0,0.0,0.0,0.0,0.0,0.0,0.0,0.41992188,5.0,16.0,3.0,3.0,2.0,0.0,1426.87,5.1992188,3.5703125,2.4296875
0.0,1.0,0.0,0.0,0.0,0.0,0.0,0.0,0.3400879,9.0,18.0,3.0,3.0,2.0,0.0,1426.88,4.9492188,3.2207031,2.1796875
0.0,1.0,0.0,0.0,0.0,0.0,0.0,0.0,0.5,6.0,13.0,2.0,3.0,2.0,2.0,1427.29,5.1484375,3.8007812,2.5507812
0.0,1.0,0.0,0.0,0.0,0.0,0.0,0.0,0.45996094,8.0,18.0,2.0,3.0,1.0,0.0,1427.36,5.3007812,3.5507812,2.3808594
0.0,1.0,0.0,0.0,0.0,0.0,0.0,0.0,0.4099121,8.0,17.0,3.0,3.0,1.0,0.0,1427.39,4.8085938,3.5605469,2.4101562
0.0,1.0,0.0,0.0,0.0,0.0,0.0,0.0,0.52001953,6.0,12.0,3.0,3.0,2.0,0.0,1427.5,5.2890625,3.8398438,2.6191406
0.0,1.0,0.0,0.0,0.0,0.0,0.0,0.0,0.5,7.0,13.0,2.0,3.0,1.0,0.0,1428.12,5.1601562,3.6894531,2.5605469
0.0,1.0,0.0,0.0,0.0,0.0,0.0,0.0,0.39990234,7.0,16.0,3.0,3.0,2.0,0.0,1428.42,4.9101562,3.6308594,2.3496094
0.0,1.0,0.0,0.0,0.0,0.0,0.0,0.0,0.4399414,5.0,17.0,3.0,2.0,2.0,0.0,1429.0,5.1484375,3.6894531,2.4492188
0.0,1.0,0.0,0.0,0.0,0.0,0.0,0.0,0.39990234,6.0,17.0,3.0,3.0,2.0,0.0,1429.17,4.8984375,3.6308594,2.3691406
0.0,1.0,0.0,0.0,0.0,0.0,0.0,0.0,0.4099121,6.0,15.0,3.0,3.0,2.0,0.0,1429.32,5.421875,3.4902344,2.2695312
0.0,1.0,0.0,0.0,0.0,0.0,0.0,0.0,0.42993164,8.0,17.0,3.0,2.0,1.0,0.0,1429.5,5.5585938,3.5292969,2.0898438
0.0,1.0,0.0,0.0,0.0,0.0,0.0,0.0,0.70996094,5.0,9.0,3.0,3.0,2.0,0.0,1429.92,6.0898438,4.2695312,2.890625
0.0,1.0,0.0,0.0,0.0,0.0,0.0,0.0,0.4099121,7.0,16.0,3.0,3.0,2.0,2.0,1430.74,5.46875,3.4707031,2.1796875
0.0,1.0,0.0,0.0,0.0,0.0,0.0,0.0,0.39990234,8.0,17.0,2.0,3.0,1.0,0.0,1431.11,5.421875,3.4492188,2.0996094
0.0,1.0,0.0,0.0,0.0,0.0,0.0,0.0,0.39990234,5.0,18.0,3.0,3.0,2.0,0.0,1367.58,5.1484375,3.6191406,2.2695312
0.0,1.0,0.0,0.0,0.0,0.0,0.0,0.0,0.5,6.0,15.0,2.0,3.0,0.0,2.0,1368.68,5.078125,3.8007812,2.6503906
0.0,1.0,0.0,0.0,0.0,0.0,0.0,0.0,0.39990234,6.0,17.0,2.0,2.0,2.0,0.0,1368.98,4.78125,3.5996094,2.4296875
0.0,1.0,0.0,0.0,0.0,0.0,0.0,0.0,0.4099121,6.0,16.0,3.0,3.0,3.0,0.0,1369.09,4.9804688,3.4902344,2.3808594
0.0,1.0,0.0,0.0,0.0,0.0,0.0,0.0,0.41992188,6.0,14.0,3.0,3.0,2.0,0.0,1369.42,5.2382812,3.4804688,2.2890625
0.0,1.0,0.0,0.0,0.0,0.0,0.0,0.0,0.45996094,6.0,17.0,2.0,2.0,2.0,2.0,1369.69,4.8398438,3.6503906,2.5507812
0.0,1.0,0.0,0.0,0.0,0.0,0.0,0.0,0.4099121,6.0,18.0,2.0,3.0,0.0,0.0,1370.42,4.9101562,3.609375,2.3691406
0.0,1.0,0.0,0.0,0.0,0.0,0.0,0.0,0.45996094,6.0,16.0,2.0,3.0,2.0,0.0,1370.49,5.171875,3.9003906,2.4101562
0.0,1.0,0.0,0.0,0.0,0.0,0.0,0.0,0.5,6.0,13.0,1.0,3.0,2.0,0.0,1370.67,4.890625,3.7402344,2.6796875
0.0,1.0,0.0,0.0,0.0,0.0,0.0,0.0,0.39990234,5.0,17.0,3.0,3.0,3.0,0.0,1371.01,5.03125,3.390625,2.3105469
0.0,1.0,0.0,0.0,0.0,0.0,0.0,0.0,0.4099121,4.0,18.0,3.0,3.0,2.0,0.0,1371.11,5.1601562,3.4003906,2.3105469
0.0,1.0,0.0,0.0,0.0,0.0,0.0,0.0,0.72021484,3.0,11.0,2.0,2.0,1.0,1.0,1371.25,6.0117188,4.3398438,2.8691406
0.0,1.0,0.0,0.0,0.0,0.0,0.0,0.0,0.41992188,7.0,17.0,3.0,2.0,1.0,0.0,1371.47,4.8789062,3.609375,2.4492188
0.0,1.0,0.0,0.0,0.0,0.0,0.0,0.0,0.4099121,7.0,15.0,3.0,2.0,1.0,0.0,1371.84,5.0195312,3.5,2.5390625
0.0,1.0,0.0,0.0,0.0,0.0,0.0,0.0,0.39990234,5.0,15.0,3.0,2.0,2.0,0.0,1372.28,5.0585938,3.4609375,2.3300781
0.0,1.0,0.0,0.0,0.0,0.0,0.0,0.0,0.5097656,7.0,14.0,3.0,3.0,2.0,0.0,1658.8,5.1914062,3.8105469,2.5996094
0.0,1.0,0.0,0.0,0.0,0.0,0.0,0.0,0.52001953,7.0,13.0,3.0,3.0,2.0,2.0,1658.89,5.2695312,3.890625,2.609375
0.0,1.0,0.0,0.0,0.0,0.0,0.0,0.0,0.52001953,6.0,17.0,3.0,3.0,1.0,4.0,1658.9,5.3789062,3.9492188,2.6796875
0.0,1.0,0.0,0.0,0.0,0.0,0.0,0.0,0.54003906,7.0,13.0,3.0,3.0,2.0,0.0,1659.46,5.8085938,3.7890625,2.4394531
0.0,1.0,0.0,0.0,0.0,0.0,0.0,0.0,0.5,8.0,15.0,1.0,2.0,1.0,2.0,1659.8,4.9882812,3.859375,2.7207031
0.0,1.0,0.0,0.0,0.0,0.0,0.0,0.0,0.5,4.0,16.0,3.0,2.0,2.0,0.0,1660.49,5.4804688,3.8398438,2.4003906
0.0,1.0,0.0,0.0,0.0,0.0,0.0,0.0,0.5,6.0,13.0,3.0,3.0,2.0,0.0,1660.49,5.3515625,3.9296875,2.5292969
0.0,1.0,0.0,0.0,0.0,0.0,0.0,0.0,0.5,6.0,13.0,3.0,3.0,2.0,2.0,1660.49,5.6484375,3.640625,2.4394531
0.0,1.0,0.0,0.0,0.0,0.0,0.0,0.0,0.5,6.0,13.0,3.0,2.0,1.0,0.0,1660.49,5.609375,3.6699219,2.4394531
0.0,1.0,0.0,0.0,0.0,0.0,0.0,0.0,0.5,4.0,15.0,3.0,2.0,1.0,0.0,1660.54,5.3203125,3.8300781,2.4707031
0.0,1.0,0.0,0.0,0.0,0.0,0.0,0.0,0.5,5.0,13.0,3.0,3.0,1.0,0.0,1660.54,5.21875,3.859375,2.5605469
0.0,1.0,0.0,0.0,0.0,0.0,0.0,0.0,0.5097656,6.0,13.0,3.0,3.0,2.0,0.0,1660.55,5.46875,3.6894531,2.4902344
0.0,1.0,0.0,0.0,0.0,0.0,0.0,0.0,0.5,5.0,18.0,3.0,2.0,1.0,2.0,1661.27,5.1289062,3.7792969,2.5800781
0.0,1.0,0.0,0.0,0.0,0.0,0.0,0.0,0.5498047,6.0,13.0,3.0,3.0,2.0,1.0,1661.66,5.4609375,3.9804688,2.6191406
0.0,1.0,0.0,0.0,0.0,0.0,0.0,0.0,0.5,6.0,14.0,3.0,2.0,2.0,0.0,1661.72,5.21875,3.8398438,2.5292969
0.0,1.0,0.0,0.0,0.0,0.0,0.0,0.0,0.5097656,4.0,18.0,3.0,3.0,2.0,2.0,1690.32,5.53125,3.6699219,2.4707031
0.0,1.0,0.0,0.0,0.0,0.0,0.0,0.0,0.5,5.0,14.0,2.0,3.0,1.0,0.0,1690.88,5.3085938,3.9296875,2.4609375
0.0,0.0,1.0,0.0,0.0,0.0,0.0,0.0,0.29003906,4.0,16.0,1.0,2.0,2.0,2.0,829.54,3.9609375,4.6210938,2.8105469
0.0,0.0,1.0,0.0,0.0,0.0,0.0,0.0,0.30004883,6.0,12.0,3.0,3.0,3.0,2.0,830.33,3.9394531,4.671875,2.7207031
0.0,0.0,1.0,0.0,0.0,0.0,0.0,0.0,0.32006836,6.0,13.0,3.0,2.0,1.0,0.0,831.26,4.0703125,4.8007812,2.8300781
0.0,0.0,1.0,0.0,0.0,0.0,0.0,0.0,0.30004883,3.0,16.0,2.0,3.0,2.0,0.0,832.33,4.1601562,4.4609375,2.6699219
0.0,0.0,1.0,0.0,0.0,0.0,0.0,0.0,0.29003906,4.0,17.0,2.0,2.0,1.0,0.0,837.87,4.21875,4.5898438,2.5898438
0.0,0.0,1.0,0.0,0.0,0.0,0.0,0.0,0.29003906,4.0,17.0,2.0,3.0,1.0,0.0,837.87,4.2304688,4.6210938,2.5800781
0.0,0.0,1.0,0.0,0.0,0.0,0.0,0.0,0.29003906,4.0,17.0,2.0,2.0,1.0,0.0,838.36,3.9707031,4.6601562,2.7207031
0.0,0.0,1.0,0.0,0.0,0.0,0.0,0.0,0.30004883,8.0,13.0,2.0,3.0,1.0,0.0,838.41,4.0703125,4.671875,2.6992188
0.0,0.0,1.0,0.0,0.0,0.0,0.0,0.0,0.3701172,6.0,11.0,3.0,3.0,3.0,0.0,840.78,4.46875,5.0,2.9707031
0.0,0.0,1.0,0.0,0.0,0.0,0.0,0.0,0.30004883,5.0,13.0,3.0,3.0,2.0,2.0,840.96,4.0390625,4.75,2.8203125
0.0,0.0,1.0,0.0,0.0,0.0,0.0,0.0,0.30004883,5.0,13.0,2.0,3.0,2.0,0.0,840.96,4.2617188,4.5,2.4804688
0.0,0.0,1.0,0.0,0.0,0.0,0.0,0.0,0.30004883,6.0,13.0,3.0,2.0,1.0,0.0,841.48,3.9902344,4.671875,2.7597656
0.0,0.0,1.0,0.0,0.0,0.0,0.0,0.0,0.30004883,4.0,14.0,1.0,2.0,1.0,0.0,845.05,4.0898438,4.578125,2.6992188
0.0,0.0,1.0,0.0,0.0,0.0,0.0,0.0,0.30004883,3.0,17.0,1.0,3.0,2.0,0.0,846.08,4.1210938,4.53125,2.5195312
0.0,0.0,1.0,0.0,0.0,0.0,0.0,0.0,0.3100586,6.0,12.0,3.0,2.0,2.0,0.0,846.74,3.9492188,4.6601562,2.7109375
0.0,0.0,1.0,0.0,0.0,0.0,0.0,0.0,0.32006836,5.0,14.0,3.0,3.0,2.0,0.0,1094.04,4.1289062,4.8085938,2.75
0.0,0.0,1.0,0.0,0.0,0.0,0.0,0.0,0.32006836,6.0,15.0,3.0,3.0,1.0,0.0,1095.73,4.1484375,4.828125,2.7402344
0.0,0.0,1.0,0.0,0.0,0.0,0.0,0.0,0.30004883,6.0,16.0,3.0,3.0,1.0,0.0,1096.0,4.3007812,4.578125,2.7109375
0.0,0.0,1.0,0.0,0.0,0.0,0.0,0.0,0.39990234,4.0,14.0,2.0,3.0,2.0,2.0,1096.52,4.7304688,5.1015625,2.9492188
0.0,0.0,1.0,0.0,0.0,0.0,0.0,0.0,0.3100586,5.0,16.0,3.0,3.0,2.0,0.0,1096.64,4.1601562,4.671875,2.6796875
0.0,0.0,1.0,0.0,0.0,0.0,0.0,0.0,0.32006836,7.0,16.0,3.0,3.0,1.0,0.0,1096.83,4.25,4.671875,2.7207031
0.0,0.0,1.0,0.0,0.0,0.0,0.0,0.0,0.30004883,6.0,17.0,3.0,2.0,1.0,0.0,1096.98,3.9296875,4.6484375,2.7304688
0.0,0.0,1.0,0.0,0.0,0.0,0.0,0.0,0.30004883,5.0,18.0,2.0,3.0,1.0,0.0,1096.98,4.0390625,4.5703125,2.6992188
0.0,0.0,1.0,0.0,0.0,0.0,0.0,0.0,0.30004883,7.0,17.0,2.0,2.0,1.0,0.0,1097.99,4.0507812,4.7382812,2.8300781
0.0,0.0,1.0,0.0,0.0,0.0,0.0,0.0,0.30004883,5.0,18.0,3.0,2.0,1.0,0.0,1098.53,3.9492188,4.6914062,2.7597656
0.0,0.0,1.0,0.0,0.0,0.0,0.0,0.0,0.32006836,7.0,17.0,3.0,3.0,1.0,0.0,1098.91,4.2382812,4.6796875,2.6796875
0.0,0.0,1.0,0.0,0.0,0.0,0.0,0.0,0.39990234,6.0,13.0,1.0,3.0,2.0,2.0,1099.23,4.7304688,4.9882812,2.6992188
0.0,0.0,1.0,0.0,0.0,0.0,0.0,0.0,0.3100586,5.0,16.0,3.0,2.0,3.0,2.0,1099.75,4.078125,4.7890625,2.6796875
0.0,0.0,1.0,0.0,0.0,0.0,0.0,0.0,0.3100586,7.0,14.0,3.0,3.0,2.0,0.0,1099.75,4.03125,4.7890625,2.8398438
0.0,0.0,1.0,0.0,0.0,0.0,0.0,0.0,0.3100586,6.0,16.0,3.0,3.0,2.0,0.0,1099.77,4.2890625,4.78125,2.6601562
0.0,0.0,1.0,0.0,0.0,0.0,0.0,0.0,0.30004883,8.0,13.0,3.0,2.0,2.0,0.0,923.13,4.2382812,4.7109375,2.6699219
0.0,0.0,1.0,0.0,0.0,0.0,0.0,0.0,0.30004883,4.0,15.0,3.0,3.0,1.0,0.0,923.59,4.0703125,4.6484375,2.7597656
0.0,0.0,1.0,0.0,0.0,0.0,0.0,0.0,0.32006836,3.0,16.0,3.0,3.0,3.0,0.0,924.26,4.21875,4.6796875,2.7109375
0.0,0.0,1.0,0.0,0.0,0.0,0.0,0.0,0.30004883,4.0,15.0,3.0,3.0,1.0,0.0,924.65,4.1289062,4.6796875,2.6308594
0.0,0.0,1.0,0.0,0.0,0.0,0.0,0.0,0.30004883,5.0,17.0,2.0,1.0,1.0,1.0,925.63,4.0703125,4.7304688,2.7304688
0.0,0.0,1.0,0.0,0.0,0.0,0.0,0.0,0.3100586,4.0,16.0,3.0,3.0,2.0,2.0,926.91,3.9199219,4.53125,2.7402344
0.0,0.0,1.0,0.0,0.0,0.0,0.0,0.0,0.3100586,6.0,13.0,2.0,3.0,2.0,2.0,926.91,4.390625,4.6914062,2.5898438
0.0,0.0,1.0,0.0,0.0,0.0,0.0,0.0,0.32006836,4.0,17.0,3.0,2.0,2.0,0.0,927.0,4.3789062,4.7890625,2.8105469
0.0,0.0,1.0,0.0,0.0,0.0,0.0,0.0,0.30004883,4.0,16.0,3.0,2.0,2.0,0.0,927.17,4.03125,4.6914062,2.75
0.0,0.0,1.0,0.0,0.0,0.0,0.0,0.0,0.33007812,4.0,17.0,3.0,3.0,2.0,0.0,928.62,4.1914062,4.890625,2.7890625
0.0,0.0,1.0,0.0,0.0,0.0,0.0,0.0,0.29003906,6.0,16.0,2.0,2.0,2.0,0.0,929.06,3.9492188,4.6796875,2.7792969
0.0,0.0,1.0,0.0,0.0,0.0,0.0,0.0,0.30004883,4.0,17.0,2.0,3.0,1.0,0.0,930.75,3.9804688,4.8398438,2.7109375
0.0,0.0,1.0,0.0,0.0,0.0,0.0,0.0,0.30004883,4.0,17.0,1.0,2.0,1.0,0.0,930.75,4.3007812,4.640625,2.6503906
0.0,0.0,1.0,0.0,0.0,0.0,0.0,0.0,0.39990234,6.0,12.0,2.0,3.0,2.0,2.0,932.2,4.7382812,5.03125,2.7890625
0.0,0.0,1.0,0.0,0.0,0.0,0.0,0.0,0.30004883,5.0,16.0,1.0,3.0,1.0,2.0,932.29,4.1992188,4.5507812,2.6308594
0.0,0.0,1.0,0.0,0.0,0.0,0.0,0.0,0.30004883,3.0,16.0,3.0,2.0,1.0,0.0,781.64,4.2890625,4.6992188,2.7890625
0.0,0.0,1.0,0.0,0.0,0.0,0.0,0.0,0.4099121,6.0,10.0,3.0,3.0,2.0,0.0,782.15,4.5585938,5.28125,2.9707031
0.0,0.0,1.0,0.0,0.0,0.0,0.0,0.0,0.30004883,6.0,13.0,1.0,2.0,1.0,2.0,786.71,3.8808594,4.6796875,2.7597656
0.0,0.0,1.0,0.0,0.0,0.0,0.0,0.0,0.3100586,4.0,13.0,1.0,3.0,2.0,0.0,786.98,4.3710938,4.4609375,2.4707031
0.0,0.0,1.0,0.0,0.0,0.0,0.0,0.0,0.30004883,4.0,13.0,2.0,3.0,2.0,0.0,788.23,4.0390625,4.671875,2.6191406
0.0,0.0,1.0,0.0,0.0,0.0,0.0,0.0,0.29003906,4.0,18.0,1.0,2.0,1.0,0.0,791.33,3.9199219,4.75,2.8007812
0.0,0.0,1.0,0.0,0.0,0.0,0.0,0.0,0.30004883,5.0,13.0,1.0,3.0,3.0,0.0,794.3,4.2695312,4.5117188,2.4609375
0.0,0.0,1.0,0.0,0.0,0.0,0.0,0.0,0.30004883,3.0,16.0,1.0,2.0,1.0,0.0,794.37,4.328125,4.5703125,2.4707031
0.0,0.0,1.0,0.0,0.0,0.0,0.0,0.0,0.30004883,7.0,12.0,2.0,3.0,2.0,2.0,795.33,3.9003906,4.6015625,2.7792969
0.0,0.0,1.0,0.0,0.0,0.0,0.0,0.0,0.29003906,4.0,16.0,1.0,3.0,1.0,0.0,796.23,3.859375,4.5507812,2.7597656
0.0,0.0,1.0,0.0,0.0,0.0,0.0,0.0,0.33007812,4.0,13.0,3.0,3.0,1.0,2.0,798.1,4.078125,4.8515625,2.8496094
0.0,0.0,1.0,0.0,0.0,0.0,0.0,0.0,0.30004883,4.0,13.0,2.0,3.0,2.0,0.0,799.39,4.2695312,4.5,2.4902344
0.0,0.0,1.0,0.0,0.0,0.0,0.0,0.0,0.39990234,4.0,13.0,3.0,3.0,2.0,0.0,800.42,4.46875,5.109375,3.0097656
0.0,0.0,1.0,0.0,0.0,0.0,0.0,0.0,0.30004883,5.0,13.0,2.0,3.0,2.0,1.0,805.98,3.9609375,4.6796875,2.8300781
0.0,0.0,1.0,0.0,0.0,0.0,0.0,0.0,0.29003906,5.0,13.0,1.0,3.0,2.0,0.0,807.03,3.9902344,4.7304688,2.5605469
0.0,0.0,1.0,0.0,0.0,0.0,0.0,0.0,0.3100586,5.0,17.0,3.0,3.0,2.0,0.0,999.72,3.9804688,4.7304688,2.8105469
0.0,0.0,1.0,0.0,0.0,0.0,0.0,0.0,0.35009766,4.0,18.0,3.0,2.0,1.0,0.0,1000.56,4.1601562,4.9609375,2.9394531
0.0,0.0,1.0,0.0,0.0,0.0,0.0,0.0,0.30004883,5.0,16.0,3.0,2.0,1.0,0.0,1000.72,4.03125,4.6484375,2.6308594
0.0,0.0,1.0,0.0,0.0,0.0,0.0,0.0,0.30004883,4.0,18.0,3.0,3.0,1.0,0.0,1000.72,4.078125,4.6992188,2.7890625
0.0,0.0,1.0,0.0,0.0,0.0,0.0,0.0,0.39990234,6.0,12.0,1.0,3.0,2.0,1.0,1001.16,4.3203125,5.0,3.0605469
0.0,0.0,1.0,0.0,0.0,0.0,0.0,0.0,0.3100586,4.0,16.0,3.0,3.0,2.0,0.0,1002.83,4.03125,4.6796875,2.7597656
0.0,0.0,1.0,0.0,0.0,0.0,0.0,0.0,0.3100586,4.0,16.0,3.0,3.0,2.0,0.0,1002.83,4.0390625,4.7890625,2.8007812
0.0,0.0,1.0,0.0,0.0,0.0,0.0,0.0,0.30004883,5.0,16.0,3.0,3.0,1.0,0.0,1003.72,4.2382812,4.6484375,2.6191406
0.0,0.0,1.0,0.0,0.0,0.0,0.0,0.0,0.41992188,3.0,13.0,3.0,3.0,2.0,0.0,1003.83,4.578125,5.0898438,2.8691406
0.0,0.0,1.0,0.0,0.0,0.0,0.0,0.0,0.30004883,5.0,15.0,3.0,1.0,3.0,0.0,1004.23,4.1015625,4.78125,2.6796875
0.0,0.0,1.0,0.0,0.0,0.0,0.0,0.0,0.30004883,5.0,17.0,2.0,3.0,1.0,0.0,1004.74,3.8808594,4.6484375,2.8105469
0.0,0.0,1.0,0.0,0.0,0.0,0.0,0.0,0.30004883,5.0,17.0,2.0,2.0,1.0,0.0,1004.74,4.0390625,4.6210938,2.7792969
0.0,0.0,1.0,0.0,0.0,0.0,0.0,0.0,0.30004883,6.0,15.0,1.0,2.0,1.0,0.0,1005.8,4.3515625,4.578125,2.5605469
0.0,0.0,1.0,0.0,0.0,0.0,0.0,0.0,0.30004883,5.0,15.0,2.0,2.0,1.0,0.0,1006.26,4.328125,4.6484375,2.5703125
0.0,0.0,1.0,0.0,0.0,0.0,0.0,0.0,0.30004883,5.0,15.0,2.0,2.0,1.0,0.0,1006.26,4.1601562,4.5,2.6796875
0.0,0.0,1.0,0.0,0.0,0.0,0.0,0.0,0.30004883,6.0,15.0,2.0,3.0,1.0,0.0,1020.96,3.9609375,4.6289062,2.7597656
0.0,0.0,1.0,0.0,0.0,0.0,0.0,0.0,0.45996094,4.0,13.0,2.0,3.0,1.0,0.0,1021.39,4.9492188,5.2382812,2.9609375
0.0,0.0,1.0,0.0,0.0,0.0,0.0,0.0,0.30004883,4.0,18.0,3.0,2.0,2.0,0.0,1021.49,3.9394531,4.75,2.7109375
0.0,0.0,1.0,0.0,0.0,0.0,0.0,0.0,0.30004883,5.0,17.0,2.0,2.0,1.0,0.0,1022.45,4.0117188,4.609375,2.7695312
0.0,0.0,1.0,0.0,0.0,0.0,0.0,0.0,0.30004883,5.0,17.0,2.0,3.0,1.0,0.0,1022.45,4.0117188,4.7304688,2.7207031
0.0,0.0,1.0,0.0,0.0,0.0,0.0,0.0,0.30004883,5.0,15.0,3.0,3.0,2.0,0.0,1022.48,4.2617188,4.7382812,2.6601562
0.0,0.0,1.0,0.0,0.0,0.0,0.0,0.0,0.30004883,4.0,18.0,2.0,3.0,1.0,2.0,1022.52,4.0195312,4.6992188,2.640625
0.0,0.0,1.0,0.0,0.0,0.0,0.0,0.0,0.30004883,4.0,18.0,3.0,3.0,1.0,0.0,1022.52,4.1210938,4.6601562,2.6992188
0.0,0.0,1.0,0.0,0.0,0.0,0.0,0.0,0.3100586,6.0,14.0,3.0,3.0,2.0,0.0,1022.75,4.1992188,4.6914062,2.5898438
0.0,0.0,1.0,0.0,0.0,0.0,0.0,0.0,0.3100586,6.0,15.0,1.0,2.0,1.0,0.0,1022.8,4.1210938,4.75,2.5996094
0.0,0.0,1.0,0.0,0.0,0.0,0.0,0.0,0.3100586,4.0,18.0,3.0,3.0,1.0,2.0,1022.8,4.2382812,4.7109375,2.7109375
0.0,0.0,1.0,0.0,0.0,0.0,0.0,0.0,0.3400879,5.0,15.0,3.0,3.0,2.0,0.0,1022.92,4.2109375,4.9882812,2.9101562
0.0,0.0,1.0,0.0,0.0,0.0,0.0,0.0,0.30004883,5.0,18.0,3.0,3.0,1.0,2.0,1023.48,4.109375,4.6484375,2.5996094
0.0,0.0,1.0,0.0,0.0,0.0,0.0,0.0,0.30004883,5.0,18.0,1.0,2.0,2.0,2.0,1023.48,3.9394531,4.6015625,2.6796875
0.0,0.0,1.0,0.0,0.0,0.0,0.0,0.0,0.30004883,7.0,17.0,1.0,2.0,1.0,0.0,1023.97,4.1992188,4.6015625,2.7207031
0.0,0.0,1.0,0.0,0.0,0.0,0.0,0.0,0.39990234,3.0,13.0,2.0,3.0,2.0,1.0,867.31,4.53125,5.0195312,2.9804688
0.0,0.0,1.0,0.0,0.0,0.0,0.0,0.0,0.30004883,5.0,13.0,3.0,3.0,2.0,0.0,868.34,4.21875,4.6015625,2.609375
0.0,0.0,1.0,0.0,0.0,0.0,0.0,0.0,0.3100586,5.0,13.0,3.0,2.0,2.0,1.0,869.79,4.140625,4.7382812,2.7109375
0.0,0.0,1.0,0.0,0.0,0.0,0.0,0.0,0.30004883,5.0,13.0,3.0,3.0,2.0,0.0,870.35,4.0703125,4.6601562,2.7207031
0.0,0.0,1.0,0.0,0.0,0.0,0.0,0.0,0.30004883,3.0,18.0,2.0,2.0,1.0,0.0,871.87,4.1210938,4.640625,2.7792969
0.0,0.0,1.0,0.0,0.0,0.0,0.0,0.0,0.30004883,4.0,17.0,2.0,3.0,1.0,2.0,875.42,3.8398438,4.5585938,2.7597656
0.0,0.0,1.0,0.0,0.0,0.0,0.0,0.0,0.3100586,4.0,17.0,2.0,3.0,1.0,0.0,876.06,4.2382812,4.71875,2.640625
0.0,0.0,1.0,0.0,0.0,0.0,0.0,0.0,0.3100586,3.0,17.0,3.0,3.0,2.0,0.0,877.68,4.140625,4.7109375,2.6992188
0.0,0.0,1.0,0.0,0.0,0.0,0.0,0.0,0.3100586,4.0,15.0,2.0,2.0,1.0,0.0,879.73,4.171875,4.828125,2.7109375
0.0,0.0,1.0,0.0,0.0,0.0,0.0,0.0,0.30004883,4.0,17.0,2.0,2.0,1.0,0.0,880.52,4.2695312,4.6914062,2.6308594
0.0,0.0,1.0,0.0,0.0,0.0,0.0,0.0,0.30004883,4.0,14.0,2.0,2.0,0.0,2.0,881.03,4.0390625,4.5117188,2.4902344
0.0,0.0,1.0,0.0,0.0,0.0,0.0,0.0,0.3100586,5.0,13.0,3.0,3.0,2.0,0.0,881.81,4.0703125,4.8203125,2.8691406
0.0,0.0,1.0,0.0,0.0,0.0,0.0,0.0,0.30004883,4.0,16.0,2.0,3.0,2.0,0.0,882.52,4.0507812,4.7382812,2.6191406
0.0,0.0,1.0,0.0,0.0,0.0,0.0,0.0,0.3400879,3.0,16.0,3.0,2.0,2.0,0.0,883.89,4.359375,4.8203125,2.8007812
0.0,0.0,1.0,0.0,0.0,0.0,0.0,0.0,0.30004883,4.0,15.0,2.0,2.0,1.0,0.0,884.06,3.9804688,4.6289062,2.6796875
0.0,0.0,1.0,0.0,0.0,0.0,0.0,0.0,0.29003906,5.0,18.0,2.0,3.0,2.0,0.0,1087.84,3.9902344,4.671875,2.6191406
0.0,0.0,1.0,0.0,0.0,0.0,0.0,0.0,0.30004883,6.0,17.0,3.0,3.0,1.0,2.0,1087.94,4.0507812,4.7890625,2.7304688
0.0,0.0,1.0,0.0,0.0,0.0,0.0,0.0,0.30004883,7.0,16.0,3.0,2.0,1.0,0.0,1087.94,4.03125,4.7617188,2.7402344
0.0,0.0,1.0,0.0,0.0,0.0,0.0,0.0,0.30004883,6.0,17.0,2.0,3.0,1.0,0.0,1088.41,4.1210938,4.7304688,2.75
0.0,0.0,1.0,0.0,0.0,0.0,0.0,0.0,0.30004883,6.0,17.0,3.0,3.0,1.0,2.0,1088.41,4.109375,4.640625,2.609375
0.0,0.0,1.0,0.0,0.0,0.0,0.0,0.0,0.30004883,5.0,18.0,3.0,3.0,2.0,2.0,1088.41,3.9804688,4.7109375,2.7402344
0.0,0.0,1.0,0.0,0.0,0.0,0.0,0.0,0.30004883,8.0,16.0,1.0,3.0,1.0,0.0,1088.87,3.9609375,4.640625,2.5605469
0.0,0.0,1.0,0.0,0.0,0.0,0.0,0.0,0.30004883,6.0,18.0,1.0,2.0,1.0,0.0,1088.87,4.0703125,4.6484375,2.75
0.0,0.0,1.0,0.0,0.0,0.0,0.0,0.0,0.45996094,3.0,16.0,3.0,2.0,1.0,0.0,1088.97,4.609375,5.3984375,3.0292969
0.0,0.0,1.0,0.0,0.0,0.0,0.0,0.0,0.30004883,6.0,16.0,3.0,3.0,1.0,0.0,1089.9,4.1601562,4.6484375,2.6191406
0.0,0.0,1.0,0.0,0.0,0.0,0.0,0.0,0.52978516,3.0,11.0,2.0,3.0,2.0,2.0,1089.93,5.1914062,5.5117188,3.0390625
0.0,0.0,1.0,0.0,0.0,0.0,0.0,0.0,0.30004883,5.0,18.0,3.0,3.0,1.0,0.0,1089.95,3.9902344,4.7109375,2.8203125
0.0,0.0,1.0,0.0,0.0,0.0,0.0,0.0,0.32006836,6.0,15.0,3.0,2.0,1.0,0.0,1090.32,4.2109375,4.7695312,2.7304688
0.0,0.0,1.0,0.0,0.0,0.0,0.0,0.0,0.3100586,6.0,16.0,2.0,2.0,1.0,0.0,1090.34,4.3710938,4.6796875,2.6992188
0.0,0.0,1.0,0.0,0.0,0.0,0.0,0.0,0.35009766,7.0,16.0,3.0,3.0,2.0,2.0,1090.42,4.28125,4.8398438,2.859375
0.0,0.0,1.0,0.0,0.0,0.0,0.0,0.0,0.30004883,5.0,17.0,3.0,3.0,1.0,2.0,1034.69,4.078125,4.8398438,2.7402344
0.0,0.0,1.0,0.0,0.0,0.0,0.0,0.0,0.32006836,4.0,18.0,3.0,3.0,1.0,0.0,1036.26,4.3085938,4.6914062,2.7695312
0.0,0.0,1.0,0.0,0.0,0.0,0.0,0.0,0.3100586,5.0,18.0,2.0,2.0,2.0,1.0,1036.38,4.1015625,4.6601562,2.8007812
0.0,0.0,1.0,0.0,0.0,0.0,0.0,0.0,0.29003906,5.0,17.0,2.0,3.0,1.0,0.0,1036.87,3.8808594,4.6796875,2.6699219
0.0,0.0,1.0,0.0,0.0,0.0,0.0,0.0,0.3100586,6.0,15.0,3.0,3.0,1.0,1.0,1036.97,3.9707031,4.71875,2.7890625
0.0,0.0,1.0,0.0,0.0,0.0,0.0,0.0,0.30004883,5.0,18.0,1.0,2.0,2.0,0.0,1037.17,3.7304688,4.53125,2.8203125
0.0,0.0,1.0,0.0,0.0,0.0,0.0,0.0,0.3100586,5.0,16.0,3.0,3.0,2.0,0.0,1038.49,4.0703125,4.828125,2.8007812
0.0,0.0,1.0,0.0,0.0,0.0,0.0,0.0,0.45996094,3.0,13.0,2.0,2.0,2.0,0.0,1039.25,4.890625,5.171875,2.8496094
0.0,0.0,1.0,0.0,0.0,0.0,0.0,0.0,0.32006836,8.0,16.0,3.0,2.0,2.0,2.0,1039.42,4.0390625,4.8007812,2.75
0.0,0.0,1.0,0.0,0.0,0.0,0.0,0.0,0.30004883,5.0,17.0,2.0,3.0,2.0,0.0,1039.7,4.3710938,4.671875,2.6894531
0.0,0.0,1.0,0.0,0.0,0.0,0.0,0.0,0.30004883,5.0,16.0,2.0,2.0,1.0,0.0,1039.76,3.9707031,4.7695312,2.7304688
0.0,0.0,1.0,0.0,0.0,0.0,0.0,0.0,0.30004883,5.0,16.0,2.0,2.0,1.0,0.0,1039.76,4.0117188,4.6914062,2.6601562
0.0,0.0,1.0,0.0,0.0,0.0,0.0,0.0,0.30004883,6.0,16.0,2.0,2.0,1.0,0.0,1040.25,4.2304688,4.5703125,2.7304688
0.0,0.0,1.0,0.0,0.0,0.0,0.0,0.0,0.30004883,5.0,15.0,3.0,2.0,2.0,0.0,1041.72,4.078125,4.609375,2.6894531
0.0,0.0,1.0,0.0,0.0,0.0,0.0,0.0,0.30004883,5.0,18.0,2.0,3.0,1.0,2.0,1041.78,4.0195312,4.671875,2.6894531
0.0,0.0,1.0,0.0,0.0,0.0,0.0,0.0,0.33007812,5.0,16.0,3.0,3.0,1.0,0.0,1118.85,4.21875,4.8007812,2.7792969
0.0,0.0,1.0,0.0,0.0,0.0,0.0,0.0,0.3100586,6.0,15.0,3.0,3.0,2.0,0.0,1119.17,4.2617188,4.71875,2.6503906
0.0,0.0,1.0,0.0,0.0,0.0,0.0,0.0,0.3400879,6.0,14.0,3.0,3.0,2.0,0.0,1119.46,4.1796875,4.890625,2.8300781
0.0,0.0,1.0,0.0,0.0,0.0,0.0,0.0,0.32006836,5.0,15.0,3.0,3.0,2.0,0.0,1120.05,4.1210938,4.8085938,2.8398438
0.0,0.0,1.0,0.0,0.0,0.0,0.0,0.0,0.30004883,6.0,17.0,3.0,3.0,2.0,0.0,1120.39,3.9394531,4.7109375,2.8300781
0.0,0.0,1.0,0.0,0.0,0.0,0.0,0.0,0.5,6.0,11.0,2.0,2.0,2.0,0.0,1122.21,4.5585938,5.4882812,3.2792969
0.0,0.0,1.0,0.0,0.0,0.0,0.0,0.0,0.30004883,5.0,18.0,2.0,2.0,1.0,0.0,1122.41,4.03125,4.75,2.6308594
0.0,0.0,1.0,0.0,0.0,0.0,0.0,0.0,0.45996094,3.0,15.0,3.0,3.0,1.0,0.0,1122.5,4.671875,5.4492188,3.1992188
0.0,0.0,1.0,0.0,0.0,0.0,0.0,0.0,0.45996094,3.0,16.0,2.0,3.0,2.0,0.0,1123.26,4.6601562,5.1601562,3.1191406
0.0,0.0,1.0,0.0,0.0,0.0,0.0,0.0,0.30004883,8.0,16.0,2.0,3.0,2.0,0.0,1123.34,4.0195312,4.640625,2.5703125
0.0,0.0,1.0,0.0,0.0,0.0,0.0,0.0,0.39990234,3.0,16.0,3.0,3.0,1.0,0.0,1123.55,4.4609375,5.2695312,3.0195312
0.0,0.0,1.0,0.0,0.0,0.0,0.0,0.0,0.30004883,6.0,16.0,3.0,3.0,2.0,0.0,1124.39,4.1992188,4.6015625,2.6601562
0.0,0.0,1.0,0.0,0.0,0.0,0.0,0.0,0.30004883,6.0,16.0,3.0,2.0,2.0,0.0,1124.39,4.1015625,4.7382812,2.6601562
0.0,0.0,1.0,0.0,0.0,0.0,0.0,0.0,0.30004883,6.0,16.0,3.0,3.0,2.0,0.0,1124.39,4.0117188,4.609375,2.7402344
0.0,0.0,1.0,0.0,0.0,0.0,0.0,0.0,0.30004883,7.0,18.0,3.0,3.0,1.0,2.0,1124.91,4.0585938,4.7890625,2.8105469
0.0,0.0,1.0,0.0,0.0,0.0,0.0,0.0,0.45996094,4.0,14.0,2.0,3.0,2.0,0.0,1099.85,4.5117188,5.4296875,3.1699219
0.0,0.0,1.0,0.0,0.0,0.0,0.0,0.0,0.30004883,5.0,16.0,3.0,3.0,2.0,0.0,1100.09,3.9804688,4.7382812,2.7792969
0.0,0.0,1.0,0.0,0.0,0.0,0.0,0.0,0.30004883,5.0,16.0,2.0,3.0,2.0,0.0,1100.09,3.9492188,4.671875,2.6796875
0.0,0.0,1.0,0.0,0.0,0.0,0.0,0.0,0.30004883,5.0,16.0,3.0,2.0,2.0,0.0,1100.09,4.03125,4.640625,2.7402344
0.0,0.0,1.0,0.0,0.0,0.0,0.0,0.0,0.30004883,6.0,15.0,3.0,3.0,2.0,0.0,1100.09,4.0,4.609375,2.75
0.0,0.0,1.0,0.0,0.0,0.0,0.0,0.0,0.35009766,5.0,14.0,3.0,3.0,2.0,0.0,1101.04,4.2304688,4.921875,2.7597656
0.0,0.0,1.0,0.0,0.0,0.0,0.0,0.0,0.30004883,5.0,17.0,3.0,2.0,2.0,2.0,1101.12,3.9804688,4.7382812,2.8105469
0.0,0.0,1.0,0.0,0.0,0.0,0.0,0.0,0.33007812,5.0,18.0,3.0,2.0,2.0,1.0,1102.1,4.1796875,4.8710938,2.8105469
0.0,0.0,1.0,0.0,0.0,0.0,0.0,0.0,0.5,3.0,13.0,2.0,3.0,2.0,2.0,1102.27,4.9882812,5.53125,3.0703125
0.0,0.0,1.0,0.0,0.0,0.0,0.0,0.0,0.3100586,6.0,15.0,3.0,3.0,2.0,0.0,1102.42,4.1601562,4.7109375,2.7597656
0.0,0.0,1.0,0.0,0.0,0.0,0.0,0.0,0.30004883,6.0,17.0,3.0,3.0,1.0,0.0,1103.15,4.1796875,4.6601562,2.6503906
0.0,0.0,1.0,0.0,0.0,0.0,0.0,0.0,0.3100586,6.0,18.0,3.0,3.0,1.0,2.0,1103.42,3.9804688,4.7304688,2.8203125
0.0,0.0,1.0,0.0,0.0,0.0,0.0,0.0,0.3100586,6.0,14.0,3.0,3.0,2.0,0.0,1103.49,4.140625,4.828125,2.7207031
0.0,0.0,1.0,0.0,0.0,0.0,0.0,0.0,0.3100586,6.0,14.0,3.0,3.0,2.0,0.0,1103.49,4.2617188,4.671875,2.7207031
0.0,0.0,1.0,0.0,0.0,0.0,0.0,0.0,0.30004883,7.0,17.0,2.0,3.0,1.0,2.0,1103.57,4.1484375,4.5703125,2.640625
0.0,0.0,1.0,0.0,0.0,0.0,0.0,0.0,0.30004883,7.0,14.0,2.0,2.0,2.0,0.0,1132.5,4.2382812,4.6015625,2.5390625
0.0,0.0,1.0,0.0,0.0,0.0,0.0,0.0,0.33007812,5.0,16.0,3.0,3.0,2.0,0.0,1132.79,4.3007812,4.78125,2.6894531
0.0,0.0,1.0,0.0,0.0,0.0,0.0,0.0,0.45996094,4.0,14.0,2.0,2.0,2.0,0.0,1133.31,4.5703125,5.4101562,3.25
0.0,0.0,1.0,0.0,0.0,0.0,0.0,0.0,0.30004883,7.0,17.0,3.0,2.0,1.0,0.0,1133.48,3.9394531,4.6796875,2.7597656
0.0,0.0,1.0,0.0,0.0,0.0,0.0,0.0,0.35009766,7.0,15.0,3.0,2.0,1.0,0.0,1134.18,4.359375,4.921875,2.7597656
0.0,0.0,1.0,0.0,0.0,0.0,0.0,0.0,0.30004883,6.0,16.0,2.0,3.0,2.0,0.0,1134.51,3.9101562,4.640625,2.7890625
0.0,0.0,1.0,0.0,0.0,0.0,0.0,0.0,0.30004883,5.0,18.0,2.0,3.0,2.0,0.0,1134.55,4.3007812,4.6210938,2.5605469
0.0,0.0,1.0,0.0,0.0,0.0,0.0,0.0,0.39990234,4.0,14.0,2.0,3.0,2.0,0.0,1135.04,4.5898438,5.0195312,2.9003906
0.0,0.0,1.0,0.0,0.0,0.0,0.0,0.0,0.3100586,6.0,16.0,3.0,3.0,1.0,0.0,1135.41,3.9804688,4.71875,2.7792969
0.0,0.0,1.0,0.0,0.0,0.0,0.0,0.0,0.30004883,8.0,17.0,2.0,3.0,1.0,0.0,1135.51,4.25,4.6015625,2.5507812
0.0,0.0,1.0,0.0,0.0,0.0,0.0,0.0,0.3100586,6.0,15.0,3.0,3.0,3.0,0.0,1135.92,4.0585938,4.6601562,2.7695312
0.0,0.0,1.0,0.0,0.0,0.0,0.0,0.0,0.30004883,8.0,18.0,2.0,3.0,1.0,0.0,1136.1,4.0,4.640625,2.7207031
0.0,0.0,1.0,0.0,0.0,0.0,0.0,0.0,0.30004883,5.0,17.0,3.0,3.0,2.0,0.0,1136.53,4.0507812,4.8203125,2.8300781
0.0,0.0,1.0,0.0,0.0,0.0,0.0,0.0,0.39990234,3.0,16.0,3.0,3.0,2.0,0.0,1137.03,4.5195312,5.140625,3.0605469
0.0,0.0,1.0,0.0,0.0,0.0,0.0,0.0,0.30004883,8.0,17.0,2.0,2.0,1.0,0.0,1137.07,4.2695312,4.75,2.609375
0.0,0.0,1.0,0.0,0.0,0.0,0.0,0.0,0.30004883,4.0,14.0,2.0,3.0,2.0,0.0,808.01,4.1914062,4.7109375,2.640625
0.0,0.0,1.0,0.0,0.0,0.0,0.0,0.0,0.29003906,4.0,18.0,1.0,1.0,1.0,2.0,808.48,4.21875,4.5703125,2.6191406
0.0,0.0,1.0,0.0,0.0,0.0,0.0,0.0,0.30004883,6.0,12.0,3.0,3.0,2.0,2.0,808.53,4.1210938,4.6914062,2.75
0.0,0.0,1.0,0.0,0.0,0.0,0.0,0.0,0.30004883,3.0,15.0,2.0,3.0,1.0,0.0,809.51,4.0117188,4.6796875,2.8203125
0.0,0.0,1.0,0.0,0.0,0.0,0.0,0.0,0.30004883,3.0,16.0,2.0,3.0,2.0,0.0,809.53,4.0195312,4.7617188,2.7207031
0.0,0.0,1.0,0.0,0.0,0.0,0.0,0.0,0.3400879,7.0,12.0,3.0,3.0,2.0,0.0,811.49,4.2109375,4.9882812,2.8105469
0.0,0.0,1.0,0.0,0.0,0.0,0.0,0.0,0.3100586,5.0,13.0,3.0,3.0,2.0,2.0,815.8,4.0898438,4.7382812,2.6699219
0.0,0.0,1.0,0.0,0.0,0.0,0.0,0.0,0.30004883,5.0,13.0,2.0,3.0,1.0,0.0,817.66,4.1914062,4.53125,2.5507812
0.0,0.0,1.0,0.0,0.0,0.0,0.0,0.0,0.33007812,5.0,12.0,3.0,3.0,2.0,0.0,819.3,4.3710938,4.8515625,2.7304688
0.0,0.0,1.0,0.0,0.0,0.0,0.0,0.0,0.33007812,5.0,12.0,3.0,3.0,2.0,2.0,819.3,4.3515625,4.75,2.7695312
0.0,0.0,1.0,0.0,0.0,0.0,0.0,0.0,0.3100586,4.0,16.0,3.0,3.0,2.0,0.0,821.61,4.0898438,4.8203125,2.8007812
0.0,0.0,1.0,0.0,0.0,0.0,0.0,0.0,0.30004883,5.0,13.0,2.0,3.0,2.0,0.0,822.22,4.0,4.6289062,2.75
0.0,0.0,1.0,0.0,0.0,0.0,0.0,0.0,0.30004883,5.0,13.0,1.0,2.0,2.0,0.0,829.28,4.1992188,4.46875,2.5800781
0.0,0.0,1.0,0.0,0.0,0.0,0.0,0.0,0.30004883,3.0,16.0,1.0,3.0,2.0,0.0,829.3,4.2382812,4.5390625,2.640625
0.0,0.0,1.0,0.0,0.0,0.0,0.0,0.0,0.29003906,4.0,16.0,1.0,3.0,2.0,0.0,829.54,3.8691406,4.609375,2.7695312
0.0,0.0,1.0,0.0,0.0,0.0,0.0,0.0,0.30004883,4.0,16.0,3.0,3.0,2.0,0.0,943.9,4.171875,4.5898438,2.7304688
0.0,0.0,1.0,0.0,0.0,0.0,0.0,0.0,0.30004883,4.0,16.0,3.0,3.0,2.0,0.0,943.9,4.0,4.71875,2.7890625
0.0,0.0,1.0,0.0,0.0,0.0,0.0,0.0,0.30004883,4.0,16.0,3.0,3.0,2.0,0.0,943.9,4.0898438,4.53125,2.6796875
0.0,0.0,1.0,0.0,0.0,0.0,0.0,0.0,0.3100586,4.0,15.0,3.0,3.0,3.0,2.0,944.2,4.0117188,4.7382812,2.7597656
0.0,0.0,1.0,0.0,0.0,0.0,0.0,0.0,0.29003906,5.0,16.0,1.0,3.0,2.0,0.0,944.29,3.890625,4.6015625,2.7402344
0.0,0.0,1.0,0.0,0.0,0.0,0.0,0.0,0.30004883,4.0,16.0,3.0,3.0,1.0,0.0,944.42,4.171875,4.640625,2.6191406
0.0,0.0,1.0,0.0,0.0,0.0,0.0,0.0,0.3100586,6.0,15.0,1.0,3.0,1.0,1.0,945.76,4.3203125,4.6289062,2.4902344
0.0,0.0,1.0,0.0,0.0,0.0,0.0,0.0,0.30004883,4.0,18.0,2.0,3.0,1.0,0.0,945.89,4.0117188,4.6992188,2.7890625
0.0,0.0,1.0,0.0,0.0,0.0,0.0,0.0,0.30004883,6.0,13.0,3.0,3.0,2.0,0.0,945.96,4.0585938,4.6992188,2.7109375
0.0,0.0,1.0,0.0,0.0,0.0,0.0,0.0,0.30004883,4.0,17.0,3.0,3.0,1.0,0.0,946.4,4.03125,4.78125,2.75
0.0,0.0,1.0,0.0,0.0,0.0,0.0,0.0,0.30004883,4.0,17.0,3.0,2.0,1.0,0.0,946.4,4.171875,4.578125,2.609375
0.0,0.0,1.0,0.0,0.0,0.0,0.0,0.0,0.30004883,4.0,14.0,3.0,2.0,2.0,0.0,946.42,4.1289062,4.5585938,2.5898438
0.0,0.0,1.0,0.0,0.0,0.0,0.0,0.0,0.39990234,3.0,14.0,2.0,3.0,2.0,0.0,947.09,4.4882812,5.140625,2.9296875
0.0,0.0,1.0,0.0,0.0,0.0,0.0,0.0,0.30004883,4.0,14.0,3.0,2.0,2.0,0.0,948.46,4.0898438,4.6289062,2.7402344
0.0,0.0,1.0,0.0,0.0,0.0,0.0,0.0,0.3100586,4.0,15.0,3.0,2.0,2.0,2.0,949.41,4.3007812,4.6484375,2.5195312
0.0,0.0,1.0,0.0,0.0,0.0,0.0,0.0,0.30004883,4.0,15.0,3.0,3.0,2.0,0.0,992.57,4.0898438,4.671875,2.609375
0.0,0.0,1.0,0.0,0.0,0.0,0.0,0.0,0.3100586,6.0,18.0,3.0,3.0,1.0,4.0,992.88,4.1484375,4.7382812,2.8203125
0.0,0.0,1.0,0.0,0.0,0.0,0.0,0.0,0.30004883,6.0,14.0,3.0,2.0,2.0,0.0,993.04,3.9902344,4.7382812,2.6992188
0.0,0.0,1.0,0.0,0.0,0.0,0.0,0.0,0.32006836,4.0,14.0,3.0,2.0,2.0,0.0,993.52,4.25,4.8085938,2.7402344
0.0,0.0,1.0,0.0,0.0,0.0,0.0,0.0,0.29003906,5.0,17.0,2.0,2.0,1.0,2.0,993.74,4.3085938,4.5898438,2.5195312
0.0,0.0,1.0,0.0,0.0,0.0,0.0,0.0,0.3100586,4.0,15.0,3.0,3.0,2.0,0.0,993.94,4.078125,4.6484375,2.7597656
0.0,0.0,1.0,0.0,0.0,0.0,0.0,0.0,0.3100586,4.0,15.0,3.0,3.0,2.0,0.0,993.94,4.171875,4.6914062,2.7597656
0.0,0.0,1.0,0.0,0.0,0.0,0.0,0.0,0.5,4.0,10.0,3.0,3.0,2.0,2.0,994.18,4.8398438,5.46875,3.1601562
0.0,0.0,1.0,0.0,0.0,0.0,0.0,0.0,0.3100586,5.0,14.0,2.0,2.0,1.0,0.0,994.97,4.390625,4.671875,2.5703125
0.0,0.0,1.0,0.0,0.0,0.0,0.0,0.0,0.30004883,5.0,15.0,3.0,2.0,2.0,0.0,996.61,4.390625,4.6289062,2.5507812
0.0,0.0,1.0,0.0,0.0,0.0,0.0,0.0,0.3400879,5.0,14.0,1.0,2.0,1.0,0.0,997.69,4.2109375,4.828125,2.9394531
0.0,0.0,1.0,0.0,0.0,0.0,0.0,0.0,0.30004883,6.0,14.0,3.0,3.0,1.0,2.0,998.15,3.8808594,4.5898438,2.7304688
0.0,0.0,1.0,0.0,0.0,0.0,0.0,0.0,0.32006836,8.0,13.0,3.0,3.0,2.0,0.0,998.32,4.3398438,4.7382812,2.7597656
0.0,0.0,1.0,0.0,0.0,0.0,0.0,0.0,0.3100586,4.0,17.0,3.0,2.0,2.0,0.0,998.71,4.1289062,4.671875,2.6191406
0.0,0.0,1.0,0.0,0.0,0.0,0.0,0.0,0.33007812,6.0,13.0,3.0,2.0,1.0,2.0,999.5,4.25,4.7109375,2.640625
0.0,0.0,1.0,0.0,0.0,0.0,0.0,0.0,0.30004883,5.0,16.0,2.0,3.0,1.0,0.0,1042.26,4.2890625,4.5390625,2.5
0.0,0.0,1.0,0.0,0.0,0.0,0.0,0.0,0.30004883,6.0,15.0,1.0,3.0,2.0,0.0,1042.26,4.171875,4.390625,2.4296875
0.0,0.0,1.0,0.0,0.0,0.0,0.0,0.0,0.30004883,5.0,17.0,3.0,1.0,2.0,0.0,1042.8,4.1796875,4.7304688,2.7304688
0.0,0.0,1.0,0.0,0.0,0.0,0.0,0.0,0.3100586,6.0,18.0,3.0,3.0,1.0,1.0,1043.17,4.0585938,4.7109375,2.7304688
0.0,0.0,1.0,0.0,0.0,0.0,0.0,0.0,0.29003906,5.0,18.0,2.0,2.0,2.0,0.0,1043.24,4.0117188,4.7382812,2.6894531
0.0,0.0,1.0,0.0,0.0,0.0,0.0,0.0,0.32006836,7.0,17.0,2.0,3.0,1.0,0.0,1044.28,4.2109375,4.78125,2.6894531
0.0,0.0,1.0,0.0,0.0,0.0,0.0,0.0,0.30004883,5.0,16.0,3.0,3.0,1.0,0.0,1044.34,4.140625,4.6210938,2.6992188
0.0,0.0,1.0,0.0,0.0,0.0,0.0,0.0,0.48999023,4.0,11.0,1.0,2.0,2.0,2.0,1044.37,4.890625,5.4492188,2.9707031
0.0,0.0,1.0,0.0,0.0,0.0,0.0,0.0,0.3798828,6.0,13.0,3.0,2.0,2.0,0.0,1044.45,4.5195312,4.8789062,2.8105469
0.0,0.0,1.0,0.0,0.0,0.0,0.0,0.0,0.32006836,4.0,17.0,3.0,3.0,2.0,0.0,1044.84,4.2304688,4.6992188,2.640625
0.0,0.0,1.0,0.0,0.0,0.0,0.0,0.0,0.30004883,8.0,15.0,3.0,3.0,1.0,0.0,1046.8,3.9804688,4.6992188,2.7402344
0.0,0.0,1.0,0.0,0.0,0.0,0.0,0.0,0.30004883,4.0,18.0,3.0,3.0,2.0,0.0,1047.87,4.2695312,4.6484375,2.6601562
0.0,0.0,1.0,0.0,0.0,0.0,0.0,0.0,0.30004883,4.0,18.0,3.0,3.0,1.0,2.0,1047.87,3.9804688,4.7304688,2.8105469
0.0,0.0,1.0,0.0,0.0,0.0,0.0,0.0,0.30004883,6.0,16.0,2.0,2.0,1.0,0.0,1048.37,4.0898438,4.6992188,2.7792969
0.0,0.0,1.0,0.0,0.0,0.0,0.0,0.0,0.33007812,5.0,15.0,3.0,3.0,1.0,0.0,1050.25,4.1992188,4.859375,2.8496094
0.0,0.0,1.0,0.0,0.0,0.0,0.0,0.0,0.30004883,3.0,16.0,3.0,3.0,1.0,0.0,848.6,4.0117188,4.7382812,2.8105469
0.0,0.0,1.0,0.0,0.0,0.0,0.0,0.0,0.30004883,3.0,16.0,3.0,2.0,1.0,0.0,848.6,3.9804688,4.7109375,2.7792969
0.0,0.0,1.0,0.0,0.0,0.0,0.0,0.0,0.3100586,3.0,16.0,3.0,1.0,2.0,0.0,848.8,4.0507812,4.7109375,2.7597656
0.0,0.0,1.0,0.0,0.0,0.0,0.0,0.0,0.30004883,3.0,17.0,3.0,3.0,1.0,0.0,850.12,3.9707031,4.7304688,2.8007812
0.0,0.0,1.0,0.0,0.0,0.0,0.0,0.0,0.30004883,4.0,15.0,2.0,3.0,2.0,0.0,853.18,4.3007812,4.6601562,2.5703125
0.0,0.0,1.0,0.0,0.0,0.0,0.0,0.0,0.30004883,4.0,16.0,2.0,3.0,2.0,0.0,855.14,4.0390625,4.7304688,2.6191406
0.0,0.0,1.0,0.0,0.0,0.0,0.0,0.0,0.3701172,4.0,13.0,3.0,3.0,2.0,2.0,856.42,4.5507812,5.0117188,2.9394531
0.0,0.0,1.0,0.0,0.0,0.0,0.0,0.0,0.30004883,3.0,17.0,2.0,3.0,2.0,0.0,856.73,4.0507812,4.6015625,2.5703125
0.0,0.0,1.0,0.0,0.0,0.0,0.0,0.0,0.30004883,5.0,13.0,1.0,3.0,2.0,0.0,858.18,4.2890625,4.5195312,2.4609375
0.0,0.0,1.0,0.0,0.0,0.0,0.0,0.0,0.3100586,5.0,13.0,3.0,3.0,2.0,2.0,861.93,4.2382812,4.6289062,2.6503906
0.0,0.0,1.0,0.0,0.0,0.0,0.0,0.0,0.30004883,3.0,17.0,1.0,3.0,1.0,0.0,863.25,3.8808594,4.5898438,2.8203125
0.0,0.0,1.0,0.0,0.0,0.0,0.0,0.0,0.30004883,4.0,16.0,1.0,2.0,1.0,2.0,864.27,4.140625,4.53125,2.75
0.0,0.0,1.0,0.0,0.0,0.0,0.0,0.0,0.30004883,5.0,13.0,3.0,3.0,2.0,0.0,864.27,4.0507812,4.6601562,2.7207031
0.0,0.0,1.0,0.0,0.0,0.0,0.0,0.0,0.30004883,4.0,15.0,2.0,2.0,2.0,0.0,866.31,3.9394531,4.640625,2.5507812
0.0,0.0,1.0,0.0,0.0,0.0,0.0,0.0,0.29003906,6.0,15.0,2.0,2.0,1.0,2.0,866.33,4.0390625,4.8085938,2.6894531
0.0,0.0,1.0,0.0,0.0,0.0,0.0,0.0,0.33007812,6.0,15.0,3.0,3.0,2.0,0.0,1137.81,4.3085938,4.828125,2.7402344
0.0,0.0,1.0,0.0,0.0,0.0,0.0,0.0,0.32006836,6.0,17.0,3.0,3.0,1.0,0.0,1138.43,4.3710938,4.78125,2.7597656
0.0,0.0,1.0,0.0,0.0,0.0,0.0,0.0,0.3400879,5.0,17.0,3.0,3.0,2.0,0.0,1138.43,4.2382812,4.9609375,2.8105469
0.0,0.0,1.0,0.0,0.0,0.0,0.0,0.0,0.30004883,8.0,16.0,3.0,3.0,2.0,0.0,1139.06,4.0585938,4.7304688,2.6796875
0.0,0.0,1.0,0.0,0.0,0.0,0.0,0.0,0.35009766,5.0,15.0,3.0,3.0,2.0,0.0,1139.5,4.328125,5.0,2.8808594
0.0,0.0,1.0,0.0,0.0,0.0,0.0,0.0,0.32006836,7.0,17.0,3.0,2.0,1.0,0.0,1140.55,4.1289062,4.9101562,2.8691406
0.0,0.0,1.0,0.0,0.0,0.0,0.0,0.0,0.30004883,6.0,18.0,3.0,2.0,2.0,0.0,1141.09,4.171875,4.6289062,2.5996094
0.0,0.0,1.0,0.0,0.0,0.0,0.0,0.0,0.33007812,5.0,16.0,3.0,3.0,2.0,2.0,1141.12,4.2695312,4.96875,2.8398438
0.0,0.0,1.0,0.0,0.0,0.0,0.0,0.0,0.3400879,5.0,15.0,3.0,3.0,2.0,0.0,1141.88,4.109375,4.890625,2.8496094
0.0,0.0,1.0,0.0,0.0,0.0,0.0,0.0,0.35009766,5.0,17.0,3.0,3.0,2.0,0.0,1142.49,4.21875,4.9296875,2.8808594
0.0,0.0,1.0,0.0,0.0,0.0,0.0,0.0,0.3100586,6.0,15.0,3.0,2.0,2.0,0.0,1142.78,4.2695312,4.640625,2.6699219
0.0,0.0,1.0,0.0,0.0,0.0,0.0,0.0,0.30004883,6.0,17.0,2.0,3.0,2.0,0.0,1143.13,4.03125,4.78125,2.859375
0.0,0.0,1.0,0.0,0.0,0.0,0.0,0.0,0.30004883,5.0,18.0,3.0,2.0,2.0,0.0,1143.13,3.9902344,4.7382812,2.7890625
0.0,0.0,1.0,0.0,0.0,0.0,0.0,0.0,0.30004883,5.0,17.0,3.0,2.0,2.0,0.0,1143.64,3.9902344,4.7382812,2.6894531
0.0,0.0,1.0,0.0,0.0,0.0,0.0,0.0,0.30004883,5.0,17.0,3.0,3.0,2.0,0.0,1143.64,4.1289062,4.578125,2.6894531
0.0,0.0,1.0,0.0,0.0,0.0,0.0,0.0,0.39990234,4.0,16.0,2.0,2.0,2.0,2.0,1114.08,4.5195312,5.1992188,2.9296875
0.0,0.0,1.0,0.0,0.0,0.0,0.0,0.0,0.3100586,8.0,15.0,2.0,2.0,1.0,0.0,1114.42,4.1289062,4.6796875,2.8007812
0.0,0.0,1.0,0.0,0.0,0.0,0.0,0.0,0.5097656,4.0,13.0,2.0,3.0,2.0,1.0,1114.81,5.0390625,5.3789062,3.0
0.0,0.0,1.0,0.0,0.0,0.0,0.0,0.0,0.36010742,5.0,15.0,3.0,3.0,2.0,2.0,1114.99,4.5195312,4.9882812,2.8105469
0.0,0.0,1.0,0.0,0.0,0.0,0.0,0.0,0.30004883,6.0,16.0,2.0,3.0,3.0,0.0,1115.81,3.859375,4.640625,2.8007812
0.0,0.0,1.0,0.0,0.0,0.0,0.0,0.0,0.30004883,5.0,17.0,2.0,3.0,2.0,0.0,1116.82,3.9296875,4.5898438,2.7792969
0.0,0.0,1.0,0.0,0.0,0.0,0.0,0.0,0.30004883,6.0,16.0,1.0,3.0,2.0,0.0,1116.82,4.0703125,4.46875,2.5292969
0.0,0.0,1.0,0.0,0.0,0.0,0.0,0.0,0.30004883,6.0,15.0,3.0,3.0,2.0,0.0,1116.82,4.1601562,4.6796875,2.6699219
0.0,0.0,1.0,0.0,0.0,0.0,0.0,0.0,0.30004883,7.0,14.0,3.0,2.0,2.0,0.0,1116.82,4.2382812,4.6601562,2.6503906
0.0,0.0,1.0,0.0,0.0,0.0,0.0,0.0,0.30004883,5.0,18.0,3.0,3.0,2.0,0.0,1116.84,4.0117188,4.7695312,2.8007812
0.0,0.0,1.0,0.0,0.0,0.0,0.0,0.0,0.30004883,7.0,17.0,3.0,3.0,1.0,0.0,1117.77,4.0390625,4.6914062,2.7402344
0.0,0.0,1.0,0.0,0.0,0.0,0.0,0.0,0.33007812,8.0,15.0,3.0,3.0,1.0,0.0,1118.31,4.171875,4.9101562,2.7695312
0.0,0.0,1.0,0.0,0.0,0.0,0.0,0.0,0.30004883,5.0,17.0,3.0,3.0,2.0,0.0,1118.81,4.0507812,4.7109375,2.8007812
0.0,0.0,1.0,0.0,0.0,0.0,0.0,0.0,0.30004883,7.0,16.0,2.0,2.0,2.0,0.0,1118.85,4.1601562,4.609375,2.6992188
0.0,0.0,1.0,0.0,0.0,0.0,0.0,0.0,0.30004883,7.0,16.0,2.0,3.0,2.0,0.0,1118.85,4.1992188,4.6601562,2.5703125
0.0,0.0,1.0,0.0,0.0,0.0,0.0,0.0,0.30004883,3.0,18.0,3.0,3.0,2.0,0.0,893.71,4.140625,4.7617188,2.6992188
0.0,0.0,1.0,0.0,0.0,0.0,0.0,0.0,0.30004883,3.0,18.0,2.0,3.0,2.0,0.0,893.71,4.2382812,4.640625,2.609375
0.0,0.0,1.0,0.0,0.0,0.0,0.0,0.0,0.32006836,4.0,16.0,3.0,3.0,1.0,0.0,893.99,4.2109375,4.7695312,2.8203125
0.0,0.0,1.0,0.0,0.0,0.0,0.0,0.0,0.30004883,4.0,17.0,2.0,3.0,1.0,2.0,895.21,4.1914062,4.6289062,2.75
0.0,0.0,1.0,0.0,0.0,0.0,0.0,0.0,0.30004883,4.0,18.0,1.0,3.0,1.0,0.0,895.73,3.8691406,4.5390625,2.7402344
0.0,0.0,1.0,0.0,0.0,0.0,0.0,0.0,0.35009766,6.0,13.0,3.0,3.0,1.0,1.0,896.41,4.53125,4.9804688,2.6992188
0.0,0.0,1.0,0.0,0.0,0.0,0.0,0.0,0.30004883,4.0,16.0,2.0,3.0,1.0,2.0,897.27,4.2617188,4.5898438,2.6894531
0.0,0.0,1.0,0.0,0.0,0.0,0.0,0.0,0.30004883,4.0,15.0,2.0,2.0,1.0,2.0,897.74,4.2304688,4.7695312,2.640625
0.0,0.0,1.0,0.0,0.0,0.0,0.0,0.0,0.30004883,4.0,16.0,2.0,3.0,1.0,2.0,900.77,3.9296875,4.7109375,2.7109375
0.0,0.0,1.0,0.0,0.0,0.0,0.0,0.0,0.29003906,6.0,16.0,2.0,2.0,2.0,0.0,901.16,4.171875,4.6601562,2.5898438
0.0,0.0,1.0,0.0,0.0,0.0,0.0,0.0,0.30004883,4.0,17.0,2.0,3.0,2.0,0.0,901.78,3.8808594,4.6601562,2.75
0.0,0.0,1.0,0.0,0.0,0.0,0.0,0.0,0.3100586,3.0,17.0,3.0,3.0,2.0,0.0,902.26,4.0390625,4.78125,2.7597656
0.0,0.0,1.0,0.0,0.0,0.0,0.0,0.0,0.3100586,6.0,13.0,3.0,2.0,2.0,0.0,902.81,4.0117188,4.7382812,2.7597656
0.0,0.0,1.0,0.0,0.0,0.0,0.0,0.0,0.5,4.0,11.0,3.0,2.0,2.0,2.0,904.35,4.9492188,5.5507812,3.1191406
0.0,0.0,1.0,0.0,0.0,0.0,0.0,0.0,0.30004883,4.0,18.0,2.0,2.0,1.0,0.0,905.91,4.0390625,4.7890625,2.6699219
0.0,0.0,1.0,0.0,0.0,0.0,0.0,0.0,0.3100586,8.0,17.0,3.0,2.0,1.0,0.0,1090.86,4.1015625,4.71875,2.6601562
0.0,0.0,1.0,0.0,0.0,0.0,0.0,0.0,0.30004883,5.0,16.0,2.0,2.0,2.0,0.0,1091.99,3.9101562,4.75,2.8691406
0.0,0.0,1.0,0.0,0.0,0.0,0.0,0.0,0.30004883,6.0,15.0,3.0,2.0,2.0,0.0,1091.99,3.9902344,4.6796875,2.7402344
0.0,0.0,1.0,0.0,0.0,0.0,0.0,0.0,0.30004883,6.0,15.0,3.0,3.0,2.0,0.0,1091.99,4.25,4.6210938,2.6191406
0.0,0.0,1.0,0.0,0.0,0.0,0.0,0.0,0.30004883,7.0,14.0,2.0,3.0,2.0,0.0,1091.99,4.0117188,4.5703125,2.7597656
0.0,0.0,1.0,0.0,0.0,0.0,0.0,0.0,0.5,3.0,14.0,3.0,3.0,2.0,1.0,1092.72,4.6796875,5.4804688,3.2402344
0.0,0.0,1.0,0.0,0.0,0.0,0.0,0.0,0.30004883,7.0,18.0,1.0,2.0,0.0,0.0,1093.01,3.8300781,4.6210938,2.7304688
0.0,0.0,1.0,0.0,0.0,0.0,0.0,0.0,0.30004883,8.0,18.0,2.0,2.0,1.0,0.0,1093.02,4.0898438,4.8085938,2.75
0.0,0.0,1.0,0.0,0.0,0.0,0.0,0.0,0.44995117,4.0,16.0,2.0,2.0,1.0,1.0,1093.23,4.8515625,5.1914062,2.9199219
0.0,0.0,1.0,0.0,0.0,0.0,0.0,0.0,0.33007812,5.0,14.0,3.0,2.0,2.0,0.0,1093.73,4.390625,4.7382812,2.6601562
0.0,0.0,1.0,0.0,0.0,0.0,0.0,0.0,0.30004883,7.0,17.0,2.0,3.0,1.0,2.0,1093.94,3.9296875,4.5117188,2.6894531
0.0,0.0,1.0,0.0,0.0,0.0,0.0,0.0,0.30004883,5.0,15.0,3.0,2.0,2.0,0.0,1093.95,4.109375,4.6289062,2.7402344
0.0,0.0,1.0,0.0,0.0,0.0,0.0,0.0,0.30004883,6.0,14.0,3.0,2.0,2.0,0.0,1093.95,4.0390625,4.71875,2.7792969
0.0,0.0,1.0,0.0,0.0,0.0,0.0,0.0,0.30004883,6.0,14.0,3.0,2.0,2.0,0.0,1093.95,4.0390625,4.7890625,2.7890625
0.0,0.0,1.0,0.0,0.0,0.0,0.0,0.0,0.30004883,6.0,17.0,3.0,3.0,1.0,0.0,1094.0,4.0195312,4.75,2.6796875
0.0,0.0,1.0,0.0,0.0,0.0,0.0,0.0,0.4099121,5.0,13.0,2.0,3.0,2.0,0.0,1055.84,4.3710938,5.21875,3.140625
0.0,0.0,1.0,0.0,0.0,0.0,0.0,0.0,0.30004883,6.0,17.0,1.0,3.0,1.0,2.0,1055.95,4.1601562,4.609375,2.4902344
0.0,0.0,1.0,0.0,0.0,0.0,0.0,0.0,0.30004883,4.0,18.0,3.0,3.0,2.0,0.0,1056.49,4.140625,4.6210938,2.5898438
0.0,0.0,1.0,0.0,0.0,0.0,0.0,0.0,0.30004883,5.0,17.0,3.0,3.0,1.0,0.0,1057.5,4.078125,4.7890625,2.7207031
0.0,0.0,1.0,0.0,0.0,0.0,0.0,0.0,0.3100586,7.0,15.0,2.0,3.0,2.0,0.0,1058.38,4.1289062,4.7617188,2.7304688
0.0,0.0,1.0,0.0,0.0,0.0,0.0,0.0,0.30004883,6.0,15.0,3.0,2.0,1.0,0.0,1058.99,4.0703125,4.6484375,2.609375
0.0,0.0,1.0,0.0,0.0,0.0,0.0,0.0,0.30004883,6.0,17.0,3.0,2.0,1.0,0.0,1060.0,4.1601562,4.7382812,2.6699219
0.0,0.0,1.0,0.0,0.0,0.0,0.0,0.0,0.30004883,7.0,16.0,3.0,2.0,1.0,0.0,1060.48,4.0117188,4.640625,2.7402344
0.0,0.0,1.0,0.0,0.0,0.0,0.0,0.0,0.5,4.0,11.0,2.0,1.0,2.0,0.0,1062.49,4.7695312,5.5117188,3.0703125
0.0,0.0,1.0,0.0,0.0,0.0,0.0,0.0,0.30004883,5.0,15.0,2.0,2.0,2.0,0.0,1063.04,4.2109375,4.5117188,2.5
0.0,0.0,1.0,0.0,0.0,0.0,0.0,0.0,0.33007812,6.0,15.0,3.0,2.0,1.0,2.0,1063.09,4.0703125,4.8398438,2.8203125
0.0,0.0,1.0,0.0,0.0,0.0,0.0,0.0,0.30004883,6.0,14.0,3.0,3.0,2.0,0.0,1063.53,4.1992188,4.6992188,2.6796875
0.0,0.0,1.0,0.0,0.0,0.0,0.0,0.0,0.3100586,6.0,14.0,3.0,2.0,1.0,0.0,1063.67,4.1992188,4.7304688,2.7695312
0.0,0.0,1.0,0.0,0.0,0.0,0.0,0.0,0.3100586,5.0,16.0,3.0,3.0,2.0,0.0,1063.69,4.0195312,4.78125,2.6992188
0.0,0.0,1.0,0.0,0.0,0.0,0.0,0.0,0.3100586,6.0,15.0,3.0,3.0,2.0,0.0,1063.69,4.28125,4.6601562,2.640625
0.0,0.0,1.0,0.0,0.0,0.0,0.0,0.0,0.30004883,6.0,15.0,2.0,1.0,1.0,2.0,975.81,3.8496094,4.6289062,2.7695312
0.0,0.0,1.0,0.0,0.0,0.0,0.0,0.0,0.27001953,7.0,15.0,3.0,2.0,2.0,0.0,975.86,3.9394531,4.4609375,2.640625
0.0,0.0,1.0,0.0,0.0,0.0,0.0,0.0,0.38989258,6.0,14.0,1.0,2.0,1.0,1.0,976.75,4.6914062,5.0,2.6894531
0.0,0.0,1.0,0.0,0.0,0.0,0.0,0.0,0.30004883,5.0,15.0,1.0,2.0,2.0,0.0,977.39,4.1796875,4.6289062,2.5507812
0.0,0.0,1.0,0.0,0.0,0.0,0.0,0.0,0.30004883,4.0,15.0,2.0,3.0,2.0,0.0,978.37,3.8398438,4.6015625,2.7207031
0.0,0.0,1.0,0.0,0.0,0.0,0.0,0.0,0.3100586,4.0,17.0,3.0,3.0,2.0,2.0,979.25,4.2304688,4.6914062,2.6191406
0.0,0.0,1.0,0.0,0.0,0.0,0.0,0.0,0.33007812,6.0,13.0,3.0,3.0,2.0,2.0,979.42,4.2304688,4.9492188,2.890625
0.0,0.0,1.0,0.0,0.0,0.0,0.0,0.0,0.3100586,5.0,14.0,2.0,2.0,1.0,0.0,979.81,3.9609375,4.7617188,2.8691406
0.0,0.0,1.0,0.0,0.0,0.0,0.0,0.0,0.30004883,4.0,18.0,2.0,3.0,2.0,0.0,979.95,3.9492188,4.609375,2.7792969
0.0,0.0,1.0,0.0,0.0,0.0,0.0,0.0,0.30004883,4.0,16.0,3.0,3.0,2.0,0.0,981.38,4.078125,4.6796875,2.7304688
0.0,0.0,1.0,0.0,0.0,0.0,0.0,0.0,0.30004883,4.0,16.0,3.0,3.0,2.0,0.0,981.38,4.1992188,4.7382812,2.6601562
0.0,0.0,1.0,0.0,0.0,0.0,0.0,0.0,0.30004883,8.0,14.0,3.0,3.0,1.0,0.0,983.93,4.1601562,4.5390625,2.6601562
0.0,0.0,1.0,0.0,0.0,0.0,0.0,0.0,0.30004883,4.0,18.0,2.0,3.0,2.0,0.0,984.43,3.9296875,4.578125,2.7597656
0.0,0.0,1.0,0.0,0.0,0.0,0.0,0.0,0.38989258,4.0,15.0,2.0,3.0,2.0,2.0,984.66,4.609375,5.1914062,2.890625
0.0,0.0,1.0,0.0,0.0,0.0,0.0,0.0,0.30004883,5.0,15.0,2.0,3.0,1.0,0.0,985.51,3.890625,4.6796875,2.8203125
0.0,0.0,0.0,1.0,0.0,0.0,0.0,0.0,0.58984375,4.0,18.0,2.0,3.0,2.0,0.0,1967.26,8.09375,4.4804688,2.6992188
0.0,0.0,0.0,1.0,0.0,0.0,0.0,0.0,0.52978516,8.0,17.0,3.0,3.0,2.0,1.0,1968.43,9.1171875,4.1484375,2.4394531
0.0,0.0,0.0,1.0,0.0,0.0,0.0,0.0,0.5,5.0,16.0,3.0,3.0,3.0,0.0,1973.69,8.0078125,4.1289062,2.5996094
0.0,0.0,0.0,1.0,0.0,0.0,0.0,0.0,0.5,8.0,18.0,3.0,3.0,2.0,1.0,1974.76,7.78125,4.2695312,2.6308594
0.0,0.0,0.0,1.0,0.0,0.0,0.0,0.0,0.52001953,6.0,18.0,3.0,3.0,2.0,1.0,1983.2,8.5625,4.2304688,2.4804688
0.0,0.0,0.0,1.0,0.0,0.0,0.0,0.0,0.5,5.0,18.0,3.0,3.0,2.0,0.0,1984.06,8.7109375,3.9296875,2.4296875
0.0,0.0,0.0,1.0,0.0,0.0,0.0,0.0,0.5,7.0,18.0,1.0,3.0,2.0,2.0,1986.0,7.4101562,4.1210938,2.7109375
0.0,0.0,0.0,1.0,0.0,0.0,0.0,0.0,0.5,8.0,15.0,2.0,2.0,1.0,0.0,1986.7,8.796875,4.0585938,2.3300781
0.0,0.0,0.0,1.0,0.0,0.0,0.0,0.0,1.0,3.0,9.0,2.0,3.0,2.0,2.0,1987.62,9.1875,5.2109375,3.2597656
0.0,0.0,0.0,1.0,0.0,0.0,0.0,0.0,0.5,5.0,16.0,3.0,3.0,2.0,0.0,1989.27,8.3828125,4.0390625,2.4902344
0.0,0.0,0.0,1.0,0.0,0.0,0.0,0.0,0.5,5.0,17.0,3.0,3.0,3.0,0.0,1989.32,8.4296875,4.1015625,2.4707031
0.0,0.0,0.0,1.0,0.0,0.0,0.0,0.0,0.52978516,5.0,16.0,3.0,2.0,2.0,0.0,1999.88,8.5390625,4.28125,2.4902344
0.0,0.0,0.0,1.0,0.0,0.0,0.0,0.0,0.9199219,6.0,10.0,3.0,3.0,3.0,2.0,2000.39,9.796875,5.1289062,3.0
0.0,0.0,0.0,1.0,0.0,0.0,0.0,0.0,0.52001953,8.0,18.0,3.0,3.0,2.0,1.0,2004.48,8.4921875,4.2617188,2.4296875
0.0,0.0,0.0,1.0,0.0,0.0,0.0,0.0,0.52978516,7.0,15.0,3.0,2.0,2.0,0.0,2006.69,8.828125,4.109375,2.5
0.0,0.0,0.0,1.0,0.0,0.0,0.0,0.0,0.5,7.0,17.0,3.0,3.0,2.0,1.0,2006.89,7.6015625,4.171875,2.6308594
0.0,0.0,0.0,1.0,0.0,0.0,0.0,0.0,0.5,6.0,18.0,3.0,2.0,1.0,0.0,2007.94,8.828125,4.0117188,2.3007812
0.0,0.0,0.0,1.0,0.0,0.0,0.0,0.0,0.52001953,7.0,17.0,3.0,3.0,2.0,2.0,2008.37,7.8203125,4.3398438,2.6992188
0.0,0.0,0.0,1.0,0.0,0.0,0.0,0.0,0.5,5.0,18.0,3.0,3.0,3.0,2.0,2010.47,8.8203125,4.03125,2.3300781
0.0,0.0,0.0,1.0,0.0,0.0,0.0,0.0,0.52978516,6.0,15.0,3.0,3.0,2.0,0.0,2011.25,8.046875,4.3515625,2.5898438
0.0,0.0,0.0,1.0,0.0,0.0,0.0,0.0,0.5,8.0,15.0,3.0,2.0,2.0,0.0,2016.12,7.9296875,4.1601562,2.5097656
0.0,0.0,0.0,1.0,0.0,0.0,0.0,0.0,0.5097656,8.0,16.0,3.0,3.0,1.0,1.0,2018.08,8.328125,4.3515625,2.5195312
0.0,0.0,0.0,1.0,0.0,0.0,0.0,0.0,0.5,5.0,15.0,3.0,2.0,2.0,0.0,2019.55,7.859375,4.1914062,2.5605469
0.0,0.0,0.0,1.0,0.0,0.0,0.0,0.0,0.5,8.0,18.0,3.0,3.0,2.0,1.0,2020.53,8.203125,4.1210938,2.4394531
0.0,0.0,0.0,1.0,0.0,0.0,0.0,0.0,0.58984375,4.0,18.0,3.0,3.0,2.0,2.0,2021.84,9.2578125,4.1289062,2.5
0.0,0.0,0.0,1.0,0.0,0.0,0.0,0.0,0.5698242,7.0,17.0,3.0,3.0,2.0,4.0,2024.03,9.1015625,4.2695312,2.4804688
0.0,0.0,0.0,1.0,0.0,0.0,0.0,0.0,0.58984375,5.0,18.0,3.0,3.0,2.0,4.0,2025.02,9.078125,4.390625,2.5195312
0.0,0.0,0.0,1.0,0.0,0.0,0.0,0.0,0.35009766,5.0,16.0,2.0,3.0,1.0,0.0,1024.19,7.6484375,3.4902344,2.1503906
0.0,0.0,0.0,1.0,0.0,0.0,0.0,0.0,0.30004883,5.0,18.0,3.0,3.0,2.0,0.0,1027.54,7.3789062,3.3007812,2.1503906
0.0,0.0,0.0,1.0,0.0,0.0,0.0,0.0,0.30004883,6.0,18.0,3.0,3.0,2.0,0.0,1028.53,7.5,3.4199219,1.9199219
0.0,0.0,0.0,1.0,0.0,0.0,0.0,0.0,0.32006836,6.0,16.0,3.0,3.0,2.0,0.0,1029.14,6.8085938,3.7304688,2.2109375
0.0,0.0,0.0,1.0,0.0,0.0,0.0,0.0,0.32006836,5.0,18.0,3.0,2.0,2.0,0.0,1029.21,7.6796875,3.5390625,2.0292969
0.0,0.0,0.0,1.0,0.0,0.0,0.0,0.0,0.5,4.0,11.0,3.0,3.0,3.0,0.0,1029.67,8.8125,4.0585938,2.359375
0.0,0.0,0.0,1.0,0.0,0.0,0.0,0.0,0.39990234,4.0,14.0,3.0,3.0,2.0,2.0,1030.22,7.8789062,3.8691406,2.2304688
0.0,0.0,0.0,1.0,0.0,0.0,0.0,0.0,0.30004883,5.0,18.0,3.0,2.0,2.0,0.0,1032.64,6.6601562,3.5605469,2.109375
0.0,0.0,0.0,1.0,0.0,0.0,0.0,0.0,0.30004883,5.0,18.0,3.0,3.0,2.0,0.0,1032.64,7.4414062,3.4101562,2.140625
0.0,0.0,0.0,1.0,0.0,0.0,0.0,0.0,0.36010742,6.0,16.0,3.0,2.0,2.0,2.0,1032.86,6.8789062,3.7890625,2.2695312
0.0,0.0,0.0,1.0,0.0,0.0,0.0,0.0,0.30004883,6.0,18.0,3.0,3.0,2.0,2.0,1035.13,7.078125,3.5195312,2.0703125
0.0,0.0,0.0,1.0,0.0,0.0,0.0,0.0,0.30004883,8.0,18.0,3.0,3.0,2.0,4.0,1038.27,6.96875,3.4199219,2.0898438
0.0,0.0,0.0,1.0,0.0,0.0,0.0,0.0,0.58984375,3.0,10.0,2.0,2.0,2.0,0.0,1039.49,8.5,4.3515625,2.6191406
0.0,0.0,0.0,1.0,0.0,0.0,0.0,0.0,0.3100586,5.0,18.0,3.0,2.0,2.0,0.0,1041.16,7.6015625,3.4394531,1.9599609
0.0,0.0,0.0,1.0,0.0,0.0,0.0,0.0,0.30004883,6.0,18.0,2.0,2.0,2.0,0.0,1044.25,6.5507812,3.609375,2.1191406
0.0,0.0,0.0,1.0,0.0,0.0,0.0,0.0,0.35009766,8.0,14.0,3.0,3.0,2.0,0.0,869.83,7.6914062,3.5097656,2.1894531
0.0,0.0,0.0,1.0,0.0,0.0,0.0,0.0,0.30004883,4.0,18.0,3.0,2.0,1.0,0.0,870.91,7.109375,3.6503906,2.1191406
0.0,0.0,0.0,1.0,0.0,0.0,0.0,0.0,0.30004883,5.0,14.0,2.0,3.0,2.0,0.0,871.87,6.8085938,3.4609375,2.1601562
0.0,0.0,0.0,1.0,0.0,0.0,0.0,0.0,0.3100586,6.0,14.0,3.0,2.0,1.0,0.0,875.07,7.3085938,3.4394531,2.1308594
0.0,0.0,0.0,1.0,0.0,0.0,0.0,0.0,0.3100586,4.0,17.0,3.0,2.0,1.0,2.0,877.65,7.6015625,3.4394531,1.9902344
0.0,0.0,0.0,1.0,0.0,0.0,0.0,0.0,0.3100586,3.0,18.0,3.0,3.0,2.0,0.0,882.37,7.5585938,3.3691406,2.0605469
0.0,0.0,0.0,1.0,0.0,0.0,0.0,0.0,0.30004883,3.0,18.0,3.0,3.0,2.0,2.0,882.52,7.0390625,3.5703125,2.0800781
0.0,0.0,0.0,1.0,0.0,0.0,0.0,0.0,0.30004883,4.0,18.0,1.0,2.0,1.0,0.0,884.61,6.5,3.6308594,2.0507812
0.0,0.0,0.0,1.0,0.0,0.0,0.0,0.0,0.30004883,8.0,13.0,3.0,2.0,2.0,0.0,886.62,6.8085938,3.5605469,2.0800781
0.0,0.0,0.0,1.0,0.0,0.0,0.0,0.0,0.30004883,5.0,16.0,3.0,3.0,2.0,0.0,890.14,6.4414062,3.5703125,2.2402344
0.0,0.0,0.0,1.0,0.0,0.0,0.0,0.0,0.30004883,4.0,18.0,1.0,3.0,2.0,0.0,890.14,6.5703125,3.4296875,2.1601562
0.0,0.0,0.0,1.0,0.0,0.0,0.0,0.0,0.30004883,5.0,16.0,3.0,3.0,2.0,2.0,891.17,7.4296875,3.4902344,2.0390625
0.0,0.0,0.0,1.0,0.0,0.0,0.0,0.0,0.3100586,3.0,18.0,3.0,3.0,2.0,0.0,891.8,7.6210938,3.4804688,1.9804688
0.0,0.0,0.0,1.0,0.0,0.0,0.0,0.0,0.39990234,7.0,11.0,3.0,3.0,2.0,2.0,895.77,7.46875,3.9101562,2.3007812
0.0,0.0,0.0,1.0,0.0,0.0,0.0,0.0,0.30004883,4.0,18.0,2.0,3.0,2.0,0.0,901.34,6.4882812,3.5292969,2.1894531
0.0,0.0,0.0,1.0,0.0,0.0,0.0,0.0,0.35009766,6.0,16.0,2.0,2.0,1.0,0.0,1008.24,7.5195312,3.8007812,2.1503906
0.0,0.0,0.0,1.0,0.0,0.0,0.0,0.0,0.32006836,5.0,18.0,3.0,3.0,1.0,0.0,1010.3,6.9609375,3.6191406,2.25
0.0,0.0,0.0,1.0,0.0,0.0,0.0,0.0,0.5,8.0,11.0,3.0,3.0,2.0,0.0,1010.7,8.453125,4.109375,2.4394531
0.0,0.0,0.0,1.0,0.0,0.0,0.0,0.0,0.30004883,6.0,18.0,3.0,3.0,2.0,0.0,1010.79,7.0,3.4902344,2.1796875
0.0,0.0,0.0,1.0,0.0,0.0,0.0,0.0,0.30004883,5.0,18.0,3.0,3.0,2.0,0.0,1011.84,6.6796875,3.6992188,2.2207031
0.0,0.0,0.0,1.0,0.0,0.0,0.0,0.0,0.3798828,4.0,18.0,3.0,2.0,1.0,2.0,1012.36,8.2578125,3.7695312,2.1796875
0.0,0.0,0.0,1.0,0.0,0.0,0.0,0.0,0.3100586,5.0,17.0,3.0,3.0,2.0,0.0,1013.39,7.578125,3.3808594,2.0
0.0,0.0,0.0,1.0,0.0,0.0,0.0,0.0,0.39990234,4.0,14.0,1.0,2.0,2.0,0.0,1014.76,7.9414062,3.6191406,2.2304688
0.0,0.0,0.0,1.0,0.0,0.0,0.0,0.0,0.32006836,7.0,15.0,3.0,3.0,2.0,0.0,1015.71,7.8203125,3.5390625,2.0292969
0.0,0.0,0.0,1.0,0.0,0.0,0.0,0.0,0.32006836,5.0,15.0,3.0,3.0,3.0,0.0,1016.72,7.4804688,3.5390625,2.0507812
0.0,0.0,0.0,1.0,0.0,0.0,0.0,0.0,0.3400879,4.0,18.0,3.0,3.0,2.0,0.0,1017.77,7.7304688,3.5507812,2.2109375
0.0,0.0,0.0,0.0,1.0,0.0,0.0,0.0,0.32006836,3.0,19.0,3.0,2.0,1.0,1.0,962.08,5.25,3.5507812,2.2695312
0.0,0.0,0.0,0.0,1.0,0.0,0.0,0.0,0.30004883,5.0,16.0,2.0,2.0,2.0,0.0,962.18,5.3984375,3.7109375,2.2597656
0.0,0.0,0.0,0.0,1.0,0.0,0.0,0.0,0.32006836,5.0,18.0,3.0,2.0,1.0,2.0,962.62,6.0195312,3.8496094,2.2109375
0.0,0.0,0.0,0.0,1.0,0.0,0.0,0.0,0.3100586,7.0,15.0,3.0,2.0,1.0,0.0,963.03,5.8984375,3.6992188,2.2890625
0.0,0.0,0.0,0.0,1.0,0.0,0.0,0.0,0.64990234,6.0,8.0,3.0,3.0,2.0,1.0,963.92,7.3085938,4.6484375,2.8808594
0.0,0.0,0.0,0.0,1.0,0.0,0.0,0.0,0.30004883,5.0,17.0,3.0,3.0,2.0,1.0,964.69,5.359375,3.7695312,2.3691406
0.0,0.0,0.0,0.0,1.0,0.0,0.0,0.0,0.3400879,4.0,17.0,3.0,2.0,1.0,0.0,965.46,6.1992188,3.890625,2.2695312
0.0,0.0,0.0,0.0,1.0,0.0,0.0,0.0,0.35009766,6.0,13.0,3.0,3.0,2.0,0.0,966.24,5.8007812,3.9804688,2.3398438
0.0,0.0,0.0,0.0,1.0,0.0,0.0,0.0,0.3798828,4.0,17.0,3.0,3.0,2.0,0.0,967.36,5.9296875,3.9707031,2.4609375
0.0,0.0,0.0,0.0,1.0,0.0,0.0,0.0,0.30004883,5.0,18.0,2.0,3.0,2.0,2.0,967.71,5.1015625,3.7792969,2.3496094
0.0,0.0,0.0,0.0,1.0,0.0,0.0,0.0,0.39990234,3.0,15.0,3.0,2.0,1.0,0.0,968.78,6.21875,4.21875,2.4394531
0.0,0.0,0.0,0.0,1.0,0.0,0.0,0.0,0.39990234,5.0,12.0,3.0,3.0,2.0,0.0,969.43,6.140625,4.140625,2.5195312
0.0,0.0,0.0,0.0,1.0,0.0,0.0,0.0,0.30004883,5.0,17.0,3.0,2.0,1.0,0.0,969.79,5.8007812,3.7304688,2.2109375
0.0,0.0,0.0,0.0,1.0,0.0,0.0,0.0,0.30004883,6.0,16.0,3.0,3.0,2.0,2.0,969.79,5.3085938,3.8398438,2.3691406
0.0,0.0,0.0,0.0,1.0,0.0,0.0,0.0,0.30004883,8.0,14.0,2.0,3.0,2.0,0.0,969.79,5.8203125,3.7207031,2.1992188
0.0,0.0,0.0,0.0,1.0,0.0,0.0,0.0,0.30004883,8.0,16.0,3.0,2.0,1.0,0.0,915.98,5.7695312,3.7597656,2.2207031
0.0,0.0,0.0,0.0,1.0,0.0,0.0,0.0,0.30004883,4.0,17.0,3.0,3.0,2.0,0.0,919.06,5.8789062,3.6894531,2.1601562
0.0,0.0,0.0,0.0,1.0,0.0,0.0,0.0,0.3100586,7.0,14.0,3.0,3.0,1.0,0.0,920.12,5.2304688,3.8203125,2.4003906
0.0,0.0,0.0,0.0,1.0,0.0,0.0,0.0,0.3100586,4.0,17.0,3.0,3.0,2.0,2.0,921.66,5.3984375,3.7597656,2.3398438
0.0,0.0,0.0,0.0,1.0,0.0,0.0,0.0,0.30004883,5.0,15.0,3.0,3.0,2.0,0.0,922.64,5.0703125,3.7695312,2.3496094
0.0,0.0,0.0,0.0,1.0,0.0,0.0,0.0,0.36010742,1.0,19.0,3.0,2.0,0.0,2.0,922.67,5.0390625,3.7695312,2.5898438
0.0,0.0,0.0,0.0,1.0,0.0,0.0,0.0,0.30004883,7.0,19.0,3.0,2.0,0.0,2.0,923.08,5.3398438,3.7597656,2.0996094
0.0,0.0,0.0,0.0,1.0,0.0,0.0,0.0,0.30004883,4.0,17.0,3.0,3.0,2.0,0.0,923.11,5.2109375,3.8691406,2.3496094
0.0,0.0,0.0,0.0,1.0,0.0,0.0,0.0,0.36010742,3.0,18.0,3.0,3.0,2.0,0.0,976.28,6.2382812,3.9101562,2.3203125
0.0,0.0,0.0,0.0,1.0,0.0,0.0,0.0,0.5097656,6.0,10.0,3.0,3.0,3.0,0.0,977.2,6.1210938,4.5507812,2.8105469
0.0,0.0,0.0,0.0,1.0,0.0,0.0,0.0,0.6201172,4.0,18.0,3.0,3.0,3.0,0.0,977.54,6.5,4.78125,3.0800781
0.0,0.0,0.0,0.0,1.0,0.0,0.0,0.0,0.5,3.0,13.0,2.0,2.0,2.0,4.0,977.78,5.9609375,4.421875,2.7890625
0.0,0.0,0.0,0.0,1.0,0.0,0.0,0.0,0.58984375,5.0,10.0,3.0,3.0,2.0,1.0,981.36,6.609375,4.7695312,2.8691406
0.0,0.0,0.0,0.0,1.0,0.0,0.0,0.0,0.30004883,7.0,17.0,3.0,1.0,1.0,0.0,981.38,5.609375,3.8398438,1.9599609
0.0,0.0,0.0,0.0,1.0,0.0,0.0,0.0,0.39990234,3.0,15.0,3.0,3.0,2.0,0.0,981.55,5.78125,4.1210938,2.5996094
0.0,0.0,0.0,0.0,1.0,0.0,0.0,0.0,0.33007812,6.0,14.0,3.0,3.0,2.0,2.0,981.64,5.609375,4.0195312,2.3496094
0.0,0.0,0.0,0.0,1.0,0.0,0.0,0.0,0.3100586,5.0,15.0,3.0,2.0,2.0,2.0,982.43,5.8085938,3.6992188,2.2304688
0.0,0.0,0.0,0.0,1.0,0.0,0.0,0.0,0.5,7.0,11.0,3.0,3.0,2.0,4.0,983.02,6.2382812,4.6210938,2.7304688
0.0,0.0,0.0,0.0,1.0,0.0,0.0,0.0,0.8100586,3.0,9.0,3.0,3.0,3.0,4.0,983.07,7.609375,5.0898438,3.0703125
0.0,0.0,0.0,0.0,1.0,0.0,0.0,0.0,0.30004883,7.0,17.0,2.0,3.0,1.0,0.0,984.43,5.859375,3.6796875,2.1191406
0.0,0.0,0.0,0.0,1.0,0.0,0.0,0.0,0.3100586,6.0,18.0,3.0,3.0,2.0,2.0,984.49,5.3515625,3.9804688,2.4296875
0.0,0.0,0.0,0.0,1.0,0.0,0.0,0.0,0.33007812,6.0,15.0,3.0,2.0,2.0,1.0,984.98,5.9492188,3.890625,2.2792969
0.0,0.0,0.0,0.0,1.0,0.0,0.0,0.0,0.39990234,3.0,14.0,3.0,3.0,2.0,0.0,986.28,5.6796875,4.2382812,2.4707031
0.0,0.0,0.0,0.0,1.0,0.0,0.0,0.0,0.39990234,4.0,11.0,3.0,2.0,2.0,2.0,764.56,6.1796875,4.1484375,2.4707031
0.0,0.0,0.0,0.0,1.0,0.0,0.0,0.0,0.5,5.0,10.0,3.0,1.0,1.0,2.0,765.12,6.578125,4.4414062,2.6699219
0.0,0.0,0.0,0.0,1.0,0.0,0.0,0.0,0.5,2.0,10.0,3.0,3.0,2.0,1.0,765.12,6.6914062,4.3515625,2.6894531
0.0,0.0,0.0,0.0,1.0,0.0,0.0,0.0,0.39990234,4.0,11.0,2.0,2.0,1.0,0.0,766.58,6.3085938,4.0390625,2.359375
0.0,0.0,0.0,0.0,1.0,0.0,0.0,0.0,0.5,5.0,9.0,2.0,3.0,1.0,4.0,770.27,6.5585938,4.4414062,2.640625
0.0,0.0,0.0,0.0,1.0,0.0,0.0,0.0,0.39990234,6.0,10.0,3.0,3.0,2.0,0.0,772.67,5.96875,4.0507812,2.5097656
0.0,0.0,0.0,0.0,1.0,0.0,0.0,0.0,0.5,4.0,9.0,3.0,3.0,2.0,0.0,776.32,6.109375,4.46875,2.8105469
0.0,0.0,0.0,0.0,1.0,0.0,0.0,0.0,0.5,3.0,10.0,2.0,3.0,2.0,0.0,778.97,6.2890625,4.3085938,2.7402344
0.0,0.0,0.0,0.0,1.0,0.0,0.0,0.0,0.30004883,6.0,13.0,2.0,1.0,1.0,0.0,788.23,5.578125,3.6503906,2.1503906
0.0,0.0,0.0,0.0,1.0,0.0,0.0,0.0,0.39990234,4.0,11.0,3.0,2.0,1.0,0.0,788.89,6.46875,4.1289062,2.390625
0.0,0.0,0.0,0.0,1.0,0.0,0.0,0.0,0.35009766,6.0,19.0,1.0,2.0,1.0,1.0,792.86,5.1914062,3.9394531,2.2792969
0.0,0.0,0.0,0.0,1.0,0.0,0.0,0.0,0.3100586,3.0,16.0,3.0,1.0,0.0,0.0,796.43,5.7695312,3.75,2.2304688
0.0,0.0,0.0,0.0,1.0,0.0,0.0,0.0,0.42993164,6.0,10.0,3.0,1.0,1.0,0.0,798.73,6.109375,4.3515625,2.5703125
0.0,0.0,0.0,0.0,1.0,0.0,0.0,0.0,0.30004883,3.0,18.0,2.0,3.0,1.0,1.0,798.86,5.1210938,3.8496094,2.4199219
0.0,0.0,0.0,0.0,1.0,0.0,0.0,0.0,0.39990234,5.0,11.0,3.0,3.0,2.0,2.0,803.8,5.6914062,4.2382812,2.6191406
0.0,0.0,0.0,0.0,1.0,0.0,0.0,0.0,0.5800781,3.0,13.0,3.0,3.0,2.0,1.0,1177.26,6.9609375,4.6210938,2.7792969
0.0,0.0,0.0,0.0,1.0,0.0,0.0,0.0,0.3400879,5.0,18.0,3.0,3.0,2.0,0.0,1177.54,5.9492188,3.8496094,2.3007812
0.0,0.0,0.0,0.0,1.0,0.0,0.0,0.0,0.5,5.0,12.0,3.0,2.0,1.0,1.0,1178.37,6.6796875,4.2109375,2.609375
0.0,0.0,0.0,0.0,1.0,0.0,0.0,0.0,0.5498047,6.0,10.0,3.0,2.0,2.0,2.0,1179.25,6.8515625,4.578125,2.7304688
0.0,0.0,0.0,0.0,1.0,0.0,0.0,0.0,0.45996094,5.0,16.0,3.0,3.0,2.0,4.0,1180.06,6.390625,4.3984375,2.5292969
0.0,0.0,0.0,0.0,1.0,0.0,0.0,0.0,0.36010742,6.0,18.0,3.0,3.0,2.0,0.0,1180.63,6.1992188,3.9003906,2.359375
0.0,0.0,0.0,0.0,1.0,0.0,0.0,0.0,0.89990234,4.0,8.0,1.0,3.0,2.0,2.0,1180.68,7.21875,5.3398438,3.4804688
0.0,0.0,0.0,0.0,1.0,0.0,0.0,0.0,0.5,5.0,12.0,3.0,2.0,2.0,2.0,1181.89,6.1015625,4.5390625,2.7792969
0.0,0.0,0.0,0.0,1.0,0.0,0.0,0.0,0.54003906,3.0,19.0,3.0,1.0,1.0,2.0,1182.36,6.359375,4.25,2.4902344
0.0,0.0,0.0,0.0,1.0,0.0,0.0,0.0,0.5,5.0,11.0,3.0,3.0,2.0,0.0,1182.72,6.578125,4.4609375,2.6601562
0.0,0.0,0.0,0.0,1.0,0.0,0.0,0.0,0.39990234,4.0,18.0,3.0,3.0,1.0,0.0,1183.0,6.21875,4.0898438,2.5507812
0.0,0.0,0.0,0.0,1.0,0.0,0.0,0.0,0.60009766,6.0,11.0,3.0,3.0,2.0,4.0,1183.09,6.7695312,4.6289062,2.890625
0.0,0.0,0.0,0.0,1.0,0.0,0.0,0.0,0.3400879,7.0,17.0,3.0,3.0,2.0,0.0,1183.24,5.7304688,3.9199219,2.3496094
0.0,0.0,0.0,0.0,1.0,0.0,0.0,0.0,0.41992188,7.0,13.0,3.0,3.0,3.0,0.0,1184.83,6.3789062,4.1796875,2.5390625
0.0,0.0,0.0,0.0,1.0,0.0,0.0,0.0,0.39990234,6.0,14.0,3.0,3.0,2.0,0.0,1185.06,6.1484375,4.0898438,2.4804688
0.0,0.0,0.0,0.0,1.0,0.0,0.0,0.0,0.58984375,5.0,11.0,3.0,3.0,2.0,4.0,1144.56,6.6796875,4.8007812,2.8496094
0.0,0.0,0.0,0.0,1.0,0.0,0.0,0.0,0.7402344,5.0,8.0,3.0,3.0,2.0,0.0,1145.58,7.2382812,4.9882812,3.0800781
0.0,0.0,0.0,0.0,1.0,0.0,0.0,0.0,0.5,5.0,11.0,3.0,3.0,2.0,2.0,1145.9,6.7304688,4.2890625,2.640625
0.0,0.0,0.0,0.0,1.0,0.0,0.0,0.0,0.5,4.0,12.0,3.0,2.0,2.0,1.0,1146.4,6.1992188,4.4101562,2.7792969
0.0,0.0,0.0,0.0,1.0,0.0,0.0,0.0,0.5,4.0,12.0,3.0,2.0,1.0,0.0,1146.4,6.609375,4.4609375,2.6191406
0.0,0.0,0.0,0.0,1.0,0.0,0.0,0.0,0.5,4.0,12.0,3.0,2.0,2.0,0.0,1147.23,6.3085938,4.4882812,2.8007812
0.0,0.0,0.0,0.0,1.0,0.0,0.0,0.0,0.66015625,4.0,9.0,3.0,3.0,2.0,0.0,1147.78,6.0703125,4.4882812,3.0292969
0.0,0.0,0.0,0.0,1.0,0.0,0.0,0.0,0.5,5.0,11.0,3.0,3.0,2.0,2.0,1148.44,6.2304688,4.5195312,2.7402344
0.0,0.0,0.0,0.0,1.0,0.0,0.0,0.0,0.35009766,7.0,18.0,3.0,3.0,2.0,2.0,1148.96,5.3984375,4.0195312,2.4804688
0.0,0.0,0.0,0.0,1.0,0.0,0.0,0.0,0.7001953,4.0,8.0,3.0,3.0,2.0,0.0,1149.54,7.4882812,4.9296875,2.9707031
0.0,0.0,0.0,0.0,1.0,0.0,0.0,0.0,0.77978516,3.0,3.0,3.0,3.0,2.0,2.0,1149.58,7.0703125,5.1484375,3.1503906
0.0,0.0,0.0,0.0,1.0,0.0,0.0,0.0,0.5,4.0,11.0,3.0,3.0,2.0,0.0,1150.7,6.2890625,4.5507812,2.6308594
0.0,0.0,0.0,0.0,1.0,0.0,0.0,0.0,0.5097656,7.0,11.0,3.0,3.0,2.0,0.0,1150.93,6.2109375,4.578125,2.8300781
0.0,0.0,0.0,0.0,1.0,0.0,0.0,0.0,0.7998047,5.0,9.0,3.0,2.0,2.0,0.0,1152.34,7.7304688,5.21875,3.0703125
0.0,0.0,0.0,0.0,1.0,0.0,0.0,0.0,0.39990234,6.0,13.0,3.0,2.0,2.0,0.0,1152.66,6.25,4.1796875,2.4394531
0.0,0.0,0.0,0.0,1.0,0.0,0.0,0.0,0.52978516,5.0,13.0,3.0,3.0,2.0,5.0,1124.77,6.6484375,4.5585938,2.8007812
0.0,0.0,0.0,0.0,1.0,0.0,0.0,0.0,0.5097656,3.0,12.0,3.0,3.0,2.0,2.0,1125.39,6.7890625,4.4296875,2.6601562
0.0,0.0,0.0,0.0,1.0,0.0,0.0,0.0,0.58984375,4.0,11.0,2.0,2.0,2.0,4.0,1126.24,7.421875,4.609375,2.6503906
0.0,0.0,0.0,0.0,1.0,0.0,0.0,0.0,0.64990234,3.0,11.0,3.0,3.0,2.0,0.0,1126.93,6.8710938,4.8007812,3.0195312
0.0,0.0,0.0,0.0,1.0,0.0,0.0,0.0,0.5,3.0,12.0,3.0,3.0,2.0,0.0,1127.36,6.671875,4.4414062,2.6699219
0.0,0.0,0.0,0.0,1.0,0.0,0.0,0.0,0.5,5.0,11.0,3.0,3.0,2.0,0.0,1127.41,6.890625,4.3398438,2.6894531
0.0,0.0,0.0,0.0,1.0,0.0,0.0,0.0,0.5097656,3.0,12.0,2.0,3.0,2.0,2.0,1127.5,6.71875,4.28125,2.6992188
0.0,0.0,0.0,0.0,1.0,0.0,0.0,0.0,0.3400879,7.0,18.0,3.0,3.0,1.0,0.0,1127.57,5.6914062,3.890625,2.4707031
0.0,0.0,0.0,0.0,1.0,0.0,0.0,0.0,0.7998047,4.0,19.0,2.0,3.0,2.0,1.0,1131.62,6.2617188,4.6992188,3.1308594
0.0,0.0,0.0,0.0,1.0,0.0,0.0,0.0,0.5,3.0,12.0,3.0,3.0,2.0,2.0,1133.25,6.0390625,4.5117188,2.8203125
0.0,0.0,0.0,0.0,1.0,0.0,0.0,0.0,0.32006836,7.0,17.0,3.0,2.0,2.0,0.0,1133.52,5.3085938,3.9492188,2.4609375
0.0,0.0,0.0,0.0,1.0,0.0,0.0,0.0,0.30004883,8.0,18.0,3.0,3.0,2.0,0.0,1133.55,5.7304688,3.859375,2.2402344
0.0,0.0,0.0,0.0,1.0,0.0,0.0,0.0,0.39990234,7.0,19.0,3.0,2.0,0.0,2.0,1133.65,5.2304688,3.8691406,2.6308594
0.0,0.0,0.0,0.0,1.0,0.0,0.0,0.0,0.39990234,5.0,14.0,3.0,3.0,2.0,2.0,1134.4,6.1914062,4.0898438,2.5195312
0.0,0.0,0.0,0.0,1.0,0.0,0.0,0.0,0.72021484,6.0,9.0,3.0,2.0,1.0,4.0,1135.12,7.7109375,4.9296875,3.0292969
0.0,0.0,0.0,0.0,1.0,0.0,0.0,0.0,0.7998047,3.0,11.0,3.0,2.0,2.0,2.0,1257.36,7.890625,5.0898438,3.1503906
0.0,0.0,0.0,0.0,1.0,0.0,0.0,0.0,0.5,4.0,13.0,3.0,2.0,1.0,0.0,1257.99,7.0117188,4.390625,2.5507812
0.0,0.0,0.0,0.0,1.0,0.0,0.0,0.0,0.39990234,6.0,16.0,3.0,3.0,2.0,2.0,1258.73,6.3515625,4.0,2.4492188
0.0,0.0,0.0,0.0,1.0,0.0,0.0,0.0,0.52001953,9.0,12.0,3.0,3.0,2.0,1.0,1260.01,7.0703125,4.4609375,2.5996094
0.0,0.0,0.0,0.0,1.0,0.0,0.0,0.0,0.5,5.0,12.0,3.0,3.0,1.0,0.0,1260.79,6.0703125,4.5195312,2.8105469
0.0,0.0,0.0,0.0,1.0,0.0,0.0,0.0,0.5,4.0,13.0,3.0,3.0,2.0,1.0,1261.41,6.3710938,4.4882812,2.8007812
0.0,0.0,0.0,0.0,1.0,0.0,0.0,0.0,0.5097656,4.0,13.0,3.0,3.0,2.0,4.0,1263.85,6.21875,4.53125,2.8105469
0.0,0.0,0.0,0.0,1.0,0.0,0.0,0.0,0.7001953,6.0,9.0,3.0,3.0,2.0,0.0,1264.42,7.8085938,4.890625,2.8203125
0.0,0.0,0.0,0.0,1.0,0.0,0.0,0.0,0.5,5.0,13.0,1.0,2.0,2.0,0.0,1264.82,6.3710938,4.53125,2.609375
0.0,0.0,0.0,0.0,1.0,0.0,0.0,0.0,0.39990234,5.0,15.0,3.0,2.0,1.0,0.0,1267.5,5.8007812,4.0117188,2.4902344
0.0,0.0,0.0,0.0,1.0,0.0,0.0,0.0,0.39990234,5.0,15.0,3.0,3.0,2.0,0.0,1268.18,6.2304688,4.0,2.4707031
0.0,0.0,0.0,0.0,1.0,0.0,0.0,0.0,0.5,3.0,15.0,3.0,3.0,2.0,0.0,1268.26,6.6015625,4.4296875,2.6992188
0.0,0.0,0.0,0.0,1.0,0.0,0.0,0.0,0.5,3.0,13.0,3.0,2.0,2.0,2.0,1268.26,6.3789062,4.390625,2.7597656
0.0,0.0,0.0,0.0,1.0,0.0,0.0,0.0,0.5,6.0,12.0,2.0,3.0,2.0,0.0,1268.26,6.7695312,4.2304688,2.7109375
0.0,0.0,0.0,0.0,1.0,0.0,0.0,0.0,0.5,8.0,11.0,3.0,3.0,2.0,0.0,1268.26,6.71875,4.4492188,2.6308594
0.0,0.0,0.0,0.0,1.0,0.0,0.0,0.0,0.3701172,5.0,18.0,3.0,2.0,2.0,0.0,1102.17,6.0507812,3.8691406,2.390625
0.0,0.0,0.0,0.0,1.0,0.0,0.0,0.0,0.3100586,5.0,18.0,3.0,3.0,2.0,0.0,1103.47,5.21875,3.8808594,2.3300781
0.0,0.0,0.0,0.0,1.0,0.0,0.0,0.0,0.32006836,5.0,17.0,3.0,3.0,3.0,0.0,1105.46,5.46875,3.8300781,2.4199219
0.0,0.0,0.0,0.0,1.0,0.0,0.0,0.0,0.35009766,7.0,15.0,3.0,3.0,2.0,0.0,1105.87,5.7109375,3.859375,2.390625
0.0,0.0,0.0,0.0,1.0,0.0,0.0,0.0,0.39990234,5.0,14.0,3.0,3.0,2.0,0.0,1106.65,6.078125,4.1992188,2.4804688
0.0,0.0,0.0,0.0,1.0,0.0,0.0,0.0,0.5,5.0,11.0,3.0,3.0,2.0,2.0,1107.0,6.5117188,4.28125,2.6503906
0.0,0.0,0.0,0.0,1.0,0.0,0.0,0.0,0.5,3.0,12.0,2.0,2.0,1.0,2.0,1107.02,6.5,4.2382812,2.6992188
0.0,0.0,0.0,0.0,1.0,0.0,0.0,0.0,0.48999023,3.0,13.0,2.0,2.0,1.0,2.0,1108.13,6.3007812,4.3789062,2.7109375
0.0,0.0,0.0,0.0,1.0,0.0,0.0,0.0,0.39990234,4.0,17.0,3.0,3.0,2.0,0.0,1110.7,5.8398438,4.2695312,2.5996094
0.0,0.0,0.0,0.0,1.0,0.0,0.0,0.0,0.7998047,3.0,9.0,2.0,3.0,1.0,0.0,1110.81,7.3085938,5.1601562,3.2109375
0.0,0.0,0.0,0.0,1.0,0.0,0.0,0.0,0.35009766,6.0,17.0,3.0,3.0,2.0,0.0,1111.09,5.78125,3.9804688,2.4492188
0.0,0.0,0.0,0.0,1.0,0.0,0.0,0.0,0.7001953,5.0,10.0,3.0,2.0,2.0,0.0,1112.06,7.5117188,4.890625,2.890625
0.0,0.0,0.0,0.0,1.0,0.0,0.0,0.0,0.36010742,6.0,17.0,3.0,3.0,2.0,0.0,1113.76,5.6601562,3.9394531,2.4492188
0.0,0.0,0.0,0.0,1.0,0.0,0.0,0.0,0.30004883,7.0,18.0,3.0,2.0,2.0,0.0,1114.76,5.671875,3.6894531,2.2597656
0.0,0.0,0.0,0.0,1.0,0.0,0.0,0.0,0.3100586,6.0,16.0,3.0,3.0,2.0,0.0,1114.96,5.6601562,3.75,2.3105469
0.0,0.0,0.0,0.0,1.0,0.0,0.0,0.0,0.30004883,5.0,18.0,3.0,2.0,1.0,0.0,1032.64,5.3515625,3.7792969,2.3691406
0.0,0.0,0.0,0.0,1.0,0.0,0.0,0.0,0.70996094,3.0,11.0,3.0,3.0,2.0,0.0,1316.94,6.7695312,5.0390625,3.1601562
0.0,0.0,0.0,0.0,1.0,0.0,0.0,0.0,0.5,3.0,17.0,3.0,3.0,2.0,2.0,1318.52,6.390625,4.4882812,2.7207031
0.0,0.0,0.0,0.0,1.0,0.0,0.0,0.0,0.5698242,3.0,19.0,3.0,2.0,1.0,2.0,1318.52,6.46875,4.3789062,2.6601562
0.0,0.0,0.0,0.0,1.0,0.0,0.0,0.0,0.39990234,7.0,17.0,3.0,3.0,2.0,1.0,1318.88,6.4296875,4.0585938,2.4394531
0.0,0.0,0.0,0.0,1.0,0.0,0.0,0.0,0.7001953,6.0,11.0,2.0,2.0,2.0,1.0,1318.95,7.5390625,4.8007812,2.9296875
0.0,0.0,0.0,0.0,1.0,0.0,0.0,0.0,0.39990234,5.0,17.0,3.0,3.0,1.0,0.0,1318.96,5.859375,4.1015625,2.4609375
0.0,0.0,0.0,0.0,1.0,0.0,0.0,0.0,0.42993164,6.0,18.0,3.0,3.0,2.0,2.0,1319.05,5.9492188,4.4296875,2.6503906
0.0,0.0,0.0,0.0,1.0,0.0,0.0,0.0,0.7998047,3.0,10.0,3.0,3.0,2.0,2.0,1319.66,6.9804688,5.171875,3.2402344
0.0,0.0,0.0,0.0,1.0,0.0,0.0,0.0,0.75,3.0,18.0,3.0,3.0,3.0,0.0,1319.76,6.8085938,5.1289062,3.25
0.0,0.0,0.0,0.0,1.0,0.0,0.0,0.0,0.39990234,6.0,17.0,3.0,3.0,2.0,0.0,1320.33,5.8710938,4.171875,2.5507812
0.0,0.0,0.0,0.0,1.0,0.0,0.0,0.0,0.39990234,5.0,16.0,3.0,3.0,2.0,0.0,1320.36,6.4804688,4.1015625,2.3691406
0.0,0.0,0.0,0.0,1.0,0.0,0.0,0.0,0.5,7.0,12.0,3.0,3.0,2.0,2.0,1320.99,6.390625,4.421875,2.7695312
0.0,0.0,0.0,0.0,1.0,0.0,0.0,0.0,0.52001953,4.0,19.0,3.0,3.0,2.0,0.0,1321.3,6.1601562,4.1914062,2.6992188
0.0,0.0,0.0,0.0,1.0,0.0,0.0,0.0,0.39990234,6.0,17.0,3.0,2.0,1.0,0.0,1322.34,6.359375,4.0390625,2.4199219
0.0,0.0,0.0,0.0,1.0,0.0,0.0,0.0,0.5,5.0,12.0,1.0,3.0,1.0,0.0,1322.54,6.2617188,4.5117188,2.6796875
0.0,0.0,0.0,0.0,1.0,0.0,0.0,0.0,0.5,6.0,13.0,1.0,3.0,2.0,0.0,1307.12,5.8789062,4.4414062,2.8496094
0.0,0.0,0.0,0.0,1.0,0.0,0.0,0.0,0.5,3.0,17.0,3.0,2.0,1.0,2.0,1307.26,6.140625,4.4804688,2.8105469
0.0,0.0,0.0,0.0,1.0,0.0,0.0,0.0,0.5,3.0,17.0,2.0,3.0,1.0,2.0,1307.26,6.7304688,4.2109375,2.6601562
0.0,0.0,0.0,0.0,1.0,0.0,0.0,0.0,0.5,4.0,15.0,2.0,3.0,2.0,4.0,1307.26,6.6914062,4.46875,2.5800781
0.0,0.0,0.0,0.0,1.0,0.0,0.0,0.0,0.5,5.0,12.0,3.0,3.0,2.0,0.0,1307.33,6.640625,4.421875,2.7207031
0.0,0.0,0.0,0.0,1.0,0.0,0.0,0.0,0.5,7.0,12.0,3.0,3.0,2.0,2.0,1308.01,6.6601562,4.4296875,2.7402344
0.0,0.0,0.0,0.0,1.0,0.0,0.0,0.0,0.5097656,3.0,13.0,3.0,2.0,2.0,0.0,1308.57,6.1796875,4.5898438,2.890625
0.0,0.0,0.0,0.0,1.0,0.0,0.0,0.0,0.5,5.0,12.0,3.0,2.0,2.0,0.0,1308.87,6.8984375,4.359375,2.5800781
0.0,0.0,0.0,0.0,1.0,0.0,0.0,0.0,0.5,4.0,12.0,3.0,3.0,2.0,0.0,1308.94,6.1210938,4.53125,2.7792969
0.0,0.0,0.0,0.0,1.0,0.0,0.0,0.0,0.52978516,3.0,13.0,3.0,3.0,2.0,2.0,1309.02,6.8203125,4.328125,2.6894531
0.0,0.0,0.0,0.0,1.0,0.0,0.0,0.0,0.39990234,5.0,18.0,3.0,3.0,1.0,2.0,1309.45,6.28125,4.0195312,2.4707031
0.0,0.0,0.0,0.0,1.0,0.0,0.0,0.0,0.5097656,4.0,12.0,3.0,3.0,2.0,2.0,1311.2,6.46875,4.4101562,2.7597656
0.0,0.0,0.0,0.0,1.0,0.0,0.0,0.0,0.5,4.0,17.0,3.0,3.0,2.0,1.0,1311.55,6.0195312,4.4804688,2.7792969
0.0,0.0,0.0,0.0,1.0,0.0,0.0,0.0,0.4099121,6.0,17.0,3.0,2.0,1.0,0.0,1311.58,6.1992188,3.8496094,2.5800781
0.0,0.0,0.0,0.0,1.0,0.0,0.0,0.0,0.5097656,4.0,13.0,3.0,3.0,3.0,4.0,1312.26,6.28125,4.5898438,2.7695312
0.0,0.0,0.0,0.0,1.0,0.0,0.0,0.0,0.5,3.0,18.0,1.0,2.0,1.0,1.0,1348.62,5.9609375,4.359375,2.8398438
0.0,0.0,0.0,0.0,1.0,0.0,0.0,0.0,0.39990234,5.0,16.0,3.0,2.0,2.0,0.0,1348.76,6.171875,4.1015625,2.5
0.0,0.0,0.0,0.0,1.0,0.0,0.0,0.0,0.5,3.0,14.0,3.0,3.0,2.0,0.0,1349.48,5.9882812,4.4492188,2.8007812
0.0,0.0,0.0,0.0,1.0,0.0,0.0,0.0,0.5,4.0,12.0,3.0,3.0,2.0,0.0,1349.58,6.7890625,4.28125,2.640625
0.0,0.0,0.0,0.0,1.0,0.0,0.0,0.0,0.5,3.0,13.0,3.0,2.0,2.0,0.0,1349.59,6.578125,4.328125,2.6699219
0.0,0.0,0.0,0.0,1.0,0.0,0.0,0.0,0.5097656,4.0,13.0,3.0,3.0,2.0,4.0,1349.89,6.4882812,4.4882812,2.7207031
0.0,0.0,0.0,0.0,1.0,0.0,0.0,0.0,0.5,4.0,14.0,2.0,2.0,2.0,0.0,1350.35,5.9296875,4.4492188,2.8105469
0.0,0.0,0.0,0.0,1.0,0.0,0.0,0.0,0.5800781,5.0,12.0,3.0,2.0,2.0,4.0,1350.78,7.25,4.6210938,2.7207031
0.0,0.0,0.0,0.0,1.0,0.0,0.0,0.0,0.39990234,5.0,15.0,3.0,3.0,2.0,0.0,1351.32,5.6601562,4.21875,2.609375
0.0,0.0,0.0,0.0,1.0,0.0,0.0,0.0,0.5,3.0,14.0,3.0,3.0,2.0,1.0,1352.05,6.78125,4.2617188,2.609375
0.0,0.0,0.0,0.0,1.0,0.0,0.0,0.0,0.39990234,6.0,16.0,3.0,2.0,2.0,0.0,1352.71,6.3984375,4.0507812,2.4394531
0.0,0.0,0.0,0.0,1.0,0.0,0.0,0.0,0.64990234,8.0,10.0,3.0,3.0,2.0,0.0,1354.03,7.0703125,4.828125,2.9609375
0.0,0.0,0.0,0.0,1.0,0.0,0.0,0.0,0.39990234,5.0,18.0,2.0,3.0,2.0,2.0,1354.06,6.3085938,3.9609375,2.5
0.0,0.0,0.0,0.0,1.0,0.0,0.0,0.0,0.7402344,5.0,9.0,3.0,2.0,2.0,2.0,1354.08,7.8398438,4.9101562,2.9707031
0.0,0.0,0.0,0.0,1.0,0.0,0.0,0.0,0.5,4.0,13.0,2.0,3.0,2.0,0.0,1354.6,6.0390625,4.53125,2.7890625
0.0,0.0,0.0,0.0,1.0,0.0,0.0,0.0,0.7998047,4.0,11.0,2.0,3.0,2.0,2.0,1299.0,7.0390625,5.2382812,3.2890625
0.0,0.0,0.0,0.0,1.0,0.0,0.0,0.0,0.5097656,3.0,17.0,3.0,3.0,2.0,0.0,1299.08,6.578125,4.5117188,2.7207031
0.0,0.0,0.0,0.0,1.0,0.0,0.0,0.0,0.39990234,6.0,17.0,3.0,3.0,2.0,1.0,1299.34,6.2890625,4.0898438,2.4199219
0.0,0.0,0.0,0.0,1.0,0.0,0.0,0.0,0.8100586,4.0,9.0,3.0,2.0,1.0,1.0,1301.09,8.09375,5.25,3.0898438
0.0,0.0,0.0,0.0,1.0,0.0,0.0,0.0,0.5,3.0,15.0,3.0,3.0,2.0,0.0,1301.11,6.140625,4.46875,2.7890625
0.0,0.0,0.0,0.0,1.0,0.0,0.0,0.0,0.39990234,6.0,17.0,3.0,3.0,2.0,2.0,1301.98,5.71875,4.28125,2.609375
0.0,0.0,0.0,0.0,1.0,0.0,0.0,0.0,0.39990234,5.0,16.0,3.0,2.0,2.0,0.0,1302.04,5.828125,4.2617188,2.5507812
0.0,0.0,0.0,0.0,1.0,0.0,0.0,0.0,0.4099121,4.0,17.0,3.0,3.0,2.0,0.0,1302.6,6.3398438,4.0390625,2.4902344
0.0,0.0,0.0,0.0,1.0,0.0,0.0,0.0,0.5,3.0,16.0,3.0,2.0,2.0,0.0,1302.8,6.2109375,4.5898438,2.8398438
0.0,0.0,0.0,0.0,1.0,0.0,0.0,0.0,0.32006836,9.0,18.0,3.0,3.0,2.0,1.0,1303.33,5.4492188,4.0195312,2.3398438
0.0,0.0,0.0,0.0,1.0,0.0,0.0,0.0,0.39990234,6.0,17.0,2.0,3.0,2.0,0.0,1303.38,5.8515625,4.1210938,2.5605469
0.0,0.0,0.0,0.0,1.0,0.0,0.0,0.0,0.5097656,6.0,12.0,3.0,2.0,2.0,0.0,1303.53,6.328125,4.4609375,2.8105469
0.0,0.0,0.0,0.0,1.0,0.0,0.0,0.0,0.5,3.0,18.0,3.0,3.0,2.0,1.0,1303.79,6.4492188,4.390625,2.6992188
0.0,0.0,0.0,0.0,1.0,0.0,0.0,0.0,0.39990234,5.0,16.0,3.0,3.0,2.0,0.0,1304.75,5.578125,4.1484375,2.6308594
0.0,0.0,0.0,0.0,1.0,0.0,0.0,0.0,0.39990234,5.0,16.0,3.0,2.0,2.0,0.0,1305.46,5.7617188,4.28125,2.5605469
0.0,0.0,0.0,0.0,1.0,0.0,0.0,0.0,0.5,3.0,14.0,3.0,3.0,2.0,0.0,1398.81,6.7695312,4.3710938,2.640625
0.0,0.0,0.0,0.0,1.0,0.0,0.0,0.0,0.5,6.0,12.0,3.0,3.0,2.0,0.0,1398.81,6.5195312,4.390625,2.6894531
0.0,0.0,0.0,0.0,1.0,0.0,0.0,0.0,0.5,3.0,17.0,1.0,3.0,2.0,0.0,1399.34,6.46875,4.21875,2.6601562
0.0,0.0,0.0,0.0,1.0,0.0,0.0,0.0,0.45996094,8.0,17.0,3.0,3.0,2.0,4.0,1400.08,5.9101562,4.3984375,2.7695312
0.0,0.0,0.0,0.0,1.0,0.0,0.0,0.0,0.5,5.0,13.0,3.0,3.0,2.0,1.0,1400.22,6.328125,4.5,2.6601562
0.0,0.0,0.0,0.0,1.0,0.0,0.0,0.0,0.4099121,6.0,17.0,3.0,2.0,2.0,0.0,1400.33,6.46875,4.140625,2.4492188
0.0,0.0,0.0,0.0,1.0,0.0,0.0,0.0,0.8198242,6.0,9.0,3.0,3.0,2.0,0.0,1400.63,7.25,5.3710938,3.2597656
0.0,0.0,0.0,0.0,1.0,0.0,0.0,0.0,0.5097656,3.0,17.0,3.0,3.0,1.0,0.0,1401.3,6.3007812,4.4296875,2.75
0.0,0.0,0.0,0.0,1.0,0.0,0.0,0.0,0.5097656,7.0,12.0,3.0,3.0,2.0,0.0,1401.3,6.4414062,4.4296875,2.7304688
0.0,0.0,0.0,0.0,1.0,0.0,0.0,0.0,0.5,4.0,16.0,3.0,3.0,2.0,0.0,1401.35,6.1210938,4.5,2.7597656
0.0,0.0,0.0,0.0,1.0,0.0,0.0,0.0,0.5,3.0,16.0,3.0,3.0,2.0,0.0,1403.95,6.171875,4.46875,2.7402344
0.0,0.0,0.0,0.0,1.0,0.0,0.0,0.0,0.5097656,3.0,14.0,3.0,2.0,2.0,0.0,1404.0,6.8007812,4.3984375,2.6894531
0.0,0.0,0.0,0.0,1.0,0.0,0.0,0.0,0.5097656,3.0,14.0,3.0,3.0,2.0,0.0,1404.0,6.2304688,4.5507812,2.859375
0.0,0.0,0.0,0.0,1.0,0.0,0.0,0.0,0.5,4.0,16.0,3.0,2.0,1.0,2.0,1404.02,6.53125,4.4492188,2.6894531
0.0,0.0,0.0,0.0,1.0,0.0,0.0,0.0,0.70996094,3.0,19.0,3.0,3.0,2.0,0.0,1404.71,6.4609375,4.78125,3.0097656
0.0,0.0,0.0,0.0,1.0,0.0,0.0,0.0,0.5,3.0,14.0,3.0,3.0,2.0,0.0,1322.72,6.0507812,4.5,2.7792969
0.0,0.0,0.0,0.0,1.0,0.0,0.0,0.0,0.5,4.0,13.0,3.0,3.0,1.0,0.0,1322.72,6.46875,4.359375,2.6308594
0.0,0.0,0.0,0.0,1.0,0.0,0.0,0.0,0.4699707,7.0,19.0,3.0,2.0,0.0,1.0,1323.73,5.7304688,4.2382812,2.640625
0.0,0.0,0.0,0.0,1.0,0.0,0.0,0.0,0.5,4.0,12.0,3.0,3.0,2.0,2.0,1324.17,6.359375,4.4609375,2.6992188
0.0,0.0,0.0,0.0,1.0,0.0,0.0,0.0,0.5,5.0,13.0,2.0,2.0,1.0,4.0,1324.27,6.0898438,4.4296875,2.8300781
0.0,0.0,0.0,0.0,1.0,0.0,0.0,0.0,0.39990234,5.0,17.0,2.0,2.0,1.0,0.0,1324.32,6.21875,3.9394531,2.4707031
0.0,0.0,0.0,0.0,1.0,0.0,0.0,0.0,0.64990234,6.0,10.0,3.0,3.0,2.0,1.0,1324.67,6.9882812,4.859375,2.9003906
0.0,0.0,0.0,0.0,1.0,0.0,0.0,0.0,0.5498047,8.0,11.0,3.0,3.0,2.0,0.0,1325.28,7.0,4.53125,2.7304688
0.0,0.0,0.0,0.0,1.0,0.0,0.0,0.0,0.5,5.0,12.0,3.0,3.0,2.0,0.0,1326.21,6.5195312,4.3789062,2.640625
0.0,0.0,0.0,0.0,1.0,0.0,0.0,0.0,0.89990234,3.0,9.0,3.0,3.0,2.0,4.0,1326.26,7.3789062,5.4804688,3.4199219
0.0,0.0,0.0,0.0,1.0,0.0,0.0,0.0,0.7001953,3.0,10.0,3.0,3.0,2.0,2.0,1327.11,6.859375,5.0390625,3.0800781
0.0,0.0,0.0,0.0,1.0,0.0,0.0,0.0,0.5097656,4.0,13.0,3.0,3.0,2.0,0.0,1328.13,6.53125,4.390625,2.7109375
0.0,0.0,0.0,0.0,1.0,0.0,0.0,0.0,0.8198242,3.0,9.0,3.0,2.0,1.0,1.0,1328.32,8.1171875,5.1210938,3.1308594
0.0,0.0,0.0,0.0,1.0,0.0,0.0,0.0,0.52978516,4.0,13.0,3.0,3.0,2.0,0.0,1329.2,6.890625,4.4492188,2.6796875
0.0,0.0,0.0,0.0,1.0,0.0,0.0,0.0,0.7001953,4.0,11.0,3.0,2.0,2.0,2.0,1472.64,7.6992188,4.8203125,2.8496094
0.0,0.0,0.0,0.0,1.0,0.0,0.0,0.0,0.5,4.0,15.0,3.0,3.0,2.0,0.0,1647.77,6.5585938,4.328125,2.6796875
0.0,0.0,0.0,0.0,1.0,0.0,0.0,0.0,0.5,4.0,15.0,3.0,3.0,2.0,0.0,1647.77,6.6914062,4.3085938,2.6699219
0.0,0.0,0.0,0.0,1.0,0.0,0.0,0.0,0.72998047,6.0,18.0,2.0,2.0,2.0,0.0,1647.95,6.6796875,5.0898438,3.2109375
0.0,0.0,0.0,0.0,1.0,0.0,0.0,0.0,0.5,4.0,18.0,3.0,2.0,1.0,0.0,1650.29,6.6992188,4.2109375,2.6191406
0.0,0.0,0.0,0.0,1.0,0.0,0.0,0.0,0.5,6.0,14.0,2.0,3.0,2.0,2.0,1650.32,6.0898438,4.5195312,2.8007812
0.0,0.0,0.0,0.0,1.0,0.0,0.0,0.0,0.5,5.0,14.0,3.0,3.0,2.0,0.0,1650.38,6.328125,4.421875,2.6992188
0.0,0.0,0.0,0.0,1.0,0.0,0.0,0.0,0.5,6.0,13.0,2.0,2.0,1.0,0.0,1650.45,6.5117188,4.5507812,2.609375
0.0,0.0,0.0,0.0,1.0,0.0,0.0,0.0,0.5498047,4.0,14.0,3.0,3.0,2.0,1.0,1650.45,7.0195312,4.5507812,2.7109375
0.0,0.0,0.0,0.0,1.0,0.0,0.0,0.0,0.58984375,6.0,18.0,3.0,3.0,2.0,4.0,1650.73,7.0585938,4.53125,2.8105469
0.0,0.0,0.0,0.0,1.0,0.0,0.0,0.0,0.52978516,3.0,18.0,3.0,2.0,2.0,2.0,1650.76,7.1015625,4.4804688,2.6796875
0.0,0.0,0.0,0.0,1.0,0.0,0.0,0.0,0.5,6.0,13.0,3.0,3.0,1.0,0.0,1651.2,6.671875,4.4296875,2.6191406
0.0,0.0,0.0,0.0,1.0,0.0,0.0,0.0,0.89990234,3.0,10.0,3.0,3.0,2.0,2.0,1651.44,7.28125,5.4296875,3.4199219
0.0,0.0,0.0,0.0,1.0,0.0,0.0,0.0,0.7001953,7.0,18.0,2.0,3.0,2.0,0.0,1651.46,6.7695312,5.0585938,3.0800781
0.0,0.0,0.0,0.0,1.0,0.0,0.0,0.0,0.5,5.0,16.0,2.0,3.0,1.0,1.0,1652.03,6.2382812,4.4492188,2.7792969
0.0,0.0,0.0,0.0,1.0,0.0,0.0,0.0,0.5,6.0,15.0,2.0,3.0,2.0,4.0,1652.03,6.390625,4.3398438,2.75
0.0,0.0,0.0,0.0,1.0,0.0,0.0,0.0,0.5,5.0,16.0,3.0,2.0,2.0,2.0,1785.3,6.8398438,4.328125,2.6191406
0.0,0.0,0.0,0.0,1.0,0.0,0.0,0.0,0.5,5.0,15.0,2.0,3.0,1.0,0.0,1785.49,6.8984375,4.3203125,2.5703125
0.0,0.0,0.0,0.0,1.0,0.0,0.0,0.0,0.60009766,8.0,19.0,3.0,3.0,1.0,2.0,1785.71,6.2382812,4.3203125,2.8398438
0.0,0.0,0.0,0.0,1.0,0.0,0.0,0.0,0.5,4.0,18.0,3.0,3.0,2.0,0.0,1786.33,6.0898438,4.5390625,2.8105469
0.0,0.0,0.0,0.0,1.0,0.0,0.0,0.0,0.5,5.0,14.0,3.0,3.0,2.0,0.0,1786.5,6.171875,4.5195312,2.8007812
0.0,0.0,0.0,0.0,1.0,0.0,0.0,0.0,0.5,5.0,16.0,3.0,2.0,2.0,0.0,1786.96,6.03125,4.46875,2.8203125
0.0,0.0,0.0,0.0,1.0,0.0,0.0,0.0,0.5,5.0,18.0,3.0,2.0,2.0,0.0,1787.99,6.9296875,4.3085938,2.5292969
0.0,0.0,0.0,0.0,1.0,0.0,0.0,0.0,0.5,4.0,17.0,3.0,3.0,2.0,0.0,1788.05,6.140625,4.578125,2.75
0.0,0.0,0.0,0.0,1.0,0.0,0.0,0.0,0.5,6.0,18.0,3.0,3.0,1.0,2.0,1788.16,6.3710938,4.3515625,2.7109375
0.0,0.0,0.0,0.0,1.0,0.0,0.0,0.0,0.5,5.0,18.0,3.0,2.0,2.0,1.0,1788.95,6.3710938,4.390625,2.7695312
0.0,0.0,0.0,0.0,1.0,0.0,0.0,0.0,0.5,6.0,18.0,2.0,2.0,1.0,0.0,1790.38,6.8710938,4.3789062,2.5898438
0.0,0.0,0.0,0.0,1.0,0.0,0.0,0.0,0.5,5.0,15.0,3.0,3.0,2.0,0.0,1790.56,6.1796875,4.4882812,2.7695312
0.0,0.0,0.0,0.0,1.0,0.0,0.0,0.0,0.52978516,5.0,16.0,3.0,3.0,2.0,0.0,1790.94,6.3398438,4.6289062,2.8203125
0.0,0.0,0.0,0.0,1.0,0.0,0.0,0.0,0.5,5.0,18.0,2.0,3.0,2.0,0.0,1791.38,6.25,4.390625,2.7402344
0.0,0.0,0.0,0.0,1.0,0.0,0.0,0.0,0.5,7.0,16.0,3.0,3.0,2.0,1.0,1792.38,6.109375,4.53125,2.8203125
0.0,0.0,0.0,0.0,1.0,0.0,0.0,0.0,0.60009766,6.0,12.0,3.0,2.0,2.0,0.0,1746.29,7.53125,4.71875,2.7109375
0.0,0.0,0.0,0.0,1.0,0.0,0.0,0.0,0.5,5.0,18.0,3.0,3.0,1.0,0.0,1746.36,6.2382812,4.4609375,2.75
0.0,0.0,0.0,0.0,1.0,0.0,0.0,0.0,0.5,4.0,18.0,2.0,3.0,2.0,0.0,1746.62,6.0507812,4.4296875,2.8007812
0.0,0.0,0.0,0.0,1.0,0.0,0.0,0.0,0.5,5.0,17.0,3.0,3.0,2.0,1.0,1746.83,6.7109375,4.3398438,2.6796875
0.0,0.0,0.0,0.0,1.0,0.0,0.0,0.0,0.95996094,3.0,13.0,3.0,2.0,2.0,0.0,1746.93,8.2109375,5.4296875,3.3496094
0.0,0.0,0.0,0.0,1.0,0.0,0.0,0.0,0.5,4.0,18.0,3.0,3.0,3.0,2.0,1747.15,6.140625,4.5390625,2.8007812
0.0,0.0,0.0,0.0,1.0,0.0,0.0,0.0,0.5097656,8.0,15.0,3.0,3.0,2.0,1.0,1747.15,6.9882812,4.4101562,2.5605469
0.0,0.0,0.0,0.0,1.0,0.0,0.0,0.0,0.52978516,6.0,16.0,3.0,2.0,2.0,1.0,1747.93,6.6914062,4.4414062,2.7402344
0.0,0.0,0.0,0.0,1.0,0.0,0.0,0.0,0.89990234,3.0,10.0,2.0,3.0,2.0,1.0,1748.11,7.2382812,5.4804688,3.3691406
0.0,0.0,0.0,0.0,1.0,0.0,0.0,0.0,0.5,5.0,16.0,3.0,2.0,1.0,0.0,1748.16,6.5507812,4.3203125,2.6894531
0.0,0.0,0.0,0.0,1.0,0.0,0.0,0.0,0.5,6.0,18.0,2.0,3.0,2.0,1.0,1748.34,6.0507812,4.4101562,2.7890625
0.0,0.0,0.0,0.0,1.0,0.0,0.0,0.0,0.5,5.0,14.0,3.0,3.0,1.0,0.0,1748.41,6.03125,4.4296875,2.8203125
0.0,0.0,0.0,0.0,1.0,0.0,0.0,0.0,0.5,3.0,18.0,3.0,3.0,1.0,0.0,1748.41,6.5,4.390625,2.7402344
0.0,0.0,0.0,0.0,1.0,0.0,0.0,0.0,0.5,5.0,16.0,3.0,3.0,2.0,0.0,1748.47,6.7109375,4.21875,2.5996094
0.0,0.0,0.0,0.0,1.0,0.0,0.0,0.0,0.70996094,6.0,18.0,2.0,2.0,2.0,0.0,1749.07,7.3710938,5.1210938,2.9707031
0.0,0.0,0.0,0.0,1.0,0.0,0.0,0.0,0.5,6.0,14.0,3.0,3.0,2.0,0.0,1862.45,6.8007812,4.3203125,2.6699219
0.0,0.0,0.0,0.0,1.0,0.0,0.0,0.0,0.5,4.0,17.0,3.0,3.0,2.0,0.0,1862.48,6.4609375,4.3710938,2.6992188
0.0,0.0,0.0,0.0,1.0,0.0,0.0,0.0,0.5,5.0,16.0,3.0,3.0,2.0,0.0,1862.5,6.0117188,4.4882812,2.7890625
0.0,0.0,0.0,0.0,1.0,0.0,0.0,0.0,0.58984375,6.0,18.0,3.0,3.0,3.0,4.0,1862.8,6.6015625,4.75,2.9199219
0.0,0.0,0.0,0.0,1.0,0.0,0.0,0.0,0.5,5.0,18.0,3.0,3.0,2.0,0.0,1863.44,6.171875,4.5390625,2.8007812
0.0,0.0,0.0,0.0,1.0,0.0,0.0,0.0,1.0,4.0,8.0,3.0,3.0,2.0,1.0,1863.66,7.6210938,5.6796875,3.4902344
0.0,0.0,0.0,0.0,1.0,0.0,0.0,0.0,0.52001953,6.0,16.0,3.0,3.0,2.0,0.0,1864.54,6.4296875,4.5,2.7695312
0.0,0.0,0.0,0.0,1.0,0.0,0.0,0.0,0.4699707,4.0,19.0,3.0,3.0,2.0,4.0,1864.64,6.4414062,4.1210938,2.4003906
0.0,0.0,0.0,0.0,1.0,0.0,0.0,0.0,0.5,5.0,18.0,2.0,3.0,2.0,0.0,1864.73,6.3710938,4.3203125,2.75
0.0,0.0,0.0,0.0,1.0,0.0,0.0,0.0,0.5,5.0,15.0,3.0,3.0,2.0,0.0,1864.9,6.890625,4.2890625,2.5605469
0.0,0.0,0.0,0.0,1.0,0.0,0.0,0.0,0.52001953,5.0,17.0,3.0,3.0,2.0,1.0,1865.59,6.75,4.4609375,2.7402344
0.0,0.0,0.0,0.0,1.0,0.0,0.0,0.0,0.5,5.0,15.0,3.0,3.0,2.0,0.0,1865.76,6.078125,4.53125,2.8203125
0.0,0.0,0.0,0.0,1.0,0.0,0.0,0.0,0.5,5.0,15.0,3.0,3.0,2.0,0.0,1865.76,6.4414062,4.3710938,2.6992188
0.0,0.0,0.0,0.0,1.0,0.0,0.0,0.0,0.5,5.0,15.0,3.0,3.0,2.0,0.0,1865.76,6.1210938,4.5195312,2.8007812
0.0,0.0,0.0,0.0,1.0,0.0,0.0,0.0,0.5,8.0,15.0,3.0,3.0,2.0,0.0,1865.9,6.2695312,4.5195312,2.7597656
0.0,0.0,0.0,0.0,1.0,0.0,0.0,0.0,0.5498047,4.0,15.0,3.0,3.0,2.0,0.0,1658.89,6.4804688,4.5,2.8300781
0.0,0.0,0.0,0.0,1.0,0.0,0.0,0.0,0.5,6.0,14.0,2.0,2.0,2.0,0.0,1659.65,6.1914062,4.3789062,2.7890625
0.0,0.0,0.0,0.0,1.0,0.0,0.0,0.0,0.5,5.0,16.0,2.0,3.0,1.0,0.0,1659.72,6.0117188,4.4296875,2.8300781
0.0,0.0,0.0,0.0,1.0,0.0,0.0,0.0,0.5,6.0,13.0,3.0,3.0,2.0,2.0,1660.49,6.6992188,4.4492188,2.6308594
0.0,0.0,0.0,0.0,1.0,0.0,0.0,0.0,0.5,4.0,18.0,3.0,3.0,2.0,0.0,1660.7,6.3007812,4.4804688,2.7695312
0.0,0.0,0.0,0.0,1.0,0.0,0.0,0.0,0.7001953,7.0,17.0,2.0,1.0,1.0,0.0,1661.81,6.6484375,4.9296875,3.1894531
0.0,0.0,0.0,0.0,1.0,0.0,0.0,0.0,0.7998047,4.0,11.0,3.0,3.0,2.0,0.0,1662.61,7.1796875,5.3007812,3.2695312
0.0,0.0,0.0,0.0,1.0,0.0,0.0,0.0,0.52978516,5.0,14.0,3.0,2.0,2.0,0.0,1662.66,6.8515625,4.5585938,2.6894531
0.0,0.0,0.0,0.0,1.0,0.0,0.0,0.0,0.5097656,4.0,16.0,3.0,3.0,3.0,0.0,1663.21,6.7890625,4.4609375,2.6601562
0.0,0.0,0.0,0.0,1.0,0.0,0.0,0.0,0.5,4.0,15.0,3.0,3.0,2.0,0.0,1663.45,6.6601562,4.3515625,2.7304688
0.0,0.0,0.0,0.0,1.0,0.0,0.0,0.0,0.5097656,3.0,16.0,3.0,2.0,2.0,0.0,1663.6,6.8710938,4.3984375,2.6601562
0.0,0.0,0.0,0.0,1.0,0.0,0.0,0.0,0.5,5.0,14.0,3.0,3.0,2.0,0.0,1663.86,6.25,4.4882812,2.7792969
0.0,0.0,0.0,0.0,1.0,0.0,0.0,0.0,0.52001953,4.0,17.0,3.0,2.0,2.0,0.0,1663.87,6.96875,4.3984375,2.7207031
0.0,0.0,0.0,0.0,1.0,0.0,0.0,0.0,0.7001953,4.0,11.0,3.0,3.0,2.0,0.0,1663.96,6.8398438,5.0585938,3.1308594
0.0,0.0,0.0,0.0,1.0,0.0,0.0,0.0,0.52001953,8.0,14.0,3.0,3.0,3.0,4.0,1664.14,6.7382812,4.4101562,2.7109375
0.0,0.0,0.0,0.0,1.0,0.0,0.0,0.0,0.7001953,4.0,12.0,1.0,3.0,1.0,0.0,1758.85,6.4296875,4.8398438,3.1308594
0.0,0.0,0.0,0.0,1.0,0.0,0.0,0.0,0.5,4.0,18.0,3.0,2.0,1.0,0.0,1760.14,6.359375,4.4804688,2.7304688
0.0,0.0,0.0,0.0,1.0,0.0,0.0,0.0,1.0,2.0,10.0,2.0,2.0,1.0,2.0,1760.6,8.328125,5.3515625,3.4003906
0.0,0.0,0.0,0.0,1.0,0.0,0.0,0.0,0.5,4.0,18.0,3.0,3.0,3.0,0.0,1760.98,6.171875,4.5,2.7402344
0.0,0.0,0.0,0.0,1.0,0.0,0.0,0.0,0.89990234,3.0,9.0,3.0,2.0,2.0,0.0,1761.66,8.0078125,5.1914062,3.1894531
0.0,0.0,0.0,0.0,1.0,0.0,0.0,0.0,0.5,5.0,15.0,3.0,3.0,2.0,0.0,1761.83,6.0703125,4.5,2.8007812
0.0,0.0,0.0,0.0,1.0,0.0,0.0,0.0,0.5,5.0,15.0,3.0,3.0,2.0,0.0,1761.9,6.921875,4.3710938,2.5195312
0.0,0.0,0.0,0.0,1.0,0.0,0.0,0.0,0.5097656,7.0,16.0,3.0,3.0,2.0,1.0,1761.98,6.1210938,4.5507812,2.8007812
0.0,0.0,0.0,0.0,1.0,0.0,0.0,0.0,0.7001953,6.0,11.0,3.0,3.0,2.0,4.0,1763.52,7.078125,4.96875,3.0898438
0.0,0.0,0.0,0.0,1.0,0.0,0.0,0.0,0.5498047,4.0,18.0,3.0,3.0,2.0,1.0,1765.71,6.3789062,4.6796875,2.859375
0.0,0.0,0.0,0.0,1.0,0.0,0.0,0.0,0.5,4.0,18.0,3.0,3.0,2.0,2.0,1766.17,6.578125,4.5,2.6796875
0.0,0.0,0.0,0.0,1.0,0.0,0.0,0.0,0.5,4.0,16.0,3.0,3.0,2.0,0.0,1767.01,6.0703125,4.4492188,2.8007812
0.0,0.0,0.0,0.0,1.0,0.0,0.0,0.0,0.5,4.0,16.0,3.0,2.0,2.0,0.0,1767.01,6.7304688,4.2890625,2.6503906
0.0,0.0,0.0,0.0,1.0,0.0,0.0,0.0,0.7998047,4.0,11.0,3.0,3.0,2.0,2.0,1767.73,7.3085938,5.1289062,3.2304688
0.0,0.0,0.0,0.0,1.0,0.0,0.0,0.0,0.5,5.0,18.0,3.0,2.0,1.0,0.0,1768.87,6.4414062,4.6210938,2.6894531
0.0,0.0,0.0,0.0,1.0,0.0,0.0,0.0,0.70996094,8.0,17.0,2.0,2.0,2.0,0.0,1798.29,6.8515625,5.0898438,3.0507812
0.0,0.0,0.0,0.0,1.0,0.0,0.0,0.0,0.5097656,8.0,13.0,3.0,3.0,2.0,0.0,1799.02,6.578125,4.3789062,2.6894531
0.0,0.0,0.0,0.0,1.0,0.0,0.0,0.0,0.52978516,8.0,13.0,3.0,3.0,2.0,0.0,1799.78,6.578125,4.5195312,2.7792969
0.0,0.0,0.0,0.0,1.0,0.0,0.0,0.0,0.5,7.0,19.0,3.0,2.0,1.0,1.0,1799.85,5.6601562,4.1914062,2.5898438
0.0,0.0,0.0,0.0,1.0,0.0,0.0,0.0,0.5,6.0,19.0,3.0,2.0,1.0,1.0,1799.85,5.8007812,4.21875,2.7695312
0.0,0.0,0.0,0.0,1.0,0.0,0.0,0.0,0.5,4.0,18.0,3.0,3.0,2.0,0.0,1799.85,6.2304688,4.4296875,2.7597656
0.0,0.0,0.0,0.0,1.0,0.0,0.0,0.0,0.5,4.0,18.0,3.0,3.0,2.0,0.0,1799.85,6.75,4.25,2.5996094
0.0,0.0,0.0,0.0,1.0,0.0,0.0,0.0,0.5,6.0,14.0,3.0,3.0,2.0,0.0,1799.99,6.0,4.46875,2.8203125
0.0,0.0,0.0,0.0,1.0,0.0,0.0,0.0,1.0,4.0,19.0,3.0,3.0,1.0,2.0,1800.49,7.1601562,5.2617188,3.4609375
0.0,0.0,0.0,0.0,1.0,0.0,0.0,0.0,1.0,4.0,3.0,2.0,3.0,2.0,0.0,1800.49,8.2578125,5.2890625,3.0292969
0.0,0.0,0.0,0.0,1.0,0.0,0.0,0.0,0.7001953,3.0,12.0,3.0,3.0,2.0,1.0,1800.58,7.390625,4.9882812,2.9707031
0.0,0.0,0.0,0.0,1.0,0.0,0.0,0.0,0.5,6.0,14.0,3.0,3.0,2.0,0.0,1800.75,6.3203125,4.3710938,2.6992188
0.0,0.0,0.0,0.0,1.0,0.0,0.0,0.0,0.5,6.0,16.0,2.0,3.0,2.0,0.0,1800.9,6.0,4.5117188,2.8808594
0.0,0.0,0.0,0.0,1.0,0.0,0.0,0.0,0.5,5.0,17.0,2.0,3.0,2.0,0.0,1800.96,6.0390625,4.5390625,2.7792969
0.0,0.0,0.0,0.0,1.0,0.0,0.0,0.0,0.5,6.0,16.0,2.0,2.0,1.0,0.0,1800.96,6.71875,4.2382812,2.6699219
0.0,0.0,0.0,0.0,1.0,0.0,0.0,0.0,0.89990234,3.0,11.0,3.0,1.0,1.0,2.0,1727.67,7.6914062,5.609375,3.3105469
0.0,0.0,0.0,0.0,1.0,0.0,0.0,0.0,0.5,4.0,18.0,3.0,3.0,2.0,0.0,1728.14,6.3789062,4.390625,2.7109375
0.0,0.0,0.0,0.0,1.0,0.0,0.0,0.0,0.41992188,8.0,17.0,3.0,3.0,2.0,0.0,1728.58,6.2695312,4.1601562,2.5507812
0.0,0.0,0.0,0.0,1.0,0.0,0.0,0.0,0.5,5.0,15.0,2.0,3.0,2.0,2.0,1728.87,6.828125,4.4296875,2.6191406
0.0,0.0,0.0,0.0,1.0,0.0,0.0,0.0,0.5,6.0,14.0,3.0,3.0,2.0,0.0,1729.82,6.640625,4.3984375,2.7207031
0.0,0.0,0.0,0.0,1.0,0.0,0.0,0.0,0.5,8.0,13.0,3.0,3.0,2.0,0.0,1729.82,6.5117188,4.3085938,2.6601562
0.0,0.0,0.0,0.0,1.0,0.0,0.0,0.0,0.5,6.0,17.0,1.0,3.0,2.0,2.0,1729.88,5.8203125,4.3984375,2.9003906
0.0,0.0,0.0,0.0,1.0,0.0,0.0,0.0,0.52978516,8.0,14.0,3.0,3.0,2.0,1.0,1730.02,7.0703125,4.5507812,2.6699219
0.0,0.0,0.0,0.0,1.0,0.0,0.0,0.0,0.5,5.0,17.0,3.0,2.0,2.0,2.0,1730.63,6.5507812,4.328125,2.6796875
0.0,0.0,0.0,0.0,1.0,0.0,0.0,0.0,0.5,6.0,14.0,2.0,3.0,2.0,2.0,1730.63,6.609375,4.359375,2.6699219
0.0,0.0,0.0,0.0,1.0,0.0,0.0,0.0,0.5,6.0,14.0,3.0,3.0,2.0,2.0,1730.63,6.328125,4.4414062,2.7207031
0.0,0.0,0.0,0.0,1.0,0.0,0.0,0.0,0.8100586,3.0,10.0,3.0,3.0,3.0,0.0,1731.02,7.8203125,5.1484375,3.1308594
0.0,0.0,0.0,0.0,1.0,0.0,0.0,0.0,1.1699219,1.0,19.0,3.0,3.0,2.0,2.0,1731.04,7.7304688,5.3789062,3.5507812
0.0,0.0,0.0,0.0,1.0,0.0,0.0,0.0,0.5,8.0,14.0,3.0,3.0,2.0,0.0,1731.54,6.828125,4.4414062,2.6191406
0.0,0.0,0.0,0.0,1.0,0.0,0.0,0.0,0.5,5.0,16.0,2.0,3.0,1.0,0.0,1731.56,5.9296875,4.4609375,2.8203125
0.0,0.0,0.0,0.0,1.0,0.0,0.0,0.0,0.5,4.0,17.0,3.0,3.0,2.0,0.0,1749.78,6.609375,4.3984375,2.6894531
0.0,0.0,0.0,0.0,1.0,0.0,0.0,0.0,0.48999023,5.0,17.0,2.0,3.0,2.0,0.0,1749.91,6.0195312,4.4804688,2.8105469
0.0,0.0,0.0,0.0,1.0,0.0,0.0,0.0,1.0,3.0,9.0,2.0,3.0,1.0,2.0,1750.19,7.8710938,5.4804688,3.4101562
0.0,0.0,0.0,0.0,1.0,0.0,0.0,0.0,0.5698242,4.0,17.0,3.0,3.0,3.0,0.0,1750.21,7.1289062,4.5117188,2.7695312
0.0,0.0,0.0,0.0,1.0,0.0,0.0,0.0,0.5,6.0,18.0,2.0,3.0,2.0,1.0,1750.96,6.1289062,4.5898438,2.7304688
0.0,0.0,0.0,0.0,1.0,0.0,0.0,0.0,0.5,6.0,18.0,2.0,3.0,2.0,1.0,1750.96,5.9609375,4.390625,2.7890625
0.0,0.0,0.0,0.0,1.0,0.0,0.0,0.0,0.5,5.0,18.0,1.0,3.0,2.0,2.0,1750.96,6.8203125,4.359375,2.6191406
0.0,0.0,0.0,0.0,1.0,0.0,0.0,0.0,1.0097656,4.0,3.0,3.0,3.0,2.0,0.0,1751.36,7.390625,5.25,3.3398438
0.0,0.0,0.0,0.0,1.0,0.0,0.0,0.0,0.5097656,4.0,18.0,3.0,3.0,2.0,2.0,1751.37,6.4804688,4.4609375,2.7109375
0.0,0.0,0.0,0.0,1.0,0.0,0.0,0.0,0.5,5.0,16.0,3.0,3.0,2.0,0.0,1751.48,6.109375,4.5117188,2.8105469
0.0,0.0,0.0,0.0,1.0,0.0,0.0,0.0,0.52001953,4.0,16.0,3.0,3.0,2.0,0.0,1752.06,6.7695312,4.4296875,2.7402344
0.0,0.0,0.0,0.0,1.0,0.0,0.0,0.0,0.5,8.0,17.0,3.0,3.0,2.0,4.0,1752.51,6.6210938,4.5117188,2.6699219
0.0,0.0,0.0,0.0,1.0,0.0,0.0,0.0,0.5,5.0,16.0,2.0,2.0,1.0,0.0,1752.65,6.0585938,4.46875,2.8398438
0.0,0.0,0.0,0.0,1.0,0.0,0.0,0.0,0.58984375,3.0,18.0,3.0,3.0,2.0,0.0,1752.72,6.7382812,4.6992188,2.9296875
0.0,0.0,0.0,0.0,1.0,0.0,0.0,0.0,0.58984375,3.0,18.0,3.0,2.0,2.0,1.0,1752.99,6.53125,4.7695312,2.9199219
0.0,0.0,0.0,0.0,1.0,0.0,0.0,0.0,0.5097656,7.0,13.0,3.0,3.0,1.0,0.0,1672.34,6.6210938,4.390625,2.7109375
0.0,0.0,0.0,0.0,1.0,0.0,0.0,0.0,0.5498047,7.0,19.0,3.0,2.0,1.0,0.0,1672.38,5.8984375,4.2617188,2.7597656
0.0,0.0,0.0,0.0,1.0,0.0,0.0,0.0,0.70996094,6.0,17.0,2.0,2.0,2.0,0.0,1672.44,6.8789062,5.1015625,3.25
0.0,0.0,0.0,0.0,1.0,0.0,0.0,0.0,0.5498047,3.0,14.0,3.0,3.0,2.0,0.0,1672.8,7.0,4.4882812,2.7109375
0.0,0.0,0.0,0.0,1.0,0.0,0.0,0.0,1.0,3.0,10.0,3.0,2.0,1.0,0.0,1673.86,7.859375,5.4804688,3.4707031
0.0,0.0,0.0,0.0,1.0,0.0,0.0,0.0,0.5,6.0,18.0,3.0,2.0,2.0,4.0,1674.71,6.3984375,4.3984375,2.7109375
0.0,0.0,0.0,0.0,1.0,0.0,0.0,0.0,0.5,4.0,16.0,3.0,3.0,2.0,0.0,1675.74,6.359375,4.4101562,2.7695312
0.0,0.0,0.0,0.0,1.0,0.0,0.0,0.0,0.89990234,3.0,9.0,3.0,3.0,2.0,2.0,1676.48,7.9804688,5.2695312,3.2792969
0.0,0.0,0.0,0.0,1.0,0.0,0.0,0.0,0.5,4.0,18.0,3.0,2.0,1.0,2.0,1678.17,6.1484375,4.3515625,2.7402344
0.0,0.0,0.0,0.0,1.0,0.0,0.0,0.0,0.5,5.0,13.0,3.0,3.0,2.0,2.0,1678.29,6.6289062,4.421875,2.6894531
0.0,0.0,0.0,0.0,1.0,0.0,0.0,0.0,0.5097656,5.0,16.0,3.0,3.0,2.0,4.0,1678.31,6.1289062,4.5703125,2.8691406
0.0,0.0,0.0,0.0,1.0,0.0,0.0,0.0,0.5,6.0,13.0,3.0,3.0,2.0,0.0,1678.34,6.9492188,4.4101562,2.5703125
0.0,0.0,0.0,0.0,1.0,0.0,0.0,0.0,0.5,6.0,15.0,3.0,3.0,2.0,1.0,1679.05,6.078125,4.5195312,2.8300781
0.0,0.0,0.0,0.0,1.0,0.0,0.0,0.0,0.58984375,6.0,13.0,3.0,2.0,2.0,2.0,1679.18,6.9296875,4.5585938,2.8203125
0.0,0.0,0.0,0.0,1.0,0.0,0.0,0.0,0.5,4.0,16.0,3.0,3.0,2.0,0.0,1680.01,6.6601562,4.421875,2.7109375
0.0,0.0,0.0,0.0,1.0,0.0,0.0,0.0,0.5,5.0,15.0,3.0,3.0,2.0,0.0,1876.75,6.7304688,4.4609375,2.6191406
0.0,0.0,0.0,0.0,1.0,0.0,0.0,0.0,0.7597656,6.0,18.0,2.0,2.0,2.0,0.0,1876.87,7.578125,5.2695312,3.0390625
0.0,0.0,0.0,0.0,1.0,0.0,0.0,0.0,0.52001953,5.0,14.0,3.0,3.0,2.0,0.0,1876.96,6.9804688,4.4101562,2.6503906
0.0,0.0,0.0,0.0,1.0,0.0,0.0,0.0,0.5,6.0,18.0,3.0,2.0,1.0,0.0,1877.74,5.9804688,4.4609375,2.8398438
0.0,0.0,0.0,0.0,1.0,0.0,0.0,0.0,0.58984375,8.0,15.0,3.0,3.0,2.0,1.0,1878.64,7.2304688,4.6796875,2.7402344
0.0,0.0,0.0,0.0,1.0,0.0,0.0,0.0,0.5,6.0,15.0,3.0,3.0,2.0,0.0,1879.42,6.1601562,4.5,2.7695312
0.0,0.0,0.0,0.0,1.0,0.0,0.0,0.0,0.52001953,4.0,18.0,3.0,3.0,2.0,0.0,1879.42,6.328125,4.5117188,2.7402344
0.0,0.0,0.0,0.0,1.0,0.0,0.0,0.0,0.5,6.0,16.0,3.0,3.0,2.0,0.0,1879.45,6.578125,4.328125,2.6699219
0.0,0.0,0.0,0.0,1.0,0.0,0.0,0.0,0.7001953,7.0,12.0,3.0,2.0,2.0,0.0,1879.49,6.8710938,5.0507812,3.109375
0.0,0.0,0.0,0.0,1.0,0.0,0.0,0.0,0.5097656,5.0,18.0,3.0,2.0,2.0,0.0,1880.29,6.859375,4.46875,2.6191406
0.0,0.0,0.0,0.0,1.0,0.0,0.0,0.0,0.54003906,5.0,16.0,3.0,2.0,1.0,0.0,1880.29,6.3007812,4.671875,2.859375
0.0,0.0,0.0,0.0,1.0,0.0,0.0,0.0,1.0097656,4.0,8.0,3.0,3.0,2.0,1.0,1880.65,7.5507812,5.6015625,3.5292969
0.0,0.0,0.0,0.0,1.0,0.0,0.0,0.0,0.5,5.0,15.0,3.0,2.0,2.0,0.0,1880.97,6.5585938,4.4414062,2.6191406
0.0,0.0,0.0,0.0,1.0,0.0,0.0,0.0,0.5,6.0,17.0,2.0,3.0,2.0,0.0,1881.82,5.8984375,4.3710938,2.8105469
0.0,0.0,0.0,0.0,1.0,0.0,0.0,0.0,0.5,7.0,14.0,3.0,3.0,3.0,0.0,1881.82,6.140625,4.4101562,2.7792969
0.0,0.0,0.0,0.0,1.0,0.0,0.0,0.0,0.5,5.0,17.0,3.0,3.0,2.0,1.0,1596.26,6.9804688,4.3710938,2.5507812
0.0,0.0,0.0,0.0,1.0,0.0,0.0,0.0,0.5,4.0,18.0,3.0,3.0,1.0,0.0,1596.73,5.9609375,4.4492188,2.7792969
0.0,0.0,0.0,0.0,1.0,0.0,0.0,0.0,0.5,4.0,16.0,3.0,3.0,3.0,0.0,1596.87,6.0,4.4804688,2.8105469
0.0,0.0,0.0,0.0,1.0,0.0,0.0,0.0,0.5,3.0,16.0,3.0,3.0,2.0,0.0,1597.9,6.2890625,4.4492188,2.75
0.0,0.0,0.0,0.0,1.0,0.0,0.0,0.0,0.5,7.0,12.0,3.0,3.0,2.0,0.0,1597.9,6.9609375,4.4101562,2.5605469
0.0,0.0,0.0,0.0,1.0,0.0,0.0,0.0,0.7597656,3.0,11.0,3.0,3.0,2.0,4.0,1598.08,7.75,5.0703125,2.9902344
0.0,0.0,0.0,0.0,1.0,0.0,0.0,0.0,0.52001953,5.0,15.0,3.0,3.0,2.0,4.0,1598.32,6.53125,4.6015625,2.7207031
0.0,0.0,0.0,0.0,1.0,0.0,0.0,0.0,0.5,4.0,17.0,3.0,3.0,2.0,0.0,1598.46,6.1015625,4.5195312,2.8398438
0.0,0.0,0.0,0.0,1.0,0.0,0.0,0.0,0.5,4.0,16.0,3.0,3.0,2.0,0.0,1598.58,6.5507812,4.359375,2.6894531
0.0,0.0,0.0,0.0,1.0,0.0,0.0,0.0,0.5600586,4.0,15.0,3.0,3.0,2.0,0.0,1598.64,6.921875,4.5507812,2.8007812
0.0,0.0,0.0,0.0,1.0,0.0,0.0,0.0,1.0,3.0,10.0,3.0,3.0,3.0,2.0,1599.11,7.7617188,5.5507812,3.4804688
0.0,0.0,0.0,0.0,1.0,0.0,0.0,0.0,0.5600586,4.0,13.0,3.0,3.0,2.0,0.0,1599.59,7.1601562,4.5898438,2.6503906
0.0,0.0,0.0,0.0,1.0,0.0,0.0,0.0,0.5097656,4.0,17.0,3.0,3.0,3.0,0.0,1600.6,6.2617188,4.53125,2.8300781
0.0,0.0,0.0,0.0,1.0,0.0,0.0,0.0,0.5,6.0,14.0,3.0,3.0,1.0,0.0,1601.05,6.5703125,4.3203125,2.6601562
0.0,0.0,0.0,0.0,1.0,0.0,0.0,0.0,0.5,4.0,18.0,2.0,3.0,2.0,0.0,1601.05,5.96875,4.4804688,2.859375
0.0,0.0,0.0,0.0,1.0,0.0,0.0,0.0,0.7998047,6.0,11.0,2.0,3.0,2.0,1.0,1801.06,6.9882812,5.1914062,3.25
0.0,0.0,0.0,0.0,1.0,0.0,0.0,0.0,0.5,5.0,17.0,3.0,3.0,2.0,0.0,1801.59,6.8203125,4.3984375,2.5800781
0.0,0.0,0.0,0.0,1.0,0.0,0.0,0.0,0.5,6.0,16.0,3.0,3.0,2.0,1.0,1801.61,6.3007812,4.6484375,2.7890625
0.0,0.0,0.0,0.0,1.0,0.0,0.0,0.0,0.5,6.0,15.0,2.0,3.0,2.0,0.0,1801.64,5.9882812,4.4492188,2.8007812
0.0,0.0,0.0,0.0,1.0,0.0,0.0,0.0,0.95996094,3.0,9.0,3.0,3.0,2.0,2.0,1801.69,7.578125,5.609375,3.4101562
0.0,0.0,0.0,0.0,1.0,0.0,0.0,0.0,1.0,2.0,10.0,2.0,3.0,2.0,4.0,1802.15,7.4804688,5.578125,3.5507812
0.0,0.0,0.0,0.0,1.0,0.0,0.0,0.0,0.58984375,6.0,19.0,3.0,2.0,1.0,0.0,1804.73,6.46875,4.3515625,2.5898438
0.0,0.0,0.0,0.0,1.0,0.0,0.0,0.0,0.5,8.0,16.0,3.0,3.0,2.0,1.0,1804.92,6.3789062,4.4609375,2.7890625
0.0,0.0,0.0,0.0,1.0,0.0,0.0,0.0,0.5,4.0,18.0,3.0,3.0,2.0,0.0,1805.77,6.4101562,4.3710938,2.7402344
0.0,0.0,0.0,0.0,1.0,0.0,0.0,0.0,0.5,4.0,17.0,3.0,3.0,2.0,0.0,1805.93,6.4101562,4.3984375,2.7109375
0.0,0.0,0.0,0.0,1.0,0.0,0.0,0.0,0.58984375,7.0,14.0,3.0,3.0,2.0,0.0,1806.81,6.8515625,4.7304688,2.7792969
0.0,0.0,0.0,0.0,1.0,0.0,0.0,0.0,0.52978516,6.0,14.0,3.0,3.0,2.0,2.0,1807.95,6.4609375,4.5117188,2.8300781
0.0,0.0,0.0,0.0,1.0,0.0,0.0,0.0,0.5,4.0,18.0,3.0,3.0,2.0,0.0,1808.53,6.9609375,4.3789062,2.5605469
0.0,0.0,0.0,0.0,1.0,0.0,0.0,0.0,1.0097656,3.0,10.0,3.0,2.0,2.0,4.0,1810.48,8.328125,5.5390625,3.3808594
0.0,0.0,0.0,0.0,1.0,0.0,0.0,0.0,0.5,5.0,15.0,3.0,2.0,2.0,0.0,1810.84,6.3398438,4.4296875,2.7402344
0.0,0.0,0.0,0.0,1.0,0.0,0.0,0.0,0.64990234,3.0,15.0,3.0,2.0,2.0,0.0,1854.18,7.1484375,4.75,2.9296875
0.0,0.0,0.0,0.0,1.0,0.0,0.0,0.0,0.7998047,5.0,10.0,3.0,3.0,2.0,0.0,1854.92,7.3515625,5.171875,3.2207031
0.0,0.0,0.0,0.0,1.0,0.0,0.0,0.0,0.5,7.0,18.0,3.0,3.0,2.0,2.0,1854.94,5.9414062,4.4296875,2.7890625
0.0,0.0,0.0,0.0,1.0,0.0,0.0,0.0,0.5498047,7.0,18.0,3.0,3.0,3.0,4.0,1855.11,6.8007812,4.5507812,2.7792969
0.0,0.0,0.0,0.0,1.0,0.0,0.0,0.0,0.5,5.0,16.0,3.0,2.0,1.0,0.0,1858.32,6.1601562,4.4609375,2.7792969
0.0,0.0,0.0,0.0,1.0,0.0,0.0,0.0,0.5,5.0,16.0,2.0,2.0,2.0,0.0,1858.32,6.53125,4.4492188,2.6699219
0.0,0.0,0.0,0.0,1.0,0.0,0.0,0.0,0.89990234,3.0,9.0,3.0,3.0,2.0,0.0,1859.0,8.296875,5.2890625,3.109375
0.0,0.0,0.0,0.0,1.0,0.0,0.0,0.0,0.89990234,3.0,8.0,3.0,3.0,2.0,0.0,1859.0,7.8085938,5.3984375,3.4101562
0.0,0.0,0.0,0.0,1.0,0.0,0.0,0.0,0.5,5.0,18.0,2.0,3.0,2.0,2.0,1860.74,6.1992188,4.3984375,2.7695312
0.0,0.0,0.0,0.0,1.0,0.0,0.0,0.0,0.7001953,3.0,12.0,3.0,3.0,2.0,0.0,1861.1,7.1601562,4.9296875,3.0390625
0.0,0.0,0.0,0.0,1.0,0.0,0.0,0.0,0.5,5.0,18.0,3.0,2.0,2.0,0.0,1861.34,6.53125,4.3984375,2.7207031
0.0,0.0,0.0,0.0,1.0,0.0,0.0,0.0,0.95996094,3.0,10.0,2.0,2.0,1.0,0.0,1861.46,8.2421875,5.4804688,3.1601562
0.0,0.0,0.0,0.0,1.0,0.0,0.0,0.0,0.5,7.0,13.0,3.0,3.0,3.0,0.0,1861.7,6.5507812,4.359375,2.6894531
0.0,0.0,0.0,0.0,1.0,0.0,0.0,0.0,0.52978516,5.0,18.0,3.0,3.0,2.0,0.0,1861.7,6.78125,4.4609375,2.7597656
0.0,0.0,0.0,0.0,1.0,0.0,0.0,0.0,0.5,6.0,14.0,3.0,3.0,2.0,0.0,1862.45,6.8710938,4.4492188,2.5996094
0.0,0.0,0.0,0.0,1.0,0.0,0.0,0.0,0.5,4.0,18.0,3.0,3.0,2.0,0.0,1739.86,6.2695312,4.3710938,2.6992188
0.0,0.0,0.0,0.0,1.0,0.0,0.0,0.0,0.7001953,3.0,11.0,3.0,3.0,2.0,0.0,1739.94,6.9101562,5.0898438,3.140625
0.0,0.0,0.0,0.0,1.0,0.0,0.0,0.0,0.7001953,4.0,13.0,3.0,3.0,2.0,0.0,1739.96,7.2304688,4.9414062,3.0703125
0.0,0.0,0.0,0.0,1.0,0.0,0.0,0.0,0.58984375,7.0,15.0,3.0,3.0,1.0,4.0,1740.29,7.1289062,4.5507812,2.7890625
0.0,0.0,0.0,0.0,1.0,0.0,0.0,0.0,0.52001953,6.0,13.0,3.0,3.0,2.0,0.0,1740.65,6.3085938,4.4804688,2.8007812
0.0,0.0,0.0,0.0,1.0,0.0,0.0,0.0,0.5,4.0,18.0,3.0,3.0,2.0,0.0,1740.7,6.1210938,4.5585938,2.8398438
0.0,0.0,0.0,0.0,1.0,0.0,0.0,0.0,0.89990234,3.0,18.0,3.0,3.0,2.0,0.0,1740.96,7.4296875,5.609375,3.3300781
0.0,0.0,0.0,0.0,1.0,0.0,0.0,0.0,0.5,8.0,14.0,3.0,3.0,2.0,2.0,1741.58,6.5195312,4.5117188,2.6503906
0.0,0.0,0.0,0.0,1.0,0.0,0.0,0.0,0.5,5.0,16.0,3.0,3.0,2.0,0.0,1742.54,6.7890625,4.3984375,2.5507812
0.0,0.0,0.0,0.0,1.0,0.0,0.0,0.0,0.5,5.0,14.0,3.0,2.0,3.0,0.0,1743.35,6.140625,4.578125,2.859375
0.0,0.0,0.0,0.0,1.0,0.0,0.0,0.0,0.5,5.0,18.0,2.0,3.0,1.0,0.0,1743.37,6.0703125,4.5117188,2.8007812
0.0,0.0,0.0,0.0,1.0,0.0,0.0,0.0,0.5,4.0,18.0,3.0,3.0,2.0,0.0,1744.56,6.3398438,4.4296875,2.7597656
0.0,0.0,0.0,0.0,1.0,0.0,0.0,0.0,0.5,4.0,18.0,3.0,3.0,2.0,0.0,1744.93,6.4101562,4.53125,2.7109375
0.0,0.0,0.0,0.0,1.0,0.0,0.0,0.0,0.5,6.0,15.0,3.0,3.0,2.0,2.0,1744.96,6.140625,4.609375,2.8007812
0.0,0.0,0.0,0.0,1.0,0.0,0.0,0.0,0.5,5.0,18.0,3.0,3.0,2.0,0.0,1745.63,6.4492188,4.5,2.7402344
0.0,0.0,0.0,0.0,1.0,0.0,0.0,0.0,0.58984375,3.0,15.0,3.0,2.0,2.0,0.0,1619.99,7.2695312,4.578125,2.8105469
0.0,0.0,0.0,0.0,1.0,0.0,0.0,0.0,0.5,4.0,18.0,3.0,3.0,2.0,0.0,1620.07,6.4804688,4.4296875,2.75
0.0,0.0,0.0,0.0,1.0,0.0,0.0,0.0,0.5,3.0,16.0,3.0,3.0,2.0,0.0,1620.71,5.9882812,4.46875,2.7695312
0.0,0.0,0.0,0.0,1.0,0.0,0.0,0.0,0.5,6.0,17.0,3.0,2.0,2.0,1.0,1620.97,6.4882812,4.328125,2.6699219
0.0,0.0,0.0,0.0,1.0,0.0,0.0,0.0,0.7998047,3.0,19.0,3.0,3.0,2.0,2.0,1621.05,6.5507812,4.8515625,3.1894531
0.0,0.0,0.0,0.0,1.0,0.0,0.0,0.0,0.64990234,3.0,13.0,3.0,3.0,2.0,1.0,1621.42,7.3085938,4.7304688,2.9394531
0.0,0.0,0.0,0.0,1.0,0.0,0.0,0.0,0.4099121,8.0,17.0,3.0,3.0,3.0,2.0,1621.94,6.5507812,4.1289062,2.4199219
0.0,0.0,0.0,0.0,1.0,0.0,0.0,0.0,0.5498047,4.0,14.0,3.0,3.0,2.0,0.0,1622.57,6.75,4.4492188,2.7890625
0.0,0.0,0.0,0.0,1.0,0.0,0.0,0.0,0.5,6.0,18.0,3.0,3.0,2.0,5.0,1622.6,6.078125,4.5,2.7890625
0.0,0.0,0.0,0.0,1.0,0.0,0.0,0.0,0.5,6.0,17.0,3.0,3.0,2.0,4.0,1622.67,6.640625,4.5117188,2.6894531
0.0,0.0,0.0,0.0,1.0,0.0,0.0,0.0,0.5,4.0,18.0,3.0,3.0,2.0,0.0,1622.67,6.4804688,4.4101562,2.7402344
0.0,0.0,0.0,0.0,1.0,0.0,0.0,0.0,0.8300781,4.0,18.0,3.0,3.0,2.0,0.0,1623.38,7.4296875,5.3515625,3.1894531
0.0,0.0,0.0,0.0,1.0,0.0,0.0,0.0,0.5,4.0,16.0,3.0,2.0,1.0,0.0,1624.24,6.6992188,4.3007812,2.640625
0.0,0.0,0.0,0.0,1.0,0.0,0.0,0.0,0.5,4.0,16.0,2.0,2.0,1.0,0.0,1624.24,6.109375,4.5390625,2.7890625
0.0,0.0,0.0,0.0,1.0,0.0,0.0,0.0,0.5,4.0,16.0,3.0,3.0,1.0,0.0,1624.24,6.2382812,4.6484375,2.7304688
0.0,0.0,0.0,0.0,1.0,0.0,0.0,0.0,0.7001953,3.0,11.0,3.0,3.0,2.0,0.0,1680.88,7.7617188,4.859375,2.8007812
0.0,0.0,0.0,0.0,1.0,0.0,0.0,0.0,0.5,4.0,18.0,3.0,3.0,2.0,0.0,1681.45,6.71875,4.4804688,2.6699219
0.0,0.0,0.0,0.0,1.0,0.0,0.0,0.0,0.5,4.0,15.0,3.0,3.0,2.0,0.0,1681.61,6.1914062,4.4804688,2.8105469
0.0,0.0,0.0,0.0,1.0,0.0,0.0,0.0,0.5,4.0,17.0,3.0,2.0,2.0,0.0,1682.51,6.0898438,4.4882812,2.8398438
0.0,0.0,0.0,0.0,1.0,0.0,0.0,0.0,0.5,4.0,17.0,3.0,2.0,2.0,0.0,1682.51,6.2304688,4.5117188,2.8203125
0.0,0.0,0.0,0.0,1.0,0.0,0.0,0.0,0.5,5.0,14.0,3.0,2.0,1.0,0.0,1682.51,6.7304688,4.4101562,2.6191406
0.0,0.0,0.0,0.0,1.0,0.0,0.0,0.0,0.7998047,8.0,9.0,3.0,3.0,2.0,1.0,1683.29,8.046875,5.140625,3.0605469
0.0,0.0,0.0,0.0,1.0,0.0,0.0,0.0,0.5,6.0,14.0,3.0,3.0,2.0,2.0,1683.38,6.75,4.4804688,2.6191406
0.0,0.0,0.0,0.0,1.0,0.0,0.0,0.0,0.5,7.0,15.0,2.0,3.0,2.0,2.0,1684.09,6.0117188,4.4492188,2.8398438
0.0,0.0,0.0,0.0,1.0,0.0,0.0,0.0,0.5,5.0,14.0,3.0,3.0,2.0,2.0,1684.27,6.8398438,4.4296875,2.5996094
0.0,0.0,0.0,0.0,1.0,0.0,0.0,0.0,0.5,6.0,15.0,2.0,3.0,1.0,0.0,1684.98,6.1015625,4.5390625,2.8105469
0.0,0.0,0.0,0.0,1.0,0.0,0.0,0.0,0.5,4.0,19.0,3.0,3.0,2.0,4.0,1685.78,6.0898438,4.3203125,2.5097656
0.0,0.0,0.0,0.0,1.0,0.0,0.0,0.0,0.5097656,4.0,18.0,3.0,3.0,1.0,0.0,1686.12,6.1601562,4.578125,2.7695312
0.0,0.0,0.0,0.0,1.0,0.0,0.0,0.0,0.5,6.0,13.0,3.0,3.0,2.0,0.0,1686.7,6.640625,4.3515625,2.6894531
0.0,0.0,0.0,0.0,1.0,0.0,0.0,0.0,0.5,4.0,17.0,3.0,3.0,2.0,0.0,1686.79,6.21875,4.5507812,2.8496094
0.0,0.0,0.0,0.0,1.0,0.0,0.0,0.0,0.89990234,4.0,9.0,2.0,2.0,1.0,2.0,1691.88,8.1015625,5.3007812,3.140625
0.0,0.0,0.0,0.0,1.0,0.0,0.0,0.0,0.5,6.0,17.0,3.0,3.0,2.0,1.0,1691.91,5.96875,4.4492188,2.7792969
0.0,0.0,0.0,0.0,1.0,0.0,0.0,0.0,0.58984375,3.0,18.0,3.0,2.0,2.0,0.0,1692.21,6.421875,4.78125,2.9394531
0.0,0.0,0.0,0.0,1.0,0.0,0.0,0.0,0.5,5.0,15.0,2.0,2.0,2.0,0.0,1693.38,5.9492188,4.4296875,2.8105469
0.0,0.0,0.0,0.0,1.0,0.0,0.0,0.0,0.5,5.0,15.0,2.0,2.0,1.0,0.0,1693.38,6.1796875,4.5117188,2.8300781
0.0,0.0,0.0,0.0,1.0,0.0,0.0,0.0,0.52978516,4.0,18.0,3.0,3.0,2.0,1.0,1693.78,7.0507812,4.4414062,2.6992188
0.0,0.0,0.0,0.0,1.0,0.0,0.0,0.0,0.41992188,9.0,17.0,3.0,3.0,2.0,0.0,1695.27,6.25,4.1210938,2.5507812
0.0,0.0,0.0,0.0,1.0,0.0,0.0,0.0,0.5097656,6.0,13.0,3.0,2.0,1.0,0.0,1695.66,7.0117188,4.421875,2.609375
0.0,0.0,0.0,0.0,1.0,0.0,0.0,0.0,0.5,4.0,16.0,3.0,3.0,2.0,0.0,1696.0,6.609375,4.390625,2.6992188
0.0,0.0,0.0,0.0,1.0,0.0,0.0,0.0,0.5498047,7.0,12.0,3.0,3.0,2.0,0.0,1696.0,7.1796875,4.5507812,2.640625
0.0,0.0,0.0,0.0,1.0,0.0,0.0,0.0,0.7001953,4.0,11.0,3.0,2.0,2.0,2.0,1696.13,6.8203125,4.9882812,3.0703125
0.0,0.0,0.0,0.0,1.0,0.0,0.0,0.0,0.52001953,4.0,15.0,3.0,3.0,2.0,0.0,1697.27,6.859375,4.4492188,2.7207031
0.0,0.0,0.0,0.0,1.0,0.0,0.0,0.0,0.5,4.0,16.0,3.0,2.0,2.0,0.0,1697.67,6.28125,4.328125,2.7207031
0.0,0.0,0.0,0.0,1.0,0.0,0.0,0.0,0.7001953,5.0,11.0,3.0,3.0,2.0,2.0,1697.79,6.78125,5.0390625,3.1503906
0.0,0.0,0.0,0.0,1.0,0.0,0.0,0.0,0.64990234,3.0,14.0,3.0,3.0,2.0,0.0,1697.93,6.609375,4.8515625,2.9804688
0.0,0.0,0.0,0.0,1.0,0.0,0.0,0.0,0.5,5.0,15.0,3.0,3.0,3.0,0.0,1819.29,6.21875,4.578125,2.7890625
0.0,0.0,0.0,0.0,1.0,0.0,0.0,0.0,0.60009766,6.0,12.0,3.0,3.0,2.0,0.0,1819.56,7.0390625,4.6601562,2.859375
0.0,0.0,0.0,0.0,1.0,0.0,0.0,0.0,0.60009766,5.0,14.0,2.0,3.0,2.0,2.0,1820.01,6.46875,4.671875,2.9394531
0.0,0.0,0.0,0.0,1.0,0.0,0.0,0.0,1.2001953,3.0,3.0,3.0,3.0,3.0,0.0,1820.77,8.0625,6.0195312,3.7890625
0.0,0.0,0.0,0.0,1.0,0.0,0.0,0.0,0.5,5.0,18.0,2.0,3.0,1.0,2.0,1822.02,6.71875,4.3203125,2.6699219
0.0,0.0,0.0,0.0,1.0,0.0,0.0,0.0,0.5,5.0,18.0,3.0,2.0,1.0,2.0,1822.02,6.7617188,4.2382812,2.6601562
0.0,0.0,0.0,0.0,1.0,0.0,0.0,0.0,0.5,5.0,18.0,3.0,2.0,1.0,2.0,1822.02,6.6601562,4.2304688,2.640625
0.0,0.0,0.0,0.0,1.0,0.0,0.0,0.0,0.5498047,4.0,16.0,3.0,3.0,2.0,2.0,1822.6,7.2382812,4.53125,2.609375
0.0,0.0,0.0,0.0,1.0,0.0,0.0,0.0,0.5498047,6.0,13.0,3.0,3.0,1.0,0.0,1822.6,6.9804688,4.4492188,2.640625
0.0,0.0,0.0,0.0,1.0,0.0,0.0,0.0,0.5,6.0,16.0,3.0,3.0,1.0,2.0,1822.67,6.0703125,4.4882812,2.75
0.0,0.0,0.0,0.0,1.0,0.0,0.0,0.0,0.5,4.0,18.0,3.0,3.0,3.0,2.0,1822.67,5.9882812,4.4804688,2.8105469
0.0,0.0,0.0,0.0,1.0,0.0,0.0,0.0,0.5,5.0,14.0,3.0,3.0,2.0,0.0,1824.39,6.640625,4.2617188,2.6796875
0.0,0.0,0.0,0.0,1.0,0.0,0.0,0.0,0.5,6.0,16.0,3.0,2.0,2.0,0.0,1954.7,6.0585938,4.4492188,2.8007812
0.0,0.0,0.0,0.0,1.0,0.0,0.0,0.0,0.5097656,5.0,17.0,3.0,3.0,2.0,0.0,1955.13,6.109375,4.4882812,2.8105469
0.0,0.0,0.0,0.0,1.0,0.0,0.0,0.0,1.2001953,3.0,8.0,3.0,2.0,1.0,2.0,1956.73,9.1796875,5.9492188,3.4902344
0.0,0.0,0.0,0.0,1.0,0.0,0.0,0.0,0.5,5.0,18.0,3.0,3.0,2.0,0.0,1957.05,6.0390625,4.5,2.8105469
0.0,0.0,0.0,0.0,1.0,0.0,0.0,0.0,0.5,5.0,18.0,3.0,3.0,2.0,0.0,1957.05,6.2304688,4.421875,2.7597656
0.0,0.0,0.0,0.0,1.0,0.0,0.0,0.0,0.5,7.0,14.0,3.0,3.0,2.0,0.0,1957.87,6.25,4.4414062,2.8007812
0.0,0.0,0.0,0.0,1.0,0.0,0.0,0.0,0.5097656,5.0,18.0,3.0,3.0,3.0,0.0,1959.54,6.1914062,4.578125,2.8203125
0.0,0.0,0.0,0.0,1.0,0.0,0.0,0.0,1.0097656,3.0,7.0,2.0,2.0,2.0,0.0,1959.57,7.8515625,5.0117188,3.3105469
0.0,0.0,0.0,0.0,1.0,0.0,0.0,0.0,0.5,5.0,18.0,3.0,2.0,3.0,0.0,1959.86,6.609375,4.3710938,2.7304688
0.0,0.0,0.0,0.0,1.0,0.0,0.0,0.0,0.5,5.0,16.0,3.0,3.0,2.0,0.0,1959.99,6.46875,4.4296875,2.7304688
0.0,0.0,0.0,0.0,1.0,0.0,0.0,0.0,0.5,8.0,18.0,3.0,3.0,2.0,2.0,1960.06,6.1601562,4.578125,2.8105469
0.0,0.0,0.0,0.0,1.0,0.0,0.0,0.0,0.70996094,3.0,12.0,3.0,3.0,2.0,0.0,1960.08,7.6289062,4.7695312,3.0097656
0.0,0.0,0.0,0.0,1.0,0.0,0.0,0.0,0.5,5.0,17.0,3.0,3.0,2.0,0.0,1960.6,6.0898438,4.5117188,2.7792969
0.0,0.0,0.0,0.0,1.0,0.0,0.0,0.0,0.5,5.0,17.0,3.0,3.0,2.0,0.0,1960.6,6.21875,4.3984375,2.7304688
0.0,0.0,0.0,0.0,1.0,0.0,0.0,0.0,0.72021484,6.0,11.0,3.0,2.0,2.0,1.0,1961.21,7.6210938,4.7695312,2.9804688
0.0,0.0,0.0,0.0,1.0,0.0,0.0,0.0,0.5,6.0,18.0,3.0,3.0,2.0,2.0,2024.7,6.171875,4.5703125,2.7695312
0.0,0.0,0.0,0.0,1.0,0.0,0.0,0.0,0.64990234,6.0,13.0,3.0,2.0,1.0,0.0,2025.35,7.6015625,4.8085938,2.7890625
0.0,0.0,0.0,0.0,1.0,0.0,0.0,0.0,0.77001953,7.0,19.0,3.0,3.0,1.0,2.0,2025.94,6.6796875,4.921875,3.0605469
0.0,0.0,0.0,0.0,1.0,0.0,0.0,0.0,0.75,3.0,12.0,3.0,2.0,2.0,4.0,2026.45,7.1914062,5.3398438,3.1308594
0.0,0.0,0.0,0.0,1.0,0.0,0.0,0.0,0.5097656,6.0,18.0,3.0,3.0,2.0,0.0,2026.66,6.1015625,4.5195312,2.8496094
0.0,0.0,0.0,0.0,1.0,0.0,0.0,0.0,0.5600586,6.0,16.0,3.0,2.0,2.0,1.0,2027.32,7.2617188,4.578125,2.6699219
0.0,0.0,0.0,0.0,1.0,0.0,0.0,0.0,0.52978516,6.0,16.0,3.0,3.0,2.0,0.0,2027.41,6.7695312,4.46875,2.7109375
0.0,0.0,0.0,0.0,1.0,0.0,0.0,0.0,0.5,7.0,16.0,3.0,2.0,2.0,0.0,2028.12,6.0390625,4.5117188,2.8300781
0.0,0.0,0.0,0.0,1.0,0.0,0.0,0.0,0.5097656,9.0,19.0,3.0,3.0,1.0,2.0,2028.19,6.2617188,4.21875,2.4492188
0.0,0.0,0.0,0.0,1.0,0.0,0.0,0.0,0.5,6.0,18.0,3.0,3.0,2.0,0.0,2028.98,6.75,4.421875,2.6894531
0.0,0.0,0.0,0.0,1.0,0.0,0.0,0.0,0.5,6.0,18.0,3.0,3.0,2.0,0.0,2030.72,6.6289062,4.3398438,2.6308594
0.0,0.0,0.0,0.0,1.0,0.0,0.0,0.0,0.58984375,5.0,16.0,3.0,3.0,2.0,0.0,2031.18,6.890625,4.53125,2.8398438
0.0,0.0,0.0,0.0,1.0,0.0,0.0,0.0,0.5,6.0,16.0,3.0,3.0,2.0,0.0,2031.58,6.6484375,4.3789062,2.6796875
0.0,0.0,0.0,0.0,1.0,0.0,0.0,0.0,0.7001953,3.0,13.0,3.0,3.0,2.0,0.0,2031.8,7.5195312,4.9609375,2.9394531
0.0,0.0,0.0,0.0,1.0,0.0,0.0,0.0,0.5097656,6.0,16.0,3.0,3.0,2.0,0.0,2031.82,6.9882812,4.421875,2.5800781
0.0,0.0,0.0,0.0,1.0,0.0,0.0,0.0,0.52001953,6.0,15.0,3.0,3.0,2.0,0.0,1968.26,6.25,4.640625,2.859375
0.0,0.0,0.0,0.0,1.0,0.0,0.0,0.0,0.5,6.0,15.0,3.0,2.0,2.0,0.0,1969.05,6.578125,4.3710938,2.6894531
0.0,0.0,0.0,0.0,1.0,0.0,0.0,0.0,0.4099121,6.0,19.0,3.0,3.0,1.0,2.0,1969.78,5.109375,3.7695312,2.5507812
0.0,0.0,0.0,0.0,1.0,0.0,0.0,0.0,0.5097656,5.0,17.0,3.0,3.0,2.0,0.0,1970.49,6.8710938,4.3515625,2.640625
0.0,0.0,0.0,0.0,1.0,0.0,0.0,0.0,0.5,5.0,18.0,3.0,3.0,2.0,0.0,1970.78,6.28125,4.5703125,2.8105469
0.0,0.0,0.0,0.0,1.0,0.0,0.0,0.0,0.58984375,4.0,16.0,3.0,3.0,2.0,0.0,1971.37,7.0117188,4.53125,2.7890625
0.0,0.0,0.0,0.0,1.0,0.0,0.0,0.0,0.5,6.0,17.0,3.0,3.0,2.0,0.0,1972.25,6.1914062,4.5585938,2.7597656
0.0,0.0,0.0,0.0,1.0,0.0,0.0,0.0,0.72021484,4.0,11.0,3.0,3.0,2.0,0.0,1972.37,7.21875,5.1289062,3.1191406
0.0,0.0,0.0,0.0,1.0,0.0,0.0,0.0,0.5,6.0,16.0,3.0,3.0,2.0,0.0,1972.43,6.2109375,4.5390625,2.7695312
0.0,0.0,0.0,0.0,1.0,0.0,0.0,0.0,0.5,5.0,16.0,3.0,3.0,2.0,0.0,1973.23,6.6914062,4.4296875,2.6191406
0.0,0.0,0.0,0.0,1.0,0.0,0.0,0.0,0.60009766,4.0,18.0,2.0,3.0,2.0,1.0,1973.48,6.359375,4.7695312,3.0292969
0.0,0.0,0.0,0.0,1.0,0.0,0.0,0.0,0.5,5.0,16.0,3.0,2.0,2.0,0.0,1973.69,6.8007812,4.359375,2.6601562
0.0,0.0,0.0,0.0,1.0,0.0,0.0,0.0,0.5097656,6.0,18.0,3.0,3.0,2.0,0.0,1974.55,6.1796875,4.53125,2.7597656
0.0,0.0,0.0,0.0,1.0,0.0,0.0,0.0,0.5097656,5.0,16.0,3.0,3.0,2.0,0.0,1974.78,6.3398438,4.5117188,2.8007812
0.0,0.0,0.0,0.0,1.0,0.0,0.0,0.0,0.52001953,6.0,17.0,3.0,3.0,2.0,2.0,1975.07,6.890625,4.359375,2.6503906
0.0,0.0,0.0,0.0,1.0,0.0,0.0,0.0,0.52001953,6.0,14.0,3.0,3.0,2.0,0.0,1919.0,7.0507812,4.4414062,2.5898438
0.0,0.0,0.0,0.0,1.0,0.0,0.0,0.0,0.5,6.0,18.0,3.0,3.0,3.0,0.0,1919.28,5.9882812,4.46875,2.75
0.0,0.0,0.0,0.0,1.0,0.0,0.0,0.0,0.75,5.0,19.0,3.0,2.0,1.0,1.0,1920.05,6.4609375,4.9101562,3.2402344
0.0,0.0,0.0,0.0,1.0,0.0,0.0,0.0,0.5498047,7.0,15.0,3.0,3.0,1.0,0.0,1920.08,7.1992188,4.53125,2.6601562
0.0,0.0,0.0,0.0,1.0,0.0,0.0,0.0,0.5,5.0,16.0,3.0,3.0,2.0,0.0,1920.16,6.0390625,4.4609375,2.8007812
0.0,0.0,0.0,0.0,1.0,0.0,0.0,0.0,1.0,3.0,4.0,2.0,2.0,2.0,2.0,1920.19,8.2109375,5.3203125,3.4003906
0.0,0.0,0.0,0.0,1.0,0.0,0.0,0.0,0.6699219,3.0,18.0,3.0,3.0,2.0,1.0,1920.3,7.46875,4.8203125,2.9003906
0.0,0.0,0.0,0.0,1.0,0.0,0.0,0.0,0.5,6.0,16.0,2.0,2.0,2.0,0.0,1920.85,6.1914062,4.4296875,2.7402344
0.0,0.0,0.0,0.0,1.0,0.0,0.0,0.0,0.70996094,7.0,19.0,3.0,3.0,1.0,0.0,1922.03,7.2304688,4.890625,2.8300781
0.0,0.0,0.0,0.0,1.0,0.0,0.0,0.0,0.5,5.0,15.0,3.0,3.0,3.0,0.0,1922.38,6.9492188,4.3710938,2.5390625
0.0,0.0,0.0,0.0,1.0,0.0,0.0,0.0,0.5,7.0,18.0,3.0,3.0,2.0,2.0,1922.43,6.1484375,4.421875,2.7792969
0.0,0.0,0.0,0.0,1.0,0.0,0.0,0.0,0.75,4.0,11.0,3.0,3.0,2.0,0.0,1922.51,7.46875,4.9804688,3.0507812
0.0,0.0,0.0,0.0,1.0,0.0,0.0,0.0,0.7597656,3.0,11.0,3.0,2.0,2.0,2.0,1922.98,7.3789062,5.0703125,3.0996094
0.0,0.0,0.0,0.0,1.0,0.0,0.0,0.0,0.5,5.0,15.0,3.0,2.0,2.0,0.0,1925.35,6.7695312,4.4101562,2.640625
0.0,0.0,0.0,0.0,1.0,0.0,0.0,0.0,0.5,5.0,17.0,3.0,3.0,2.0,2.0,1926.62,6.7109375,4.421875,2.6992188
0.0,0.0,0.0,0.0,1.0,0.0,0.0,0.0,0.5,7.0,16.0,3.0,3.0,2.0,0.0,2056.78,6.1796875,4.5,2.7792969
0.0,0.0,0.0,0.0,1.0,0.0,0.0,0.0,0.7001953,5.0,11.0,3.0,3.0,2.0,2.0,2057.03,7.78125,4.9101562,2.8808594
0.0,0.0,0.0,0.0,1.0,0.0,0.0,0.0,0.5,6.0,18.0,3.0,3.0,2.0,0.0,2057.71,6.28125,4.5585938,2.75
0.0,0.0,0.0,0.0,1.0,0.0,0.0,0.0,0.5,8.0,16.0,2.0,2.0,2.0,0.0,2059.28,6.671875,4.1601562,2.5898438
0.0,0.0,0.0,0.0,1.0,0.0,0.0,0.0,0.58984375,6.0,18.0,3.0,3.0,2.0,2.0,2059.58,6.859375,4.7109375,2.8496094
0.0,0.0,0.0,0.0,1.0,0.0,0.0,0.0,0.52001953,5.0,17.0,3.0,3.0,2.0,0.0,2059.67,6.8007812,4.4804688,2.7402344
0.0,0.0,0.0,0.0,1.0,0.0,0.0,0.0,1.0703125,3.0,10.0,3.0,2.0,2.0,0.0,2059.89,8.390625,5.7695312,3.4804688
0.0,0.0,0.0,0.0,1.0,0.0,0.0,0.0,0.72021484,5.0,11.0,3.0,3.0,2.0,0.0,2061.07,6.9296875,5.1484375,3.2207031
0.0,0.0,0.0,0.0,1.0,0.0,0.0,0.0,0.5,6.0,18.0,3.0,2.0,2.0,0.0,2061.11,6.328125,4.4296875,2.7304688
0.0,0.0,0.0,0.0,1.0,0.0,0.0,0.0,0.7998047,4.0,10.0,3.0,3.0,2.0,0.0,2063.15,7.0898438,5.2890625,3.2890625
0.0,0.0,0.0,0.0,1.0,0.0,0.0,0.0,0.58984375,6.0,14.0,3.0,3.0,3.0,0.0,2064.1,6.8398438,4.75,2.8300781
0.0,0.0,0.0,0.0,1.0,0.0,0.0,0.0,0.7001953,4.0,12.0,3.0,3.0,2.0,0.0,2064.13,6.9882812,4.9414062,3.0800781
0.0,0.0,0.0,0.0,1.0,0.0,0.0,0.0,0.75,4.0,12.0,3.0,3.0,2.0,5.0,2064.42,6.9882812,5.171875,3.25
0.0,0.0,0.0,0.0,1.0,0.0,0.0,0.0,0.5,7.0,17.0,3.0,3.0,1.0,0.0,2065.3,6.3710938,4.5507812,2.7304688
0.0,0.0,0.0,0.0,1.0,0.0,0.0,0.0,0.5097656,6.0,16.0,3.0,3.0,2.0,0.0,2065.45,6.390625,4.5898438,2.6992188
0.0,0.0,0.0,0.0,1.0,0.0,0.0,0.0,0.5,7.0,17.0,2.0,3.0,2.0,0.0,2040.68,6.0507812,4.4804688,2.8203125
0.0,0.0,0.0,0.0,1.0,0.0,0.0,0.0,0.52001953,5.0,16.0,3.0,2.0,2.0,0.0,2041.15,6.3085938,4.6796875,2.8398438
0.0,0.0,0.0,0.0,1.0,0.0,0.0,0.0,0.52001953,5.0,17.0,3.0,3.0,2.0,0.0,2042.43,6.9492188,4.5117188,2.6308594
0.0,0.0,0.0,0.0,1.0,0.0,0.0,0.0,0.5,7.0,16.0,3.0,3.0,2.0,0.0,2042.57,6.8398438,4.3515625,2.5898438
0.0,0.0,0.0,0.0,1.0,0.0,0.0,0.0,1.2001953,3.0,13.0,1.0,2.0,2.0,0.0,2042.78,7.8984375,5.8007812,3.8203125
0.0,0.0,0.0,0.0,1.0,0.0,0.0,0.0,0.5698242,6.0,16.0,3.0,2.0,2.0,0.0,2043.19,7.2617188,4.640625,2.7304688
0.0,0.0,0.0,0.0,1.0,0.0,0.0,0.0,0.5498047,5.0,19.0,3.0,3.0,1.0,0.0,2043.25,6.2382812,4.3789062,2.7109375
0.0,0.0,0.0,0.0,1.0,0.0,0.0,0.0,0.5,6.0,16.0,3.0,3.0,2.0,0.0,2043.41,6.359375,4.5117188,2.7695312
0.0,0.0,0.0,0.0,1.0,0.0,0.0,0.0,0.5,8.0,17.0,3.0,3.0,2.0,2.0,2043.45,6.390625,4.359375,2.6894531
0.0,0.0,0.0,0.0,1.0,0.0,0.0,0.0,0.5,6.0,16.0,3.0,3.0,2.0,2.0,2044.12,6.6914062,4.5390625,2.6503906
0.0,0.0,0.0,0.0,1.0,0.0,0.0,0.0,0.5,7.0,16.0,3.0,3.0,2.0,0.0,2044.29,6.0195312,4.4804688,2.8007812
0.0,0.0,0.0,0.0,1.0,0.0,0.0,0.0,0.52978516,6.0,14.0,3.0,3.0,3.0,0.0,2045.27,6.2304688,4.6210938,2.8691406
0.0,0.0,0.0,0.0,1.0,0.0,0.0,0.0,0.5498047,6.0,15.0,3.0,3.0,2.0,0.0,2045.64,7.03125,4.5507812,2.6894531
0.0,0.0,0.0,0.0,1.0,0.0,0.0,0.0,0.5,7.0,17.0,3.0,3.0,2.0,2.0,2150.69,7.0585938,4.4296875,2.5605469
0.0,0.0,0.0,0.0,1.0,0.0,0.0,0.0,0.5498047,6.0,17.0,3.0,3.0,2.0,0.0,2151.57,6.78125,4.5195312,2.7890625
0.0,0.0,0.0,0.0,1.0,0.0,0.0,0.0,0.7001953,3.0,14.0,3.0,3.0,2.0,0.0,2151.67,6.9492188,5.140625,3.109375
0.0,0.0,0.0,0.0,1.0,0.0,0.0,0.0,0.60009766,8.0,14.0,3.0,2.0,2.0,2.0,2152.06,7.3007812,4.6796875,2.8203125
0.0,0.0,0.0,0.0,1.0,0.0,0.0,0.0,0.70996094,3.0,19.0,3.0,2.0,1.0,0.0,2152.81,6.5507812,4.8203125,3.0800781
0.0,0.0,0.0,0.0,1.0,0.0,0.0,0.0,0.7001953,3.0,13.0,3.0,3.0,2.0,0.0,2152.82,7.5390625,4.8203125,2.9199219
0.0,0.0,0.0,0.0,1.0,0.0,0.0,0.0,1.2001953,3.0,9.0,3.0,3.0,3.0,4.0,2154.22,7.8203125,5.8984375,3.8300781
0.0,0.0,0.0,0.0,1.0,0.0,0.0,0.0,0.52001953,7.0,17.0,3.0,3.0,2.0,0.0,2154.55,6.7382812,4.46875,2.7304688
0.0,0.0,0.0,0.0,1.0,0.0,0.0,0.0,1.0,3.0,8.0,3.0,2.0,2.0,2.0,2154.96,8.59375,5.421875,3.2792969
0.0,0.0,0.0,0.0,1.0,0.0,0.0,0.0,0.97021484,5.0,19.0,3.0,3.0,2.0,2.0,2155.42,7.1484375,5.2890625,3.4199219
0.0,0.0,0.0,0.0,1.0,0.0,0.0,0.0,1.0,4.0,8.0,3.0,3.0,2.0,2.0,2156.38,8.7265625,5.4882812,3.1992188
0.0,0.0,0.0,0.0,1.0,0.0,0.0,0.0,1.0498047,3.0,17.0,2.0,2.0,2.0,0.0,2156.9,7.9414062,5.7617188,3.640625
0.0,0.0,0.0,0.0,1.0,0.0,0.0,0.0,0.52978516,7.0,17.0,3.0,3.0,2.0,0.0,2157.27,6.1914062,4.609375,2.9003906
0.0,0.0,0.0,0.0,1.0,0.0,0.0,0.0,0.52978516,7.0,18.0,3.0,3.0,2.0,2.0,2157.72,7.03125,4.5,2.7792969
0.0,0.0,0.0,0.0,1.0,0.0,0.0,0.0,0.52001953,6.0,16.0,3.0,2.0,2.0,0.0,2158.87,6.78125,4.4882812,2.7109375
0.0,0.0,0.0,0.0,1.0,0.0,0.0,0.0,0.5,9.0,18.0,1.0,3.0,2.0,2.0,2292.07,6.0898438,4.2109375,2.8203125
0.0,0.0,0.0,0.0,1.0,0.0,0.0,0.0,0.72998047,3.0,15.0,3.0,3.0,2.0,1.0,2292.3,6.8398438,5.109375,3.1699219
0.0,0.0,0.0,0.0,1.0,0.0,0.0,0.0,0.7001953,5.0,13.0,3.0,3.0,2.0,4.0,2292.32,7.5507812,4.7890625,2.9609375
0.0,0.0,0.0,0.0,1.0,0.0,0.0,0.0,1.0,3.0,10.0,3.0,3.0,3.0,4.0,2294.47,7.609375,5.671875,3.5605469
0.0,0.0,0.0,0.0,1.0,0.0,0.0,0.0,1.0195312,4.0,9.0,3.0,3.0,2.0,4.0,2294.48,7.5,5.5195312,3.2109375
0.0,0.0,0.0,0.0,1.0,0.0,0.0,0.0,0.5097656,8.0,18.0,3.0,3.0,2.0,0.0,2294.6,6.890625,4.3710938,2.6503906
0.0,0.0,0.0,0.0,1.0,0.0,0.0,0.0,0.58984375,7.0,17.0,3.0,2.0,1.0,0.0,2296.46,7.171875,4.5,2.8203125
0.0,0.0,0.0,0.0,1.0,0.0,0.0,0.0,0.95996094,4.0,10.0,3.0,3.0,2.0,2.0,2299.43,7.7109375,5.75,3.3808594
0.0,0.0,0.0,0.0,1.0,0.0,0.0,0.0,1.0097656,3.0,10.0,3.0,2.0,2.0,2.0,2299.64,8.5703125,5.5507812,3.2890625
0.0,0.0,0.0,0.0,1.0,0.0,0.0,0.0,0.5097656,8.0,18.0,3.0,3.0,3.0,0.0,2299.95,6.9609375,4.3984375,2.6191406
0.0,0.0,0.0,0.0,1.0,0.0,0.0,0.0,0.7001953,7.0,15.0,2.0,3.0,2.0,4.0,2303.33,6.5585938,4.8984375,3.1308594
0.0,0.0,0.0,0.0,1.0,0.0,0.0,0.0,0.5,8.0,18.0,3.0,3.0,2.0,0.0,2304.84,6.5585938,4.3710938,2.6796875
0.0,0.0,0.0,0.0,1.0,0.0,0.0,0.0,0.7001953,5.0,13.0,1.0,3.0,2.0,0.0,2305.57,6.6992188,4.828125,3.1191406
0.0,0.0,0.0,0.0,1.0,0.0,0.0,0.0,0.58984375,8.0,17.0,3.0,2.0,2.0,0.0,2305.73,6.4414062,4.6601562,2.9199219
0.0,0.0,0.0,0.0,1.0,0.0,0.0,0.0,0.66015625,4.0,16.0,3.0,3.0,2.0,0.0,2306.5,7.5507812,4.78125,2.9707031
0.0,0.0,0.0,0.0,1.0,0.0,0.0,0.0,0.58984375,6.0,15.0,3.0,3.0,2.0,0.0,2132.05,7.0585938,4.6210938,2.7890625
0.0,0.0,0.0,0.0,1.0,0.0,0.0,0.0,0.7001953,3.0,17.0,3.0,3.0,3.0,0.0,2133.88,7.1914062,5.0703125,2.9296875
0.0,0.0,0.0,0.0,1.0,0.0,0.0,0.0,0.66015625,9.0,19.0,3.0,3.0,2.0,1.0,2136.25,6.421875,4.7109375,2.8691406
0.0,0.0,0.0,0.0,1.0,0.0,0.0,0.0,0.64990234,5.0,16.0,2.0,3.0,1.0,2.0,2138.39,6.3984375,4.8007812,3.0703125
0.0,0.0,0.0,0.0,1.0,0.0,0.0,0.0,0.8300781,3.0,11.0,3.0,3.0,2.0,0.0,2139.78,8.1328125,5.2695312,3.0996094
0.0,0.0,0.0,0.0,1.0,0.0,0.0,0.0,0.58984375,5.0,17.0,3.0,3.0,2.0,2.0,2140.33,6.9492188,4.5898438,2.8808594
0.0,0.0,0.0,0.0,1.0,0.0,0.0,0.0,0.72021484,4.0,19.0,3.0,3.0,2.0,1.0,2140.92,6.5507812,4.8398438,3.0996094
0.0,0.0,0.0,0.0,1.0,0.0,0.0,0.0,1.0,3.0,18.0,2.0,2.0,2.0,0.0,2141.1,7.359375,5.5390625,3.5292969
0.0,0.0,0.0,0.0,1.0,0.0,0.0,0.0,0.8100586,3.0,14.0,3.0,3.0,2.0,2.0,2142.21,8.1328125,5.1210938,3.0195312
0.0,0.0,0.0,0.0,1.0,0.0,0.0,0.0,0.66015625,5.0,15.0,2.0,3.0,1.0,4.0,2142.72,6.53125,4.9101562,3.0195312
0.0,0.0,0.0,0.0,1.0,0.0,0.0,0.0,0.58984375,7.0,17.0,3.0,3.0,2.0,1.0,2143.77,6.96875,4.6015625,2.8496094
0.0,0.0,0.0,0.0,1.0,0.0,0.0,0.0,0.60009766,5.0,18.0,3.0,3.0,2.0,4.0,2144.12,7.3984375,4.671875,2.7109375
0.0,0.0,0.0,0.0,1.0,0.0,0.0,0.0,1.0,3.0,10.0,3.0,3.0,2.0,4.0,2145.16,7.890625,5.5117188,3.3496094
0.0,0.0,0.0,0.0,1.0,0.0,0.0,0.0,0.52978516,6.0,16.0,3.0,3.0,2.0,0.0,2146.49,6.9882812,4.4804688,2.640625
0.0,0.0,0.0,0.0,1.0,0.0,0.0,0.0,0.58984375,8.0,17.0,3.0,3.0,2.0,1.0,2149.05,6.5507812,4.6484375,2.9101562
0.0,0.0,0.0,0.0,1.0,0.0,0.0,0.0,0.70996094,4.0,19.0,3.0,2.0,1.0,4.0,2243.65,7.6914062,4.9609375,2.9804688
0.0,0.0,0.0,0.0,1.0,0.0,0.0,0.0,0.5600586,6.0,16.0,3.0,3.0,2.0,0.0,2244.08,6.859375,4.5507812,2.7792969
0.0,0.0,0.0,0.0,1.0,0.0,0.0,0.0,0.95996094,3.0,12.0,3.0,3.0,3.0,0.0,2244.39,8.4375,5.3710938,3.3105469
0.0,0.0,0.0,0.0,1.0,0.0,0.0,0.0,0.58984375,8.0,15.0,3.0,3.0,2.0,0.0,2246.26,7.2695312,4.6289062,2.7207031
0.0,0.0,0.0,0.0,1.0,0.0,0.0,0.0,0.7001953,4.0,12.0,3.0,2.0,2.0,0.0,2247.53,6.96875,5.078125,3.0507812
0.0,0.0,0.0,0.0,1.0,0.0,0.0,0.0,0.7001953,3.0,13.0,3.0,3.0,2.0,2.0,2248.78,7.4492188,4.8710938,2.9199219
0.0,0.0,0.0,0.0,1.0,0.0,0.0,0.0,0.64990234,6.0,15.0,3.0,2.0,2.0,1.0,2250.86,6.859375,5.0507812,2.9199219
0.0,0.0,0.0,0.0,1.0,0.0,0.0,0.0,0.72021484,5.0,12.0,3.0,3.0,2.0,2.0,2253.06,7.5585938,4.9296875,3.0292969
0.0,0.0,0.0,0.0,1.0,0.0,0.0,0.0,0.58984375,5.0,18.0,3.0,3.0,1.0,0.0,2255.71,7.2890625,4.6484375,2.75
0.0,0.0,0.0,0.0,1.0,0.0,0.0,0.0,1.0,4.0,8.0,3.0,3.0,2.0,4.0,2256.01,8.2734375,5.5507812,3.4199219
0.0,0.0,0.0,0.0,1.0,0.0,0.0,0.0,0.6699219,5.0,17.0,3.0,3.0,1.0,4.0,2257.32,6.8007812,5.0195312,3.0390625
0.0,0.0,0.0,0.0,1.0,0.0,0.0,0.0,0.5498047,7.0,16.0,3.0,3.0,3.0,0.0,2259.15,6.75,4.4492188,2.8007812
0.0,0.0,0.0,0.0,1.0,0.0,0.0,0.0,0.7001953,3.0,13.0,3.0,3.0,2.0,0.0,2259.29,6.6484375,4.9609375,3.109375
0.0,0.0,0.0,0.0,1.0,0.0,0.0,0.0,0.7001953,4.0,13.0,3.0,3.0,2.0,0.0,2259.45,6.78125,5.0585938,3.1796875
0.0,0.0,0.0,0.0,1.0,0.0,0.0,0.0,0.52978516,8.0,17.0,3.0,3.0,2.0,0.0,2262.98,6.71875,4.4609375,2.7304688
0.0,0.0,0.0,0.0,1.0,0.0,0.0,0.0,0.75,3.0,12.0,3.0,3.0,2.0,0.0,2355.76,8.0,5.0195312,2.9199219
0.0,0.0,0.0,0.0,1.0,0.0,0.0,0.0,0.7998047,4.0,12.0,3.0,3.0,2.0,2.0,2358.48,7.96875,4.9882812,3.0390625
0.0,0.0,0.0,0.0,1.0,0.0,0.0,0.0,0.7001953,4.0,13.0,1.0,2.0,1.0,0.0,2358.8,7.3007812,4.640625,2.890625
0.0,0.0,0.0,0.0,1.0,0.0,0.0,0.0,1.0,3.0,10.0,3.0,3.0,2.0,2.0,2361.0,8.546875,5.5117188,3.3300781
0.0,0.0,0.0,0.0,1.0,0.0,0.0,0.0,0.7998047,3.0,12.0,3.0,3.0,2.0,2.0,2362.08,7.0507812,5.2695312,3.3203125
0.0,0.0,0.0,0.0,1.0,0.0,0.0,0.0,0.7001953,4.0,13.0,3.0,3.0,2.0,0.0,2363.37,7.390625,4.8710938,3.0097656
0.0,0.0,0.0,0.0,1.0,0.0,0.0,0.0,0.89990234,4.0,18.0,2.0,2.0,2.0,0.0,2364.86,7.4101562,5.5,3.5097656
0.0,0.0,0.0,0.0,1.0,0.0,0.0,0.0,0.64990234,6.0,14.0,2.0,3.0,2.0,0.0,2364.87,7.5117188,4.7109375,2.7890625
0.0,0.0,0.0,0.0,1.0,0.0,0.0,0.0,1.0,3.0,10.0,3.0,3.0,2.0,0.0,2366.05,8.328125,5.5117188,3.4003906
0.0,0.0,0.0,0.0,1.0,0.0,0.0,0.0,1.0097656,3.0,15.0,1.0,2.0,2.0,0.0,2366.59,7.3515625,5.5,3.5195312
0.0,0.0,0.0,0.0,1.0,0.0,0.0,0.0,1.2900391,3.0,9.0,3.0,3.0,2.0,4.0,2367.85,8.8125,5.9296875,3.6503906
0.0,0.0,0.0,0.0,1.0,0.0,0.0,0.0,0.7001953,3.0,14.0,3.0,2.0,2.0,0.0,2368.35,6.9609375,5.1210938,3.0898438
0.0,0.0,0.0,0.0,1.0,0.0,0.0,0.0,1.0097656,4.0,17.0,2.0,2.0,2.0,0.0,2371.01,7.4492188,5.6914062,3.5800781
0.0,0.0,0.0,0.0,1.0,0.0,0.0,0.0,1.0,5.0,8.0,3.0,3.0,2.0,1.0,2371.14,7.6210938,5.6289062,3.5292969
0.0,0.0,0.0,0.0,1.0,0.0,0.0,0.0,0.52001953,9.0,18.0,3.0,3.0,2.0,2.0,2374.47,6.7304688,4.4414062,2.7207031
0.0,0.0,0.0,0.0,1.0,0.0,0.0,0.0,0.52978516,6.0,18.0,3.0,3.0,2.0,0.0,2232.52,6.25,4.671875,2.8300781
0.0,0.0,0.0,0.0,1.0,0.0,0.0,0.0,0.6098633,8.0,17.0,3.0,3.0,2.0,4.0,2232.76,6.5507812,4.8007812,3.0097656
0.0,0.0,0.0,0.0,1.0,0.0,0.0,0.0,0.77001953,4.0,12.0,3.0,3.0,2.0,2.0,2236.75,7.609375,5.03125,3.0800781
0.0,0.0,0.0,0.0,1.0,0.0,0.0,0.0,1.0195312,4.0,10.0,3.0,2.0,2.0,4.0,2237.16,7.8398438,5.7382812,3.4804688
0.0,0.0,0.0,0.0,1.0,0.0,0.0,0.0,0.58984375,6.0,15.0,3.0,3.0,1.0,0.0,2237.49,7.0,4.6289062,2.8496094
0.0,0.0,0.0,0.0,1.0,0.0,0.0,0.0,1.0,3.0,3.0,3.0,3.0,2.0,1.0,2237.73,8.46875,5.390625,3.4199219
0.0,0.0,0.0,0.0,1.0,0.0,0.0,0.0,1.0,3.0,13.0,3.0,2.0,2.0,0.0,2237.86,7.9492188,5.5585938,3.4492188
0.0,0.0,0.0,0.0,1.0,0.0,0.0,0.0,1.0,3.0,11.0,2.0,3.0,2.0,2.0,2239.27,8.078125,5.671875,3.3203125
0.0,0.0,0.0,0.0,1.0,0.0,0.0,0.0,0.7001953,3.0,16.0,3.0,3.0,2.0,2.0,2240.16,7.1015625,5.03125,3.0
0.0,0.0,0.0,0.0,1.0,0.0,0.0,0.0,0.89990234,4.0,10.0,3.0,3.0,2.0,2.0,2240.77,7.328125,5.46875,3.3808594
0.0,0.0,0.0,0.0,1.0,0.0,0.0,0.0,1.0195312,7.0,1.0,3.0,3.0,2.0,2.0,2241.07,7.2695312,5.359375,3.4492188
0.0,0.0,0.0,0.0,1.0,0.0,0.0,0.0,0.8100586,5.0,19.0,3.0,3.0,2.0,1.0,2242.06,7.53125,4.9101562,2.9609375
0.0,0.0,0.0,0.0,1.0,0.0,0.0,0.0,0.72021484,4.0,12.0,3.0,3.0,3.0,0.0,2243.22,6.921875,5.0898438,3.109375
0.0,0.0,0.0,0.0,1.0,0.0,0.0,0.0,0.7001953,4.0,13.0,3.0,3.0,2.0,0.0,2243.55,7.78125,4.9296875,2.8691406
0.0,0.0,0.0,0.0,0.0,1.0,0.0,0.0,1.5,4.0,14.0,2.0,3.0,3.0,2.0,13326.63,9.4296875,6.3710938,4.0
0.0,0.0,0.0,0.0,0.0,1.0,0.0,0.0,1.5,5.0,13.0,2.0,3.0,3.0,0.0,13328.09,9.546875,6.3710938,3.9101562
0.0,0.0,0.0,0.0,0.0,1.0,0.0,0.0,1.5,4.0,15.0,2.0,2.0,2.0,0.0,13336.86,9.53125,6.3203125,3.9707031
0.0,0.0,0.0,0.0,0.0,1.0,0.0,0.0,1.5,4.0,14.0,2.0,2.0,2.0,0.0,13410.72,9.3828125,6.2617188,4.0117188
0.0,0.0,0.0,0.0,0.0,1.0,0.0,0.0,1.5996094,3.0,18.0,3.0,2.0,3.0,2.0,13500.16,9.9375,6.4414062,4.0390625
0.0,0.0,0.0,0.0,0.0,1.0,0.0,0.0,1.5,7.0,13.0,2.0,3.0,3.0,0.0,13636.68,9.6015625,6.3984375,4.0898438
0.0,0.0,0.0,0.0,0.0,1.0,0.0,0.0,1.0,4.0,12.0,3.0,3.0,2.0,0.0,4322.6,8.9765625,5.421875,3.3691406
0.0,0.0,0.0,0.0,0.0,1.0,0.0,0.0,0.91015625,4.0,18.0,3.0,2.0,2.0,2.0,4325.04,8.5,5.5507812,3.4609375
0.0,0.0,0.0,0.0,0.0,1.0,0.0,0.0,0.89990234,4.0,15.0,3.0,3.0,2.0,0.0,4327.67,8.390625,5.390625,3.390625
0.0,0.0,0.0,0.0,0.0,1.0,0.0,0.0,0.89990234,3.0,15.0,3.0,3.0,3.0,0.0,4346.65,8.109375,5.3007812,3.3496094
0.0,0.0,0.0,0.0,0.0,1.0,0.0,0.0,0.89990234,4.0,15.0,2.0,3.0,2.0,1.0,4352.31,8.046875,5.4414062,3.4609375
0.0,0.0,0.0,0.0,0.0,1.0,0.0,0.0,0.89990234,4.0,16.0,3.0,3.0,2.0,2.0,4362.47,8.2578125,5.2890625,3.3300781
0.0,0.0,0.0,0.0,0.0,1.0,0.0,0.0,1.2001953,3.0,14.0,2.0,3.0,2.0,4.0,4363.61,9.9765625,5.7695312,3.3203125
0.0,0.0,0.0,0.0,0.0,1.0,0.0,0.0,0.89990234,3.0,18.0,3.0,3.0,2.0,2.0,4373.52,8.28125,5.4804688,3.359375
0.0,0.0,0.0,0.0,0.0,1.0,0.0,0.0,0.89990234,6.0,13.0,2.0,3.0,2.0,1.0,4378.37,8.53125,5.1289062,3.2792969
0.0,0.0,0.0,0.0,0.0,1.0,0.0,0.0,1.0,3.0,14.0,2.0,3.0,2.0,0.0,4379.77,8.28125,5.5117188,3.5390625
0.0,0.0,0.0,0.0,0.0,1.0,0.0,0.0,1.0,4.0,13.0,1.0,3.0,2.0,0.0,4379.85,7.9296875,5.390625,3.5390625
0.0,0.0,0.0,0.0,0.0,1.0,0.0,0.0,0.72998047,6.0,15.0,3.0,3.0,2.0,0.0,4395.96,8.15625,4.890625,3.0390625
0.0,0.0,0.0,0.0,0.0,1.0,0.0,0.0,0.89990234,4.0,15.0,2.0,2.0,2.0,0.0,4396.73,8.046875,5.3515625,3.3496094
0.0,0.0,0.0,0.0,0.0,1.0,0.0,0.0,1.0,3.0,15.0,1.0,3.0,2.0,0.0,4397.38,7.9101562,5.421875,3.5507812
0.0,0.0,0.0,0.0,0.0,1.0,0.0,0.0,0.3701172,5.0,13.0,3.0,2.0,2.0,2.0,897.69,6.5195312,4.0117188,2.3496094
0.0,0.0,0.0,0.0,0.0,1.0,0.0,0.0,0.52001953,5.0,11.0,3.0,3.0,2.0,2.0,897.87,6.9609375,4.5390625,2.8300781
0.0,0.0,0.0,0.0,0.0,1.0,0.0,0.0,0.30004883,5.0,17.0,1.0,2.0,0.0,0.0,899.25,5.4101562,3.7597656,2.4003906
0.0,0.0,0.0,0.0,0.0,1.0,0.0,0.0,0.30004883,4.0,17.0,2.0,3.0,1.0,0.0,899.27,5.8007812,3.6796875,2.3398438
0.0,0.0,0.0,0.0,0.0,1.0,0.0,0.0,0.35009766,4.0,14.0,3.0,2.0,2.0,2.0,899.94,6.0585938,4.0117188,2.4199219
0.0,0.0,0.0,0.0,0.0,1.0,0.0,0.0,0.30004883,4.0,16.0,2.0,3.0,2.0,0.0,900.77,6.0390625,3.6796875,2.2890625
0.0,0.0,0.0,0.0,0.0,1.0,0.0,0.0,0.32006836,4.0,16.0,3.0,2.0,1.0,0.0,900.97,6.328125,3.7695312,2.2207031
0.0,0.0,0.0,0.0,0.0,1.0,0.0,0.0,0.30004883,5.0,14.0,2.0,3.0,2.0,0.0,901.31,5.78125,3.6601562,2.2792969
0.0,0.0,0.0,0.0,0.0,1.0,0.0,0.0,0.3100586,4.0,15.0,3.0,3.0,2.0,0.0,902.26,5.8203125,3.8203125,2.390625
0.0,0.0,0.0,0.0,0.0,1.0,0.0,0.0,0.3100586,6.0,15.0,3.0,3.0,2.0,1.0,902.31,5.6796875,3.8300781,2.3300781
0.0,0.0,0.0,0.0,0.0,1.0,0.0,0.0,0.52001953,7.0,9.0,3.0,3.0,3.0,0.0,902.4,6.9101562,4.4882812,2.8300781
0.0,0.0,0.0,0.0,0.0,1.0,0.0,0.0,0.30004883,7.0,17.0,2.0,3.0,1.0,2.0,903.31,5.8007812,3.9199219,2.359375
0.0,0.0,0.0,0.0,0.0,1.0,0.0,0.0,0.30004883,4.0,17.0,3.0,3.0,2.0,0.0,903.81,5.75,3.8007812,2.3691406
0.0,0.0,0.0,0.0,0.0,1.0,0.0,0.0,0.30004883,5.0,18.0,2.0,3.0,1.0,0.0,904.91,5.5390625,3.7207031,2.3007812
0.0,0.0,0.0,0.0,0.0,1.0,0.0,0.0,0.30004883,5.0,18.0,2.0,3.0,2.0,1.0,904.91,5.5507812,3.7304688,2.3808594
0.0,0.0,0.0,0.0,0.0,1.0,0.0,0.0,0.5,5.0,18.0,1.0,2.0,1.0,1.0,1575.99,6.3710938,4.1210938,2.8691406
0.0,0.0,0.0,0.0,0.0,1.0,0.0,0.0,0.5,4.0,18.0,2.0,3.0,2.0,2.0,1576.77,6.5507812,4.4101562,2.7597656
0.0,0.0,0.0,0.0,0.0,1.0,0.0,0.0,0.5,7.0,13.0,1.0,3.0,1.0,0.0,1576.79,6.671875,4.21875,2.640625
0.0,0.0,0.0,0.0,0.0,1.0,0.0,0.0,0.5,4.0,18.0,2.0,3.0,1.0,0.0,1578.46,6.5390625,4.4101562,2.7695312
0.0,0.0,0.0,0.0,0.0,1.0,0.0,0.0,0.5097656,4.0,18.0,3.0,3.0,3.0,1.0,1580.0,6.8515625,4.4804688,2.7890625
0.0,0.0,0.0,0.0,0.0,1.0,0.0,0.0,0.5,4.0,16.0,3.0,2.0,2.0,2.0,1582.79,7.2890625,4.3203125,2.7109375
0.0,0.0,0.0,0.0,0.0,1.0,0.0,0.0,0.5,5.0,16.0,2.0,1.0,2.0,1.0,1583.7,6.671875,4.421875,2.7402344
0.0,0.0,0.0,0.0,0.0,1.0,0.0,0.0,0.5,4.0,18.0,2.0,2.0,1.0,0.0,1585.22,6.5703125,4.4296875,2.7402344
0.0,0.0,0.0,0.0,0.0,1.0,0.0,0.0,0.5,4.0,16.0,3.0,3.0,2.0,0.0,1585.65,7.1796875,4.3203125,2.6894531
0.0,0.0,0.0,0.0,0.0,1.0,0.0,0.0,0.5097656,4.0,17.0,3.0,3.0,2.0,2.0,1587.41,6.859375,4.4609375,2.8007812
0.0,0.0,0.0,0.0,0.0,1.0,0.0,0.0,0.5,5.0,17.0,2.0,3.0,1.0,1.0,1587.81,6.5,4.3789062,2.75
0.0,0.0,0.0,0.0,0.0,1.0,0.0,0.0,0.5,4.0,16.0,1.0,3.0,2.0,0.0,1587.81,7.25,4.21875,2.7402344
0.0,0.0,0.0,0.0,0.0,1.0,0.0,0.0,0.7001953,4.0,11.0,3.0,2.0,2.0,2.0,1589.66,7.609375,4.9101562,3.0507812
0.0,0.0,0.0,0.0,0.0,1.0,0.0,0.0,0.3100586,9.0,18.0,3.0,3.0,1.0,0.0,1589.72,6.2304688,3.7890625,2.2597656
0.0,0.0,0.0,0.0,0.0,1.0,0.0,0.0,0.5,4.0,17.0,2.0,3.0,1.0,0.0,1590.39,7.2890625,4.2695312,2.5800781
0.0,0.0,0.0,0.0,0.0,1.0,0.0,0.0,1.2001953,5.0,15.0,2.0,3.0,3.0,0.0,9348.54,8.7421875,5.890625,3.75
0.0,0.0,0.0,0.0,0.0,1.0,0.0,0.0,1.5097656,3.0,14.0,1.0,3.0,1.0,2.0,9350.66,9.34375,6.2109375,3.890625
0.0,0.0,0.0,0.0,0.0,1.0,0.0,0.0,1.5,3.0,14.0,1.0,3.0,2.0,0.0,9383.95,9.21875,6.0390625,4.0585938
0.0,0.0,0.0,0.0,0.0,1.0,0.0,0.0,1.5,3.0,15.0,3.0,1.0,1.0,0.0,9393.72,9.703125,6.3515625,4.0
0.0,0.0,0.0,0.0,0.0,1.0,0.0,0.0,1.2001953,7.0,14.0,3.0,3.0,2.0,0.0,9588.25,9.25,5.9804688,3.7597656
0.0,0.0,0.0,0.0,0.0,1.0,0.0,0.0,1.0097656,9.0,16.0,2.0,3.0,3.0,0.0,9641.69,9.1796875,5.3203125,3.359375
0.0,0.0,0.0,0.0,0.0,1.0,0.0,0.0,1.5,4.0,18.0,2.0,3.0,2.0,0.0,15504.29,9.609375,6.359375,4.0117188
0.0,0.0,0.0,0.0,0.0,1.0,0.0,0.0,1.5097656,5.0,15.0,3.0,2.0,2.0,0.0,15608.7,9.671875,6.3984375,4.0390625
0.0,0.0,0.0,0.0,0.0,1.0,0.0,0.0,1.5097656,4.0,18.0,3.0,3.0,3.0,0.0,15675.88,9.8125,6.4609375,4.0703125
0.0,0.0,0.0,0.0,0.0,1.0,0.0,0.0,1.5,4.0,17.0,2.0,3.0,3.0,0.0,15766.86,9.4921875,6.3789062,4.078125
0.0,0.0,0.0,0.0,0.0,1.0,0.0,0.0,1.5097656,4.0,18.0,3.0,3.0,2.0,0.0,15769.57,9.8515625,6.5195312,4.0898438
0.0,0.0,0.0,0.0,0.0,1.0,0.0,0.0,1.5996094,4.0,18.0,2.0,3.0,3.0,2.0,15845.9,9.75,6.3085938,4.03125
0.0,0.0,0.0,0.0,0.0,1.0,0.0,0.0,1.0,2.0,10.0,3.0,3.0,2.0,4.0,2283.34,8.4921875,5.5585938,3.4707031
0.0,0.0,0.0,0.0,0.0,1.0,0.0,0.0,0.72998047,3.0,17.0,3.0,3.0,2.0,2.0,2285.03,7.7382812,4.9882812,3.1503906
0.0,0.0,0.0,0.0,0.0,1.0,0.0,0.0,0.89990234,3.0,11.0,3.0,3.0,2.0,1.0,2289.7,8.9921875,5.3085938,3.1796875
0.0,0.0,0.0,0.0,0.0,1.0,0.0,0.0,0.58984375,6.0,17.0,3.0,3.0,2.0,0.0,2296.47,7.7890625,4.5390625,2.7890625
0.0,0.0,0.0,0.0,0.0,1.0,0.0,0.0,0.5097656,6.0,18.0,3.0,3.0,3.0,2.0,2296.49,7.2109375,4.4492188,2.6601562
0.0,0.0,0.0,0.0,0.0,1.0,0.0,0.0,0.5,6.0,17.0,3.0,3.0,2.0,0.0,2296.93,6.7617188,4.46875,2.7890625
0.0,0.0,0.0,0.0,0.0,1.0,0.0,0.0,1.0302734,5.0,12.0,2.0,3.0,3.0,0.0,2303.26,8.6484375,5.6289062,3.5800781
0.0,0.0,0.0,0.0,0.0,1.0,0.0,0.0,0.7001953,3.0,14.0,1.0,2.0,1.0,0.0,2310.06,7.2695312,4.9296875,3.0800781
0.0,0.0,0.0,0.0,0.0,1.0,0.0,0.0,0.64990234,5.0,17.0,2.0,3.0,1.0,1.0,2315.4,7.2382812,4.6992188,2.9707031
0.0,0.0,0.0,0.0,0.0,1.0,0.0,0.0,0.5,7.0,17.0,3.0,3.0,2.0,2.0,2316.25,7.1601562,4.5507812,2.6796875
0.0,0.0,0.0,0.0,0.0,1.0,0.0,0.0,0.5,6.0,16.0,3.0,3.0,2.0,0.0,2317.16,6.6992188,4.4296875,2.7597656
0.0,0.0,0.0,0.0,0.0,1.0,0.0,0.0,0.75,5.0,12.0,3.0,2.0,2.0,2.0,2318.26,8.453125,5.109375,2.9707031
0.0,0.0,0.0,0.0,0.0,1.0,0.0,0.0,0.7001953,4.0,12.0,3.0,3.0,2.0,2.0,2319.63,7.7382812,4.8007812,3.0
0.0,0.0,0.0,0.0,0.0,1.0,0.0,0.0,0.5,6.0,17.0,3.0,3.0,2.0,0.0,2319.73,7.421875,4.4296875,2.5800781
0.0,0.0,0.0,0.0,0.0,1.0,0.0,0.0,0.5,6.0,17.0,3.0,3.0,2.0,0.0,2319.73,6.8085938,4.46875,2.7792969
0.0,0.0,0.0,0.0,0.0,1.0,0.0,0.0,1.5,3.0,16.0,2.0,2.0,2.0,0.0,8589.3,9.84375,6.4804688,3.9394531
0.0,0.0,0.0,0.0,0.0,1.0,0.0,0.0,0.5,6.0,17.0,2.0,3.0,1.0,0.0,1984.99,6.6289062,4.3984375,2.7792969
0.0,0.0,0.0,0.0,0.0,1.0,0.0,0.0,0.5,6.0,16.0,3.0,3.0,2.0,0.0,1986.62,6.8085938,4.4414062,2.75
0.0,0.0,0.0,0.0,0.0,1.0,0.0,0.0,0.58984375,5.0,17.0,3.0,3.0,2.0,0.0,1987.22,7.671875,4.5703125,2.7597656
0.0,0.0,0.0,0.0,0.0,1.0,0.0,0.0,0.5,8.0,18.0,3.0,3.0,2.0,2.0,1988.57,7.1601562,4.28125,2.6601562
0.0,0.0,0.0,0.0,0.0,1.0,0.0,0.0,0.52978516,5.0,15.0,3.0,3.0,2.0,0.0,1988.78,7.21875,4.5195312,2.7792969
0.0,0.0,0.0,0.0,0.0,1.0,0.0,0.0,0.72021484,3.0,12.0,3.0,3.0,2.0,4.0,1991.83,7.8398438,4.7890625,3.0
0.0,0.0,0.0,0.0,0.0,1.0,0.0,0.0,0.5,5.0,17.0,3.0,3.0,2.0,0.0,1993.46,7.1210938,4.53125,2.5996094
0.0,0.0,0.0,0.0,0.0,1.0,0.0,0.0,0.5,5.0,16.0,3.0,3.0,2.0,0.0,1996.74,7.3203125,4.4101562,2.6308594
0.0,0.0,0.0,0.0,0.0,1.0,0.0,0.0,0.5097656,5.0,15.0,3.0,3.0,2.0,0.0,1998.88,7.4804688,4.3984375,2.5898438
0.0,0.0,0.0,0.0,0.0,1.0,0.0,0.0,0.52001953,5.0,18.0,3.0,3.0,2.0,0.0,2000.25,7.4609375,4.390625,2.7109375
0.0,0.0,0.0,0.0,0.0,1.0,0.0,0.0,0.58984375,5.0,14.0,2.0,3.0,2.0,2.0,2002.26,7.2890625,4.5585938,2.8691406
0.0,0.0,0.0,0.0,0.0,1.0,0.0,0.0,0.5097656,6.0,17.0,3.0,3.0,2.0,2.0,2002.43,7.390625,4.3085938,2.7207031
0.0,0.0,0.0,0.0,0.0,1.0,0.0,0.0,0.5498047,5.0,17.0,3.0,3.0,2.0,2.0,2002.9,7.7109375,4.5507812,2.6503906
0.0,0.0,0.0,0.0,0.0,1.0,0.0,0.0,0.5,6.0,16.0,2.0,2.0,2.0,0.0,2003.66,6.6015625,4.421875,2.7792969
0.0,0.0,0.0,0.0,0.0,1.0,0.0,0.0,0.5,5.0,17.0,3.0,3.0,2.0,0.0,2004.41,7.03125,4.3515625,2.7207031
0.0,0.0,0.0,0.0,0.0,1.0,0.0,0.0,1.0,4.0,15.0,2.0,3.0,2.0,0.0,5215.69,8.546875,5.5898438,3.5195312
0.0,0.0,0.0,0.0,0.0,1.0,0.0,0.0,1.0,4.0,15.0,1.0,3.0,1.0,0.0,5219.7,8.2578125,5.578125,3.3496094
0.0,0.0,0.0,0.0,0.0,1.0,0.0,0.0,1.0097656,3.0,16.0,2.0,2.0,2.0,0.0,5247.17,8.2890625,5.6289062,3.5390625
0.0,0.0,0.0,0.0,0.0,1.0,0.0,0.0,1.0097656,3.0,16.0,3.0,3.0,2.0,0.0,5247.17,8.4609375,5.609375,3.4804688
0.0,0.0,0.0,0.0,0.0,1.0,0.0,0.0,1.0,6.0,14.0,3.0,3.0,2.0,5.0,5248.91,9.578125,5.5703125,3.2207031
0.0,0.0,0.0,0.0,0.0,1.0,0.0,0.0,1.0097656,4.0,13.0,3.0,2.0,2.0,0.0,5260.92,9.03125,5.6601562,3.4199219
0.0,0.0,0.0,0.0,0.0,1.0,0.0,0.0,0.91015625,4.0,16.0,3.0,3.0,3.0,0.0,5269.03,8.453125,5.5390625,3.3300781
0.0,0.0,0.0,0.0,0.0,1.0,0.0,0.0,1.2001953,3.0,13.0,1.0,3.0,2.0,0.0,5280.42,8.7109375,5.71875,3.7304688
0.0,0.0,0.0,0.0,0.0,1.0,0.0,0.0,0.8300781,8.0,17.0,3.0,3.0,3.0,2.0,5295.48,8.078125,5.3085938,3.2109375
0.0,0.0,0.0,0.0,0.0,1.0,0.0,0.0,1.0,3.0,18.0,3.0,3.0,2.0,2.0,5297.83,8.5,5.5507812,3.4609375
0.0,0.0,0.0,0.0,0.0,1.0,0.0,0.0,1.0,4.0,15.0,3.0,3.0,2.0,1.0,5299.55,8.5703125,5.5390625,3.4902344
0.0,0.0,0.0,0.0,0.0,1.0,0.0,0.0,0.89990234,4.0,15.0,3.0,2.0,2.0,0.0,5304.37,8.9375,5.21875,3.2890625
0.0,0.0,0.0,0.0,0.0,1.0,0.0,0.0,0.95996094,4.0,16.0,3.0,3.0,2.0,0.0,5305.87,8.5,5.6210938,3.3105469
0.0,0.0,0.0,0.0,0.0,1.0,0.0,0.0,1.2001953,3.0,12.0,2.0,2.0,3.0,0.0,5321.13,9.6796875,5.671875,3.5898438
0.0,0.0,0.0,0.0,0.0,1.0,0.0,0.0,1.0,4.0,13.0,3.0,3.0,3.0,0.0,5325.26,8.7109375,5.5585938,3.4804688
0.0,0.0,0.0,0.0,0.0,1.0,0.0,0.0,0.5,6.0,16.0,3.0,2.0,2.0,0.0,2094.05,6.9882812,4.4804688,2.7304688
0.0,0.0,0.0,0.0,0.0,1.0,0.0,0.0,0.7998047,7.0,8.0,2.0,3.0,2.0,2.0,2095.82,7.5703125,5.109375,3.25
0.0,0.0,0.0,0.0,0.0,1.0,0.0,0.0,0.52001953,9.0,14.0,3.0,3.0,3.0,0.0,2099.32,7.0507812,4.5117188,2.7304688
0.0,0.0,0.0,0.0,0.0,1.0,0.0,0.0,0.5,6.0,18.0,3.0,3.0,2.0,0.0,2100.82,7.5507812,4.4492188,2.6191406
0.0,0.0,0.0,0.0,0.0,1.0,0.0,0.0,0.5097656,8.0,15.0,3.0,3.0,2.0,0.0,2102.41,7.4296875,4.421875,2.6308594
0.0,0.0,0.0,0.0,0.0,1.0,0.0,0.0,0.5097656,5.0,18.0,3.0,3.0,2.0,0.0,2103.41,7.421875,4.3984375,2.640625
0.0,0.0,0.0,0.0,0.0,1.0,0.0,0.0,0.5,5.0,16.0,3.0,3.0,2.0,0.0,2105.05,7.3007812,4.25,2.640625
0.0,0.0,0.0,0.0,0.0,1.0,0.0,0.0,0.52001953,7.0,15.0,3.0,3.0,1.0,0.0,2106.18,7.2695312,4.5195312,2.6699219
0.0,0.0,0.0,0.0,0.0,1.0,0.0,0.0,0.5,8.0,16.0,2.0,3.0,2.0,0.0,2110.1,7.46875,4.3710938,2.5195312
0.0,0.0,0.0,0.0,0.0,1.0,0.0,0.0,0.58984375,6.0,17.0,3.0,3.0,2.0,4.0,2110.71,7.6484375,4.5585938,2.8007812
0.0,0.0,0.0,0.0,0.0,1.0,0.0,0.0,0.60009766,6.0,18.0,3.0,3.0,2.0,4.0,2111.5,7.1796875,4.6914062,2.9492188
0.0,0.0,0.0,0.0,0.0,1.0,0.0,0.0,0.5,6.0,16.0,2.0,2.0,2.0,0.0,2111.79,7.0117188,4.4882812,2.6699219
0.0,0.0,0.0,0.0,0.0,1.0,0.0,0.0,0.7001953,4.0,13.0,1.0,3.0,2.0,0.0,2113.97,7.5898438,4.8710938,2.9804688
0.0,0.0,0.0,0.0,0.0,1.0,0.0,0.0,0.5498047,5.0,15.0,3.0,3.0,3.0,2.0,2115.2,7.1210938,4.6289062,2.7304688
0.0,0.0,0.0,0.0,0.0,1.0,0.0,0.0,0.5,7.0,16.0,2.0,3.0,2.0,0.0,2116.08,6.921875,4.1914062,2.6796875
0.0,0.0,0.0,0.0,0.0,1.0,0.0,0.0,1.2001953,4.0,8.0,2.0,3.0,2.0,0.0,2916.55,8.796875,5.890625,3.7597656
0.0,0.0,0.0,0.0,0.0,1.0,0.0,0.0,1.0,3.0,19.0,3.0,3.0,2.0,4.0,2923.38,8.671875,5.4296875,3.140625
0.0,0.0,0.0,0.0,0.0,1.0,0.0,0.0,0.7001953,4.0,14.0,3.0,3.0,3.0,0.0,2927.66,7.8398438,4.8710938,3.0703125
0.0,0.0,0.0,0.0,0.0,1.0,0.0,0.0,1.0097656,7.0,14.0,3.0,3.0,3.0,0.0,2935.38,8.5390625,5.53125,3.5390625
0.0,0.0,0.0,0.0,0.0,1.0,0.0,0.0,0.60009766,7.0,17.0,3.0,3.0,1.0,0.0,2936.02,8.0078125,4.6601562,2.6796875
0.0,0.0,0.0,0.0,0.0,1.0,0.0,0.0,0.7597656,4.0,13.0,3.0,2.0,2.0,0.0,2937.76,7.8007812,5.1484375,3.1992188
0.0,0.0,0.0,0.0,0.0,1.0,0.0,0.0,0.89990234,5.0,19.0,3.0,3.0,2.0,2.0,2938.91,8.1875,5.140625,3.2109375
0.0,0.0,0.0,0.0,0.0,1.0,0.0,0.0,1.0,5.0,15.0,2.0,2.0,2.0,0.0,2939.62,8.71875,5.6914062,3.3203125
0.0,0.0,0.0,0.0,0.0,1.0,0.0,0.0,1.0,3.0,12.0,3.0,3.0,3.0,0.0,2941.43,9.03125,5.71875,3.3300781
0.0,0.0,0.0,0.0,0.0,1.0,0.0,0.0,1.0097656,3.0,17.0,3.0,2.0,2.0,0.0,2953.85,9.390625,5.5195312,3.2402344
0.0,0.0,0.0,0.0,0.0,1.0,0.0,0.0,0.70996094,8.0,12.0,3.0,3.0,2.0,0.0,2957.65,7.8203125,5.171875,3.1601562
0.0,0.0,0.0,0.0,0.0,1.0,0.0,0.0,0.7001953,4.0,17.0,3.0,3.0,2.0,0.0,2957.87,8.1875,4.8789062,2.9492188
0.0,0.0,0.0,0.0,0.0,1.0,0.0,0.0,1.0097656,5.0,11.0,3.0,3.0,3.0,4.0,2960.5,8.6796875,5.6796875,3.4609375
0.0,0.0,0.0,0.0,0.0,1.0,0.0,0.0,0.7001953,4.0,18.0,3.0,3.0,2.0,2.0,2962.27,8.25,4.859375,2.9199219
0.0,0.0,0.0,0.0,0.0,1.0,0.0,0.0,0.75,3.0,16.0,3.0,3.0,2.0,0.0,2969.47,7.828125,5.078125,3.109375
0.0,0.0,0.0,0.0,0.0,1.0,0.0,0.0,1.0,3.0,18.0,3.0,3.0,2.0,0.0,5961.15,8.7734375,5.4882812,3.4296875
0.0,0.0,0.0,0.0,0.0,1.0,0.0,0.0,1.0097656,4.0,17.0,3.0,3.0,2.0,0.0,5963.12,8.296875,5.609375,3.5195312
0.0,0.0,0.0,0.0,0.0,1.0,0.0,0.0,1.0,6.0,15.0,3.0,3.0,3.0,4.0,5976.89,8.5,5.609375,3.5
0.0,0.0,0.0,0.0,0.0,1.0,0.0,0.0,1.0,5.0,17.0,3.0,2.0,3.0,5.0,5991.94,9.0078125,5.6210938,3.3203125
0.0,0.0,0.0,0.0,0.0,1.0,0.0,0.0,1.0,4.0,18.0,3.0,3.0,2.0,1.0,6024.69,9.390625,5.4804688,3.3300781
0.0,0.0,0.0,0.0,0.0,1.0,0.0,0.0,1.0,4.0,16.0,1.0,3.0,1.0,0.0,6035.25,8.3671875,5.640625,3.3203125
0.0,0.0,0.0,0.0,0.0,1.0,0.0,0.0,1.2001953,3.0,13.0,3.0,3.0,3.0,0.0,6056.16,9.328125,6.1601562,3.5800781
0.0,0.0,0.0,0.0,0.0,1.0,0.0,0.0,1.0097656,4.0,16.0,3.0,3.0,3.0,0.0,6068.45,8.59375,5.671875,3.4707031
0.0,0.0,0.0,0.0,0.0,1.0,0.0,0.0,1.2001953,4.0,13.0,1.0,3.0,2.0,0.0,6072.07,8.34375,5.7382812,3.5898438
0.0,0.0,0.0,0.0,0.0,1.0,0.0,0.0,1.2900391,3.0,14.0,2.0,3.0,3.0,2.0,6086.0,8.9921875,6.0117188,3.8496094
0.0,0.0,0.0,0.0,0.0,1.0,0.0,0.0,1.2001953,3.0,14.0,2.0,3.0,2.0,0.0,6087.33,8.9296875,5.9882812,3.7792969
0.0,0.0,0.0,0.0,0.0,1.0,0.0,0.0,1.0,4.0,17.0,3.0,3.0,2.0,0.0,6092.16,8.7421875,5.5390625,3.3300781
0.0,0.0,0.0,0.0,0.0,1.0,0.0,0.0,1.0,6.0,14.0,2.0,3.0,1.0,0.0,6096.99,8.171875,5.578125,3.5
0.0,0.0,0.0,0.0,0.0,1.0,0.0,0.0,1.5,6.0,18.0,2.0,3.0,2.0,2.0,16519.2,9.7109375,6.5585938,3.9492188
0.0,0.0,0.0,0.0,0.0,1.0,0.0,0.0,1.5,3.0,14.0,2.0,2.0,2.0,0.0,6493.52,9.9921875,6.1015625,3.890625
0.0,0.0,0.0,0.0,0.0,1.0,0.0,0.0,1.0,5.0,15.0,2.0,2.0,1.0,0.0,6495.53,9.4765625,5.4492188,3.2597656
0.0,0.0,0.0,0.0,0.0,1.0,0.0,0.0,1.0,6.0,13.0,3.0,3.0,3.0,0.0,6497.14,8.8984375,5.4609375,3.359375
0.0,0.0,0.0,0.0,0.0,1.0,0.0,0.0,1.2001953,3.0,14.0,3.0,3.0,2.0,0.0,6497.45,9.140625,6.0195312,3.609375
0.0,0.0,0.0,0.0,0.0,1.0,0.0,0.0,0.89990234,6.0,16.0,3.0,3.0,2.0,0.0,6503.29,8.2734375,5.3984375,3.390625
0.0,0.0,0.0,0.0,0.0,1.0,0.0,0.0,1.2001953,5.0,13.0,2.0,3.0,2.0,2.0,6514.3,8.6328125,5.8398438,3.7304688
0.0,0.0,0.0,0.0,0.0,1.0,0.0,0.0,1.0,5.0,15.0,1.0,3.0,1.0,1.0,6516.35,8.046875,5.2695312,3.609375
0.0,0.0,0.0,0.0,0.0,1.0,0.0,0.0,1.0,4.0,18.0,2.0,3.0,2.0,2.0,6518.33,8.6015625,5.53125,3.5097656
0.0,0.0,0.0,0.0,0.0,1.0,0.0,0.0,1.0,4.0,18.0,2.0,3.0,2.0,0.0,6548.07,8.4296875,5.53125,3.3808594
0.0,0.0,0.0,0.0,0.0,1.0,0.0,0.0,1.0,7.0,13.0,3.0,3.0,3.0,0.0,6571.5,8.5234375,5.5,3.4609375
0.0,0.0,0.0,0.0,0.0,1.0,0.0,0.0,1.2001953,3.0,16.0,2.0,3.0,2.0,0.0,6582.87,8.84375,5.8984375,3.7695312
0.0,0.0,0.0,0.0,0.0,1.0,0.0,0.0,1.0,6.0,14.0,3.0,3.0,3.0,2.0,6599.13,8.453125,5.46875,3.4394531
0.0,0.0,0.0,0.0,0.0,1.0,0.0,0.0,1.0,6.0,17.0,2.0,3.0,3.0,4.0,6608.6,8.7890625,5.328125,3.4003906
0.0,0.0,0.0,0.0,0.0,1.0,0.0,0.0,0.89990234,4.0,14.0,2.0,3.0,2.0,0.0,4413.3,7.9609375,5.3789062,3.4199219
0.0,0.0,0.0,0.0,0.0,1.0,0.0,0.0,0.7001953,6.0,17.0,3.0,3.0,2.0,0.0,4420.96,8.1015625,4.7617188,2.9707031
0.0,0.0,0.0,0.0,0.0,1.0,0.0,0.0,0.95996094,3.0,16.0,2.0,3.0,2.0,2.0,4429.69,8.2734375,5.4414062,3.4296875
0.0,0.0,0.0,0.0,0.0,1.0,0.0,0.0,1.0,3.0,15.0,2.0,3.0,2.0,1.0,4430.27,8.3203125,5.6210938,3.4609375
0.0,0.0,0.0,0.0,0.0,1.0,0.0,0.0,0.89990234,3.0,18.0,3.0,3.0,2.0,2.0,4431.08,8.640625,5.390625,3.2304688
0.0,0.0,0.0,0.0,0.0,1.0,0.0,0.0,1.0097656,3.0,17.0,3.0,2.0,2.0,0.0,4431.54,8.7890625,5.671875,3.5390625
0.0,0.0,0.0,0.0,0.0,1.0,0.0,0.0,1.0,3.0,15.0,3.0,2.0,2.0,2.0,4434.76,9.0625,5.578125,3.3398438
0.0,0.0,0.0,0.0,0.0,1.0,0.0,0.0,0.89990234,3.0,16.0,3.0,3.0,3.0,0.0,4438.62,8.359375,5.4296875,3.3691406
0.0,0.0,0.0,0.0,0.0,1.0,0.0,0.0,1.0,3.0,14.0,2.0,2.0,2.0,0.0,4441.26,8.921875,5.5,3.4199219
0.0,0.0,0.0,0.0,0.0,1.0,0.0,0.0,0.89990234,6.0,14.0,3.0,3.0,3.0,0.0,4441.58,8.3515625,5.3710938,3.3007812
0.0,0.0,0.0,0.0,0.0,1.0,0.0,0.0,1.2001953,2.0,16.0,3.0,3.0,2.0,0.0,4443.4,9.0703125,5.859375,3.6601562
0.0,0.0,0.0,0.0,0.0,1.0,0.0,0.0,1.0,3.0,17.0,2.0,2.0,2.0,0.0,4447.63,8.5,5.4296875,3.390625
0.0,0.0,0.0,0.0,0.0,1.0,0.0,0.0,1.2001953,5.0,10.0,2.0,3.0,2.0,2.0,4451.2,9.84375,5.71875,3.6503906
0.0,0.0,0.0,0.0,0.0,1.0,0.0,0.0,0.89990234,3.0,18.0,2.0,3.0,2.0,2.0,4453.83,8.8515625,5.2109375,3.1308594
0.0,0.0,0.0,0.0,0.0,1.0,0.0,0.0,1.0097656,3.0,13.0,3.0,3.0,3.0,1.0,4458.04,9.453125,5.6484375,3.25
0.0,0.0,0.0,0.0,0.0,1.0,0.0,0.0,0.89990234,6.0,9.0,3.0,3.0,3.0,0.0,2032.84,8.9609375,5.3515625,3.1894531
0.0,0.0,0.0,0.0,0.0,1.0,0.0,0.0,0.5,6.0,18.0,1.0,3.0,2.0,0.0,2033.09,6.5898438,4.4101562,2.859375
0.0,0.0,0.0,0.0,0.0,1.0,0.0,0.0,0.5,7.0,16.0,3.0,3.0,1.0,0.0,2034.0,7.4414062,4.390625,2.5800781
0.0,0.0,0.0,0.0,0.0,1.0,0.0,0.0,0.7597656,7.0,9.0,3.0,3.0,3.0,0.0,2034.78,8.3828125,4.9414062,3.0605469
0.0,0.0,0.0,0.0,0.0,1.0,0.0,0.0,0.5,6.0,16.0,2.0,3.0,2.0,0.0,2034.9,6.671875,4.4414062,2.6894531
0.0,0.0,0.0,0.0,0.0,1.0,0.0,0.0,0.52978516,5.0,18.0,3.0,3.0,2.0,2.0,2035.49,6.8789062,4.4882812,2.75
0.0,0.0,0.0,0.0,0.0,1.0,0.0,0.0,0.5,6.0,18.0,3.0,2.0,3.0,0.0,2036.76,7.3007812,4.2890625,2.6894531
0.0,0.0,0.0,0.0,0.0,1.0,0.0,0.0,0.5,5.0,16.0,3.0,3.0,2.0,0.0,2040.02,7.1914062,4.4414062,2.5996094
0.0,0.0,0.0,0.0,0.0,1.0,0.0,0.0,0.52001953,6.0,17.0,3.0,3.0,2.0,0.0,2046.52,7.3789062,4.4101562,2.640625
0.0,0.0,0.0,0.0,0.0,1.0,0.0,0.0,0.5,5.0,16.0,3.0,3.0,2.0,0.0,2048.36,7.1015625,4.390625,2.6894531
0.0,0.0,0.0,0.0,0.0,1.0,0.0,0.0,0.5,5.0,16.0,3.0,2.0,2.0,0.0,2048.36,7.3789062,4.4296875,2.5898438
0.0,0.0,0.0,0.0,0.0,1.0,0.0,0.0,0.5097656,5.0,15.0,3.0,3.0,2.0,0.0,2049.73,7.3085938,4.3515625,2.7304688
0.0,0.0,0.0,0.0,0.0,1.0,0.0,0.0,0.5097656,5.0,17.0,3.0,3.0,2.0,0.0,2049.83,7.1914062,4.359375,2.6894531
0.0,0.0,0.0,0.0,0.0,1.0,0.0,0.0,0.5,6.0,17.0,3.0,3.0,2.0,0.0,2053.35,7.1484375,4.3789062,2.6191406
0.0,0.0,0.0,0.0,0.0,1.0,0.0,0.0,0.7001953,3.0,14.0,2.0,2.0,2.0,2.0,2054.93,8.03125,4.7304688,3.0
0.0,0.0,0.0,0.0,0.0,1.0,0.0,0.0,1.0097656,4.0,18.0,2.0,3.0,2.0,4.0,5330.81,8.2890625,5.578125,3.5390625
0.0,0.0,0.0,0.0,0.0,1.0,0.0,0.0,1.0,4.0,18.0,3.0,3.0,2.0,2.0,5348.66,8.4296875,5.53125,3.4707031
0.0,0.0,0.0,0.0,0.0,1.0,0.0,0.0,1.0,6.0,13.0,2.0,3.0,3.0,4.0,5372.38,8.2734375,5.4882812,3.5097656
0.0,0.0,0.0,0.0,0.0,1.0,0.0,0.0,1.0,3.0,17.0,3.0,2.0,3.0,0.0,5375.5,8.703125,5.578125,3.4609375
0.0,0.0,0.0,0.0,0.0,1.0,0.0,0.0,1.0,3.0,15.0,3.0,3.0,2.0,0.0,5382.59,8.4609375,5.5585938,3.4902344
0.0,0.0,0.0,0.0,0.0,1.0,0.0,0.0,1.0097656,4.0,13.0,3.0,2.0,2.0,0.0,5385.14,9.34375,5.5117188,3.2890625
0.0,0.0,0.0,0.0,0.0,1.0,0.0,0.0,1.2001953,3.0,17.0,2.0,2.0,2.0,0.0,5413.8,9.1328125,6.0507812,3.5390625
0.0,0.0,0.0,0.0,0.0,1.0,0.0,0.0,1.0097656,6.0,12.0,3.0,2.0,2.0,0.0,5414.97,9.0,5.609375,3.3691406
0.0,0.0,0.0,0.0,0.0,1.0,0.0,0.0,0.89990234,5.0,15.0,2.0,3.0,2.0,0.0,5421.55,8.296875,5.3203125,3.2695312
0.0,0.0,0.0,0.0,0.0,1.0,0.0,0.0,1.2001953,3.0,16.0,3.0,3.0,2.0,0.0,5422.06,9.2421875,6.078125,3.7597656
0.0,0.0,0.0,0.0,0.0,1.0,0.0,0.0,1.0,4.0,15.0,1.0,3.0,2.0,0.0,5425.03,8.4921875,5.8085938,3.2695312
0.0,0.0,0.0,0.0,0.0,1.0,0.0,0.0,1.0,4.0,15.0,2.0,3.0,2.0,0.0,5429.81,8.2578125,5.5195312,3.5097656
0.0,0.0,0.0,0.0,0.0,1.0,0.0,0.0,1.0195312,8.0,12.0,3.0,3.0,3.0,0.0,5430.25,9.296875,5.53125,3.359375
0.0,0.0,0.0,0.0,0.0,1.0,0.0,0.0,1.2001953,4.0,13.0,1.0,3.0,3.0,0.0,5430.62,8.2578125,5.8007812,3.6699219
0.0,0.0,0.0,0.0,0.0,1.0,0.0,0.0,1.0,4.0,15.0,1.0,3.0,2.0,0.0,5436.44,7.8984375,5.4804688,3.5898438
0.0,0.0,0.0,0.0,0.0,1.0,0.0,0.0,1.2998047,3.0,14.0,2.0,2.0,2.0,0.0,4092.27,9.4375,5.859375,3.7304688
0.0,0.0,0.0,0.0,0.0,1.0,0.0,0.0,0.7001953,6.0,18.0,3.0,2.0,2.0,2.0,4092.84,8.21875,4.8007812,2.9003906
0.0,0.0,0.0,0.0,0.0,1.0,0.0,0.0,1.0097656,6.0,19.0,3.0,3.0,2.0,1.0,4093.31,8.359375,5.328125,3.1894531
0.0,0.0,0.0,0.0,0.0,1.0,0.0,0.0,0.89990234,4.0,14.0,2.0,2.0,1.0,0.0,4096.49,8.1015625,5.390625,3.3105469
0.0,0.0,0.0,0.0,0.0,1.0,0.0,0.0,1.0,3.0,15.0,3.0,2.0,2.0,0.0,4099.88,9.6015625,5.578125,3.2109375
0.0,0.0,0.0,0.0,0.0,1.0,0.0,0.0,1.2001953,3.0,11.0,1.0,3.0,2.0,2.0,4114.22,9.6171875,5.5117188,3.6308594
0.0,0.0,0.0,0.0,0.0,1.0,0.0,0.0,0.91015625,4.0,13.0,3.0,3.0,2.0,0.0,4115.5,8.328125,5.46875,3.3105469
0.0,0.0,0.0,0.0,0.0,1.0,0.0,0.0,1.0097656,3.0,17.0,3.0,2.0,2.0,6.0,4115.6,9.1328125,5.4492188,3.4199219
0.0,0.0,0.0,0.0,0.0,1.0,0.0,0.0,0.7001953,6.0,18.0,2.0,3.0,1.0,0.0,4116.79,8.0078125,4.6914062,2.9902344
0.0,0.0,0.0,0.0,0.0,1.0,0.0,0.0,0.7001953,6.0,17.0,3.0,3.0,2.0,0.0,4134.35,7.5507812,4.9609375,3.0605469
0.0,0.0,0.0,0.0,0.0,1.0,0.0,0.0,0.7001953,6.0,17.0,3.0,2.0,2.0,0.0,4134.35,7.859375,4.9414062,2.9609375
0.0,0.0,0.0,0.0,0.0,1.0,0.0,0.0,1.2001953,3.0,17.0,2.0,2.0,2.0,0.0,4143.1,9.6796875,5.8007812,3.5605469
0.0,0.0,0.0,0.0,0.0,1.0,0.0,0.0,0.7001953,5.0,15.0,3.0,3.0,2.0,0.0,4158.33,8.3984375,4.8984375,2.8007812
0.0,0.0,0.0,0.0,0.0,1.0,0.0,0.0,1.0097656,3.0,18.0,3.0,3.0,3.0,0.0,4161.25,8.4375,5.6210938,3.5195312
0.0,0.0,0.0,0.0,0.0,1.0,0.0,0.0,1.0,3.0,12.0,3.0,2.0,1.0,0.0,4163.48,8.8671875,5.53125,3.4609375
0.0,0.0,0.0,0.0,0.0,1.0,0.0,0.0,1.0,4.0,16.0,3.0,3.0,3.0,0.0,6824.22,8.5234375,5.5390625,3.4394531
0.0,0.0,0.0,0.0,0.0,1.0,0.0,0.0,1.5,3.0,15.0,2.0,2.0,2.0,0.0,6829.35,9.421875,6.4609375,4.0
0.0,0.0,0.0,0.0,0.0,1.0,0.0,0.0,1.5097656,3.0,12.0,2.0,3.0,3.0,1.0,6840.4,9.4609375,6.3007812,4.03125
0.0,0.0,0.0,0.0,0.0,1.0,0.0,0.0,1.0,4.0,17.0,3.0,3.0,2.0,0.0,6846.16,9.2265625,5.3984375,3.3691406
0.0,0.0,0.0,0.0,0.0,1.0,0.0,0.0,1.0097656,4.0,16.0,1.0,2.0,2.0,0.0,6862.55,8.6171875,5.2695312,3.4199219
0.0,0.0,0.0,0.0,0.0,1.0,0.0,0.0,1.0097656,8.0,14.0,3.0,3.0,3.0,0.0,6879.87,8.6484375,5.5703125,3.4199219
0.0,0.0,0.0,0.0,0.0,1.0,0.0,0.0,1.0097656,5.0,17.0,3.0,3.0,2.0,1.0,6920.63,9.046875,5.6601562,3.390625
0.0,0.0,0.0,0.0,0.0,1.0,0.0,0.0,1.0,4.0,16.0,2.0,3.0,2.0,0.0,6927.96,8.3671875,5.3789062,3.3691406
0.0,0.0,0.0,0.0,0.0,1.0,0.0,0.0,1.0,4.0,17.0,3.0,3.0,2.0,0.0,6935.7,9.1171875,5.5703125,3.2109375
0.0,0.0,0.0,0.0,0.0,1.0,0.0,0.0,1.5097656,7.0,16.0,3.0,3.0,3.0,0.0,6937.91,9.96875,6.2382812,4.078125
0.0,0.0,0.0,0.0,0.0,1.0,0.0,0.0,1.0097656,5.0,16.0,3.0,3.0,2.0,2.0,6967.16,9.21875,5.8398438,3.3808594
0.0,0.0,0.0,0.0,0.0,1.0,0.0,0.0,1.0,5.0,15.0,3.0,3.0,3.0,2.0,6976.29,8.5390625,5.6015625,3.4707031
0.0,0.0,0.0,0.0,0.0,1.0,0.0,0.0,1.2001953,3.0,18.0,2.0,3.0,2.0,2.0,7146.18,9.6171875,5.640625,3.5996094
0.0,0.0,0.0,0.0,0.0,1.0,0.0,0.0,1.0,7.0,16.0,1.0,3.0,2.0,2.0,7178.84,8.2265625,5.4609375,3.5507812
0.0,0.0,0.0,0.0,0.0,1.0,0.0,0.0,0.89990234,6.0,18.0,3.0,3.0,2.0,0.0,7196.19,9.1328125,5.4296875,3.1503906
0.0,0.0,0.0,0.0,0.0,1.0,0.0,0.0,1.5097656,4.0,11.0,3.0,3.0,2.0,0.0,7214.55,9.8828125,6.3085938,3.9707031
0.0,0.0,0.0,0.0,0.0,1.0,0.0,0.0,1.0,6.0,16.0,2.0,3.0,3.0,1.0,7225.17,8.5234375,5.6289062,3.4199219
0.0,0.0,0.0,0.0,0.0,1.0,0.0,0.0,1.7001953,4.0,10.0,1.0,3.0,2.0,0.0,7228.95,9.6875,6.6210938,4.0195312
0.0,0.0,0.0,0.0,0.0,1.0,0.0,0.0,1.0,5.0,17.0,2.0,3.0,2.0,2.0,7232.03,8.6484375,5.4101562,3.4492188
0.0,0.0,0.0,0.0,0.0,1.0,0.0,0.0,0.95996094,6.0,18.0,3.0,2.0,2.0,0.0,7259.69,8.796875,5.4492188,3.4199219
0.0,0.0,0.0,0.0,0.0,1.0,0.0,0.0,0.89990234,8.0,16.0,2.0,3.0,3.0,0.0,7266.46,8.171875,5.5117188,3.2597656
0.0,0.0,0.0,0.0,0.0,1.0,0.0,0.0,1.5,3.0,14.0,3.0,3.0,3.0,0.0,7272.31,9.7578125,6.4414062,4.0507812
0.0,0.0,0.0,0.0,0.0,0.0,1.0,0.0,0.33007812,7.0,17.0,3.0,3.0,1.0,2.0,1010.59,3.8398438,3.7890625,2.6699219
0.0,0.0,0.0,0.0,0.0,0.0,1.0,0.0,0.3400879,6.0,16.0,3.0,3.0,2.0,0.0,1010.91,3.9492188,3.9003906,2.7695312
0.0,0.0,0.0,0.0,0.0,0.0,1.0,0.0,0.33007812,6.0,18.0,3.0,2.0,1.0,0.0,1012.26,3.8691406,3.8691406,2.6308594
0.0,0.0,0.0,0.0,0.0,0.0,1.0,0.0,0.5,3.0,11.0,3.0,3.0,1.0,0.0,1012.33,4.2109375,4.1914062,3.0390625
0.0,0.0,0.0,0.0,0.0,0.0,1.0,0.0,0.42993164,5.0,12.0,3.0,3.0,1.0,0.0,1012.43,4.2304688,4.1484375,3.0097656
0.0,0.0,0.0,0.0,0.0,0.0,1.0,0.0,0.5097656,7.0,11.0,2.0,2.0,2.0,0.0,1012.43,4.3085938,4.21875,3.140625
0.0,0.0,0.0,0.0,0.0,0.0,1.0,0.0,0.3100586,6.0,16.0,3.0,3.0,2.0,0.0,1013.39,3.7304688,3.6992188,2.5996094
0.0,0.0,0.0,0.0,0.0,0.0,1.0,0.0,0.33007812,7.0,16.0,3.0,2.0,1.0,0.0,1013.41,3.890625,3.8300781,2.7695312
0.0,0.0,0.0,0.0,0.0,0.0,1.0,0.0,0.5,6.0,11.0,1.0,3.0,2.0,2.0,1014.13,4.1210938,4.0195312,3.1894531
0.0,0.0,0.0,0.0,0.0,0.0,1.0,0.0,0.3701172,5.0,17.0,3.0,2.0,1.0,0.0,1015.23,4.0195312,4.0117188,2.6601562
0.0,0.0,0.0,0.0,0.0,0.0,1.0,0.0,0.3100586,6.0,18.0,3.0,3.0,2.0,0.0,1016.45,3.7597656,3.7207031,2.6503906
0.0,0.0,0.0,0.0,0.0,0.0,1.0,0.0,0.3100586,8.0,17.0,3.0,2.0,1.0,0.0,1016.52,3.8007812,3.7597656,2.6699219
0.0,0.0,0.0,0.0,0.0,0.0,1.0,0.0,0.30004883,7.0,18.0,3.0,3.0,2.0,0.0,1018.39,3.7890625,3.7304688,2.5
0.0,0.0,0.0,0.0,0.0,0.0,1.0,0.0,0.30004883,7.0,18.0,3.0,3.0,2.0,0.0,1018.39,3.7402344,3.7304688,2.5390625
0.0,0.0,0.0,0.0,0.0,0.0,1.0,0.0,0.5,3.0,12.0,2.0,3.0,1.0,0.0,1020.11,4.1914062,4.1796875,3.1308594
0.0,0.0,0.0,0.0,0.0,0.0,1.0,0.0,0.3400879,7.0,14.0,3.0,3.0,1.0,0.0,951.15,3.9003906,3.8496094,2.6191406
0.0,0.0,0.0,0.0,0.0,0.0,1.0,0.0,0.30004883,6.0,17.0,3.0,3.0,2.0,0.0,952.01,3.6601562,3.609375,2.5898438
0.0,0.0,0.0,0.0,0.0,0.0,1.0,0.0,0.30004883,7.0,16.0,3.0,3.0,2.0,2.0,952.01,3.8007812,3.7890625,2.5390625
0.0,0.0,0.0,0.0,0.0,0.0,1.0,0.0,0.33007812,8.0,16.0,3.0,3.0,1.0,2.0,952.03,3.9003906,3.8300781,2.6191406
0.0,0.0,0.0,0.0,0.0,0.0,1.0,0.0,0.3400879,5.0,14.0,3.0,3.0,2.0,0.0,952.28,3.8808594,3.8398438,2.7792969
0.0,0.0,0.0,0.0,0.0,0.0,1.0,0.0,0.30004883,6.0,18.0,3.0,3.0,2.0,0.0,952.99,3.8007812,3.7890625,2.5703125
0.0,0.0,0.0,0.0,0.0,0.0,1.0,0.0,0.30004883,5.0,15.0,3.0,3.0,2.0,0.0,954.02,3.8300781,3.8007812,2.6308594
0.0,0.0,0.0,0.0,0.0,0.0,1.0,0.0,0.3100586,6.0,16.0,3.0,3.0,1.0,0.0,954.65,3.8398438,3.7695312,2.609375
0.0,0.0,0.0,0.0,0.0,0.0,1.0,0.0,0.32006836,5.0,17.0,3.0,3.0,1.0,0.0,955.64,3.8691406,3.8105469,2.6796875
0.0,0.0,0.0,0.0,0.0,0.0,1.0,0.0,0.3100586,6.0,17.0,3.0,2.0,2.0,0.0,956.74,3.7792969,3.7109375,2.6796875
0.0,0.0,0.0,0.0,0.0,0.0,1.0,0.0,0.30004883,6.0,18.0,3.0,2.0,1.0,0.0,958.57,3.6308594,3.5898438,2.5996094
0.0,0.0,0.0,0.0,0.0,0.0,1.0,0.0,0.30004883,5.0,18.0,3.0,3.0,2.0,0.0,958.65,3.7890625,3.7304688,2.6601562
0.0,0.0,0.0,0.0,0.0,0.0,1.0,0.0,0.30004883,7.0,18.0,3.0,3.0,1.0,0.0,959.62,3.7597656,3.7109375,2.6992188
0.0,0.0,0.0,0.0,0.0,0.0,1.0,0.0,0.5,6.0,10.0,3.0,2.0,2.0,1.0,959.65,4.28125,4.2617188,3.0996094
0.0,0.0,0.0,0.0,0.0,0.0,1.0,0.0,0.3100586,6.0,17.0,3.0,3.0,2.0,2.0,960.43,3.7207031,3.6699219,2.5898438
0.0,0.0,0.0,0.0,0.0,0.0,1.0,0.0,0.33007812,8.0,16.0,3.0,3.0,2.0,0.0,1056.32,3.9101562,3.8398438,2.5800781
0.0,0.0,0.0,0.0,0.0,0.0,1.0,0.0,0.33007812,6.0,18.0,3.0,3.0,2.0,0.0,1056.32,3.8691406,3.8203125,2.7695312
0.0,0.0,0.0,0.0,0.0,0.0,1.0,0.0,0.5097656,6.0,10.0,3.0,2.0,2.0,2.0,1057.44,4.3515625,4.3007812,3.1191406
0.0,0.0,0.0,0.0,0.0,0.0,1.0,0.0,0.30004883,8.0,17.0,3.0,3.0,2.0,0.0,1060.0,3.8398438,3.7890625,2.6992188
0.0,0.0,0.0,0.0,0.0,0.0,1.0,0.0,0.30004883,8.0,18.0,3.0,3.0,2.0,0.0,1062.0,3.8105469,3.7402344,2.640625
0.0,0.0,0.0,0.0,0.0,0.0,1.0,0.0,0.3100586,8.0,18.0,3.0,3.0,1.0,0.0,1063.62,3.8496094,3.7695312,2.6894531
0.0,0.0,0.0,0.0,0.0,0.0,1.0,0.0,0.5,4.0,12.0,2.0,3.0,1.0,0.0,1065.06,4.2304688,4.2109375,3.1191406
0.0,0.0,0.0,0.0,0.0,0.0,1.0,0.0,0.39990234,4.0,17.0,2.0,3.0,1.0,0.0,1066.12,4.109375,4.0195312,2.9003906
0.0,0.0,0.0,0.0,0.0,0.0,1.0,0.0,0.4099121,4.0,16.0,2.0,3.0,1.0,0.0,1066.25,4.171875,4.0390625,2.9902344
0.0,0.0,0.0,0.0,0.0,0.0,1.0,0.0,0.39990234,8.0,13.0,3.0,3.0,2.0,1.0,1067.4,4.109375,4.0390625,2.8203125
0.0,0.0,0.0,0.0,0.0,0.0,1.0,0.0,0.39990234,5.0,13.0,2.0,3.0,2.0,0.0,1067.44,3.9902344,3.9804688,2.9804688
0.0,0.0,0.0,0.0,0.0,0.0,1.0,0.0,0.3701172,6.0,15.0,3.0,3.0,1.0,2.0,1067.76,3.9394531,3.8691406,2.8105469
0.0,0.0,0.0,0.0,0.0,0.0,1.0,0.0,0.5,4.0,11.0,3.0,3.0,2.0,0.0,1069.46,4.28125,4.2109375,3.0390625
0.0,0.0,0.0,0.0,0.0,0.0,1.0,0.0,0.30004883,8.0,18.0,3.0,3.0,2.0,0.0,1069.67,3.7304688,3.6796875,2.640625
0.0,0.0,0.0,0.0,0.0,0.0,1.0,0.0,0.32006836,8.0,17.0,3.0,3.0,2.0,0.0,1069.7,3.7792969,3.7597656,2.6796875
0.0,0.0,0.0,0.0,0.0,0.0,1.0,0.0,0.5,5.0,10.0,3.0,3.0,2.0,2.0,1037.43,4.3085938,4.2695312,3.0996094
0.0,0.0,0.0,0.0,0.0,0.0,1.0,0.0,0.30004883,8.0,17.0,3.0,3.0,2.0,0.0,1038.25,3.7695312,3.7109375,2.5292969
0.0,0.0,0.0,0.0,0.0,0.0,1.0,0.0,0.32006836,7.0,17.0,3.0,3.0,2.0,0.0,1041.04,3.8398438,3.8300781,2.6796875
0.0,0.0,0.0,0.0,0.0,0.0,1.0,0.0,0.33007812,7.0,17.0,3.0,3.0,2.0,0.0,1041.82,3.9609375,3.9003906,2.6191406
0.0,0.0,0.0,0.0,0.0,0.0,1.0,0.0,0.4099121,4.0,13.0,3.0,2.0,2.0,0.0,1042.07,4.109375,4.109375,2.9609375
0.0,0.0,0.0,0.0,0.0,0.0,1.0,0.0,0.3100586,6.0,18.0,3.0,3.0,2.0,0.0,1043.17,3.7402344,3.7109375,2.6699219
0.0,0.0,0.0,0.0,0.0,0.0,1.0,0.0,0.5,6.0,9.0,2.0,3.0,2.0,0.0,1045.23,4.2109375,4.1484375,3.0996094
0.0,0.0,0.0,0.0,0.0,0.0,1.0,0.0,0.5,5.0,11.0,3.0,3.0,1.0,0.0,1047.8,4.2617188,4.2304688,3.0800781
0.0,0.0,0.0,0.0,0.0,0.0,1.0,0.0,0.30004883,7.0,18.0,3.0,3.0,2.0,0.0,1048.85,3.7792969,3.7207031,2.5097656
0.0,0.0,0.0,0.0,0.0,0.0,1.0,0.0,0.5,3.0,11.0,2.0,2.0,1.0,0.0,1049.51,4.2695312,4.2382812,3.1699219
0.0,0.0,0.0,0.0,0.0,0.0,1.0,0.0,0.39990234,4.0,16.0,2.0,2.0,1.0,2.0,1051.28,4.1914062,4.078125,2.8105469
0.0,0.0,0.0,0.0,0.0,0.0,1.0,0.0,0.5,5.0,11.0,1.0,3.0,1.0,0.0,1052.87,4.2109375,4.0195312,3.1601562
0.0,0.0,0.0,0.0,0.0,0.0,1.0,0.0,0.39990234,4.0,17.0,2.0,2.0,0.0,0.0,1053.92,4.21875,4.109375,2.8203125
0.0,0.0,0.0,0.0,0.0,0.0,1.0,0.0,0.39990234,5.0,13.0,2.0,3.0,2.0,0.0,1055.32,3.9199219,3.859375,2.859375
0.0,0.0,0.0,0.0,0.0,0.0,1.0,0.0,0.5,5.0,11.0,3.0,2.0,1.0,0.0,1055.41,4.4609375,4.3789062,3.1796875
0.0,0.0,0.0,0.0,0.0,0.0,1.0,0.0,0.3100586,5.0,17.0,3.0,3.0,2.0,0.0,923.23,3.7597656,3.7109375,2.6796875
0.0,0.0,0.0,0.0,0.0,0.0,1.0,0.0,0.30004883,6.0,16.0,3.0,3.0,1.0,0.0,923.62,3.7597656,3.7109375,2.5996094
0.0,0.0,0.0,0.0,0.0,0.0,1.0,0.0,0.3100586,6.0,18.0,3.0,3.0,1.0,2.0,923.72,3.7109375,3.6699219,2.609375
0.0,0.0,0.0,0.0,0.0,0.0,1.0,0.0,0.30004883,7.0,17.0,3.0,1.0,1.0,1.0,924.6,3.8007812,3.7402344,2.5195312
0.0,0.0,0.0,0.0,0.0,0.0,1.0,0.0,0.30004883,6.0,16.0,2.0,3.0,2.0,0.0,925.17,3.6601562,3.640625,2.7207031
0.0,0.0,0.0,0.0,0.0,0.0,1.0,0.0,0.30004883,6.0,16.0,3.0,2.0,1.0,0.0,925.63,3.7109375,3.7109375,2.4902344
0.0,0.0,0.0,0.0,0.0,0.0,1.0,0.0,0.30004883,5.0,16.0,3.0,3.0,1.0,0.0,926.15,3.8496094,3.7792969,2.6308594
0.0,0.0,0.0,0.0,0.0,0.0,1.0,0.0,0.39990234,5.0,12.0,3.0,1.0,0.0,0.0,926.19,4.171875,4.109375,2.9492188
0.0,0.0,0.0,0.0,0.0,0.0,1.0,0.0,0.36010742,3.0,18.0,3.0,3.0,2.0,0.0,926.36,4.0117188,3.9707031,2.890625
0.0,0.0,0.0,0.0,0.0,0.0,1.0,0.0,0.32006836,5.0,18.0,3.0,3.0,1.0,0.0,926.46,3.8691406,3.8105469,2.6992188
0.0,0.0,0.0,0.0,0.0,0.0,1.0,0.0,0.5097656,5.0,9.0,3.0,3.0,2.0,0.0,926.9,4.4804688,4.4296875,3.1796875
0.0,0.0,0.0,0.0,0.0,0.0,1.0,0.0,0.3100586,5.0,17.0,3.0,2.0,1.0,0.0,926.91,3.859375,3.7402344,2.5800781
0.0,0.0,0.0,0.0,0.0,0.0,1.0,0.0,0.3100586,7.0,15.0,3.0,3.0,1.0,0.0,926.91,3.8105469,3.7597656,2.6308594
0.0,0.0,0.0,0.0,0.0,0.0,1.0,0.0,0.30004883,6.0,17.0,3.0,3.0,2.0,0.0,927.73,3.7695312,3.7304688,2.6503906
0.0,0.0,0.0,0.0,0.0,0.0,1.0,0.0,0.3100586,6.0,17.0,3.0,3.0,1.0,0.0,928.47,3.7402344,3.6992188,2.6503906
0.0,0.0,0.0,0.0,0.0,0.0,1.0,0.0,0.32006836,6.0,16.0,3.0,3.0,2.0,0.0,972.97,3.8300781,3.8203125,2.6601562
0.0,0.0,0.0,0.0,0.0,0.0,1.0,0.0,0.30004883,6.0,16.0,3.0,3.0,2.0,0.0,973.36,3.8203125,3.7695312,2.5195312
0.0,0.0,0.0,0.0,0.0,0.0,1.0,0.0,0.35009766,5.0,16.0,3.0,3.0,2.0,0.0,973.91,3.9101562,3.890625,2.7597656
0.0,0.0,0.0,0.0,0.0,0.0,1.0,0.0,0.3100586,7.0,17.0,3.0,2.0,1.0,0.0,975.06,3.890625,3.8496094,2.75
0.0,0.0,0.0,0.0,0.0,0.0,1.0,0.0,0.3100586,6.0,18.0,3.0,2.0,2.0,0.0,975.06,3.8105469,3.75,2.6894531
0.0,0.0,0.0,0.0,0.0,0.0,1.0,0.0,0.3400879,8.0,14.0,3.0,3.0,2.0,2.0,976.47,3.859375,3.8300781,2.7304688
0.0,0.0,0.0,0.0,0.0,0.0,1.0,0.0,0.30004883,5.0,18.0,3.0,3.0,2.0,0.0,976.85,3.8203125,3.7597656,2.5
0.0,0.0,0.0,0.0,0.0,0.0,1.0,0.0,0.39990234,3.0,16.0,3.0,3.0,2.0,0.0,977.53,4.1015625,4.0195312,2.8496094
0.0,0.0,0.0,0.0,0.0,0.0,1.0,0.0,0.32006836,5.0,17.0,3.0,3.0,2.0,0.0,977.83,3.7597656,3.7402344,2.7109375
0.0,0.0,0.0,0.0,0.0,0.0,1.0,0.0,0.30004883,6.0,16.0,3.0,3.0,2.0,0.0,978.37,3.7402344,3.7109375,2.6894531
0.0,0.0,0.0,0.0,0.0,0.0,1.0,0.0,0.3100586,6.0,17.0,3.0,3.0,2.0,0.0,979.34,3.7402344,3.7207031,2.609375
0.0,0.0,0.0,0.0,0.0,0.0,1.0,0.0,0.32006836,5.0,18.0,3.0,3.0,1.0,0.0,980.0,3.75,3.7109375,2.6796875
0.0,0.0,0.0,0.0,0.0,0.0,1.0,0.0,0.30004883,7.0,18.0,3.0,3.0,1.0,0.0,981.47,3.8398438,3.7695312,2.5390625
0.0,0.0,0.0,0.0,0.0,0.0,1.0,0.0,0.3100586,6.0,18.0,3.0,3.0,2.0,2.0,982.4,3.8203125,3.75,2.6191406
0.0,0.0,0.0,0.0,0.0,0.0,1.0,0.0,0.30004883,5.0,17.0,3.0,2.0,2.0,0.0,982.48,3.8300781,3.7597656,2.5800781
0.0,0.0,0.0,0.0,0.0,0.0,1.0,0.0,0.33007812,6.0,12.0,3.0,1.0,1.0,0.0,746.81,3.9492188,3.8691406,2.7304688
0.0,0.0,0.0,0.0,0.0,0.0,1.0,0.0,0.30004883,7.0,12.0,2.0,3.0,2.0,0.0,749.7,3.7207031,3.7207031,2.6992188
0.0,0.0,0.0,0.0,0.0,0.0,1.0,0.0,0.3798828,6.0,11.0,3.0,3.0,2.0,0.0,750.97,4.0585938,4.0117188,2.9003906
0.0,0.0,0.0,0.0,0.0,0.0,1.0,0.0,0.30004883,6.0,12.0,3.0,2.0,0.0,0.0,753.77,3.7597656,3.6503906,2.6503906
0.0,0.0,0.0,0.0,0.0,0.0,1.0,0.0,0.3100586,5.0,12.0,3.0,2.0,2.0,0.0,754.5,3.7792969,3.7792969,2.7109375
0.0,0.0,0.0,0.0,0.0,0.0,1.0,0.0,0.3100586,7.0,12.0,3.0,3.0,2.0,2.0,757.14,3.9492188,3.8496094,2.609375
0.0,0.0,0.0,0.0,0.0,0.0,1.0,0.0,0.3100586,5.0,12.0,3.0,3.0,2.0,0.0,759.22,3.8398438,3.7695312,2.6601562
0.0,0.0,0.0,0.0,0.0,0.0,1.0,0.0,0.30004883,6.0,12.0,3.0,2.0,2.0,0.0,764.93,3.7402344,3.6699219,2.6601562
0.0,0.0,0.0,0.0,0.0,0.0,1.0,0.0,0.30004883,4.0,14.0,2.0,3.0,1.0,0.0,794.37,3.7695312,3.6894531,2.5292969
0.0,0.0,0.0,0.0,0.0,0.0,1.0,0.0,0.33007812,6.0,14.0,3.0,1.0,0.0,2.0,802.63,3.859375,3.8398438,2.75
0.0,0.0,0.0,0.0,0.0,0.0,1.0,0.0,0.30004883,8.0,13.0,3.0,3.0,2.0,2.0,804.49,3.7597656,3.7207031,2.6601562
0.0,0.0,0.0,0.0,0.0,0.0,1.0,0.0,0.33007812,6.0,13.0,3.0,2.0,1.0,2.0,807.58,3.8007812,3.75,2.6992188
0.0,0.0,0.0,0.0,0.0,0.0,1.0,0.0,0.36010742,6.0,13.0,3.0,2.0,1.0,2.0,809.54,4.1992188,4.140625,2.5195312
0.0,0.0,0.0,0.0,0.0,0.0,1.0,0.0,0.30004883,6.0,14.0,3.0,2.0,1.0,2.0,815.15,3.6699219,3.6601562,2.640625
0.0,0.0,0.0,0.0,0.0,0.0,1.0,0.0,0.30004883,4.0,16.0,3.0,2.0,0.0,0.0,815.59,3.7792969,3.7109375,2.6894531
0.0,0.0,0.0,0.0,0.0,0.0,1.0,0.0,0.52001953,6.0,10.0,3.0,3.0,2.0,0.0,1087.64,4.4882812,4.4492188,3.1796875
0.0,0.0,0.0,0.0,0.0,0.0,1.0,0.0,0.48999023,4.0,10.0,2.0,2.0,0.0,0.0,1090.74,4.2695312,4.1992188,3.0898438
0.0,0.0,0.0,0.0,0.0,0.0,1.0,0.0,0.5,6.0,10.0,2.0,2.0,2.0,0.0,1092.67,4.3007812,4.2695312,3.1503906
0.0,0.0,0.0,0.0,0.0,0.0,1.0,0.0,0.5,4.0,12.0,3.0,2.0,1.0,2.0,1094.53,4.359375,4.3007812,3.0507812
0.0,0.0,0.0,0.0,0.0,0.0,1.0,0.0,0.5097656,6.0,11.0,2.0,3.0,2.0,2.0,1096.26,4.2382812,4.1914062,3.1308594
0.0,0.0,0.0,0.0,0.0,0.0,1.0,0.0,0.5097656,8.0,10.0,3.0,3.0,3.0,0.0,1096.51,4.390625,4.3007812,3.1308594
0.0,0.0,0.0,0.0,0.0,0.0,1.0,0.0,0.39990234,6.0,14.0,3.0,2.0,1.0,2.0,1099.26,4.1015625,4.0195312,2.9199219
0.0,0.0,0.0,0.0,0.0,0.0,1.0,0.0,0.5,7.0,11.0,2.0,2.0,1.0,0.0,1100.26,4.1914062,4.078125,3.0390625
0.0,0.0,0.0,0.0,0.0,0.0,1.0,0.0,0.5097656,5.0,11.0,3.0,3.0,2.0,2.0,1100.7,4.5390625,4.46875,3.0390625
0.0,0.0,0.0,0.0,0.0,0.0,1.0,0.0,0.33007812,8.0,17.0,3.0,3.0,2.0,0.0,1104.84,3.8691406,3.8398438,2.7792969
0.0,0.0,0.0,0.0,0.0,0.0,1.0,0.0,0.5,5.0,11.0,2.0,2.0,0.0,0.0,1105.34,4.3007812,4.2382812,3.1601562
0.0,0.0,0.0,0.0,0.0,0.0,1.0,0.0,0.39990234,4.0,16.0,2.0,2.0,0.0,0.0,1106.04,4.03125,3.9902344,2.9902344
0.0,0.0,0.0,0.0,0.0,0.0,1.0,0.0,0.5,5.0,11.0,3.0,3.0,1.0,0.0,1108.64,4.46875,4.3789062,3.1699219
0.0,0.0,0.0,0.0,0.0,0.0,1.0,0.0,0.5097656,7.0,11.0,2.0,3.0,2.0,4.0,1109.43,4.2382812,4.1796875,3.1308594
0.0,0.0,0.0,0.0,0.0,0.0,1.0,0.0,0.5097656,4.0,12.0,3.0,3.0,2.0,2.0,1109.5,4.4414062,4.3984375,3.140625
0.0,0.0,0.0,0.0,0.0,0.0,1.0,0.0,0.52001953,7.0,6.0,3.0,2.0,2.0,0.0,834.0,4.359375,4.3398438,3.140625
0.0,0.0,0.0,0.0,0.0,0.0,1.0,0.0,0.3100586,7.0,13.0,3.0,3.0,2.0,0.0,835.72,3.8496094,3.8007812,2.5507812
0.0,0.0,0.0,0.0,0.0,0.0,1.0,0.0,0.30004883,6.0,15.0,2.0,2.0,1.0,2.0,837.48,3.9394531,3.7695312,2.3691406
0.0,0.0,0.0,0.0,0.0,0.0,1.0,0.0,0.30004883,5.0,14.0,2.0,3.0,1.0,0.0,837.95,3.8007812,3.6992188,2.6894531
0.0,0.0,0.0,0.0,0.0,0.0,1.0,0.0,0.30004883,5.0,15.0,3.0,1.0,0.0,2.0,838.43,3.7597656,3.7207031,2.609375
0.0,0.0,0.0,0.0,0.0,0.0,1.0,0.0,0.3100586,4.0,14.0,3.0,2.0,2.0,0.0,838.87,3.75,3.7402344,2.6699219
0.0,0.0,0.0,0.0,0.0,0.0,1.0,0.0,0.3100586,6.0,13.0,3.0,3.0,2.0,0.0,838.87,3.7792969,3.7304688,2.7109375
0.0,0.0,0.0,0.0,0.0,0.0,1.0,0.0,0.3100586,3.0,17.0,3.0,3.0,2.0,0.0,844.68,3.75,3.6992188,2.5292969
0.0,0.0,0.0,0.0,0.0,0.0,1.0,0.0,0.32006836,6.0,13.0,3.0,3.0,2.0,0.0,844.75,3.7890625,3.75,2.7207031
0.0,0.0,0.0,0.0,0.0,0.0,1.0,0.0,0.32006836,6.0,14.0,3.0,1.0,0.0,0.0,845.32,4.0,3.8203125,2.7597656
0.0,0.0,0.0,0.0,0.0,0.0,1.0,0.0,0.5,5.0,4.0,3.0,2.0,2.0,0.0,845.48,4.2382812,4.1992188,3.0703125
0.0,0.0,0.0,0.0,0.0,0.0,1.0,0.0,0.30004883,6.0,15.0,3.0,2.0,1.0,0.0,849.11,3.7792969,3.7695312,2.7207031
0.0,0.0,0.0,0.0,0.0,0.0,1.0,0.0,0.3100586,4.0,16.0,3.0,2.0,1.0,0.0,850.93,3.7597656,3.7304688,2.6191406
0.0,0.0,0.0,0.0,0.0,0.0,1.0,0.0,0.30004883,5.0,15.0,2.0,2.0,1.0,0.0,852.13,3.8007812,3.7890625,2.6796875
0.0,0.0,0.0,0.0,0.0,0.0,1.0,0.0,0.3100586,6.0,14.0,3.0,3.0,1.0,0.0,853.01,3.8691406,3.8300781,2.5800781
0.0,0.0,0.0,0.0,0.0,0.0,1.0,0.0,0.5,6.0,9.0,3.0,3.0,2.0,0.0,933.68,4.2304688,4.1601562,3.0195312
0.0,0.0,0.0,0.0,0.0,0.0,1.0,0.0,0.3100586,7.0,16.0,2.0,2.0,2.0,0.0,935.25,3.8808594,3.7695312,2.6601562
0.0,0.0,0.0,0.0,0.0,0.0,1.0,0.0,0.3100586,5.0,17.0,3.0,2.0,2.0,0.0,936.34,3.7597656,3.7207031,2.640625
0.0,0.0,0.0,0.0,0.0,0.0,1.0,0.0,0.3400879,5.0,14.0,3.0,2.0,1.0,0.0,936.77,3.8691406,3.8300781,2.75
0.0,0.0,0.0,0.0,0.0,0.0,1.0,0.0,0.32006836,5.0,17.0,3.0,2.0,1.0,0.0,937.26,3.8691406,3.8203125,2.5390625
0.0,0.0,0.0,0.0,0.0,0.0,1.0,0.0,0.3100586,5.0,17.0,3.0,3.0,2.0,0.0,937.38,3.9003906,3.7890625,2.6503906
0.0,0.0,0.0,0.0,0.0,0.0,1.0,0.0,0.30004883,5.0,17.0,3.0,2.0,2.0,0.0,937.85,3.8007812,3.75,2.6796875
0.0,0.0,0.0,0.0,0.0,0.0,1.0,0.0,0.30004883,6.0,15.0,3.0,3.0,2.0,0.0,938.32,3.8007812,3.6992188,2.6601562
0.0,0.0,0.0,0.0,0.0,0.0,1.0,0.0,0.30004883,5.0,18.0,3.0,2.0,2.0,0.0,940.35,3.7792969,3.7109375,2.5605469
0.0,0.0,0.0,0.0,0.0,0.0,1.0,0.0,0.30004883,6.0,16.0,3.0,3.0,2.0,0.0,940.86,3.7792969,3.75,2.6601562
0.0,0.0,0.0,0.0,0.0,0.0,1.0,0.0,0.3100586,6.0,17.0,3.0,2.0,1.0,0.0,941.03,3.8007812,3.7597656,2.7402344
0.0,0.0,0.0,0.0,0.0,0.0,1.0,0.0,0.3100586,5.0,17.0,3.0,2.0,2.0,0.0,942.67,3.8203125,3.7597656,2.7109375
0.0,0.0,0.0,0.0,0.0,0.0,1.0,0.0,0.30004883,8.0,15.0,2.0,2.0,2.0,0.0,942.85,3.5390625,3.5292969,2.640625
0.0,0.0,0.0,0.0,0.0,0.0,1.0,0.0,0.32006836,6.0,16.0,3.0,3.0,2.0,0.0,944.85,3.7597656,3.7402344,2.6601562
0.0,0.0,0.0,0.0,0.0,0.0,1.0,0.0,0.32006836,4.0,17.0,3.0,3.0,2.0,0.0,945.34,3.8496094,3.8105469,2.6503906
0.0,0.0,0.0,0.0,0.0,0.0,1.0,0.0,0.39990234,4.0,15.0,3.0,2.0,1.0,0.0,1155.32,4.1484375,4.109375,2.9003906
0.0,0.0,0.0,0.0,0.0,0.0,1.0,0.0,0.39990234,4.0,15.0,3.0,2.0,2.0,0.0,1155.32,4.0195312,3.9492188,2.8808594
0.0,0.0,0.0,0.0,0.0,0.0,1.0,0.0,0.4099121,6.0,14.0,3.0,3.0,2.0,0.0,1155.69,4.0,3.9609375,2.8808594
0.0,0.0,0.0,0.0,0.0,0.0,1.0,0.0,0.52001953,6.0,11.0,3.0,3.0,2.0,0.0,1156.79,4.2617188,4.25,3.0996094
0.0,0.0,0.0,0.0,0.0,0.0,1.0,0.0,0.39990234,5.0,14.0,2.0,2.0,2.0,0.0,1158.0,3.9707031,3.9394531,2.9199219
0.0,0.0,0.0,0.0,0.0,0.0,1.0,0.0,0.5,3.0,14.0,1.0,2.0,2.0,0.0,1158.58,4.1289062,4.1210938,3.109375
0.0,0.0,0.0,0.0,0.0,0.0,1.0,0.0,0.5097656,5.0,11.0,3.0,3.0,2.0,1.0,1158.58,4.46875,4.4609375,3.2304688
0.0,0.0,0.0,0.0,0.0,0.0,1.0,0.0,0.39990234,4.0,17.0,3.0,3.0,1.0,0.0,1158.73,4.1484375,4.1015625,2.9199219
0.0,0.0,0.0,0.0,0.0,0.0,1.0,0.0,0.39990234,5.0,13.0,3.0,3.0,2.0,0.0,1159.37,4.0703125,3.9902344,2.890625
0.0,0.0,0.0,0.0,0.0,0.0,1.0,0.0,0.5,3.0,16.0,3.0,2.0,0.0,0.0,1160.16,4.4882812,4.4296875,3.0507812
0.0,0.0,0.0,0.0,0.0,0.0,1.0,0.0,0.39990234,4.0,16.0,3.0,3.0,1.0,0.0,1160.79,4.1289062,4.078125,2.8808594
0.0,0.0,0.0,0.0,0.0,0.0,1.0,0.0,0.5097656,6.0,11.0,3.0,2.0,2.0,2.0,1162.84,4.390625,4.3789062,3.1308594
0.0,0.0,0.0,0.0,0.0,0.0,1.0,0.0,0.3100586,8.0,18.0,3.0,3.0,2.0,0.0,1164.21,3.8398438,3.8007812,2.6894531
0.0,0.0,0.0,0.0,0.0,0.0,1.0,0.0,0.4699707,3.0,15.0,3.0,3.0,2.0,0.0,1167.35,4.359375,4.3085938,3.1308594
0.0,0.0,0.0,0.0,0.0,0.0,1.0,0.0,0.39990234,5.0,14.0,2.0,2.0,1.0,0.0,1168.23,4.0898438,4.0117188,2.9296875
0.0,0.0,0.0,0.0,0.0,0.0,1.0,0.0,0.32006836,6.0,17.0,3.0,3.0,1.0,0.0,960.48,3.8398438,3.7695312,2.609375
0.0,0.0,0.0,0.0,0.0,0.0,1.0,0.0,0.30004883,6.0,16.0,3.0,3.0,2.0,0.0,960.66,3.6894531,3.6796875,2.640625
0.0,0.0,0.0,0.0,0.0,0.0,1.0,0.0,0.30004883,7.0,17.0,3.0,2.0,1.0,0.0,961.61,3.9394531,3.7695312,2.5800781
0.0,0.0,0.0,0.0,0.0,0.0,1.0,0.0,0.35009766,6.0,15.0,2.0,2.0,1.0,0.0,963.25,3.7695312,3.7304688,2.7207031
0.0,0.0,0.0,0.0,0.0,0.0,1.0,0.0,0.35009766,5.0,17.0,2.0,3.0,1.0,2.0,963.82,3.9707031,3.9101562,2.8398438
0.0,0.0,0.0,0.0,0.0,0.0,1.0,0.0,0.32006836,6.0,15.0,3.0,3.0,2.0,0.0,965.38,3.8300781,3.7597656,2.5195312
0.0,0.0,0.0,0.0,0.0,0.0,1.0,0.0,0.5,5.0,10.0,2.0,3.0,1.0,0.0,965.65,4.25,4.1601562,3.0898438
0.0,0.0,0.0,0.0,0.0,0.0,1.0,0.0,0.5,4.0,11.0,3.0,3.0,2.0,0.0,965.72,4.3085938,4.25,3.0898438
0.0,0.0,0.0,0.0,0.0,0.0,1.0,0.0,0.33007812,8.0,15.0,3.0,3.0,1.0,2.0,967.1,3.859375,3.8007812,2.7109375
0.0,0.0,0.0,0.0,0.0,0.0,1.0,0.0,0.30004883,7.0,17.0,3.0,3.0,2.0,0.0,967.69,3.7207031,3.6601562,2.609375
0.0,0.0,0.0,0.0,0.0,0.0,1.0,0.0,0.3100586,8.0,17.0,3.0,3.0,1.0,2.0,969.38,3.8398438,3.75,2.5605469
0.0,0.0,0.0,0.0,0.0,0.0,1.0,0.0,0.30004883,8.0,17.0,3.0,3.0,1.0,0.0,970.77,3.7207031,3.6601562,2.6503906
0.0,0.0,0.0,0.0,0.0,0.0,1.0,0.0,0.30004883,6.0,18.0,3.0,3.0,1.0,0.0,971.75,3.6894531,3.640625,2.5292969
0.0,0.0,0.0,0.0,0.0,0.0,1.0,0.0,0.5,5.0,10.0,2.0,3.0,1.0,0.0,971.75,4.2617188,4.21875,3.0703125
0.0,0.0,0.0,0.0,0.0,0.0,1.0,0.0,0.3701172,5.0,15.0,3.0,2.0,1.0,0.0,972.7,4.0195312,4.0195312,2.890625
0.0,0.0,0.0,0.0,0.0,0.0,1.0,0.0,0.30004883,5.0,15.0,2.0,3.0,2.0,0.0,897.73,3.8691406,3.8007812,2.7109375
0.0,0.0,0.0,0.0,0.0,0.0,1.0,0.0,0.3100586,5.0,14.0,3.0,2.0,1.0,0.0,898.08,3.8300781,3.7597656,2.7109375
0.0,0.0,0.0,0.0,0.0,0.0,1.0,0.0,0.33007812,7.0,15.0,3.0,2.0,1.0,0.0,898.56,3.9394531,3.8691406,2.7207031
0.0,0.0,0.0,0.0,0.0,0.0,1.0,0.0,0.30004883,6.0,15.0,3.0,2.0,2.0,0.0,898.76,3.7304688,3.6992188,2.4902344
0.0,0.0,0.0,0.0,0.0,0.0,1.0,0.0,0.30004883,5.0,15.0,2.0,3.0,1.0,0.0,899.27,3.6601562,3.5703125,2.640625
0.0,0.0,0.0,0.0,0.0,0.0,1.0,0.0,0.32006836,5.0,16.0,3.0,2.0,1.0,0.0,899.37,3.9394531,3.859375,2.640625
0.0,0.0,0.0,0.0,0.0,0.0,1.0,0.0,0.30004883,6.0,17.0,2.0,3.0,1.0,0.0,900.28,3.8203125,3.7695312,2.6699219
0.0,0.0,0.0,0.0,0.0,0.0,1.0,0.0,0.30004883,8.0,15.0,3.0,2.0,2.0,2.0,900.85,3.7304688,3.6894531,2.6601562
0.0,0.0,0.0,0.0,0.0,0.0,1.0,0.0,0.30004883,5.0,18.0,2.0,2.0,1.0,0.0,900.85,3.7792969,3.7304688,2.5390625
0.0,0.0,0.0,0.0,0.0,0.0,1.0,0.0,0.45996094,5.0,17.0,2.0,3.0,1.0,2.0,1256.24,4.0585938,4.0585938,2.9804688
0.0,0.0,0.0,0.0,0.0,0.0,1.0,0.0,0.35009766,8.0,18.0,3.0,3.0,2.0,0.0,1256.62,4.0,3.9296875,2.8203125
0.0,0.0,0.0,0.0,0.0,0.0,1.0,0.0,0.39990234,6.0,14.0,3.0,3.0,2.0,0.0,1256.73,4.03125,4.0117188,2.890625
0.0,0.0,0.0,0.0,0.0,0.0,1.0,0.0,0.5,6.0,11.0,3.0,3.0,2.0,2.0,1259.58,4.3515625,4.2890625,3.0996094
0.0,0.0,0.0,0.0,0.0,0.0,1.0,0.0,0.6201172,3.0,12.0,3.0,3.0,2.0,0.0,1261.23,4.5898438,4.5195312,3.2792969
0.0,0.0,0.0,0.0,0.0,0.0,1.0,0.0,0.5,5.0,12.0,2.0,3.0,1.0,0.0,1262.46,4.2382812,4.1914062,3.109375
0.0,0.0,0.0,0.0,0.0,0.0,1.0,0.0,0.39990234,5.0,17.0,2.0,2.0,2.0,0.0,1262.89,4.0,3.9199219,2.8691406
0.0,0.0,0.0,0.0,0.0,0.0,1.0,0.0,0.5,3.0,14.0,3.0,3.0,2.0,0.0,1263.38,4.3789062,4.328125,3.1308594
0.0,0.0,0.0,0.0,0.0,0.0,1.0,0.0,0.5,4.0,12.0,3.0,2.0,1.0,0.0,1263.39,4.28125,4.2382812,3.109375
0.0,0.0,0.0,0.0,0.0,0.0,1.0,0.0,0.5,3.0,15.0,3.0,2.0,1.0,0.0,1263.99,4.25,4.140625,3.1601562
0.0,0.0,0.0,0.0,0.0,0.0,1.0,0.0,0.39990234,5.0,16.0,3.0,3.0,1.0,2.0,1266.84,4.03125,3.9804688,2.7792969
0.0,0.0,0.0,0.0,0.0,0.0,1.0,0.0,0.39990234,5.0,17.0,2.0,2.0,1.0,0.0,1267.5,4.1601562,4.0703125,2.9707031
0.0,0.0,0.0,0.0,0.0,0.0,1.0,0.0,0.45996094,6.0,14.0,2.0,2.0,2.0,0.0,1267.8,4.390625,4.359375,3.0097656
0.0,0.0,0.0,0.0,0.0,0.0,1.0,0.0,0.39990234,4.0,17.0,3.0,3.0,2.0,0.0,1270.22,4.1484375,4.078125,2.9902344
0.0,0.0,0.0,0.0,0.0,0.0,1.0,0.0,0.52978516,9.0,11.0,3.0,3.0,2.0,0.0,1271.45,4.4414062,4.3710938,3.1894531
0.0,0.0,0.0,0.0,0.0,0.0,1.0,0.0,0.39990234,6.0,16.0,2.0,2.0,1.0,0.0,1338.58,4.21875,4.1210938,2.9902344
0.0,0.0,0.0,0.0,0.0,0.0,1.0,0.0,0.39990234,8.0,14.0,3.0,3.0,2.0,0.0,1338.58,4.0585938,4.0117188,2.9296875
0.0,0.0,0.0,0.0,0.0,0.0,1.0,0.0,0.5,5.0,12.0,3.0,3.0,2.0,0.0,1340.19,4.2382812,4.2109375,3.0605469
0.0,0.0,0.0,0.0,0.0,0.0,1.0,0.0,0.75,3.0,10.0,3.0,3.0,2.0,2.0,1340.49,4.9414062,4.8398438,3.4804688
0.0,0.0,0.0,0.0,0.0,0.0,1.0,0.0,0.39990234,7.0,15.0,3.0,3.0,2.0,0.0,1342.6,4.0195312,3.9804688,2.859375
0.0,0.0,0.0,0.0,0.0,0.0,1.0,0.0,0.5,3.0,16.0,2.0,3.0,2.0,2.0,1344.4,4.4414062,4.3398438,3.2207031
0.0,0.0,0.0,0.0,0.0,0.0,1.0,0.0,0.39990234,5.0,18.0,2.0,2.0,1.0,2.0,1344.58,4.078125,4.0117188,2.9707031
0.0,0.0,0.0,0.0,0.0,0.0,1.0,0.0,0.39990234,6.0,16.0,3.0,2.0,1.0,0.0,1344.68,4.078125,4.0195312,2.9296875
0.0,0.0,0.0,0.0,0.0,0.0,1.0,0.0,0.52001953,3.0,17.0,3.0,2.0,1.0,0.0,1345.72,4.4492188,4.390625,3.1601562
0.0,0.0,0.0,0.0,0.0,0.0,1.0,0.0,0.5,4.0,15.0,3.0,2.0,2.0,0.0,1346.11,4.3203125,4.25,3.0898438
0.0,0.0,0.0,0.0,0.0,0.0,1.0,0.0,0.41992188,5.0,16.0,3.0,3.0,1.0,0.0,1346.68,4.2109375,4.1914062,2.9609375
0.0,0.0,0.0,0.0,0.0,0.0,1.0,0.0,0.39990234,5.0,16.0,3.0,3.0,2.0,0.0,1347.34,4.078125,4.0195312,2.8398438
0.0,0.0,0.0,0.0,0.0,0.0,1.0,0.0,0.39990234,5.0,16.0,3.0,2.0,2.0,0.0,1347.34,4.0585938,4.0195312,2.859375
0.0,0.0,0.0,0.0,0.0,0.0,1.0,0.0,0.5097656,4.0,15.0,3.0,2.0,0.0,0.0,1347.6,4.5390625,4.4609375,3.0996094
0.0,0.0,0.0,0.0,0.0,0.0,1.0,0.0,0.4699707,5.0,14.0,3.0,3.0,2.0,2.0,1347.69,4.2890625,4.2109375,3.0605469
0.0,0.0,0.0,0.0,0.0,0.0,1.0,0.0,0.5097656,4.0,16.0,3.0,3.0,1.0,0.0,1541.31,4.4101562,4.3203125,3.0605469
0.0,0.0,0.0,0.0,0.0,0.0,1.0,0.0,0.5600586,3.0,16.0,3.0,2.0,2.0,0.0,1541.82,4.5585938,4.5117188,3.2402344
0.0,0.0,0.0,0.0,0.0,0.0,1.0,0.0,0.5097656,4.0,13.0,3.0,3.0,2.0,0.0,1542.95,4.3007812,4.2695312,3.0996094
0.0,0.0,0.0,0.0,0.0,0.0,1.0,0.0,0.5,4.0,14.0,2.0,3.0,2.0,0.0,1543.82,4.4609375,4.3515625,3.1699219
0.0,0.0,0.0,0.0,0.0,0.0,1.0,0.0,0.5,6.0,14.0,3.0,3.0,1.0,0.0,1545.9,4.421875,4.3515625,3.0703125
0.0,0.0,0.0,0.0,0.0,0.0,1.0,0.0,0.5097656,7.0,12.0,3.0,3.0,2.0,0.0,1547.25,4.328125,4.2382812,3.0800781
0.0,0.0,0.0,0.0,0.0,0.0,1.0,0.0,0.5,3.0,16.0,2.0,3.0,2.0,0.0,1548.04,4.2890625,4.2109375,3.0390625
0.0,0.0,0.0,0.0,0.0,0.0,1.0,0.0,0.5,4.0,14.0,3.0,3.0,1.0,0.0,1548.04,4.5703125,4.5,3.1191406
0.0,0.0,0.0,0.0,0.0,0.0,1.0,0.0,0.52978516,4.0,13.0,3.0,3.0,3.0,0.0,1548.18,4.5,4.4492188,3.2304688
0.0,0.0,0.0,0.0,0.0,0.0,1.0,0.0,0.5,3.0,17.0,3.0,2.0,2.0,0.0,1548.92,4.46875,4.390625,3.1894531
0.0,0.0,0.0,0.0,0.0,0.0,1.0,0.0,0.52978516,4.0,14.0,3.0,2.0,1.0,0.0,1549.88,4.3398438,4.3398438,3.0800781
0.0,0.0,0.0,0.0,0.0,0.0,1.0,0.0,0.5097656,4.0,15.0,3.0,3.0,2.0,0.0,1551.61,4.5585938,4.46875,3.0390625
0.0,0.0,0.0,0.0,0.0,0.0,1.0,0.0,0.5,4.0,17.0,3.0,3.0,1.0,0.0,1552.3,4.1601562,4.1601562,3.0703125
0.0,0.0,0.0,0.0,0.0,0.0,1.0,0.0,0.5,4.0,17.0,3.0,3.0,1.0,0.0,1552.3,4.4492188,4.390625,3.109375
0.0,0.0,0.0,0.0,0.0,0.0,1.0,0.0,0.52978516,3.0,16.0,3.0,3.0,2.0,0.0,1552.57,4.4492188,4.3984375,3.1699219
0.0,0.0,0.0,0.0,0.0,0.0,1.0,0.0,0.5097656,6.0,17.0,3.0,2.0,2.0,0.0,1925.69,4.328125,4.2695312,3.0996094
0.0,0.0,0.0,0.0,0.0,0.0,1.0,0.0,0.7001953,6.0,11.0,3.0,3.0,2.0,0.0,1928.94,4.8984375,4.8203125,3.5195312
0.0,0.0,0.0,0.0,0.0,0.0,1.0,0.0,0.5600586,6.0,14.0,3.0,2.0,2.0,2.0,1929.08,4.671875,4.609375,3.1796875
0.0,0.0,0.0,0.0,0.0,0.0,1.0,0.0,0.7001953,3.0,15.0,2.0,2.0,2.0,0.0,1929.3,4.75,4.671875,3.4609375
0.0,0.0,0.0,0.0,0.0,0.0,1.0,0.0,0.70996094,3.0,12.0,3.0,3.0,2.0,0.0,1929.39,5.0898438,4.9492188,3.4492188
0.0,0.0,0.0,0.0,0.0,0.0,1.0,0.0,0.5,6.0,18.0,3.0,3.0,2.0,1.0,1930.93,4.3515625,4.2890625,3.109375
0.0,0.0,0.0,0.0,0.0,0.0,1.0,0.0,0.5097656,7.0,17.0,3.0,3.0,1.0,0.0,1930.98,4.3398438,4.2890625,3.109375
0.0,0.0,0.0,0.0,0.0,0.0,1.0,0.0,0.5097656,6.0,17.0,3.0,2.0,1.0,0.0,1931.69,4.328125,4.28125,3.0390625
0.0,0.0,0.0,0.0,0.0,0.0,1.0,0.0,0.64990234,7.0,12.0,2.0,3.0,1.0,0.0,1931.92,4.6210938,4.609375,3.4296875
0.0,0.0,0.0,0.0,0.0,0.0,1.0,0.0,0.7998047,3.0,12.0,3.0,3.0,1.0,0.0,1932.33,5.0390625,5.03125,3.6601562
0.0,0.0,0.0,0.0,0.0,0.0,1.0,0.0,0.52001953,7.0,15.0,3.0,3.0,3.0,0.0,1932.68,4.5390625,4.4492188,3.1601562
0.0,0.0,0.0,0.0,0.0,0.0,1.0,0.0,0.52978516,5.0,16.0,3.0,3.0,2.0,0.0,1934.17,4.4101562,4.3398438,3.1503906
0.0,0.0,0.0,0.0,0.0,0.0,1.0,0.0,0.5097656,5.0,17.0,3.0,3.0,2.0,0.0,1935.12,4.390625,4.3789062,3.1601562
0.0,0.0,0.0,0.0,0.0,0.0,1.0,0.0,0.60009766,6.0,13.0,3.0,2.0,2.0,2.0,1935.25,4.6992188,4.640625,3.3007812
0.0,0.0,0.0,0.0,0.0,0.0,1.0,0.0,0.5097656,7.0,17.0,3.0,3.0,2.0,0.0,1936.06,4.2890625,4.2109375,3.0507812
0.0,0.0,0.0,0.0,0.0,0.0,1.0,0.0,0.5,6.0,16.0,3.0,3.0,2.0,0.0,1939.31,4.3007812,4.25,3.0898438
0.0,0.0,0.0,0.0,0.0,0.0,1.0,0.0,0.5,6.0,17.0,3.0,3.0,2.0,0.0,1939.41,4.4414062,4.3789062,3.1601562
0.0,0.0,0.0,0.0,0.0,0.0,1.0,0.0,0.5,5.0,18.0,3.0,3.0,2.0,0.0,1939.41,4.4296875,4.3984375,3.0507812
0.0,0.0,0.0,0.0,0.0,0.0,1.0,0.0,0.64990234,6.0,13.0,3.0,3.0,2.0,0.0,1939.42,4.7382812,4.6484375,3.3691406
0.0,0.0,0.0,0.0,0.0,0.0,1.0,0.0,0.52001953,8.0,15.0,3.0,3.0,2.0,2.0,1940.92,4.3515625,4.3203125,3.140625
0.0,0.0,0.0,0.0,0.0,0.0,1.0,0.0,0.52978516,7.0,15.0,3.0,3.0,2.0,0.0,1941.39,4.4296875,4.3398438,3.1601562
0.0,0.0,0.0,0.0,0.0,0.0,1.0,0.0,0.5097656,6.0,15.0,3.0,3.0,2.0,0.0,1942.06,4.2617188,4.2382812,3.0703125
0.0,0.0,0.0,0.0,0.0,0.0,1.0,0.0,0.5,7.0,18.0,3.0,3.0,2.0,2.0,1946.14,4.25,4.21875,3.0703125
0.0,0.0,0.0,0.0,0.0,0.0,1.0,0.0,0.7001953,3.0,13.0,3.0,2.0,1.0,0.0,1948.11,4.8515625,4.8007812,3.390625
0.0,0.0,0.0,0.0,0.0,0.0,1.0,0.0,0.5,7.0,15.0,3.0,3.0,2.0,0.0,1948.74,4.4492188,4.3789062,3.1601562
0.0,0.0,0.0,0.0,0.0,0.0,1.0,0.0,0.5097656,7.0,18.0,3.0,3.0,2.0,1.0,1950.7,4.4492188,4.4296875,3.0996094
0.0,0.0,0.0,0.0,0.0,0.0,1.0,0.0,0.5097656,7.0,17.0,3.0,3.0,2.0,0.0,1950.75,4.3515625,4.3007812,3.109375
0.0,0.0,0.0,0.0,0.0,0.0,1.0,0.0,0.7998047,6.0,10.0,2.0,3.0,2.0,0.0,1952.46,4.96875,4.8398438,3.609375
0.0,0.0,0.0,0.0,0.0,0.0,1.0,0.0,0.5,6.0,16.0,3.0,3.0,2.0,0.0,1952.8,4.3710938,4.2890625,3.1308594
0.0,0.0,0.0,0.0,0.0,0.0,1.0,0.0,0.8100586,3.0,12.0,3.0,3.0,1.0,1.0,1954.96,5.0,5.0,3.6191406
0.0,0.0,0.0,0.0,0.0,0.0,1.0,0.0,0.39990234,6.0,17.0,2.0,3.0,1.0,0.0,1399.46,4.2617188,4.109375,2.8203125
0.0,0.0,0.0,0.0,0.0,0.0,1.0,0.0,0.4099121,7.0,15.0,3.0,3.0,2.0,0.0,1399.57,4.1601562,4.1210938,2.9199219
0.0,0.0,0.0,0.0,0.0,0.0,1.0,0.0,0.47998047,4.0,16.0,3.0,3.0,2.0,0.0,1399.98,4.359375,4.3007812,3.0800781
0.0,0.0,0.0,0.0,0.0,0.0,1.0,0.0,0.5,4.0,13.0,3.0,3.0,2.0,0.0,1400.2,4.5390625,4.4492188,3.2109375
0.0,0.0,0.0,0.0,0.0,0.0,1.0,0.0,0.4099121,6.0,15.0,3.0,3.0,2.0,2.0,1400.94,4.1289062,4.0898438,2.9492188
0.0,0.0,0.0,0.0,0.0,0.0,1.0,0.0,0.5,3.0,17.0,3.0,3.0,2.0,0.0,1401.11,4.359375,4.3398438,3.0898438
0.0,0.0,0.0,0.0,0.0,0.0,1.0,0.0,0.52001953,3.0,17.0,3.0,3.0,2.0,0.0,1401.42,4.53125,4.4609375,3.25
0.0,0.0,0.0,0.0,0.0,0.0,1.0,0.0,0.5,4.0,15.0,2.0,3.0,2.0,0.0,1402.39,4.2617188,4.2617188,3.140625
0.0,0.0,0.0,0.0,0.0,0.0,1.0,0.0,0.5097656,3.0,16.0,3.0,3.0,1.0,0.0,1403.31,4.3515625,4.3007812,3.0898438
0.0,0.0,0.0,0.0,0.0,0.0,1.0,0.0,0.4099121,6.0,18.0,3.0,2.0,2.0,2.0,1403.68,4.1601562,4.1015625,2.8398438
0.0,0.0,0.0,0.0,0.0,0.0,1.0,0.0,0.5,3.0,15.0,2.0,3.0,2.0,0.0,1405.34,4.3515625,4.2382812,3.140625
0.0,0.0,0.0,0.0,0.0,0.0,1.0,0.0,0.5,4.0,13.0,3.0,3.0,2.0,0.0,1406.15,4.3789062,4.3515625,3.1699219
0.0,0.0,0.0,0.0,0.0,0.0,1.0,0.0,0.5,4.0,14.0,2.0,2.0,1.0,0.0,1406.93,4.4101562,4.3710938,3.2109375
0.0,0.0,0.0,0.0,0.0,0.0,1.0,0.0,0.5498047,3.0,18.0,3.0,2.0,1.0,0.0,1406.93,4.53125,4.4609375,3.2304688
0.0,0.0,0.0,0.0,0.0,0.0,1.0,0.0,0.4099121,6.0,16.0,3.0,2.0,1.0,0.0,1407.96,4.0,3.9492188,2.859375
0.0,0.0,0.0,0.0,0.0,0.0,1.0,0.0,0.5097656,7.0,14.0,3.0,3.0,2.0,0.0,1793.75,4.2617188,4.21875,3.0195312
0.0,0.0,0.0,0.0,0.0,0.0,1.0,0.0,0.5,6.0,17.0,2.0,3.0,2.0,0.0,1794.04,4.3085938,4.1914062,3.109375
0.0,0.0,0.0,0.0,0.0,0.0,1.0,0.0,0.5498047,5.0,15.0,3.0,2.0,1.0,0.0,1796.39,4.5117188,4.4296875,3.1601562
0.0,0.0,0.0,0.0,0.0,0.0,1.0,0.0,0.5097656,4.0,17.0,3.0,3.0,2.0,0.0,1796.44,4.4101562,4.359375,3.0390625
0.0,0.0,0.0,0.0,0.0,0.0,1.0,0.0,0.5097656,4.0,17.0,3.0,3.0,2.0,0.0,1796.44,4.3085938,4.28125,3.109375
0.0,0.0,0.0,0.0,0.0,0.0,1.0,0.0,0.5,6.0,17.0,3.0,3.0,2.0,0.0,1796.54,4.3398438,4.328125,3.0898438
0.0,0.0,0.0,0.0,0.0,0.0,1.0,0.0,0.5097656,5.0,15.0,3.0,3.0,2.0,0.0,1797.2,4.4101562,4.390625,3.1992188
0.0,0.0,0.0,0.0,0.0,0.0,1.0,0.0,0.5,4.0,18.0,3.0,3.0,2.0,0.0,1798.16,4.4882812,4.4414062,3.1601562
0.0,0.0,0.0,0.0,0.0,0.0,1.0,0.0,0.60009766,7.0,13.0,3.0,3.0,1.0,0.0,1798.23,4.7617188,4.671875,3.3691406
0.0,0.0,0.0,0.0,0.0,0.0,1.0,0.0,0.58984375,6.0,14.0,3.0,3.0,2.0,2.0,1798.51,4.53125,4.5,3.2695312
0.0,0.0,0.0,0.0,0.0,0.0,1.0,0.0,0.5,6.0,16.0,3.0,3.0,1.0,2.0,1799.95,4.28125,4.21875,3.0703125
0.0,0.0,0.0,0.0,0.0,0.0,1.0,0.0,0.5,6.0,16.0,3.0,3.0,1.0,2.0,1799.95,4.421875,4.3515625,3.1699219
0.0,0.0,0.0,0.0,0.0,0.0,1.0,0.0,0.5,5.0,15.0,3.0,3.0,2.0,0.0,1800.7,4.2382812,4.1914062,3.0097656
0.0,0.0,0.0,0.0,0.0,0.0,1.0,0.0,0.5,5.0,17.0,3.0,3.0,2.0,0.0,1800.96,4.2695312,4.2382812,3.0800781
0.0,0.0,0.0,0.0,0.0,0.0,1.0,0.0,0.66015625,4.0,15.0,3.0,3.0,1.0,0.0,1802.08,4.8984375,4.828125,3.4707031
0.0,0.0,0.0,0.0,0.0,0.0,1.0,0.0,0.5,7.0,15.0,3.0,3.0,2.0,0.0,1873.45,4.2617188,4.25,3.0703125
0.0,0.0,0.0,0.0,0.0,0.0,1.0,0.0,0.5,6.0,18.0,3.0,2.0,2.0,0.0,1874.41,4.46875,4.4414062,3.1894531
0.0,0.0,0.0,0.0,0.0,0.0,1.0,0.0,0.5,7.0,16.0,2.0,3.0,1.0,0.0,1875.93,4.4296875,4.3203125,3.1191406
0.0,0.0,0.0,0.0,0.0,0.0,1.0,0.0,0.5097656,6.0,16.0,3.0,2.0,1.0,0.0,1876.49,4.3203125,4.2890625,3.1308594
0.0,0.0,0.0,0.0,0.0,0.0,1.0,0.0,0.5,6.0,17.0,2.0,3.0,2.0,0.0,1876.91,4.328125,4.28125,3.1699219
0.0,0.0,0.0,0.0,0.0,0.0,1.0,0.0,0.52978516,5.0,17.0,3.0,3.0,2.0,0.0,1879.72,4.609375,4.53125,3.1503906
0.0,0.0,0.0,0.0,0.0,0.0,1.0,0.0,0.5,5.0,18.0,3.0,3.0,1.0,0.0,1880.34,4.4609375,4.4296875,3.1992188
0.0,0.0,0.0,0.0,0.0,0.0,1.0,0.0,0.5097656,7.0,15.0,2.0,3.0,2.0,0.0,1880.89,4.1601562,4.1601562,3.0703125
0.0,0.0,0.0,0.0,0.0,0.0,1.0,0.0,0.5,6.0,15.0,3.0,2.0,2.0,0.0,1881.17,4.2304688,4.2304688,3.0703125
0.0,0.0,0.0,0.0,0.0,0.0,1.0,0.0,0.5,5.0,17.0,3.0,3.0,2.0,0.0,1881.9,4.4296875,4.4101562,3.1699219
0.0,0.0,0.0,0.0,0.0,0.0,1.0,0.0,0.7998047,6.0,10.0,2.0,3.0,1.0,0.0,1882.12,4.9414062,4.8085938,3.5898438
0.0,0.0,0.0,0.0,0.0,0.0,1.0,0.0,0.5498047,5.0,15.0,3.0,3.0,2.0,0.0,1884.69,4.5585938,4.4804688,3.2207031
0.0,0.0,0.0,0.0,0.0,0.0,1.0,0.0,0.5,6.0,17.0,3.0,3.0,2.0,0.0,1885.25,4.2304688,4.2304688,3.0605469
0.0,0.0,0.0,0.0,0.0,0.0,1.0,0.0,0.5,5.0,16.0,3.0,3.0,2.0,0.0,1885.35,4.4882812,4.4414062,3.0605469
0.0,0.0,0.0,0.0,0.0,0.0,1.0,0.0,0.52001953,5.0,17.0,3.0,3.0,2.0,0.0,1889.32,4.4101562,4.359375,3.1699219
0.0,0.0,0.0,0.0,0.0,0.0,1.0,0.0,0.5,3.0,17.0,3.0,3.0,2.0,0.0,1445.12,4.4882812,4.421875,3.1308594
0.0,0.0,0.0,0.0,0.0,0.0,1.0,0.0,0.5,4.0,16.0,2.0,3.0,1.0,0.0,1445.96,4.28125,4.1484375,3.109375
0.0,0.0,0.0,0.0,0.0,0.0,1.0,0.0,0.48999023,7.0,12.0,3.0,2.0,2.0,0.0,1446.07,4.4609375,4.390625,3.1894531
0.0,0.0,0.0,0.0,0.0,0.0,1.0,0.0,0.39990234,8.0,17.0,3.0,3.0,1.0,0.0,1446.08,4.1992188,4.1484375,2.9609375
0.0,0.0,0.0,0.0,0.0,0.0,1.0,0.0,0.58984375,3.0,16.0,2.0,3.0,1.0,0.0,1446.78,4.5898438,4.5195312,3.359375
0.0,0.0,0.0,0.0,0.0,0.0,1.0,0.0,0.4099121,6.0,17.0,3.0,3.0,2.0,0.0,1447.35,4.1914062,4.140625,2.8691406
0.0,0.0,0.0,0.0,0.0,0.0,1.0,0.0,0.5,8.0,12.0,3.0,3.0,1.0,0.0,1448.04,4.3398438,4.2695312,3.0703125
0.0,0.0,0.0,0.0,0.0,0.0,1.0,0.0,0.52001953,4.0,14.0,3.0,3.0,2.0,0.0,1448.07,4.3984375,4.3984375,3.140625
0.0,0.0,0.0,0.0,0.0,0.0,1.0,0.0,0.5,3.0,15.0,3.0,3.0,2.0,0.0,1450.14,4.4804688,4.4296875,3.0703125
0.0,0.0,0.0,0.0,0.0,0.0,1.0,0.0,0.5,4.0,15.0,3.0,3.0,1.0,0.0,1450.97,4.328125,4.2890625,3.0703125
0.0,0.0,0.0,0.0,0.0,0.0,1.0,0.0,0.5097656,3.0,17.0,2.0,3.0,2.0,0.0,1451.69,4.2617188,4.2382812,3.1503906
0.0,0.0,0.0,0.0,0.0,0.0,1.0,0.0,0.5,4.0,15.0,3.0,2.0,1.0,0.0,1451.86,4.4101562,4.3515625,3.1191406
0.0,0.0,0.0,0.0,0.0,0.0,1.0,0.0,0.39990234,6.0,16.0,3.0,3.0,2.0,0.0,1452.81,4.21875,4.1484375,2.7890625
0.0,0.0,0.0,0.0,0.0,0.0,1.0,0.0,0.42993164,5.0,18.0,3.0,3.0,2.0,0.0,1452.83,4.1601562,4.1015625,2.9707031
0.0,0.0,0.0,0.0,0.0,0.0,1.0,0.0,0.39990234,6.0,16.0,3.0,3.0,2.0,0.0,1453.4,4.0390625,4.0117188,2.9101562
0.0,0.0,0.0,0.0,0.0,0.0,1.0,0.0,0.60009766,5.0,13.0,3.0,3.0,3.0,0.0,1701.7,4.5390625,4.4804688,3.25
0.0,0.0,0.0,0.0,0.0,0.0,1.0,0.0,0.7998047,5.0,9.0,2.0,3.0,1.0,0.0,1702.24,4.9882812,4.8789062,3.6308594
0.0,0.0,0.0,0.0,0.0,0.0,1.0,0.0,0.5,6.0,16.0,2.0,3.0,1.0,0.0,1702.71,4.2109375,4.1992188,3.140625
0.0,0.0,0.0,0.0,0.0,0.0,1.0,0.0,0.5,7.0,15.0,3.0,3.0,1.0,0.0,1702.79,4.359375,4.2890625,3.1191406
0.0,0.0,0.0,0.0,0.0,0.0,1.0,0.0,0.5,6.0,14.0,3.0,3.0,1.0,0.0,1702.84,4.328125,4.2617188,2.9804688
0.0,0.0,0.0,0.0,0.0,0.0,1.0,0.0,0.5,6.0,15.0,3.0,3.0,1.0,0.0,1703.66,4.3203125,4.2304688,3.0292969
0.0,0.0,0.0,0.0,0.0,0.0,1.0,0.0,0.5,8.0,13.0,3.0,3.0,2.0,0.0,1704.47,4.5,4.421875,2.9609375
0.0,0.0,0.0,0.0,0.0,0.0,1.0,0.0,0.5,6.0,15.0,3.0,3.0,2.0,1.0,1704.53,4.4296875,4.390625,3.1894531
0.0,0.0,0.0,0.0,0.0,0.0,1.0,0.0,0.5097656,9.0,13.0,3.0,3.0,2.0,0.0,1704.97,4.4296875,4.3515625,3.1503906
0.0,0.0,0.0,0.0,0.0,0.0,1.0,0.0,0.5,6.0,13.0,3.0,3.0,2.0,0.0,1705.29,4.328125,4.2890625,3.109375
0.0,0.0,0.0,0.0,0.0,0.0,1.0,0.0,0.5,6.0,13.0,3.0,2.0,2.0,0.0,1705.29,4.390625,4.3085938,3.1308594
0.0,0.0,0.0,0.0,0.0,0.0,1.0,0.0,0.5,5.0,17.0,3.0,3.0,2.0,0.0,1705.31,4.3984375,4.3515625,3.1601562
0.0,0.0,0.0,0.0,0.0,0.0,1.0,0.0,0.5,6.0,14.0,3.0,3.0,2.0,0.0,1707.56,4.4101562,4.359375,3.1503906
0.0,0.0,0.0,0.0,0.0,0.0,1.0,0.0,0.5,7.0,15.0,3.0,2.0,1.0,0.0,1707.81,4.359375,4.3515625,3.109375
0.0,0.0,0.0,0.0,0.0,0.0,1.0,0.0,0.5097656,6.0,14.0,3.0,3.0,1.0,2.0,1708.42,4.5195312,4.4492188,3.0605469
0.0,0.0,0.0,0.0,0.0,0.0,1.0,0.0,0.5,3.0,15.0,3.0,3.0,2.0,0.0,1439.05,4.3007812,4.2695312,3.0292969
0.0,0.0,0.0,0.0,0.0,0.0,1.0,0.0,0.45996094,5.0,17.0,3.0,3.0,2.0,0.0,1439.59,4.3984375,4.3085938,3.0292969
0.0,0.0,0.0,0.0,0.0,0.0,1.0,0.0,0.7998047,4.0,8.0,2.0,3.0,0.0,0.0,1439.98,5.1289062,5.0507812,3.7207031
0.0,0.0,0.0,0.0,0.0,0.0,1.0,0.0,0.5,3.0,15.0,2.0,3.0,2.0,0.0,1440.02,4.21875,4.2109375,3.1503906
0.0,0.0,0.0,0.0,0.0,0.0,1.0,0.0,0.5097656,3.0,15.0,3.0,3.0,3.0,0.0,1440.44,4.4804688,4.4414062,3.2207031
0.0,0.0,0.0,0.0,0.0,0.0,1.0,0.0,0.5,5.0,13.0,3.0,2.0,1.0,0.0,1441.23,4.4414062,4.3710938,3.1894531
0.0,0.0,0.0,0.0,0.0,0.0,1.0,0.0,0.5,5.0,13.0,3.0,3.0,2.0,0.0,1441.23,4.3007812,4.2617188,3.0605469
0.0,0.0,0.0,0.0,0.0,0.0,1.0,0.0,0.5,7.0,12.0,3.0,2.0,2.0,0.0,1441.23,4.5195312,4.421875,3.0507812
0.0,0.0,0.0,0.0,0.0,0.0,1.0,0.0,0.45996094,4.0,18.0,3.0,3.0,2.0,0.0,1441.91,4.3085938,4.2382812,3.0898438
0.0,0.0,0.0,0.0,0.0,0.0,1.0,0.0,0.5,3.0,16.0,2.0,3.0,2.0,0.0,1442.42,4.2617188,4.171875,3.1191406
0.0,0.0,0.0,0.0,0.0,0.0,1.0,0.0,0.5,4.0,13.0,3.0,3.0,2.0,0.0,1442.43,4.28125,4.2382812,3.0800781
0.0,0.0,0.0,0.0,0.0,0.0,1.0,0.0,0.5,4.0,13.0,3.0,3.0,2.0,0.0,1442.43,4.4414062,4.390625,3.1503906
0.0,0.0,0.0,0.0,0.0,0.0,1.0,0.0,0.4099121,6.0,15.0,3.0,3.0,2.0,0.0,1443.29,3.9707031,3.9492188,2.8808594
0.0,0.0,0.0,0.0,0.0,0.0,1.0,0.0,0.5,4.0,17.0,3.0,3.0,2.0,0.0,1443.77,4.53125,4.4414062,3.0898438
0.0,0.0,0.0,0.0,0.0,0.0,1.0,0.0,0.39990234,5.0,18.0,3.0,3.0,2.0,0.0,1444.09,4.140625,4.1210938,2.9296875
0.0,0.0,0.0,0.0,0.0,0.0,1.0,0.0,0.5,4.0,16.0,3.0,3.0,1.0,0.0,1678.34,4.5,4.4492188,3.1503906
0.0,0.0,0.0,0.0,0.0,0.0,1.0,0.0,0.5,4.0,16.0,3.0,2.0,2.0,0.0,1678.34,4.25,4.25,3.0898438
0.0,0.0,0.0,0.0,0.0,0.0,1.0,0.0,0.5,7.0,16.0,3.0,3.0,1.0,2.0,1679.17,4.3085938,4.28125,3.109375
0.0,0.0,0.0,0.0,0.0,0.0,1.0,0.0,0.5097656,5.0,14.0,2.0,3.0,2.0,2.0,1679.27,4.3007812,4.2382812,3.1503906
0.0,0.0,0.0,0.0,0.0,0.0,1.0,0.0,0.5097656,5.0,14.0,3.0,3.0,1.0,0.0,1679.27,4.2695312,4.1992188,3.0605469
0.0,0.0,0.0,0.0,0.0,0.0,1.0,0.0,0.5,5.0,16.0,3.0,3.0,2.0,0.0,1679.9,4.4101562,4.3398438,3.0703125
0.0,0.0,0.0,0.0,0.0,0.0,1.0,0.0,0.5800781,4.0,16.0,3.0,3.0,2.0,0.0,1681.03,4.6914062,4.609375,3.2304688
0.0,0.0,0.0,0.0,0.0,0.0,1.0,0.0,0.5,5.0,17.0,2.0,3.0,1.0,0.0,1681.58,4.2617188,4.140625,3.0800781
0.0,0.0,0.0,0.0,0.0,0.0,1.0,0.0,0.42993164,8.0,18.0,3.0,3.0,1.0,0.0,1681.7,4.25,4.1992188,2.9902344
0.0,0.0,0.0,0.0,0.0,0.0,1.0,0.0,0.58984375,7.0,13.0,2.0,3.0,1.0,0.0,1682.12,4.4492188,4.4296875,3.3007812
0.0,0.0,0.0,0.0,0.0,0.0,1.0,0.0,0.5,4.0,17.0,2.0,2.0,2.0,0.0,1682.51,4.3984375,4.3398438,3.2402344
0.0,0.0,0.0,0.0,0.0,0.0,1.0,0.0,0.5,6.0,14.0,2.0,3.0,1.0,0.0,1682.56,4.2304688,4.1484375,3.0703125
0.0,0.0,0.0,0.0,0.0,0.0,1.0,0.0,0.5,6.0,14.0,2.0,3.0,1.0,0.0,1682.56,4.4609375,4.3789062,3.140625
0.0,0.0,0.0,0.0,0.0,0.0,1.0,0.0,0.75,4.0,10.0,2.0,3.0,2.0,2.0,1682.97,4.8398438,4.7695312,3.5605469
0.0,0.0,0.0,0.0,0.0,0.0,1.0,0.0,0.5,6.0,14.0,3.0,3.0,2.0,0.0,1683.22,4.3398438,4.2695312,3.0996094
0.0,0.0,0.0,0.0,0.0,0.0,1.0,0.0,0.39990234,6.0,15.0,2.0,3.0,1.0,0.0,1306.74,4.1484375,4.0898438,2.8203125
0.0,0.0,0.0,0.0,0.0,0.0,1.0,0.0,0.5,4.0,13.0,2.0,3.0,2.0,2.0,1311.58,4.28125,4.1992188,3.0898438
0.0,0.0,0.0,0.0,0.0,0.0,1.0,0.0,0.39990234,5.0,17.0,3.0,2.0,2.0,0.0,1312.12,4.1484375,4.109375,2.7695312
0.0,0.0,0.0,0.0,0.0,0.0,1.0,0.0,0.5,8.0,12.0,3.0,3.0,1.0,0.0,1312.31,4.2617188,4.21875,3.0703125
0.0,0.0,0.0,0.0,0.0,0.0,1.0,0.0,0.5,3.0,15.0,3.0,3.0,2.0,2.0,1312.45,4.4414062,4.3710938,3.0996094
0.0,0.0,0.0,0.0,0.0,0.0,1.0,0.0,0.5,3.0,15.0,3.0,3.0,1.0,0.0,1312.45,4.5117188,4.3710938,2.8691406
0.0,0.0,0.0,0.0,0.0,0.0,1.0,0.0,0.39990234,4.0,18.0,3.0,3.0,2.0,0.0,1312.79,4.1484375,4.0898438,2.890625
0.0,0.0,0.0,0.0,0.0,0.0,1.0,0.0,0.5,4.0,13.0,3.0,2.0,2.0,0.0,1313.99,4.3984375,4.359375,3.0703125
0.0,0.0,0.0,0.0,0.0,0.0,1.0,0.0,0.5,7.0,12.0,3.0,3.0,2.0,0.0,1314.9,4.2382812,4.171875,3.0292969
0.0,0.0,0.0,0.0,0.0,0.0,1.0,0.0,0.5097656,5.0,12.0,3.0,3.0,1.0,0.0,1315.39,4.3398438,4.3085938,3.140625
0.0,0.0,0.0,0.0,0.0,0.0,1.0,0.0,0.39990234,5.0,17.0,2.0,3.0,2.0,0.0,1315.53,3.9804688,3.9199219,2.9101562
0.0,0.0,0.0,0.0,0.0,0.0,1.0,0.0,0.4099121,7.0,15.0,3.0,2.0,2.0,0.0,1315.73,4.1992188,4.1484375,2.9492188
0.0,0.0,0.0,0.0,0.0,0.0,1.0,0.0,0.5498047,3.0,13.0,3.0,3.0,2.0,0.0,1315.77,4.5117188,4.4882812,3.25
0.0,0.0,0.0,0.0,0.0,0.0,1.0,0.0,0.41992188,6.0,14.0,3.0,3.0,2.0,0.0,1316.16,4.2695312,4.1484375,2.8808594
0.0,0.0,0.0,0.0,0.0,0.0,1.0,0.0,0.5,4.0,13.0,2.0,3.0,0.0,0.0,1316.56,4.2617188,4.25,3.0605469
0.0,0.0,0.0,0.0,0.0,0.0,1.0,0.0,0.5,5.0,15.0,2.0,3.0,2.0,2.0,1658.74,4.21875,4.1914062,3.1503906
0.0,0.0,0.0,0.0,0.0,0.0,1.0,0.0,0.5097656,5.0,15.0,3.0,3.0,2.0,0.0,1658.8,4.5,4.421875,3.1503906
0.0,0.0,0.0,0.0,0.0,0.0,1.0,0.0,1.0,4.0,3.0,2.0,3.0,1.0,2.0,1659.18,5.2890625,5.2109375,3.8691406
0.0,0.0,0.0,0.0,0.0,0.0,1.0,0.0,0.52001953,5.0,16.0,3.0,3.0,2.0,4.0,1659.8,4.5195312,4.46875,3.2207031
0.0,0.0,0.0,0.0,0.0,0.0,1.0,0.0,0.5,7.0,15.0,3.0,2.0,1.0,0.0,1659.84,4.2304688,4.1992188,3.0390625
0.0,0.0,0.0,0.0,0.0,0.0,1.0,0.0,0.5097656,4.0,16.0,3.0,3.0,2.0,0.0,1660.21,4.3398438,4.2617188,3.0800781
0.0,0.0,0.0,0.0,0.0,0.0,1.0,0.0,0.7001953,5.0,11.0,2.0,3.0,2.0,0.0,1660.78,4.6484375,4.640625,3.4707031
0.0,0.0,0.0,0.0,0.0,0.0,1.0,0.0,0.52978516,4.0,16.0,3.0,2.0,2.0,0.0,1661.02,4.4609375,4.4414062,3.1308594
0.0,0.0,0.0,0.0,0.0,0.0,1.0,0.0,0.5097656,4.0,17.0,3.0,3.0,1.0,0.0,1661.03,4.4101562,4.359375,3.1503906
0.0,0.0,0.0,0.0,0.0,0.0,1.0,0.0,0.5,4.0,16.0,3.0,3.0,2.0,0.0,1661.42,4.4101562,4.3515625,3.1699219
0.0,0.0,0.0,0.0,0.0,0.0,1.0,0.0,0.52001953,8.0,13.0,3.0,3.0,1.0,2.0,1661.47,4.359375,4.3007812,3.0703125
0.0,0.0,0.0,0.0,0.0,0.0,1.0,0.0,0.7001953,4.0,10.0,3.0,3.0,3.0,0.0,1661.83,4.8085938,4.78125,3.4707031
0.0,0.0,0.0,0.0,0.0,0.0,1.0,0.0,0.5,5.0,18.0,2.0,2.0,1.0,0.0,1662.99,4.5117188,4.4882812,3.1699219
0.0,0.0,0.0,0.0,0.0,0.0,1.0,0.0,0.7998047,3.0,10.0,3.0,2.0,1.0,2.0,1663.1,5.1015625,5.0703125,3.7109375
0.0,0.0,0.0,0.0,0.0,0.0,1.0,0.0,0.5,6.0,14.0,3.0,3.0,1.0,0.0,1663.91,4.328125,4.25,3.0703125
0.0,0.0,0.0,0.0,0.0,0.0,1.0,0.0,0.5,5.0,16.0,3.0,3.0,1.0,0.0,1732.44,4.5,4.4804688,3.2402344
0.0,0.0,0.0,0.0,0.0,0.0,1.0,0.0,0.5,5.0,16.0,3.0,2.0,1.0,0.0,1732.44,4.359375,4.28125,3.1191406
0.0,0.0,0.0,0.0,0.0,0.0,1.0,0.0,0.5097656,5.0,15.0,2.0,3.0,1.0,0.0,1732.55,4.28125,4.1914062,3.109375
0.0,0.0,0.0,0.0,0.0,0.0,1.0,0.0,0.5097656,5.0,14.0,3.0,2.0,2.0,0.0,1732.6,4.5195312,4.5117188,3.1894531
0.0,0.0,0.0,0.0,0.0,0.0,1.0,0.0,0.5,5.0,15.0,3.0,3.0,2.0,0.0,1733.48,4.3789062,4.3710938,3.0507812
0.0,0.0,0.0,0.0,0.0,0.0,1.0,0.0,0.5,5.0,17.0,2.0,3.0,2.0,0.0,1734.2,4.4414062,4.3710938,3.2207031
0.0,0.0,0.0,0.0,0.0,0.0,1.0,0.0,0.7001953,3.0,15.0,3.0,2.0,1.0,0.0,1735.41,4.7890625,4.7617188,3.4199219
0.0,0.0,0.0,0.0,0.0,0.0,1.0,0.0,0.5,6.0,16.0,3.0,3.0,1.0,0.0,1735.83,4.328125,4.2617188,3.0996094
0.0,0.0,0.0,0.0,0.0,0.0,1.0,0.0,0.52001953,5.0,14.0,3.0,3.0,1.0,0.0,1738.11,4.3515625,4.3007812,3.109375
0.0,0.0,0.0,0.0,0.0,0.0,1.0,0.0,0.5,5.0,15.0,3.0,3.0,2.0,0.0,1738.17,4.4296875,4.359375,3.0800781
0.0,0.0,0.0,0.0,0.0,0.0,1.0,0.0,0.5,5.0,16.0,2.0,3.0,2.0,2.0,1738.37,4.2382812,4.1484375,3.0898438
0.0,0.0,0.0,0.0,0.0,0.0,1.0,0.0,0.5,5.0,17.0,3.0,3.0,2.0,0.0,1738.38,4.4492188,4.4414062,3.0703125
0.0,0.0,0.0,0.0,0.0,0.0,1.0,0.0,0.5,5.0,15.0,3.0,3.0,2.0,0.0,1739.01,4.3398438,4.25,2.9804688
0.0,0.0,0.0,0.0,0.0,0.0,1.0,0.0,0.5,4.0,18.0,3.0,3.0,2.0,0.0,1739.01,4.3398438,4.28125,3.109375
0.0,0.0,0.0,0.0,0.0,0.0,1.0,0.0,0.5,5.0,14.0,3.0,3.0,2.0,0.0,1739.08,4.3789062,4.3085938,3.1308594
0.0,0.0,0.0,0.0,0.0,0.0,1.0,0.0,0.7001953,3.0,12.0,2.0,3.0,2.0,0.0,1812.12,4.7382812,4.7304688,3.5390625
0.0,0.0,0.0,0.0,0.0,0.0,1.0,0.0,0.5097656,6.0,16.0,3.0,3.0,1.0,0.0,1812.78,4.5,4.4492188,3.1992188
0.0,0.0,0.0,0.0,0.0,0.0,1.0,0.0,0.52001953,5.0,17.0,3.0,3.0,2.0,0.0,1813.12,4.46875,4.4492188,3.2207031
0.0,0.0,0.0,0.0,0.0,0.0,1.0,0.0,0.52001953,6.0,16.0,3.0,3.0,2.0,0.0,1814.98,4.5703125,4.4882812,3.0195312
0.0,0.0,0.0,0.0,0.0,0.0,1.0,0.0,0.5,5.0,16.0,3.0,3.0,2.0,0.0,1815.26,4.359375,4.3398438,3.140625
0.0,0.0,0.0,0.0,0.0,0.0,1.0,0.0,0.5,5.0,17.0,3.0,2.0,1.0,0.0,1815.28,4.3398438,4.28125,3.1191406
0.0,0.0,0.0,0.0,0.0,0.0,1.0,0.0,0.52001953,5.0,15.0,3.0,3.0,2.0,0.0,1816.14,4.359375,4.3007812,3.1308594
0.0,0.0,0.0,0.0,0.0,0.0,1.0,0.0,0.60009766,6.0,13.0,3.0,3.0,3.0,0.0,1816.83,4.46875,4.4414062,3.2402344
0.0,0.0,0.0,0.0,0.0,0.0,1.0,0.0,0.5097656,5.0,15.0,3.0,2.0,2.0,0.0,1817.02,4.5390625,4.4804688,3.109375
0.0,0.0,0.0,0.0,0.0,0.0,1.0,0.0,0.5,6.0,18.0,3.0,3.0,2.0,0.0,1817.35,4.4414062,4.4101562,3.0996094
0.0,0.0,0.0,0.0,0.0,0.0,1.0,0.0,0.5097656,7.0,14.0,3.0,3.0,2.0,0.0,1817.61,4.5,4.4296875,3.1503906
0.0,0.0,0.0,0.0,0.0,0.0,1.0,0.0,0.6899414,4.0,12.0,3.0,3.0,2.0,0.0,1818.08,5.078125,4.9882812,3.4199219
0.0,0.0,0.0,0.0,0.0,0.0,1.0,0.0,0.5600586,7.0,14.0,3.0,3.0,2.0,0.0,1823.39,4.53125,4.46875,3.25
0.0,0.0,0.0,0.0,0.0,0.0,1.0,0.0,0.5,5.0,16.0,3.0,2.0,1.0,0.0,1824.49,4.3710938,4.3007812,3.109375
0.0,0.0,0.0,0.0,0.0,0.0,1.0,0.0,0.5,5.0,16.0,3.0,3.0,1.0,0.0,1824.49,4.359375,4.2382812,3.0800781
0.0,0.0,0.0,0.0,0.0,0.0,1.0,0.0,0.5097656,4.0,12.0,3.0,3.0,1.0,0.0,1272.38,4.4804688,4.4609375,3.1796875
0.0,0.0,0.0,0.0,0.0,0.0,1.0,0.0,0.58984375,4.0,12.0,3.0,3.0,2.0,0.0,1276.14,4.671875,4.5898438,3.3496094
0.0,0.0,0.0,0.0,0.0,0.0,1.0,0.0,0.4099121,7.0,15.0,3.0,1.0,1.0,0.0,1276.25,4.28125,4.1601562,2.9902344
0.0,0.0,0.0,0.0,0.0,0.0,1.0,0.0,0.5,3.0,15.0,3.0,2.0,2.0,0.0,1280.41,4.3984375,4.3515625,3.1503906
0.0,0.0,0.0,0.0,0.0,0.0,1.0,0.0,0.5,5.0,13.0,2.0,2.0,1.0,0.0,1280.41,4.28125,4.1992188,3.0898438
0.0,0.0,0.0,0.0,0.0,0.0,1.0,0.0,0.39990234,6.0,14.0,3.0,3.0,2.0,0.0,1281.78,4.171875,4.0898438,2.9492188
0.0,0.0,0.0,0.0,0.0,0.0,1.0,0.0,0.5,6.0,12.0,1.0,3.0,1.0,2.0,1282.85,4.140625,4.1015625,3.2304688
0.0,0.0,0.0,0.0,0.0,0.0,1.0,0.0,0.5,5.0,12.0,3.0,3.0,2.0,0.0,1283.0,4.28125,4.2382812,3.0800781
0.0,0.0,0.0,0.0,0.0,0.0,1.0,0.0,0.5,5.0,12.0,3.0,2.0,1.0,0.0,1283.61,4.2695312,4.2617188,3.0703125
0.0,0.0,0.0,0.0,0.0,0.0,1.0,0.0,0.39990234,5.0,18.0,2.0,3.0,1.0,0.0,1283.79,3.9609375,3.8496094,2.8808594
0.0,0.0,0.0,0.0,0.0,0.0,1.0,0.0,0.41992188,4.0,17.0,3.0,3.0,2.0,0.0,1284.2,4.2304688,4.1796875,2.9101562
0.0,0.0,0.0,0.0,0.0,0.0,1.0,0.0,0.70996094,5.0,3.0,2.0,3.0,2.0,0.0,1284.91,4.6796875,4.6289062,3.4609375
0.0,0.0,0.0,0.0,0.0,0.0,1.0,0.0,0.39990234,7.0,15.0,3.0,2.0,1.0,2.0,1285.79,4.21875,4.1484375,2.9492188
0.0,0.0,0.0,0.0,0.0,0.0,1.0,0.0,0.4099121,7.0,14.0,3.0,3.0,2.0,0.0,1285.89,4.3085938,4.1914062,2.890625
0.0,0.0,0.0,0.0,0.0,0.0,1.0,0.0,0.5,5.0,12.0,3.0,2.0,2.0,0.0,1286.19,4.3085938,4.25,2.9902344
0.0,0.0,0.0,0.0,0.0,0.0,1.0,0.0,0.60009766,4.0,16.0,3.0,3.0,1.0,2.0,1833.75,4.6914062,4.6289062,3.3398438
0.0,0.0,0.0,0.0,0.0,0.0,1.0,0.0,0.58984375,6.0,13.0,3.0,3.0,1.0,0.0,1834.71,4.6484375,4.5585938,3.3105469
0.0,0.0,0.0,0.0,0.0,0.0,1.0,0.0,0.5097656,4.0,17.0,3.0,3.0,2.0,0.0,1835.29,4.4101562,4.3789062,3.1601562
0.0,0.0,0.0,0.0,0.0,0.0,1.0,0.0,0.5,6.0,14.0,3.0,3.0,2.0,0.0,1836.29,4.3085938,4.2382812,3.0703125
0.0,0.0,0.0,0.0,0.0,0.0,1.0,0.0,0.5,6.0,14.0,3.0,3.0,2.0,0.0,1836.29,4.4296875,4.3515625,3.1699219
0.0,0.0,0.0,0.0,0.0,0.0,1.0,0.0,0.5,8.0,14.0,3.0,3.0,2.0,0.0,1837.18,4.4492188,4.390625,3.0390625
0.0,0.0,0.0,0.0,0.0,0.0,1.0,0.0,0.5,5.0,16.0,3.0,3.0,2.0,0.0,1837.89,4.328125,4.2890625,3.109375
0.0,0.0,0.0,0.0,0.0,0.0,1.0,0.0,0.5,6.0,15.0,3.0,3.0,2.0,2.0,1837.89,4.3515625,4.328125,3.0507812
0.0,0.0,0.0,0.0,0.0,0.0,1.0,0.0,0.5,5.0,16.0,3.0,2.0,2.0,0.0,1838.77,4.4882812,4.4609375,3.0800781
0.0,0.0,0.0,0.0,0.0,0.0,1.0,0.0,0.9199219,6.0,8.0,1.0,3.0,2.0,0.0,1839.55,5.0390625,5.0390625,3.9492188
0.0,0.0,0.0,0.0,0.0,0.0,1.0,0.0,0.5,7.0,14.0,3.0,3.0,2.0,0.0,1840.41,4.2695312,4.2617188,3.0703125
0.0,0.0,0.0,0.0,0.0,0.0,1.0,0.0,0.7001953,3.0,16.0,2.0,2.0,0.0,2.0,1841.97,5.0117188,4.9296875,3.390625
0.0,0.0,0.0,0.0,0.0,0.0,1.0,0.0,1.0097656,2.0,10.0,3.0,3.0,2.0,2.0,1842.25,5.28125,5.2695312,3.8398438
0.0,0.0,0.0,0.0,0.0,0.0,1.0,0.0,0.5,5.0,16.0,3.0,3.0,2.0,0.0,1843.82,4.3007812,4.2304688,3.0898438
0.0,0.0,0.0,0.0,0.0,0.0,1.0,0.0,0.5097656,7.0,15.0,3.0,2.0,1.0,0.0,1844.82,4.328125,4.25,3.0507812
0.0,0.0,0.0,0.0,0.0,0.0,1.0,0.0,0.39990234,4.0,18.0,3.0,3.0,2.0,0.0,1241.81,4.0195312,3.9609375,2.8398438
0.0,0.0,0.0,0.0,0.0,0.0,1.0,0.0,0.5600586,5.0,11.0,3.0,3.0,1.0,0.0,1242.86,4.5585938,4.5,3.2109375
0.0,0.0,0.0,0.0,0.0,0.0,1.0,0.0,1.0097656,3.0,9.0,3.0,2.0,2.0,0.0,1247.81,5.2890625,5.28125,3.8496094
0.0,0.0,0.0,0.0,0.0,0.0,1.0,0.0,0.39990234,4.0,18.0,3.0,3.0,2.0,0.0,1247.9,4.0703125,4.0,2.9199219
0.0,0.0,0.0,0.0,0.0,0.0,1.0,0.0,0.5,3.0,12.0,2.0,3.0,2.0,0.0,1248.17,4.21875,4.1601562,3.0703125
0.0,0.0,0.0,0.0,0.0,0.0,1.0,0.0,0.5097656,6.0,11.0,3.0,3.0,2.0,0.0,1248.17,4.3984375,4.3203125,3.1308594
0.0,0.0,0.0,0.0,0.0,0.0,1.0,0.0,0.4099121,4.0,17.0,3.0,3.0,2.0,0.0,1248.5,4.0390625,3.9902344,2.890625
0.0,0.0,0.0,0.0,0.0,0.0,1.0,0.0,0.5,6.0,12.0,1.0,3.0,1.0,0.0,1248.96,4.2109375,4.1484375,3.25
0.0,0.0,0.0,0.0,0.0,0.0,1.0,0.0,0.52001953,6.0,11.0,3.0,3.0,2.0,2.0,1250.19,4.4609375,4.4296875,3.0097656
0.0,0.0,0.0,0.0,0.0,0.0,1.0,0.0,0.5,3.0,15.0,3.0,2.0,1.0,2.0,1251.53,4.328125,4.3203125,3.0800781
0.0,0.0,0.0,0.0,0.0,0.0,1.0,0.0,0.5,6.0,12.0,3.0,3.0,1.0,0.0,1251.53,4.3515625,4.3085938,3.1191406
0.0,0.0,0.0,0.0,0.0,0.0,1.0,0.0,0.52978516,3.0,13.0,3.0,3.0,2.0,2.0,1252.19,4.53125,4.4804688,3.0390625
0.0,0.0,0.0,0.0,0.0,0.0,1.0,0.0,0.60009766,6.0,10.0,3.0,3.0,2.0,0.0,1253.76,4.5703125,4.53125,3.2890625
0.0,0.0,0.0,0.0,0.0,0.0,1.0,0.0,0.5097656,4.0,12.0,3.0,3.0,3.0,0.0,1254.22,4.3984375,4.3398438,3.140625
0.0,0.0,0.0,0.0,0.0,0.0,1.0,0.0,0.4699707,4.0,14.0,3.0,3.0,1.0,0.0,1255.45,4.2695312,4.25,3.0800781
0.0,0.0,0.0,0.0,0.0,0.0,1.0,0.0,0.5097656,6.0,16.0,3.0,3.0,2.0,0.0,1782.61,4.4609375,4.390625,3.109375
0.0,0.0,0.0,0.0,0.0,0.0,1.0,0.0,0.5,5.0,16.0,3.0,3.0,1.0,0.0,1782.97,4.3515625,4.3007812,3.0898438
0.0,0.0,0.0,0.0,0.0,0.0,1.0,0.0,0.5097656,6.0,17.0,3.0,3.0,1.0,1.0,1784.47,4.4609375,4.4414062,2.9902344
0.0,0.0,0.0,0.0,0.0,0.0,1.0,0.0,0.52001953,7.0,15.0,3.0,3.0,1.0,0.0,1784.67,4.3085938,4.2890625,3.0898438
0.0,0.0,0.0,0.0,0.0,0.0,1.0,0.0,0.5,5.0,17.0,3.0,3.0,1.0,0.0,1785.62,4.3789062,4.3515625,2.9199219
0.0,0.0,0.0,0.0,0.0,0.0,1.0,0.0,0.7001953,4.0,12.0,2.0,2.0,2.0,0.0,1786.14,4.8007812,4.671875,3.4902344
0.0,0.0,0.0,0.0,0.0,0.0,1.0,0.0,0.5,5.0,14.0,3.0,3.0,2.0,0.0,1786.5,4.4414062,4.3710938,3.0195312
0.0,0.0,0.0,0.0,0.0,0.0,1.0,0.0,0.5,5.0,16.0,3.0,3.0,1.0,0.0,1788.02,4.5117188,4.4414062,3.0
0.0,0.0,0.0,0.0,0.0,0.0,1.0,0.0,0.52001953,5.0,16.0,3.0,3.0,1.0,0.0,1788.21,4.359375,4.28125,3.0703125
0.0,0.0,0.0,0.0,0.0,0.0,1.0,0.0,0.5097656,5.0,16.0,3.0,3.0,2.0,2.0,1788.78,4.46875,4.4101562,3.0292969
0.0,0.0,0.0,0.0,0.0,0.0,1.0,0.0,0.52978516,6.0,14.0,3.0,2.0,2.0,0.0,1789.27,4.3984375,4.3203125,3.140625
0.0,0.0,0.0,0.0,0.0,0.0,1.0,0.0,0.5,5.0,17.0,3.0,3.0,2.0,0.0,1789.73,4.25,4.2382812,3.0800781
0.0,0.0,0.0,0.0,0.0,0.0,1.0,0.0,0.5,6.0,14.0,3.0,3.0,2.0,0.0,1789.85,4.3984375,4.359375,3.1699219
0.0,0.0,0.0,0.0,0.0,0.0,1.0,0.0,0.5097656,7.0,15.0,3.0,3.0,1.0,2.0,1791.3,4.2695312,4.25,3.0703125
0.0,0.0,0.0,0.0,0.0,0.0,1.0,0.0,0.60009766,5.0,13.0,3.0,3.0,2.0,0.0,1793.23,4.5585938,4.5,3.2597656
0.0,0.0,0.0,0.0,0.0,0.0,1.0,0.0,0.52001953,5.0,13.0,3.0,3.0,1.0,0.0,1641.28,4.4804688,4.4492188,3.2402344
0.0,0.0,0.0,0.0,0.0,0.0,1.0,0.0,0.52001953,5.0,13.0,3.0,3.0,2.0,0.0,1642.21,4.3710938,4.3085938,3.140625
0.0,0.0,0.0,0.0,0.0,0.0,1.0,0.0,0.5,7.0,13.0,3.0,3.0,2.0,2.0,1642.87,4.4296875,4.3515625,3.1503906
0.0,0.0,0.0,0.0,0.0,0.0,1.0,0.0,0.58984375,4.0,14.0,3.0,3.0,2.0,2.0,1643.2,4.5507812,4.53125,3.3007812
0.0,0.0,0.0,0.0,0.0,0.0,1.0,0.0,0.5,7.0,13.0,3.0,2.0,2.0,0.0,1645.3,4.4492188,4.3984375,3.1503906
0.0,0.0,0.0,0.0,0.0,0.0,1.0,0.0,0.5097656,6.0,13.0,3.0,3.0,2.0,0.0,1645.6,4.3203125,4.3007812,3.0996094
0.0,0.0,0.0,0.0,0.0,0.0,1.0,0.0,0.5,4.0,17.0,2.0,3.0,2.0,0.0,1646.18,4.3203125,4.2695312,3.1699219
0.0,0.0,0.0,0.0,0.0,0.0,1.0,0.0,0.5,4.0,17.0,2.0,3.0,2.0,0.0,1646.18,4.328125,4.2617188,3.1699219
0.0,0.0,0.0,0.0,0.0,0.0,1.0,0.0,0.4099121,7.0,17.0,3.0,3.0,2.0,0.0,1646.2,4.1601562,4.1015625,2.9101562
0.0,0.0,0.0,0.0,0.0,0.0,1.0,0.0,0.52001953,4.0,17.0,3.0,3.0,3.0,2.0,1646.55,4.4609375,4.390625,3.1894531
0.0,0.0,0.0,0.0,0.0,0.0,1.0,0.0,0.52001953,6.0,13.0,3.0,3.0,2.0,0.0,1646.69,4.46875,4.4101562,3.1503906
0.0,0.0,0.0,0.0,0.0,0.0,1.0,0.0,0.60009766,3.0,16.0,3.0,3.0,1.0,0.0,1647.74,4.6601562,4.6015625,3.3398438
0.0,0.0,0.0,0.0,0.0,0.0,1.0,0.0,0.5097656,7.0,14.0,1.0,3.0,1.0,0.0,1648.09,4.1484375,4.0703125,3.1699219
0.0,0.0,0.0,0.0,0.0,0.0,1.0,0.0,0.5097656,4.0,16.0,3.0,3.0,2.0,0.0,1649.96,4.3203125,4.2382812,3.0390625
0.0,0.0,0.0,0.0,0.0,0.0,1.0,0.0,0.5,5.0,14.0,3.0,2.0,2.0,0.0,1650.38,4.5117188,4.46875,3.25
0.0,0.0,0.0,0.0,0.0,0.0,1.0,0.0,0.5097656,4.0,17.0,3.0,3.0,2.0,0.0,1717.94,4.3710938,4.3398438,3.140625
0.0,0.0,0.0,0.0,0.0,0.0,1.0,0.0,0.5097656,5.0,14.0,2.0,3.0,2.0,0.0,1717.94,4.359375,4.2890625,3.1992188
0.0,0.0,0.0,0.0,0.0,0.0,1.0,0.0,0.5097656,5.0,14.0,3.0,3.0,1.0,0.0,1717.94,4.4804688,4.4101562,3.109375
0.0,0.0,0.0,0.0,0.0,0.0,1.0,0.0,0.5,5.0,15.0,2.0,3.0,2.0,0.0,1718.73,4.1796875,4.171875,3.1308594
0.0,0.0,0.0,0.0,0.0,0.0,1.0,0.0,0.5,7.0,14.0,3.0,2.0,1.0,0.0,1718.73,4.3398438,4.3203125,3.140625
0.0,0.0,0.0,0.0,0.0,0.0,1.0,0.0,0.5,7.0,14.0,3.0,3.0,1.0,0.0,1718.73,4.2382812,4.2382812,3.0605469
0.0,0.0,0.0,0.0,0.0,0.0,1.0,0.0,0.5,6.0,16.0,2.0,2.0,0.0,0.0,1719.74,4.3398438,4.2382812,2.9707031
0.0,0.0,0.0,0.0,0.0,0.0,1.0,0.0,0.5,5.0,14.0,3.0,3.0,1.0,0.0,1720.61,4.4609375,4.3984375,3.0507812
0.0,0.0,0.0,0.0,0.0,0.0,1.0,0.0,0.75,5.0,10.0,3.0,2.0,1.0,0.0,1720.93,5.0,4.9492188,3.609375
0.0,0.0,0.0,0.0,0.0,0.0,1.0,0.0,0.5,7.0,16.0,3.0,2.0,1.0,2.0,1721.32,4.3710938,4.3515625,3.1503906
0.0,0.0,0.0,0.0,0.0,0.0,1.0,0.0,0.5,6.0,14.0,2.0,3.0,2.0,0.0,1722.11,4.25,4.1289062,3.0898438
0.0,0.0,0.0,0.0,0.0,0.0,1.0,0.0,0.60009766,3.0,16.0,3.0,3.0,2.0,0.0,1722.11,4.5507812,4.5390625,3.2792969
0.0,0.0,0.0,0.0,0.0,0.0,1.0,0.0,0.5,6.0,16.0,3.0,2.0,2.0,0.0,1722.29,4.5117188,4.4296875,3.1796875
0.0,0.0,0.0,0.0,0.0,0.0,1.0,0.0,0.5,6.0,15.0,3.0,3.0,2.0,0.0,1723.88,4.5,4.4414062,2.9902344
0.0,0.0,0.0,0.0,0.0,0.0,1.0,0.0,0.52001953,5.0,16.0,3.0,3.0,2.0,0.0,1724.19,4.4296875,4.3515625,3.1601562
0.0,0.0,0.0,0.0,0.0,0.0,1.0,0.0,0.39990234,8.0,16.0,3.0,3.0,1.0,0.0,1418.92,4.171875,4.1289062,2.9101562
0.0,0.0,0.0,0.0,0.0,0.0,1.0,0.0,0.41992188,6.0,17.0,3.0,3.0,1.0,0.0,1420.53,4.28125,4.1992188,2.9609375
0.0,0.0,0.0,0.0,0.0,0.0,1.0,0.0,0.52978516,4.0,15.0,3.0,3.0,2.0,0.0,1422.76,4.390625,4.3007812,3.1308594
0.0,0.0,0.0,0.0,0.0,0.0,1.0,0.0,0.5,4.0,13.0,3.0,3.0,1.0,2.0,1423.0,4.2890625,4.2695312,3.0996094
0.0,0.0,0.0,0.0,0.0,0.0,1.0,0.0,0.52001953,6.0,12.0,3.0,3.0,1.0,0.0,1423.32,4.4804688,4.390625,3.1894531
0.0,0.0,0.0,0.0,0.0,0.0,1.0,0.0,0.41992188,8.0,15.0,3.0,3.0,2.0,0.0,1423.99,4.21875,4.171875,2.9003906
0.0,0.0,0.0,0.0,0.0,0.0,1.0,0.0,0.52978516,8.0,12.0,3.0,3.0,1.0,2.0,1424.37,4.3789062,4.3085938,3.1503906
0.0,0.0,0.0,0.0,0.0,0.0,1.0,0.0,0.5,3.0,18.0,3.0,3.0,3.0,0.0,1424.75,4.359375,4.3203125,3.140625
0.0,0.0,0.0,0.0,0.0,0.0,1.0,0.0,0.44995117,6.0,17.0,3.0,3.0,2.0,0.0,1424.92,4.2695312,4.1914062,3.0292969
0.0,0.0,0.0,0.0,0.0,0.0,1.0,0.0,0.52001953,4.0,13.0,3.0,3.0,2.0,0.0,1425.99,4.4101562,4.3789062,3.1503906
0.0,0.0,0.0,0.0,0.0,0.0,1.0,0.0,0.4099121,6.0,15.0,3.0,3.0,2.0,0.0,1426.55,4.1914062,4.1601562,2.9003906
0.0,0.0,0.0,0.0,0.0,0.0,1.0,0.0,0.5,4.0,14.0,3.0,3.0,2.0,2.0,1427.21,4.2617188,4.2109375,3.0507812
0.0,0.0,0.0,0.0,0.0,0.0,1.0,0.0,0.5,3.0,16.0,3.0,3.0,2.0,0.0,1428.05,4.4882812,4.3984375,3.0996094
0.0,0.0,0.0,0.0,0.0,0.0,1.0,0.0,0.5097656,4.0,17.0,3.0,3.0,2.0,0.0,1428.81,4.4492188,4.3789062,3.1503906
0.0,0.0,0.0,0.0,0.0,0.0,1.0,0.0,0.5,3.0,17.0,3.0,2.0,1.0,0.0,1429.86,4.46875,4.390625,3.109375
0.0,0.0,0.0,0.0,0.0,0.0,1.0,0.0,0.5,4.0,15.0,2.0,2.0,1.0,0.0,1462.86,4.4414062,4.3203125,3.1191406
0.0,0.0,0.0,0.0,0.0,0.0,1.0,0.0,0.95996094,4.0,3.0,2.0,3.0,2.0,4.0,1462.87,5.2304688,5.1601562,3.8496094
0.0,0.0,0.0,0.0,0.0,0.0,1.0,0.0,0.5,5.0,13.0,3.0,3.0,1.0,0.0,1463.57,4.3085938,4.2695312,3.0800781
0.0,0.0,0.0,0.0,0.0,0.0,1.0,0.0,0.5,5.0,13.0,2.0,1.0,0.0,2.0,1463.57,4.2617188,4.2109375,3.109375
0.0,0.0,0.0,0.0,0.0,0.0,1.0,0.0,0.5,5.0,13.0,2.0,3.0,0.0,0.0,1463.57,4.5585938,4.4804688,3.1308594
0.0,0.0,0.0,0.0,0.0,0.0,1.0,0.0,0.5,8.0,12.0,3.0,3.0,1.0,0.0,1463.57,4.2109375,4.171875,3.0195312
0.0,0.0,0.0,0.0,0.0,0.0,1.0,0.0,0.5,3.0,15.0,3.0,3.0,2.0,0.0,1464.42,4.3398438,4.328125,3.1601562
0.0,0.0,0.0,0.0,0.0,0.0,1.0,0.0,0.44995117,6.0,17.0,3.0,2.0,1.0,0.0,1465.15,4.2695312,4.1914062,2.9804688
0.0,0.0,0.0,0.0,0.0,0.0,1.0,0.0,0.5,7.0,12.0,3.0,2.0,1.0,2.0,1465.23,4.3007812,4.28125,3.0996094
0.0,0.0,0.0,0.0,0.0,0.0,1.0,0.0,0.5,4.0,16.0,3.0,3.0,2.0,0.0,1465.45,4.3085938,4.2382812,3.0703125
0.0,0.0,0.0,0.0,0.0,0.0,1.0,0.0,0.5,4.0,16.0,2.0,2.0,1.0,0.0,1465.45,4.3085938,4.3007812,3.2109375
0.0,0.0,0.0,0.0,0.0,0.0,1.0,0.0,0.5097656,3.0,18.0,3.0,3.0,2.0,0.0,1465.73,4.4296875,4.4101562,3.1992188
0.0,0.0,0.0,0.0,0.0,0.0,1.0,0.0,0.41992188,6.0,17.0,3.0,3.0,1.0,0.0,1467.39,4.0703125,4.0585938,2.890625
0.0,0.0,0.0,0.0,0.0,0.0,1.0,0.0,0.8100586,3.0,9.0,2.0,3.0,2.0,2.0,1467.59,4.9296875,4.9101562,3.6796875
0.0,0.0,0.0,0.0,0.0,0.0,1.0,0.0,0.5,4.0,15.0,3.0,3.0,1.0,0.0,1467.94,4.53125,4.4414062,3.1894531
0.0,0.0,0.0,0.0,0.0,0.0,1.0,0.0,0.52978516,8.0,13.0,3.0,3.0,3.0,0.0,1867.06,4.4804688,4.421875,3.2207031
0.0,0.0,0.0,0.0,0.0,0.0,1.0,0.0,0.7001953,3.0,16.0,3.0,3.0,2.0,0.0,1867.39,4.7695312,4.7109375,3.4394531
0.0,0.0,0.0,0.0,0.0,0.0,1.0,0.0,0.5,5.0,16.0,3.0,3.0,2.0,0.0,1867.55,4.2695312,4.1992188,3.0605469
0.0,0.0,0.0,0.0,0.0,0.0,1.0,0.0,0.5,6.0,15.0,3.0,3.0,2.0,0.0,1867.55,4.2304688,4.21875,3.0605469
0.0,0.0,0.0,0.0,0.0,0.0,1.0,0.0,0.5,6.0,15.0,2.0,3.0,2.0,0.0,1867.55,4.25,4.1601562,3.0800781
0.0,0.0,0.0,0.0,0.0,0.0,1.0,0.0,0.5,6.0,15.0,3.0,3.0,2.0,0.0,1867.55,4.3203125,4.2695312,3.109375
0.0,0.0,0.0,0.0,0.0,0.0,1.0,0.0,0.5097656,5.0,16.0,3.0,3.0,2.0,0.0,1867.89,4.421875,4.3515625,3.0703125
0.0,0.0,0.0,0.0,0.0,0.0,1.0,0.0,0.52001953,5.0,17.0,3.0,3.0,2.0,0.0,1868.98,4.5703125,4.5195312,3.1992188
0.0,0.0,0.0,0.0,0.0,0.0,1.0,0.0,0.5,7.0,16.0,3.0,2.0,2.0,2.0,1869.33,4.3789062,4.328125,3.1503906
0.0,0.0,0.0,0.0,0.0,0.0,1.0,0.0,0.5,5.0,15.0,3.0,3.0,2.0,0.0,1870.83,4.5117188,4.421875,3.2109375
0.0,0.0,0.0,0.0,0.0,0.0,1.0,0.0,0.5,4.0,18.0,3.0,3.0,2.0,0.0,1870.83,4.421875,4.359375,3.0605469
0.0,0.0,0.0,0.0,0.0,0.0,1.0,0.0,0.58984375,5.0,15.0,2.0,2.0,2.0,0.0,1871.54,4.5507812,4.4609375,3.3398438
0.0,0.0,0.0,0.0,0.0,0.0,1.0,0.0,0.5,6.0,18.0,2.0,3.0,2.0,0.0,1871.82,4.4101562,4.2890625,3.1699219
0.0,0.0,0.0,0.0,0.0,0.0,1.0,0.0,1.0097656,2.0,10.0,3.0,3.0,3.0,0.0,1872.51,5.5703125,5.4804688,3.9902344
0.0,0.0,0.0,0.0,0.0,0.0,1.0,0.0,0.5,5.0,17.0,3.0,2.0,2.0,0.0,1872.54,4.3515625,4.28125,3.109375
0.0,0.0,0.0,0.0,0.0,0.0,1.0,0.0,0.45996094,5.0,17.0,3.0,3.0,2.0,0.0,1454.46,4.2382812,4.1992188,3.0390625
0.0,0.0,0.0,0.0,0.0,0.0,1.0,0.0,0.5097656,3.0,18.0,3.0,2.0,2.0,0.0,1455.25,4.5,4.4492188,3.1699219
0.0,0.0,0.0,0.0,0.0,0.0,1.0,0.0,0.5600586,4.0,13.0,3.0,3.0,2.0,0.0,1457.37,4.4296875,4.390625,3.1699219
0.0,0.0,0.0,0.0,0.0,0.0,1.0,0.0,0.5,5.0,13.0,3.0,2.0,2.0,0.0,1457.65,4.4609375,4.4492188,3.1699219
0.0,0.0,0.0,0.0,0.0,0.0,1.0,0.0,0.39990234,7.0,18.0,2.0,2.0,2.0,0.0,1458.3,4.03125,3.9609375,2.9394531
0.0,0.0,0.0,0.0,0.0,0.0,1.0,0.0,0.5,4.0,17.0,3.0,3.0,1.0,0.0,1458.62,4.328125,4.2890625,3.0292969
0.0,0.0,0.0,0.0,0.0,0.0,1.0,0.0,0.39990234,7.0,17.0,3.0,3.0,2.0,2.0,1458.81,4.1015625,4.03125,2.890625
0.0,0.0,0.0,0.0,0.0,0.0,1.0,0.0,0.39990234,6.0,18.0,3.0,3.0,2.0,0.0,1458.81,4.21875,4.1289062,2.7890625
0.0,0.0,0.0,0.0,0.0,0.0,1.0,0.0,0.45996094,5.0,15.0,3.0,2.0,2.0,0.0,1459.01,4.328125,4.25,3.0800781
0.0,0.0,0.0,0.0,0.0,0.0,1.0,0.0,0.5,4.0,16.0,3.0,3.0,2.0,2.0,1459.35,4.1992188,4.171875,3.0292969
0.0,0.0,0.0,0.0,0.0,0.0,1.0,0.0,0.52001953,4.0,15.0,3.0,3.0,1.0,0.0,1460.24,4.3398438,4.328125,3.1503906
0.0,0.0,0.0,0.0,0.0,0.0,1.0,0.0,0.52978516,3.0,16.0,3.0,3.0,2.0,0.0,1460.31,4.3710938,4.28125,3.1191406
0.0,0.0,0.0,0.0,0.0,0.0,1.0,0.0,0.4099121,6.0,16.0,3.0,3.0,3.0,0.0,1461.31,4.25,4.171875,2.8203125
0.0,0.0,0.0,0.0,0.0,0.0,1.0,0.0,0.41992188,6.0,16.0,3.0,3.0,2.0,0.0,1462.32,4.2304688,4.1601562,2.9609375
0.0,0.0,0.0,0.0,0.0,0.0,1.0,0.0,0.5,4.0,17.0,1.0,2.0,1.0,0.0,1462.71,4.171875,4.1484375,3.2597656
0.0,0.0,0.0,0.0,0.0,0.0,1.0,0.0,0.5097656,7.0,13.0,3.0,3.0,1.0,2.0,1576.58,4.328125,4.328125,3.140625
0.0,0.0,0.0,0.0,0.0,0.0,1.0,0.0,0.5,4.0,18.0,3.0,2.0,1.0,0.0,1576.77,4.4414062,4.3789062,3.1503906
0.0,0.0,0.0,0.0,0.0,0.0,1.0,0.0,0.5,7.0,12.0,3.0,3.0,3.0,2.0,1581.0,4.2890625,4.2304688,3.0800781
0.0,0.0,0.0,0.0,0.0,0.0,1.0,0.0,0.58984375,3.0,18.0,3.0,3.0,1.0,0.0,1581.45,4.7304688,4.6914062,3.3808594
0.0,0.0,0.0,0.0,0.0,0.0,1.0,0.0,0.5,6.0,13.0,3.0,3.0,2.0,0.0,1581.86,4.3203125,4.2890625,3.1308594
0.0,0.0,0.0,0.0,0.0,0.0,1.0,0.0,0.52001953,3.0,15.0,3.0,3.0,2.0,0.0,1582.45,4.3398438,4.2695312,3.0898438
0.0,0.0,0.0,0.0,0.0,0.0,1.0,0.0,0.5097656,4.0,17.0,3.0,3.0,2.0,0.0,1586.1,4.390625,4.3515625,3.140625
0.0,0.0,0.0,0.0,0.0,0.0,1.0,0.0,0.5,6.0,14.0,2.0,3.0,1.0,0.0,1587.05,4.25,4.2109375,3.1308594
0.0,0.0,0.0,0.0,0.0,0.0,1.0,0.0,0.64990234,3.0,13.0,3.0,3.0,2.0,0.0,1587.13,4.9101562,4.8515625,3.3808594
0.0,0.0,0.0,0.0,0.0,0.0,1.0,0.0,0.5097656,4.0,17.0,3.0,3.0,2.0,0.0,1587.89,4.3710938,4.2890625,3.1308594
0.0,0.0,0.0,0.0,0.0,0.0,1.0,0.0,0.5,6.0,13.0,3.0,3.0,1.0,0.0,1588.74,4.3789062,4.3789062,3.1699219
0.0,0.0,0.0,0.0,0.0,0.0,1.0,0.0,0.5,3.0,18.0,3.0,3.0,2.0,0.0,1590.39,4.4414062,4.359375,3.1191406
0.0,0.0,0.0,0.0,0.0,0.0,1.0,0.0,0.39990234,8.0,17.0,3.0,3.0,2.0,0.0,1590.63,3.9609375,3.9609375,2.8691406
0.0,0.0,0.0,0.0,0.0,0.0,1.0,0.0,0.5,4.0,18.0,3.0,2.0,2.0,0.0,1591.14,4.4296875,4.4101562,3.1503906
0.0,0.0,0.0,0.0,0.0,0.0,1.0,0.0,0.5,5.0,13.0,2.0,3.0,2.0,0.0,1591.15,4.2304688,4.1992188,3.0996094
0.0,0.0,0.0,0.0,0.0,0.0,1.0,0.0,0.5097656,3.0,18.0,3.0,3.0,2.0,1.0,1430.09,4.3789062,4.3398438,3.109375
0.0,0.0,0.0,0.0,0.0,0.0,1.0,0.0,0.5,3.0,17.0,3.0,3.0,1.0,0.0,1430.74,4.3710938,4.2890625,3.1308594
0.0,0.0,0.0,0.0,0.0,0.0,1.0,0.0,0.5,3.0,16.0,3.0,3.0,2.0,0.0,1430.75,4.3515625,4.2890625,3.0996094
0.0,0.0,0.0,0.0,0.0,0.0,1.0,0.0,0.5,4.0,14.0,3.0,3.0,2.0,0.0,1430.75,4.28125,4.2617188,3.0996094
0.0,0.0,0.0,0.0,0.0,0.0,1.0,0.0,0.5,8.0,12.0,3.0,3.0,1.0,0.0,1430.75,4.3789062,4.2890625,3.1191406
0.0,0.0,0.0,0.0,0.0,0.0,1.0,0.0,0.58984375,5.0,12.0,3.0,3.0,2.0,2.0,1432.27,4.5195312,4.4414062,3.2304688
0.0,0.0,0.0,0.0,0.0,0.0,1.0,0.0,0.5,6.0,13.0,2.0,2.0,1.0,2.0,1432.39,4.4882812,4.3984375,2.9804688
0.0,0.0,0.0,0.0,0.0,0.0,1.0,0.0,0.5,4.0,13.0,3.0,3.0,2.0,0.0,1433.27,4.4804688,4.3984375,3.1503906
0.0,0.0,0.0,0.0,0.0,0.0,1.0,0.0,0.58984375,7.0,11.0,3.0,3.0,2.0,0.0,1433.29,4.5585938,4.53125,3.2792969
0.0,0.0,0.0,0.0,0.0,0.0,1.0,0.0,0.5,5.0,13.0,2.0,3.0,1.0,0.0,1434.83,4.1796875,4.1601562,3.109375
0.0,0.0,0.0,0.0,0.0,0.0,1.0,0.0,0.5,5.0,13.0,2.0,3.0,1.0,0.0,1434.83,4.3203125,4.2304688,3.1503906
0.0,0.0,0.0,0.0,0.0,0.0,1.0,0.0,0.5097656,6.0,12.0,3.0,3.0,2.0,0.0,1435.74,4.4101562,4.3515625,3.1699219
0.0,0.0,0.0,0.0,0.0,0.0,1.0,0.0,0.39990234,9.0,15.0,3.0,3.0,2.0,0.0,1437.21,4.0390625,4.03125,2.9296875
0.0,0.0,0.0,0.0,0.0,0.0,1.0,0.0,0.52001953,4.0,13.0,3.0,3.0,2.0,0.0,1438.34,4.328125,4.3007812,3.1308594
0.0,0.0,0.0,0.0,0.0,0.0,1.0,0.0,0.39990234,7.0,16.0,3.0,3.0,2.0,0.0,1438.63,4.2382812,4.1484375,2.8691406
0.0,0.0,0.0,0.0,0.0,0.0,1.0,0.0,0.5,5.0,15.0,2.0,2.0,0.0,0.0,1498.19,4.2695312,4.171875,3.0605469
0.0,0.0,0.0,0.0,0.0,0.0,1.0,0.0,0.5,4.0,15.0,1.0,3.0,1.0,0.0,1498.35,4.3007812,4.1992188,3.1992188
0.0,0.0,0.0,0.0,0.0,0.0,1.0,0.0,0.5,4.0,16.0,3.0,3.0,2.0,0.0,1499.88,4.359375,4.359375,2.9804688
0.0,0.0,0.0,0.0,0.0,0.0,1.0,0.0,0.5097656,6.0,12.0,3.0,3.0,2.0,0.0,1502.51,4.53125,4.4492188,3.0390625
0.0,0.0,0.0,0.0,0.0,0.0,1.0,0.0,0.5,4.0,15.0,3.0,3.0,2.0,0.0,1502.6,4.3398438,4.328125,3.1503906
0.0,0.0,0.0,0.0,0.0,0.0,1.0,0.0,0.52978516,4.0,16.0,3.0,3.0,2.0,0.0,1503.19,4.4882812,4.4882812,3.2207031
0.0,0.0,0.0,0.0,0.0,0.0,1.0,0.0,0.5,3.0,18.0,3.0,3.0,1.0,0.0,1504.1,4.359375,4.3515625,2.9804688
0.0,0.0,0.0,0.0,0.0,0.0,1.0,0.0,0.4099121,6.0,18.0,3.0,3.0,2.0,0.0,1504.15,4.21875,4.140625,2.9902344
0.0,0.0,0.0,0.0,0.0,0.0,1.0,0.0,0.5097656,6.0,13.0,1.0,3.0,1.0,0.0,1504.15,4.171875,4.0195312,3.1699219
0.0,0.0,0.0,0.0,0.0,0.0,1.0,0.0,0.5,4.0,15.0,3.0,2.0,1.0,0.0,1504.2,4.328125,4.2890625,3.0996094
0.0,0.0,0.0,0.0,0.0,0.0,1.0,0.0,0.52001953,4.0,18.0,3.0,3.0,3.0,0.0,1504.71,4.46875,4.3984375,2.9492188
0.0,0.0,0.0,0.0,0.0,0.0,1.0,0.0,0.58984375,3.0,14.0,2.0,3.0,1.0,0.0,1505.69,4.5117188,4.4609375,3.3203125
0.0,0.0,0.0,0.0,0.0,0.0,1.0,0.0,0.5,4.0,18.0,3.0,3.0,3.0,0.0,1505.96,4.3710938,4.359375,3.1503906
0.0,0.0,0.0,0.0,0.0,0.0,1.0,0.0,0.5097656,4.0,16.0,3.0,3.0,2.0,0.0,1506.27,4.359375,4.3515625,3.140625
0.0,0.0,0.0,0.0,0.0,0.0,1.0,0.0,0.5097656,6.0,12.0,3.0,3.0,2.0,0.0,1510.2,4.28125,4.21875,3.0800781
0.0,0.0,0.0,0.0,0.0,0.0,0.0,1.0,0.30004883,8.0,11.0,2.0,3.0,2.0,0.0,826.78,4.359375,4.3984375,2.5898438
0.0,0.0,0.0,0.0,0.0,0.0,0.0,1.0,0.22998047,5.0,17.0,3.0,3.0,3.0,0.0,951.72,3.9492188,3.9707031,2.4199219
0.0,0.0,0.0,0.0,0.0,0.0,0.0,1.0,0.22998047,5.0,17.0,3.0,3.0,3.0,0.0,951.72,3.9492188,3.9804688,2.4003906
0.0,0.0,0.0,0.0,0.0,0.0,0.0,1.0,0.22998047,5.0,17.0,3.0,3.0,3.0,0.0,951.72,3.9902344,4.0117188,2.3808594
0.0,0.0,0.0,0.0,0.0,0.0,0.0,1.0,0.22998047,5.0,17.0,3.0,3.0,3.0,0.0,951.72,3.9394531,3.9707031,2.4003906
0.0,0.0,0.0,0.0,0.0,0.0,0.0,1.0,0.22998047,6.0,16.0,3.0,3.0,3.0,0.0,951.72,4.0117188,4.0390625,2.4101562
0.0,0.0,0.0,0.0,0.0,0.0,0.0,1.0,0.22998047,6.0,16.0,3.0,3.0,3.0,0.0,951.72,4.03125,4.0390625,2.390625
0.0,0.0,0.0,0.0,0.0,0.0,0.0,1.0,0.22998047,6.0,16.0,3.0,3.0,3.0,0.0,951.72,4.0,4.03125,2.3808594
0.0,0.0,0.0,0.0,0.0,0.0,0.0,1.0,0.22998047,6.0,17.0,3.0,3.0,3.0,0.0,951.72,3.9296875,3.9492188,2.4394531
0.0,0.0,0.0,0.0,0.0,0.0,0.0,1.0,0.22998047,6.0,17.0,3.0,3.0,3.0,0.0,951.72,3.9707031,3.9902344,2.4003906
0.0,0.0,0.0,0.0,0.0,0.0,0.0,1.0,0.22998047,6.0,17.0,3.0,3.0,3.0,0.0,951.72,3.9394531,3.9609375,2.4707031
0.0,0.0,0.0,0.0,0.0,0.0,0.0,1.0,0.22998047,6.0,17.0,3.0,3.0,3.0,0.0,951.72,3.9296875,3.9394531,2.4394531
0.0,0.0,0.0,0.0,0.0,0.0,0.0,1.0,0.22998047,6.0,17.0,3.0,3.0,3.0,0.0,951.72,4.0195312,4.03125,2.3808594
0.0,0.0,0.0,0.0,0.0,0.0,0.0,1.0,0.22998047,6.0,17.0,3.0,3.0,3.0,0.0,951.72,3.9394531,3.9609375,2.4609375
0.0,0.0,0.0,0.0,0.0,0.0,0.0,1.0,0.22998047,6.0,17.0,3.0,3.0,3.0,0.0,951.72,3.9199219,3.9394531,2.4394531
0.0,0.0,0.0,0.0,0.0,0.0,0.0,1.0,0.22998047,6.0,17.0,3.0,3.0,3.0,0.0,951.72,3.9296875,3.9492188,2.4804688
0.0,0.0,0.0,0.0,0.0,0.0,0.0,1.0,0.23999023,7.0,16.0,3.0,3.0,3.0,2.0,1040.04,4.0,4.0195312,2.4707031
0.0,0.0,0.0,0.0,0.0,0.0,0.0,1.0,0.23999023,7.0,16.0,3.0,3.0,3.0,0.0,1040.04,4.0117188,4.0390625,2.4804688
0.0,0.0,0.0,0.0,0.0,0.0,0.0,1.0,0.23999023,7.0,16.0,3.0,3.0,3.0,0.0,1040.04,4.0117188,4.03125,2.4707031
0.0,0.0,0.0,0.0,0.0,0.0,0.0,1.0,0.23999023,7.0,16.0,3.0,3.0,3.0,0.0,1040.04,4.0585938,4.0703125,2.4199219
0.0,0.0,0.0,0.0,0.0,0.0,0.0,1.0,0.23999023,7.0,16.0,3.0,3.0,3.0,0.0,1040.04,4.0,4.0117188,2.4609375
0.0,0.0,0.0,0.0,0.0,0.0,0.0,1.0,0.23999023,8.0,18.0,3.0,3.0,3.0,0.0,1040.04,3.9902344,4.0117188,2.4707031
0.0,0.0,0.0,0.0,0.0,0.0,0.0,1.0,0.23999023,8.0,18.0,3.0,3.0,3.0,0.0,1040.04,3.9804688,4.0117188,2.4394531
0.0,0.0,0.0,0.0,0.0,0.0,0.0,1.0,0.23999023,7.0,18.0,3.0,3.0,3.0,0.0,1040.04,4.0117188,4.0507812,2.4199219
0.0,0.0,0.0,0.0,0.0,0.0,0.0,1.0,0.23999023,7.0,18.0,3.0,3.0,3.0,0.0,1040.04,4.0390625,4.0507812,2.4101562
0.0,0.0,0.0,0.0,0.0,0.0,0.0,1.0,0.23999023,7.0,18.0,3.0,3.0,3.0,0.0,1040.04,4.0,4.03125,2.4492188
0.0,0.0,0.0,0.0,0.0,0.0,0.0,1.0,0.32006836,3.0,17.0,3.0,3.0,3.0,2.0,1040.04,4.5,4.53125,2.6894531
0.0,0.0,0.0,0.0,0.0,0.0,0.0,1.0,0.3100586,6.0,12.0,3.0,3.0,3.0,0.0,1040.08,4.390625,4.421875,2.6601562
0.0,0.0,0.0,0.0,0.0,0.0,0.0,1.0,0.35009766,7.0,12.0,3.0,3.0,3.0,1.0,1040.18,4.53125,4.5703125,2.8105469
0.0,0.0,0.0,0.0,0.0,0.0,0.0,1.0,0.30004883,4.0,16.0,3.0,2.0,3.0,0.0,1040.2,4.2890625,4.3203125,2.640625
0.0,0.0,0.0,0.0,0.0,0.0,0.0,1.0,0.30004883,4.0,16.0,3.0,3.0,2.0,0.0,1040.2,4.3984375,4.421875,2.5703125
0.0,0.0,0.0,0.0,0.0,0.0,0.0,1.0,0.25,7.0,17.0,3.0,3.0,3.0,0.0,1043.56,4.0117188,4.0390625,2.4707031
0.0,0.0,0.0,0.0,0.0,0.0,0.0,1.0,0.25,7.0,17.0,3.0,3.0,3.0,0.0,1043.56,4.03125,4.0585938,2.5
0.0,0.0,0.0,0.0,0.0,0.0,0.0,1.0,0.25,7.0,17.0,3.0,3.0,3.0,0.0,1043.56,4.0195312,4.0507812,2.5097656
0.0,0.0,0.0,0.0,0.0,0.0,0.0,1.0,0.25,7.0,16.0,2.0,3.0,3.0,0.0,1043.56,4.0117188,4.0390625,2.5
0.0,0.0,0.0,0.0,0.0,0.0,0.0,1.0,0.25,7.0,16.0,3.0,3.0,3.0,0.0,1043.56,4.0390625,4.0585938,2.5195312
0.0,0.0,0.0,0.0,0.0,0.0,0.0,1.0,0.25,7.0,16.0,3.0,3.0,3.0,0.0,1043.56,4.0195312,4.03125,2.4902344
0.0,0.0,0.0,0.0,0.0,0.0,0.0,1.0,0.25,7.0,16.0,3.0,3.0,3.0,0.0,1043.56,4.0195312,4.0390625,2.5292969
0.0,0.0,0.0,0.0,0.0,0.0,0.0,1.0,0.26000977,6.0,17.0,3.0,3.0,3.0,0.0,1043.63,4.109375,4.1289062,2.5800781
0.0,0.0,0.0,0.0,0.0,0.0,0.0,1.0,0.26000977,5.0,17.0,3.0,3.0,3.0,0.0,1043.63,4.078125,4.1210938,2.5605469
0.0,0.0,0.0,0.0,0.0,0.0,0.0,1.0,0.26000977,6.0,16.0,3.0,3.0,3.0,0.0,1043.63,4.0585938,4.0898438,2.5605469
0.0,0.0,0.0,0.0,0.0,0.0,0.0,1.0,0.26000977,6.0,16.0,3.0,3.0,3.0,0.0,1043.63,4.078125,4.1210938,2.5390625
0.0,0.0,0.0,0.0,0.0,0.0,0.0,1.0,0.35009766,6.0,12.0,3.0,3.0,3.0,2.0,1043.69,4.5,4.5195312,2.8203125
0.0,0.0,0.0,0.0,0.0,0.0,0.0,1.0,0.3100586,3.0,17.0,3.0,3.0,3.0,0.0,1043.76,4.359375,4.3789062,2.7109375
0.0,0.0,0.0,0.0,0.0,0.0,0.0,1.0,0.30004883,4.0,16.0,2.0,3.0,2.0,0.0,1044.25,4.2382812,4.2890625,2.6894531
0.0,0.0,0.0,0.0,0.0,0.0,0.0,1.0,0.30004883,4.0,16.0,2.0,3.0,2.0,0.0,1044.25,4.21875,4.2695312,2.6699219
0.0,0.0,0.0,0.0,0.0,0.0,0.0,1.0,0.30004883,6.0,17.0,2.0,3.0,1.0,0.0,1025.0,4.2890625,4.3398438,2.5800781
0.0,0.0,0.0,0.0,0.0,0.0,0.0,1.0,0.5,3.0,9.0,3.0,3.0,3.0,1.0,1025.4,5.078125,5.109375,3.1191406
0.0,0.0,0.0,0.0,0.0,0.0,0.0,1.0,0.30004883,4.0,15.0,3.0,3.0,2.0,0.0,1025.51,4.3007812,4.3085938,2.6894531
0.0,0.0,0.0,0.0,0.0,0.0,0.0,1.0,0.30004883,5.0,13.0,3.0,2.0,3.0,0.0,1025.51,4.25,4.28125,2.6503906
0.0,0.0,0.0,0.0,0.0,0.0,0.0,1.0,0.36010742,3.0,18.0,2.0,1.0,1.0,0.0,1025.56,4.53125,4.5703125,2.7597656
0.0,0.0,0.0,0.0,0.0,0.0,0.0,1.0,0.26000977,6.0,17.0,3.0,3.0,3.0,0.0,1025.59,4.140625,4.1484375,2.4804688
0.0,0.0,0.0,0.0,0.0,0.0,0.0,1.0,0.26000977,6.0,16.0,3.0,3.0,3.0,0.0,1025.59,4.1210938,4.1484375,2.5507812
0.0,0.0,0.0,0.0,0.0,0.0,0.0,1.0,0.26000977,6.0,16.0,3.0,3.0,3.0,0.0,1025.59,4.078125,4.0898438,2.5507812
0.0,0.0,0.0,0.0,0.0,0.0,0.0,1.0,0.26000977,6.0,16.0,3.0,3.0,3.0,0.0,1025.59,4.1289062,4.1484375,2.5390625
0.0,0.0,0.0,0.0,0.0,0.0,0.0,1.0,0.30004883,4.0,17.0,3.0,3.0,2.0,0.0,1026.02,4.2382812,4.3007812,2.6601562
0.0,0.0,0.0,0.0,0.0,0.0,0.0,1.0,0.30004883,4.0,14.0,3.0,3.0,2.0,0.0,1026.02,4.3085938,4.328125,2.6308594
0.0,0.0,0.0,0.0,0.0,0.0,0.0,1.0,0.30004883,6.0,13.0,3.0,2.0,2.0,0.0,1026.51,4.3007812,4.3398438,2.6308594
0.0,0.0,0.0,0.0,0.0,0.0,0.0,1.0,0.30004883,3.0,17.0,3.0,3.0,3.0,0.0,1027.01,4.3007812,4.3085938,2.640625
0.0,0.0,0.0,0.0,0.0,0.0,0.0,1.0,0.30004883,3.0,17.0,3.0,3.0,3.0,0.0,1027.01,4.2304688,4.2617188,2.6503906
0.0,0.0,0.0,0.0,0.0,0.0,0.0,1.0,0.30004883,4.0,16.0,3.0,2.0,3.0,0.0,1027.01,4.28125,4.3007812,2.6699219
0.0,0.0,0.0,0.0,0.0,0.0,0.0,1.0,0.30004883,4.0,12.0,2.0,1.0,1.0,2.0,834.91,4.1289062,4.1796875,2.6796875
0.0,0.0,0.0,0.0,0.0,0.0,0.0,1.0,0.30004883,6.0,11.0,2.0,3.0,2.0,0.0,835.37,4.171875,4.2304688,2.6894531
0.0,0.0,0.0,0.0,0.0,0.0,0.0,1.0,0.5,3.0,9.0,1.0,3.0,3.0,2.0,836.02,4.8710938,4.9101562,3.1992188
0.0,0.0,0.0,0.0,0.0,0.0,0.0,1.0,0.19995117,6.0,17.0,3.0,3.0,3.0,0.0,836.2,3.7890625,3.8105469,2.2597656
0.0,0.0,0.0,0.0,0.0,0.0,0.0,1.0,0.30004883,5.0,12.0,2.0,2.0,1.0,1.0,836.89,4.25,4.3085938,2.640625
0.0,0.0,0.0,0.0,0.0,0.0,0.0,1.0,0.30004883,6.0,10.0,3.0,3.0,3.0,0.0,836.94,4.2890625,4.3203125,2.6601562
0.0,0.0,0.0,0.0,0.0,0.0,0.0,1.0,0.18005371,9.0,17.0,3.0,3.0,3.0,0.0,837.19,3.6894531,3.7207031,2.1699219
0.0,0.0,0.0,0.0,0.0,0.0,0.0,1.0,0.18005371,9.0,17.0,3.0,3.0,3.0,0.0,837.19,3.640625,3.6601562,2.1992188
0.0,0.0,0.0,0.0,0.0,0.0,0.0,1.0,0.18005371,9.0,17.0,3.0,3.0,3.0,0.0,837.19,3.5898438,3.609375,2.25
0.0,0.0,0.0,0.0,0.0,0.0,0.0,1.0,0.18005371,9.0,17.0,3.0,3.0,3.0,0.0,837.19,3.6308594,3.6503906,2.2402344
0.0,0.0,0.0,0.0,0.0,0.0,0.0,1.0,0.30004883,5.0,16.0,3.0,3.0,3.0,0.0,1123.92,4.2617188,4.3007812,2.640625
0.0,0.0,0.0,0.0,0.0,0.0,0.0,1.0,0.30004883,5.0,16.0,3.0,3.0,3.0,0.0,1123.92,4.328125,4.3515625,2.5996094
0.0,0.0,0.0,0.0,0.0,0.0,0.0,1.0,0.30004883,5.0,16.0,3.0,3.0,3.0,0.0,1123.92,4.3085938,4.328125,2.6601562
0.0,0.0,0.0,0.0,0.0,0.0,0.0,1.0,0.30004883,6.0,15.0,2.0,3.0,2.0,0.0,1123.92,4.2382812,4.2890625,2.6699219
0.0,0.0,0.0,0.0,0.0,0.0,0.0,1.0,0.30004883,6.0,18.0,2.0,3.0,2.0,0.0,1123.92,4.25,4.28125,2.6699219
0.0,0.0,0.0,0.0,0.0,0.0,0.0,1.0,0.30004883,6.0,18.0,2.0,1.0,2.0,0.0,1123.92,4.2695312,4.3085938,2.6699219
0.0,0.0,0.0,0.0,0.0,0.0,0.0,1.0,0.35009766,5.0,14.0,3.0,3.0,3.0,2.0,1124.1,4.5195312,4.5507812,2.7890625
0.0,0.0,0.0,0.0,0.0,0.0,0.0,1.0,0.30004883,5.0,18.0,3.0,3.0,2.0,0.0,1124.42,4.3007812,4.3515625,2.6308594
0.0,0.0,0.0,0.0,0.0,0.0,0.0,1.0,0.35009766,3.0,18.0,3.0,3.0,3.0,0.0,1124.7,4.609375,4.640625,2.7695312
0.0,0.0,0.0,0.0,0.0,0.0,0.0,1.0,0.5,4.0,9.0,3.0,3.0,3.0,0.0,1124.75,5.0195312,5.0507812,3.1699219
0.0,0.0,0.0,0.0,0.0,0.0,0.0,1.0,0.5,3.0,10.0,2.0,2.0,2.0,0.0,1124.77,4.921875,4.9882812,3.1992188
0.0,0.0,0.0,0.0,0.0,0.0,0.0,1.0,0.30004883,8.0,14.0,3.0,2.0,2.0,0.0,1124.88,4.3085938,4.359375,2.640625
0.0,0.0,0.0,0.0,0.0,0.0,0.0,1.0,0.26000977,9.0,16.0,3.0,3.0,3.0,0.0,1124.91,4.078125,4.1015625,2.5507812
0.0,0.0,0.0,0.0,0.0,0.0,0.0,1.0,0.26000977,8.0,16.0,3.0,3.0,3.0,0.0,1124.91,4.078125,4.1015625,2.5390625
0.0,0.0,0.0,0.0,0.0,0.0,0.0,1.0,0.26000977,8.0,16.0,3.0,3.0,3.0,0.0,1124.91,4.109375,4.1210938,2.5390625
0.0,0.0,0.0,0.0,0.0,0.0,0.0,1.0,0.22998047,7.0,18.0,3.0,3.0,3.0,0.0,969.59,3.9609375,3.9804688,2.4394531
0.0,0.0,0.0,0.0,0.0,0.0,0.0,1.0,0.22998047,7.0,18.0,3.0,3.0,3.0,0.0,969.59,3.890625,3.9199219,2.4394531
0.0,0.0,0.0,0.0,0.0,0.0,0.0,1.0,0.22998047,7.0,18.0,3.0,3.0,3.0,0.0,969.59,3.9199219,3.9394531,2.4199219
0.0,0.0,0.0,0.0,0.0,0.0,0.0,1.0,0.22998047,7.0,18.0,3.0,3.0,3.0,0.0,969.59,3.8808594,3.9199219,2.4296875
0.0,0.0,0.0,0.0,0.0,0.0,0.0,1.0,0.22998047,7.0,18.0,3.0,3.0,3.0,0.0,969.59,3.9394531,3.9707031,2.4492188
0.0,0.0,0.0,0.0,0.0,0.0,0.0,1.0,0.22998047,7.0,18.0,3.0,3.0,3.0,0.0,969.59,3.890625,3.9199219,2.4707031
0.0,0.0,0.0,0.0,0.0,0.0,0.0,1.0,0.22998047,7.0,18.0,3.0,3.0,3.0,0.0,969.59,3.9199219,3.9394531,2.4492188
0.0,0.0,0.0,0.0,0.0,0.0,0.0,1.0,0.22998047,7.0,18.0,3.0,3.0,3.0,0.0,969.59,3.9394531,3.9492188,2.4101562
0.0,0.0,0.0,0.0,0.0,0.0,0.0,1.0,0.22998047,7.0,18.0,3.0,3.0,3.0,0.0,969.59,3.9492188,3.9804688,2.4492188
0.0,0.0,0.0,0.0,0.0,0.0,0.0,1.0,0.22998047,7.0,18.0,3.0,3.0,3.0,0.0,969.59,3.9003906,3.9296875,2.4394531
0.0,0.0,0.0,0.0,0.0,0.0,0.0,1.0,0.22998047,9.0,17.0,3.0,3.0,3.0,0.0,969.59,3.9492188,3.9804688,2.359375
0.0,0.0,0.0,0.0,0.0,0.0,0.0,1.0,0.22998047,9.0,17.0,3.0,3.0,3.0,0.0,969.59,3.9296875,3.9609375,2.4003906
0.0,0.0,0.0,0.0,0.0,0.0,0.0,1.0,0.22998047,8.0,17.0,3.0,3.0,3.0,0.0,969.59,3.9296875,3.9492188,2.4609375
0.0,0.0,0.0,0.0,0.0,0.0,0.0,1.0,0.22998047,7.0,17.0,3.0,3.0,3.0,0.0,969.59,3.9609375,3.9804688,2.4199219
0.0,0.0,0.0,0.0,0.0,0.0,0.0,1.0,0.22998047,7.0,17.0,3.0,3.0,3.0,0.0,969.59,3.9296875,3.9492188,2.4707031
0.0,0.0,0.0,0.0,0.0,0.0,0.0,1.0,0.22998047,7.0,17.0,3.0,3.0,3.0,0.0,975.43,3.9394531,3.9609375,2.4492188
0.0,0.0,0.0,0.0,0.0,0.0,0.0,1.0,0.22998047,7.0,17.0,3.0,3.0,3.0,0.0,975.43,3.9492188,3.9804688,2.4296875
0.0,0.0,0.0,0.0,0.0,0.0,0.0,1.0,0.22998047,7.0,17.0,3.0,3.0,3.0,0.0,975.43,3.9707031,3.9902344,2.3808594
0.0,0.0,0.0,0.0,0.0,0.0,0.0,1.0,0.22998047,7.0,17.0,3.0,3.0,3.0,0.0,975.43,3.9101562,3.9296875,2.4492188
0.0,0.0,0.0,0.0,0.0,0.0,0.0,1.0,0.22998047,9.0,16.0,3.0,3.0,3.0,0.0,975.43,3.9804688,3.9902344,2.3808594
0.0,0.0,0.0,0.0,0.0,0.0,0.0,1.0,0.22998047,9.0,16.0,3.0,3.0,3.0,0.0,975.43,3.9199219,3.9394531,2.4492188
0.0,0.0,0.0,0.0,0.0,0.0,0.0,1.0,0.22998047,7.0,16.0,3.0,3.0,3.0,0.0,975.43,3.9707031,3.9804688,2.390625
0.0,0.0,0.0,0.0,0.0,0.0,0.0,1.0,0.22998047,7.0,16.0,3.0,3.0,3.0,0.0,975.43,3.9492188,3.9707031,2.4492188
0.0,0.0,0.0,0.0,0.0,0.0,0.0,1.0,0.22998047,7.0,16.0,3.0,3.0,3.0,0.0,975.43,3.9394531,3.9707031,2.4296875
0.0,0.0,0.0,0.0,0.0,0.0,0.0,1.0,0.22998047,7.0,16.0,3.0,3.0,3.0,0.0,975.43,3.9492188,3.9707031,2.3808594
0.0,0.0,0.0,0.0,0.0,0.0,0.0,1.0,0.22998047,7.0,16.0,3.0,3.0,3.0,0.0,975.43,3.9609375,3.9707031,2.4394531
0.0,0.0,0.0,0.0,0.0,0.0,0.0,1.0,0.22998047,7.0,16.0,3.0,3.0,3.0,0.0,975.43,3.9101562,3.9394531,2.4296875
0.0,0.0,0.0,0.0,0.0,0.0,0.0,1.0,0.22998047,7.0,16.0,3.0,3.0,3.0,0.0,975.43,3.9609375,3.9902344,2.4003906
0.0,0.0,0.0,0.0,0.0,0.0,0.0,1.0,0.22998047,7.0,16.0,3.0,3.0,3.0,0.0,975.43,3.9492188,3.9804688,2.359375
0.0,0.0,0.0,0.0,0.0,0.0,0.0,1.0,0.22998047,7.0,16.0,3.0,3.0,3.0,0.0,975.43,3.9101562,3.9296875,2.4394531
0.0,0.0,0.0,0.0,0.0,0.0,0.0,1.0,0.23999023,8.0,15.0,3.0,3.0,3.0,0.0,973.96,3.9804688,4.0117188,2.4609375
0.0,0.0,0.0,0.0,0.0,0.0,0.0,1.0,0.30004883,5.0,14.0,2.0,2.0,1.0,2.0,974.29,4.2304688,4.2890625,2.640625
0.0,0.0,0.0,0.0,0.0,0.0,0.0,1.0,0.30004883,3.0,15.0,3.0,3.0,3.0,0.0,974.3,4.2890625,4.3085938,2.6601562
0.0,0.0,0.0,0.0,0.0,0.0,0.0,1.0,0.30004883,4.0,13.0,3.0,3.0,2.0,0.0,974.3,4.2695312,4.3007812,2.6699219
0.0,0.0,0.0,0.0,0.0,0.0,0.0,1.0,0.30004883,6.0,12.0,2.0,3.0,2.0,0.0,974.34,4.1796875,4.2304688,2.6796875
0.0,0.0,0.0,0.0,0.0,0.0,0.0,1.0,0.32006836,7.0,12.0,3.0,3.0,3.0,1.0,974.54,4.4414062,4.4609375,2.6894531
0.0,0.0,0.0,0.0,0.0,0.0,0.0,1.0,0.3100586,3.0,15.0,3.0,3.0,3.0,2.0,974.56,4.3984375,4.4296875,2.6699219
0.0,0.0,0.0,0.0,0.0,0.0,0.0,1.0,0.3100586,3.0,15.0,3.0,3.0,3.0,0.0,974.56,4.3085938,4.3398438,2.6992188
0.0,0.0,0.0,0.0,0.0,0.0,0.0,1.0,0.3100586,3.0,15.0,3.0,3.0,3.0,0.0,974.56,4.28125,4.3007812,2.7109375
0.0,0.0,0.0,0.0,0.0,0.0,0.0,1.0,0.22998047,7.0,18.0,3.0,3.0,3.0,0.0,974.64,3.9101562,3.9296875,2.4394531
0.0,0.0,0.0,0.0,0.0,0.0,0.0,1.0,0.39990234,4.0,11.0,3.0,3.0,2.0,0.0,974.83,4.75,4.7890625,2.8808594
0.0,0.0,0.0,0.0,0.0,0.0,0.0,1.0,0.30004883,3.0,14.0,3.0,3.0,3.0,0.0,974.84,4.3007812,4.328125,2.6894531
0.0,0.0,0.0,0.0,0.0,0.0,0.0,1.0,0.35009766,5.0,11.0,3.0,2.0,3.0,0.0,975.06,4.5195312,4.5390625,2.8007812
0.0,0.0,0.0,0.0,0.0,0.0,0.0,1.0,0.30004883,6.0,16.0,3.0,2.0,3.0,0.0,1081.85,4.3710938,4.3984375,2.5898438
0.0,0.0,0.0,0.0,0.0,0.0,0.0,1.0,0.30004883,5.0,16.0,3.0,3.0,2.0,2.0,1081.85,4.25,4.28125,2.6191406
0.0,0.0,0.0,0.0,0.0,0.0,0.0,1.0,0.30004883,5.0,16.0,3.0,2.0,2.0,2.0,1081.85,4.3007812,4.3515625,2.5996094
0.0,0.0,0.0,0.0,0.0,0.0,0.0,1.0,0.30004883,6.0,15.0,2.0,2.0,1.0,0.0,1081.85,4.25,4.3007812,2.5800781
0.0,0.0,0.0,0.0,0.0,0.0,0.0,1.0,0.30004883,4.0,18.0,2.0,3.0,2.0,0.0,1081.85,4.21875,4.2617188,2.6894531
0.0,0.0,0.0,0.0,0.0,0.0,0.0,1.0,0.25,7.0,16.0,3.0,3.0,3.0,0.0,1082.01,4.0117188,4.0390625,2.4902344
0.0,0.0,0.0,0.0,0.0,0.0,0.0,1.0,0.25,7.0,16.0,3.0,3.0,3.0,0.0,1082.01,4.0585938,4.0898438,2.4492188
0.0,0.0,0.0,0.0,0.0,0.0,0.0,1.0,0.35009766,3.0,16.0,3.0,3.0,3.0,0.0,1082.11,4.578125,4.6210938,2.7402344
0.0,0.0,0.0,0.0,0.0,0.0,0.0,1.0,0.32006836,4.0,14.0,3.0,3.0,3.0,0.0,1082.19,4.4414062,4.4804688,2.6796875
0.0,0.0,0.0,0.0,0.0,0.0,0.0,1.0,0.30004883,5.0,16.0,3.0,3.0,2.0,0.0,1082.31,4.28125,4.328125,2.6308594
0.0,0.0,0.0,0.0,0.0,0.0,0.0,1.0,0.30004883,5.0,16.0,3.0,3.0,2.0,0.0,1082.31,4.3710938,4.3984375,2.609375
0.0,0.0,0.0,0.0,0.0,0.0,0.0,1.0,0.3100586,5.0,14.0,3.0,3.0,3.0,2.0,1082.46,4.3203125,4.328125,2.6992188
0.0,0.0,0.0,0.0,0.0,0.0,0.0,1.0,0.32006836,3.0,17.0,3.0,3.0,3.0,0.0,1082.68,4.46875,4.4804688,2.6796875
0.0,0.0,0.0,0.0,0.0,0.0,0.0,1.0,0.32006836,4.0,15.0,3.0,2.0,3.0,0.0,1082.75,4.4296875,4.4414062,2.7304688
0.0,0.0,0.0,0.0,0.0,0.0,0.0,1.0,0.22998047,7.0,15.0,3.0,3.0,3.0,0.0,895.38,3.890625,3.9199219,2.4394531
0.0,0.0,0.0,0.0,0.0,0.0,0.0,1.0,0.22998047,7.0,15.0,3.0,3.0,3.0,0.0,895.38,3.9609375,3.9804688,2.4492188
0.0,0.0,0.0,0.0,0.0,0.0,0.0,1.0,0.22998047,7.0,15.0,3.0,3.0,3.0,0.0,895.38,3.9394531,3.9609375,2.4199219
0.0,0.0,0.0,0.0,0.0,0.0,0.0,1.0,0.22998047,8.0,14.0,3.0,3.0,3.0,0.0,895.38,3.9101562,3.9394531,2.4492188
0.0,0.0,0.0,0.0,0.0,0.0,0.0,1.0,0.30004883,8.0,11.0,3.0,3.0,3.0,1.0,895.73,4.359375,4.3789062,2.609375
0.0,0.0,0.0,0.0,0.0,0.0,0.0,1.0,0.33007812,6.0,10.0,3.0,3.0,3.0,1.0,895.75,4.5117188,4.53125,2.6992188
0.0,0.0,0.0,0.0,0.0,0.0,0.0,1.0,0.6801758,3.0,6.0,3.0,3.0,3.0,2.0,896.04,5.6015625,5.6289062,3.5195312
0.0,0.0,0.0,0.0,0.0,0.0,0.0,1.0,0.30004883,6.0,11.0,3.0,3.0,3.0,0.0,896.75,4.3515625,4.3789062,2.6601562
0.0,0.0,0.0,0.0,0.0,0.0,0.0,1.0,0.30004883,6.0,11.0,3.0,3.0,3.0,0.0,896.75,4.3007812,4.3085938,2.6796875
0.0,0.0,0.0,0.0,0.0,0.0,0.0,1.0,0.3100586,6.0,11.0,3.0,2.0,2.0,0.0,897.05,4.28125,4.328125,2.6992188
0.0,0.0,0.0,0.0,0.0,0.0,0.0,1.0,0.1899414,9.0,18.0,3.0,3.0,3.0,0.0,897.36,3.7207031,3.7402344,2.2890625
0.0,0.0,0.0,0.0,0.0,0.0,0.0,1.0,0.29003906,4.0,16.0,2.0,2.0,1.0,0.0,897.69,4.2304688,4.3007812,2.640625
0.0,0.0,0.0,0.0,0.0,0.0,0.0,1.0,0.30004883,3.0,15.0,2.0,2.0,2.0,0.0,897.73,4.28125,4.328125,2.6191406
0.0,0.0,0.0,0.0,0.0,0.0,0.0,1.0,0.30004883,3.0,16.0,2.0,3.0,3.0,0.0,897.81,4.2109375,4.2382812,2.6503906
0.0,0.0,0.0,0.0,0.0,0.0,0.0,1.0,0.30004883,4.0,17.0,3.0,3.0,3.0,2.0,1085.42,4.3007812,4.3203125,2.6699219
0.0,0.0,0.0,0.0,0.0,0.0,0.0,1.0,0.30004883,4.0,17.0,3.0,3.0,3.0,2.0,1085.42,4.3398438,4.3515625,2.5800781
0.0,0.0,0.0,0.0,0.0,0.0,0.0,1.0,0.30004883,5.0,15.0,2.0,3.0,3.0,0.0,1085.42,4.1796875,4.21875,2.7207031
0.0,0.0,0.0,0.0,0.0,0.0,0.0,1.0,0.30004883,5.0,15.0,2.0,3.0,2.0,0.0,1085.42,4.1914062,4.2304688,2.6796875
0.0,0.0,0.0,0.0,0.0,0.0,0.0,1.0,0.30004883,5.0,15.0,2.0,3.0,2.0,0.0,1085.42,4.3007812,4.3398438,2.609375
0.0,0.0,0.0,0.0,0.0,0.0,0.0,1.0,0.30004883,5.0,15.0,2.0,3.0,2.0,0.0,1085.42,4.328125,4.3789062,2.5703125
0.0,0.0,0.0,0.0,0.0,0.0,0.0,1.0,0.30004883,6.0,18.0,2.0,3.0,2.0,0.0,1085.94,4.21875,4.2304688,2.6601562
0.0,0.0,0.0,0.0,0.0,0.0,0.0,1.0,0.30004883,6.0,18.0,3.0,2.0,2.0,1.0,1085.94,4.25,4.28125,2.6894531
0.0,0.0,0.0,0.0,0.0,0.0,0.0,1.0,0.30004883,6.0,18.0,2.0,3.0,2.0,0.0,1085.94,4.1914062,4.21875,2.6796875
0.0,0.0,0.0,0.0,0.0,0.0,0.0,1.0,0.3100586,3.0,18.0,3.0,3.0,3.0,0.0,1086.15,4.3203125,4.3515625,2.6601562
0.0,0.0,0.0,0.0,0.0,0.0,0.0,1.0,0.30004883,9.0,13.0,3.0,3.0,3.0,0.0,1086.4,4.359375,4.390625,2.609375
0.0,0.0,0.0,0.0,0.0,0.0,0.0,1.0,0.32006836,4.0,14.0,3.0,3.0,2.0,0.0,1086.48,4.3203125,4.3710938,2.7402344
0.0,0.0,0.0,0.0,0.0,0.0,0.0,1.0,0.3100586,5.0,13.0,3.0,3.0,3.0,0.0,1086.75,4.328125,4.359375,2.6992188
0.0,0.0,0.0,0.0,0.0,0.0,0.0,1.0,0.30004883,4.0,16.0,3.0,3.0,3.0,0.0,1086.84,4.3515625,4.359375,2.5996094
0.0,0.0,0.0,0.0,0.0,0.0,0.0,1.0,0.5,8.0,4.0,3.0,3.0,3.0,1.0,1034.28,5.0507812,5.078125,3.1601562
0.0,0.0,0.0,0.0,0.0,0.0,0.0,1.0,0.39990234,3.0,17.0,1.0,3.0,0.0,0.0,1034.31,4.5390625,4.6015625,3.0097656
0.0,0.0,0.0,0.0,0.0,0.0,0.0,1.0,0.30004883,4.0,17.0,2.0,2.0,1.0,0.0,1034.63,4.3007812,4.3203125,2.6308594
0.0,0.0,0.0,0.0,0.0,0.0,0.0,1.0,0.30004883,6.0,14.0,2.0,3.0,2.0,2.0,1034.63,4.3085938,4.359375,2.6191406
0.0,0.0,0.0,0.0,0.0,0.0,0.0,1.0,0.30004883,6.0,14.0,2.0,2.0,1.0,0.0,1034.63,4.3515625,4.3789062,2.6796875
0.0,0.0,0.0,0.0,0.0,0.0,0.0,1.0,0.5,4.0,11.0,3.0,3.0,3.0,2.0,1403.12,5.0898438,5.1210938,3.1503906
0.0,0.0,0.0,0.0,0.0,0.0,0.0,1.0,0.5097656,3.0,11.0,2.0,3.0,2.0,0.0,1403.36,4.9804688,5.0195312,3.2109375
0.0,0.0,0.0,0.0,0.0,0.0,0.0,1.0,0.32006836,8.0,18.0,3.0,3.0,3.0,0.0,1403.43,4.3710938,4.3984375,2.75
0.0,0.0,0.0,0.0,0.0,0.0,0.0,1.0,0.39990234,4.0,17.0,2.0,3.0,2.0,0.0,1403.43,4.5898438,4.6210938,2.9492188
0.0,0.0,0.0,0.0,0.0,0.0,0.0,1.0,0.5,4.0,10.0,2.0,3.0,3.0,2.0,1403.65,4.9804688,5.0,3.1894531
0.0,0.0,0.0,0.0,0.0,0.0,0.0,1.0,0.35009766,7.0,17.0,3.0,3.0,3.0,0.0,1403.92,4.578125,4.6015625,2.7402344
0.0,0.0,0.0,0.0,0.0,0.0,0.0,1.0,0.5,6.0,10.0,3.0,3.0,3.0,2.0,1403.95,5.0585938,5.0898438,3.1601562
0.0,0.0,0.0,0.0,0.0,0.0,0.0,1.0,0.39990234,4.0,17.0,3.0,3.0,2.0,1.0,1404.09,4.6992188,4.7617188,2.8691406
0.0,0.0,0.0,0.0,0.0,0.0,0.0,1.0,0.39990234,4.0,17.0,3.0,3.0,3.0,1.0,1404.09,4.78125,4.8085938,2.8398438
0.0,0.0,0.0,0.0,0.0,0.0,0.0,1.0,0.39990234,4.0,17.0,3.0,3.0,3.0,1.0,1404.09,4.671875,4.7109375,2.9492188
0.0,0.0,0.0,0.0,0.0,0.0,0.0,1.0,0.39990234,4.0,14.0,3.0,3.0,3.0,0.0,1404.12,4.6914062,4.7109375,2.9394531
0.0,0.0,0.0,0.0,0.0,0.0,0.0,1.0,0.3100586,9.0,17.0,3.0,3.0,3.0,0.0,1404.22,4.390625,4.421875,2.640625
0.0,0.0,0.0,0.0,0.0,0.0,0.0,1.0,0.3100586,8.0,18.0,3.0,3.0,3.0,0.0,1404.24,4.3007812,4.328125,2.6992188
0.0,0.0,0.0,0.0,0.0,0.0,0.0,1.0,0.5097656,3.0,12.0,3.0,2.0,3.0,2.0,1399.64,5.1210938,5.1484375,3.1992188
0.0,0.0,0.0,0.0,0.0,0.0,0.0,1.0,0.36010742,6.0,14.0,3.0,3.0,3.0,0.0,1399.73,4.5585938,4.578125,2.8398438
0.0,0.0,0.0,0.0,0.0,0.0,0.0,1.0,0.5,2.0,14.0,2.0,2.0,2.0,0.0,1399.75,4.9804688,5.0507812,3.1992188
0.0,0.0,0.0,0.0,0.0,0.0,0.0,1.0,0.35009766,7.0,18.0,3.0,3.0,3.0,0.0,1399.79,4.5117188,4.5390625,2.7890625
0.0,0.0,0.0,0.0,0.0,0.0,0.0,1.0,0.35009766,7.0,18.0,3.0,3.0,3.0,0.0,1399.79,4.5117188,4.5390625,2.8105469
0.0,0.0,0.0,0.0,0.0,0.0,0.0,1.0,0.35009766,7.0,18.0,3.0,3.0,3.0,0.0,1400.45,4.5,4.53125,2.8007812
0.0,0.0,0.0,0.0,0.0,0.0,0.0,1.0,0.35009766,7.0,18.0,3.0,3.0,3.0,0.0,1400.45,4.5,4.53125,2.8105469
0.0,0.0,0.0,0.0,0.0,0.0,0.0,1.0,0.5,4.0,11.0,2.0,3.0,3.0,0.0,1400.65,4.96875,5.0117188,3.1894531
0.0,0.0,0.0,0.0,0.0,0.0,0.0,1.0,0.39990234,4.0,17.0,3.0,3.0,3.0,1.0,1400.67,4.7695312,4.7890625,2.890625
0.0,0.0,0.0,0.0,0.0,0.0,0.0,1.0,0.32006836,8.0,17.0,3.0,3.0,3.0,0.0,1381.76,4.3515625,4.359375,2.7207031
0.0,0.0,0.0,0.0,0.0,0.0,0.0,1.0,0.5097656,8.0,9.0,3.0,3.0,3.0,0.0,1381.79,5.140625,5.1796875,3.1503906
0.0,0.0,0.0,0.0,0.0,0.0,0.0,1.0,0.39990234,4.0,16.0,3.0,3.0,3.0,2.0,1381.9,4.75,4.7695312,2.8808594
0.0,0.0,0.0,0.0,0.0,0.0,0.0,1.0,0.30004883,8.0,17.0,3.0,3.0,3.0,0.0,1381.98,4.359375,4.3789062,2.5800781
0.0,0.0,0.0,0.0,0.0,0.0,0.0,1.0,0.35009766,7.0,16.0,3.0,3.0,3.0,2.0,1382.0,4.5117188,4.53125,2.8105469
0.0,0.0,0.0,0.0,0.0,0.0,0.0,1.0,0.30004883,8.0,18.0,3.0,3.0,3.0,0.0,1382.01,4.2382812,4.28125,2.6796875
0.0,0.0,0.0,0.0,0.0,0.0,0.0,1.0,0.35009766,4.0,18.0,3.0,3.0,3.0,2.0,1382.03,4.5390625,4.5703125,2.7792969
0.0,0.0,0.0,0.0,0.0,0.0,0.0,1.0,0.36010742,4.0,17.0,3.0,3.0,3.0,0.0,1382.08,4.53125,4.5507812,2.8496094
0.0,0.0,0.0,0.0,0.0,0.0,0.0,1.0,0.35009766,6.0,17.0,3.0,3.0,3.0,2.0,1382.12,4.5,4.53125,2.8105469
0.0,0.0,0.0,0.0,0.0,0.0,0.0,1.0,0.5698242,4.0,10.0,3.0,3.0,3.0,1.0,1382.22,5.3007812,5.3203125,3.3203125
0.0,0.0,0.0,0.0,0.0,0.0,0.0,1.0,0.58984375,6.0,9.0,3.0,3.0,3.0,0.0,1382.23,5.359375,5.390625,3.3496094
0.0,0.0,0.0,0.0,0.0,0.0,0.0,1.0,0.5498047,6.0,19.0,3.0,3.0,3.0,0.0,1382.34,5.2304688,5.25,3.2890625
0.0,0.0,0.0,0.0,0.0,0.0,0.0,1.0,0.35009766,8.0,15.0,3.0,3.0,3.0,2.0,1382.59,4.5507812,4.578125,2.7402344
0.0,0.0,0.0,0.0,0.0,0.0,0.0,1.0,0.35009766,6.0,18.0,3.0,3.0,3.0,0.0,1382.69,4.5195312,4.4882812,2.8105469
0.0,0.0,0.0,0.0,0.0,0.0,0.0,1.0,0.36010742,6.0,16.0,3.0,3.0,3.0,0.0,1400.93,4.5195312,4.5390625,2.859375
0.0,0.0,0.0,0.0,0.0,0.0,0.0,1.0,0.35009766,4.0,18.0,3.0,3.0,3.0,0.0,1401.03,4.5507812,4.578125,2.8203125
0.0,0.0,0.0,0.0,0.0,0.0,0.0,1.0,0.35009766,4.0,18.0,3.0,3.0,3.0,0.0,1401.03,4.5,4.53125,2.8007812
0.0,0.0,0.0,0.0,0.0,0.0,0.0,1.0,0.35009766,4.0,18.0,3.0,3.0,3.0,2.0,1401.03,4.53125,4.5585938,2.7890625
0.0,0.0,0.0,0.0,0.0,0.0,0.0,1.0,0.5,6.0,11.0,2.0,3.0,1.0,1.0,1401.16,5.0,5.0585938,3.1601562
0.0,0.0,0.0,0.0,0.0,0.0,0.0,1.0,0.5,4.0,11.0,2.0,3.0,2.0,0.0,1328.87,4.96875,5.0117188,3.1699219
0.0,0.0,0.0,0.0,0.0,0.0,0.0,1.0,0.5,4.0,11.0,2.0,3.0,2.0,2.0,1328.87,4.9296875,4.96875,3.1699219
0.0,0.0,0.0,0.0,0.0,0.0,0.0,1.0,0.5,7.0,10.0,2.0,1.0,2.0,0.0,1328.87,4.9414062,5.0117188,3.1601562
0.0,0.0,0.0,0.0,0.0,0.0,0.0,1.0,0.35009766,7.0,18.0,3.0,3.0,3.0,1.0,1328.9,4.46875,4.5,2.8105469
0.0,0.0,0.0,0.0,0.0,0.0,0.0,1.0,0.39990234,5.0,15.0,1.0,3.0,1.0,0.0,1329.02,4.6601562,4.7109375,2.8496094
0.0,0.0,0.0,0.0,0.0,0.0,0.0,1.0,0.39990234,5.0,13.0,2.0,3.0,3.0,0.0,1329.02,4.7304688,4.7382812,2.9003906
0.0,0.0,0.0,0.0,0.0,0.0,0.0,1.0,0.39990234,5.0,13.0,3.0,2.0,3.0,0.0,1329.02,4.6992188,4.7109375,2.9394531
0.0,0.0,0.0,0.0,0.0,0.0,0.0,1.0,0.39990234,4.0,16.0,3.0,3.0,3.0,4.0,1329.03,4.7304688,4.7617188,2.9199219
0.0,0.0,0.0,0.0,0.0,0.0,0.0,1.0,0.52978516,4.0,19.0,3.0,3.0,3.0,0.0,1329.07,5.28125,5.3007812,3.1601562
0.0,0.0,0.0,0.0,0.0,0.0,0.0,1.0,0.33007812,8.0,16.0,3.0,3.0,3.0,0.0,1329.12,4.3710938,4.4101562,2.7402344
0.0,0.0,0.0,0.0,0.0,0.0,0.0,1.0,0.3701172,8.0,14.0,3.0,3.0,3.0,0.0,1329.2,4.578125,4.609375,2.8007812
0.0,0.0,0.0,0.0,0.0,0.0,0.0,1.0,0.5,5.0,11.0,1.0,3.0,2.0,0.0,1329.24,4.8515625,4.8984375,3.1894531
0.0,0.0,0.0,0.0,0.0,0.0,0.0,1.0,0.5,3.0,11.0,2.0,3.0,3.0,0.0,1329.24,5.0585938,5.0898438,3.140625
0.0,0.0,0.0,0.0,0.0,0.0,0.0,1.0,0.7001953,4.0,8.0,3.0,3.0,2.0,0.0,1329.46,5.75,5.78125,3.4609375
0.0,0.0,0.0,0.0,0.0,0.0,0.0,1.0,0.30004883,4.0,18.0,3.0,3.0,3.0,2.0,1131.49,4.328125,4.3515625,2.5996094
0.0,0.0,0.0,0.0,0.0,0.0,0.0,1.0,0.30004883,4.0,18.0,3.0,3.0,3.0,0.0,1131.49,4.3515625,4.3710938,2.6191406
0.0,0.0,0.0,0.0,0.0,0.0,0.0,1.0,0.30004883,4.0,18.0,3.0,3.0,3.0,0.0,1131.49,4.28125,4.3085938,2.6699219
0.0,0.0,0.0,0.0,0.0,0.0,0.0,1.0,0.26000977,9.0,16.0,3.0,3.0,3.0,0.0,1131.52,4.0898438,4.109375,2.5195312
0.0,0.0,0.0,0.0,0.0,0.0,0.0,1.0,0.26000977,8.0,16.0,3.0,3.0,3.0,0.0,1131.52,4.0898438,4.1210938,2.5390625
0.0,0.0,0.0,0.0,0.0,0.0,0.0,1.0,0.26000977,8.0,18.0,3.0,3.0,3.0,2.0,1131.52,4.1015625,4.1210938,2.5195312
0.0,0.0,0.0,0.0,0.0,0.0,0.0,1.0,0.30004883,4.0,17.0,3.0,3.0,3.0,0.0,1131.52,4.2890625,4.3085938,2.6699219
0.0,0.0,0.0,0.0,0.0,0.0,0.0,1.0,0.30004883,4.0,17.0,3.0,3.0,3.0,0.0,1131.52,4.3085938,4.3398438,2.6308594
0.0,0.0,0.0,0.0,0.0,0.0,0.0,1.0,0.30004883,5.0,15.0,3.0,3.0,2.0,0.0,1131.52,4.3515625,4.3789062,2.609375
0.0,0.0,0.0,0.0,0.0,0.0,0.0,1.0,0.30004883,5.0,15.0,3.0,3.0,3.0,0.0,1131.52,4.2382812,4.28125,2.6503906
0.0,0.0,0.0,0.0,0.0,0.0,0.0,1.0,0.30004883,6.0,14.0,3.0,3.0,2.0,2.0,1131.52,4.2617188,4.2890625,2.6503906
0.0,0.0,0.0,0.0,0.0,0.0,0.0,1.0,0.30004883,6.0,14.0,3.0,2.0,2.0,2.0,1131.52,4.3203125,4.3398438,2.640625
0.0,0.0,0.0,0.0,0.0,0.0,0.0,1.0,0.30004883,7.0,18.0,2.0,2.0,2.0,0.0,1131.56,4.1484375,4.2109375,2.6992188
0.0,0.0,0.0,0.0,0.0,0.0,0.0,1.0,0.30004883,6.0,18.0,3.0,3.0,3.0,1.0,1131.56,4.3085938,4.3203125,2.640625
0.0,0.0,0.0,0.0,0.0,0.0,0.0,1.0,0.39990234,4.0,13.0,3.0,3.0,3.0,4.0,1131.62,4.6914062,4.71875,2.9003906
0.0,0.0,0.0,0.0,0.0,0.0,0.0,1.0,0.27001953,8.0,16.0,3.0,3.0,3.0,0.0,1162.04,4.1992188,4.2109375,2.5605469
0.0,0.0,0.0,0.0,0.0,0.0,0.0,1.0,0.27001953,8.0,18.0,3.0,3.0,3.0,2.0,1162.04,4.1914062,4.2109375,2.5
0.0,0.0,0.0,0.0,0.0,0.0,0.0,1.0,0.3701172,9.0,12.0,3.0,3.0,3.0,0.0,1162.15,4.6015625,4.6289062,2.8300781
0.0,0.0,0.0,0.0,0.0,0.0,0.0,1.0,0.30004883,8.0,18.0,3.0,3.0,3.0,1.0,1162.38,4.3007812,4.3203125,2.6796875
0.0,0.0,0.0,0.0,0.0,0.0,0.0,1.0,0.3100586,6.0,15.0,3.0,3.0,3.0,2.0,1162.67,4.3984375,4.421875,2.640625
0.0,0.0,0.0,0.0,0.0,0.0,0.0,1.0,0.35009766,4.0,17.0,3.0,3.0,2.0,0.0,1162.67,4.4609375,4.5195312,2.8203125
0.0,0.0,0.0,0.0,0.0,0.0,0.0,1.0,0.5,3.0,11.0,2.0,2.0,1.0,0.0,1162.84,5.0898438,5.109375,3.0390625
0.0,0.0,0.0,0.0,0.0,0.0,0.0,1.0,0.33007812,4.0,17.0,3.0,3.0,3.0,0.0,1162.86,4.4414062,4.46875,2.7207031
0.0,0.0,0.0,0.0,0.0,0.0,0.0,1.0,0.30004883,7.0,15.0,3.0,3.0,3.0,0.0,1162.91,4.3203125,4.3398438,2.609375
0.0,0.0,0.0,0.0,0.0,0.0,0.0,1.0,0.30004883,5.0,15.0,3.0,3.0,3.0,0.0,1162.92,4.3398438,4.359375,2.6191406
0.0,0.0,0.0,0.0,0.0,0.0,0.0,1.0,0.30004883,6.0,14.0,3.0,3.0,3.0,0.0,1162.92,4.3203125,4.3398438,2.6503906
0.0,0.0,0.0,0.0,0.0,0.0,0.0,1.0,0.30004883,6.0,14.0,3.0,3.0,3.0,0.0,1162.92,4.359375,4.3789062,2.6191406
0.0,0.0,0.0,0.0,0.0,0.0,0.0,1.0,0.30004883,6.0,14.0,3.0,3.0,3.0,0.0,1162.92,4.2382812,4.2695312,2.6699219
0.0,0.0,0.0,0.0,0.0,0.0,0.0,1.0,0.30004883,6.0,14.0,3.0,3.0,3.0,2.0,1162.92,4.2695312,4.2890625,2.6503906
0.0,0.0,0.0,0.0,0.0,0.0,0.0,1.0,0.32006836,6.0,15.0,3.0,3.0,3.0,0.0,1211.41,4.4492188,4.4609375,2.6796875
0.0,0.0,0.0,0.0,0.0,0.0,0.0,1.0,0.39990234,3.0,17.0,3.0,2.0,3.0,2.0,1211.48,4.6992188,4.71875,2.9609375
0.0,0.0,0.0,0.0,0.0,0.0,0.0,1.0,0.30004883,8.0,15.0,3.0,3.0,3.0,0.0,1211.56,4.3710938,4.3984375,2.640625
0.0,0.0,0.0,0.0,0.0,0.0,0.0,1.0,0.35009766,5.0,18.0,2.0,3.0,3.0,2.0,1211.76,4.4882812,4.5195312,2.8105469
0.0,0.0,0.0,0.0,0.0,0.0,0.0,1.0,0.30004883,8.0,15.0,3.0,3.0,3.0,0.0,1212.07,4.359375,4.3789062,2.609375
0.0,0.0,0.0,0.0,0.0,0.0,0.0,1.0,0.30004883,6.0,16.0,3.0,3.0,3.0,0.0,1212.1,4.28125,4.3007812,2.6894531
0.0,0.0,0.0,0.0,0.0,0.0,0.0,1.0,0.30004883,6.0,16.0,3.0,3.0,3.0,0.0,1212.1,4.3710938,4.390625,2.6308594
0.0,0.0,0.0,0.0,0.0,0.0,0.0,1.0,0.30004883,7.0,15.0,3.0,3.0,3.0,0.0,1212.1,4.28125,4.3085938,2.640625
0.0,0.0,0.0,0.0,0.0,0.0,0.0,1.0,0.30004883,6.0,18.0,3.0,3.0,2.0,0.0,1212.1,4.2695312,4.3007812,2.6503906
0.0,0.0,0.0,0.0,0.0,0.0,0.0,1.0,0.3100586,7.0,15.0,3.0,3.0,3.0,2.0,1212.44,4.4101562,4.4414062,2.6503906
0.0,0.0,0.0,0.0,0.0,0.0,0.0,1.0,0.33007812,6.0,14.0,3.0,3.0,3.0,0.0,1212.51,4.4804688,4.5117188,2.6796875
0.0,0.0,0.0,0.0,0.0,0.0,0.0,1.0,0.32006836,6.0,16.0,3.0,3.0,3.0,0.0,1212.54,4.3789062,4.3984375,2.75
0.0,0.0,0.0,0.0,0.0,0.0,0.0,1.0,0.30004883,7.0,17.0,3.0,3.0,3.0,0.0,1212.63,4.328125,4.3515625,2.640625
0.0,0.0,0.0,0.0,0.0,0.0,0.0,1.0,0.3400879,5.0,16.0,3.0,3.0,3.0,0.0,1212.64,4.4492188,4.46875,2.7890625
0.0,0.0,0.0,0.0,0.0,0.0,0.0,1.0,0.32006836,8.0,18.0,3.0,3.0,3.0,0.0,1445.12,4.359375,4.390625,2.7304688
0.0,0.0,0.0,0.0,0.0,0.0,0.0,1.0,0.5,5.0,11.0,3.0,3.0,2.0,0.0,1445.12,5.0195312,5.0898438,3.1699219
0.0,0.0,0.0,0.0,0.0,0.0,0.0,1.0,0.39990234,4.0,17.0,3.0,3.0,2.0,0.0,1445.29,4.6484375,4.7109375,2.9492188
0.0,0.0,0.0,0.0,0.0,0.0,0.0,1.0,0.39990234,6.0,14.0,2.0,3.0,2.0,0.0,1445.29,4.6289062,4.6796875,2.9199219
0.0,0.0,0.0,0.0,0.0,0.0,0.0,1.0,0.39990234,5.0,14.0,3.0,2.0,3.0,0.0,1445.29,4.6914062,4.71875,2.9492188
0.0,0.0,0.0,0.0,0.0,0.0,0.0,1.0,0.39990234,5.0,14.0,2.0,3.0,2.0,0.0,1445.29,4.6015625,4.6289062,2.9394531
0.0,0.0,0.0,0.0,0.0,0.0,0.0,1.0,0.35009766,7.0,18.0,3.0,3.0,3.0,0.0,1445.34,4.5195312,4.5390625,2.8007812
0.0,0.0,0.0,0.0,0.0,0.0,0.0,1.0,0.35009766,7.0,15.0,3.0,3.0,3.0,0.0,1445.41,4.5507812,4.578125,2.7695312
0.0,0.0,0.0,0.0,0.0,0.0,0.0,1.0,0.35009766,7.0,16.0,3.0,3.0,3.0,0.0,1366.03,4.5585938,4.5898438,2.8007812
0.0,0.0,0.0,0.0,0.0,0.0,0.0,1.0,0.35009766,7.0,16.0,3.0,3.0,3.0,0.0,1366.03,4.5195312,4.5390625,2.8105469
0.0,0.0,0.0,0.0,0.0,0.0,0.0,1.0,0.3400879,6.0,17.0,3.0,3.0,3.0,0.0,1366.08,4.4296875,4.4609375,2.8007812
0.0,0.0,0.0,0.0,0.0,0.0,0.0,1.0,0.3400879,6.0,17.0,3.0,3.0,3.0,0.0,1366.08,4.4414062,4.4492188,2.7792969
0.0,0.0,0.0,0.0,0.0,0.0,0.0,1.0,0.3400879,5.0,18.0,3.0,3.0,3.0,0.0,1366.08,4.5703125,4.6015625,2.7109375
0.0,0.0,0.0,0.0,0.0,0.0,0.0,1.0,0.35009766,5.0,18.0,3.0,3.0,3.0,0.0,1366.08,4.5117188,4.5390625,2.8105469
0.0,0.0,0.0,0.0,0.0,0.0,0.0,1.0,0.39990234,8.0,13.0,3.0,3.0,3.0,1.0,1366.28,4.6992188,4.7304688,2.9296875
0.0,0.0,0.0,0.0,0.0,0.0,0.0,1.0,0.3400879,7.0,16.0,3.0,3.0,3.0,0.0,1366.53,4.4609375,4.4882812,2.8007812
0.0,0.0,0.0,0.0,0.0,0.0,0.0,1.0,0.35009766,7.0,18.0,3.0,3.0,3.0,0.0,1366.67,4.5117188,4.5390625,2.7597656
0.0,0.0,0.0,0.0,0.0,0.0,0.0,1.0,0.35009766,7.0,18.0,3.0,3.0,3.0,0.0,1366.67,4.5195312,4.5390625,2.7792969
0.0,0.0,0.0,0.0,0.0,0.0,0.0,1.0,0.36010742,5.0,16.0,3.0,3.0,3.0,0.0,1366.89,4.53125,4.5585938,2.8300781
0.0,0.0,0.0,0.0,0.0,0.0,0.0,1.0,0.36010742,7.0,15.0,3.0,3.0,3.0,0.0,1366.92,4.5195312,4.5507812,2.8398438
0.0,0.0,0.0,0.0,0.0,0.0,0.0,1.0,0.39990234,5.0,14.0,2.0,2.0,1.0,0.0,1366.92,4.671875,4.7617188,2.9003906
0.0,0.0,0.0,0.0,0.0,0.0,0.0,1.0,0.30004883,6.0,18.0,3.0,2.0,2.0,0.0,1156.87,4.2382812,4.2890625,2.6308594
0.0,0.0,0.0,0.0,0.0,0.0,0.0,1.0,0.5,4.0,9.0,3.0,3.0,3.0,0.0,1156.87,5.140625,5.1796875,3.0898438
0.0,0.0,0.0,0.0,0.0,0.0,0.0,1.0,0.30004883,6.0,17.0,3.0,3.0,2.0,0.0,1156.91,4.2617188,4.28125,2.6699219
0.0,0.0,0.0,0.0,0.0,0.0,0.0,1.0,0.30004883,6.0,17.0,2.0,3.0,2.0,0.0,1156.91,4.328125,4.3515625,2.6191406
0.0,0.0,0.0,0.0,0.0,0.0,0.0,1.0,0.30004883,6.0,17.0,3.0,3.0,2.0,0.0,1156.91,4.28125,4.328125,2.640625
0.0,0.0,0.0,0.0,0.0,0.0,0.0,1.0,0.30004883,5.0,18.0,3.0,2.0,3.0,0.0,1156.91,4.28125,4.3085938,2.6894531
0.0,0.0,0.0,0.0,0.0,0.0,0.0,1.0,0.30004883,5.0,18.0,3.0,2.0,2.0,0.0,1156.91,4.2617188,4.3007812,2.640625
0.0,0.0,0.0,0.0,0.0,0.0,0.0,1.0,0.30004883,5.0,18.0,3.0,3.0,2.0,0.0,1156.91,4.2617188,4.2695312,2.6601562
0.0,0.0,0.0,0.0,0.0,0.0,0.0,1.0,0.39990234,5.0,16.0,2.0,3.0,2.0,0.0,1470.42,4.6601562,4.7109375,2.9394531
0.0,0.0,0.0,0.0,0.0,0.0,0.0,1.0,0.39990234,5.0,18.0,2.0,3.0,2.0,1.0,1470.47,4.5898438,4.6289062,2.9804688
0.0,0.0,0.0,0.0,0.0,0.0,0.0,1.0,0.39990234,5.0,18.0,2.0,3.0,3.0,1.0,1470.47,4.6015625,4.640625,2.9609375
0.0,0.0,0.0,0.0,0.0,0.0,0.0,1.0,0.5,3.0,13.0,2.0,2.0,2.0,0.0,1470.58,4.9492188,5.0,3.1796875
0.0,0.0,0.0,0.0,0.0,0.0,0.0,1.0,0.5,3.0,13.0,2.0,2.0,2.0,0.0,1470.58,5.0,5.0585938,3.1308594
0.0,0.0,0.0,0.0,0.0,0.0,0.0,1.0,0.3701172,6.0,17.0,3.0,3.0,3.0,0.0,1471.04,4.6015625,4.609375,2.859375
0.0,0.0,0.0,0.0,0.0,0.0,0.0,1.0,0.3701172,4.0,18.0,3.0,3.0,3.0,0.0,1471.13,4.6289062,4.6484375,2.8007812
0.0,0.0,0.0,0.0,0.0,0.0,0.0,1.0,0.32006836,8.0,18.0,3.0,3.0,3.0,0.0,1471.57,4.46875,4.5,2.6699219
0.0,0.0,0.0,0.0,0.0,0.0,0.0,1.0,0.3798828,5.0,18.0,3.0,3.0,3.0,0.0,1471.62,4.6601562,4.6914062,2.8691406
0.0,0.0,0.0,0.0,0.0,0.0,0.0,1.0,0.39990234,8.0,13.0,3.0,3.0,3.0,0.0,1471.74,4.71875,4.75,2.9101562
0.0,0.0,0.0,0.0,0.0,0.0,0.0,1.0,0.5097656,6.0,11.0,3.0,3.0,2.0,2.0,1471.86,5.0898438,5.1210938,3.1796875
0.0,0.0,0.0,0.0,0.0,0.0,0.0,1.0,0.5,6.0,10.0,3.0,3.0,3.0,2.0,1477.08,5.1796875,5.1992188,3.0703125
0.0,0.0,0.0,0.0,0.0,0.0,0.0,1.0,0.5,4.0,12.0,1.0,3.0,2.0,0.0,1487.23,4.8710938,4.9296875,3.1601562
0.0,0.0,0.0,0.0,0.0,0.0,0.0,1.0,0.5,5.0,12.0,1.0,3.0,1.0,2.0,1496.47,4.8203125,4.8984375,3.2207031
0.0,0.0,0.0,0.0,0.0,0.0,0.0,1.0,0.5,6.0,10.0,3.0,3.0,3.0,0.0,1496.55,5.0390625,5.078125,3.1601562
0.0,0.0,0.0,0.0,0.0,0.0,0.0,1.0,0.64990234,3.0,11.0,2.0,2.0,1.0,0.0,1496.64,5.421875,5.46875,3.4707031
0.0,0.0,0.0,0.0,0.0,0.0,0.0,1.0,0.39990234,7.0,13.0,3.0,3.0,2.0,0.0,1496.8,4.7617188,4.78125,2.890625
0.0,0.0,0.0,0.0,0.0,0.0,0.0,1.0,0.4099121,6.0,17.0,3.0,3.0,3.0,4.0,1497.22,4.8007812,4.8203125,2.9101562
0.0,0.0,0.0,0.0,0.0,0.0,0.0,1.0,0.5,6.0,11.0,3.0,2.0,2.0,2.0,1497.35,5.0898438,5.1289062,3.1308594
0.0,0.0,0.0,0.0,0.0,0.0,0.0,1.0,0.5,4.0,11.0,3.0,3.0,3.0,0.0,1497.4,5.078125,5.1015625,3.1601562
0.0,0.0,0.0,0.0,0.0,0.0,0.0,1.0,0.5,8.0,11.0,2.0,2.0,2.0,2.0,1497.45,4.9414062,4.9804688,3.1796875
0.0,0.0,0.0,0.0,0.0,0.0,0.0,1.0,0.5,8.0,9.0,3.0,3.0,3.0,0.0,1497.46,5.0585938,5.0898438,3.1796875
0.0,0.0,0.0,0.0,0.0,0.0,0.0,1.0,0.39990234,6.0,13.0,3.0,3.0,3.0,0.0,1481.22,4.671875,4.7109375,2.9394531
0.0,0.0,0.0,0.0,0.0,0.0,0.0,1.0,0.5,4.0,12.0,2.0,3.0,1.0,0.0,1481.29,4.96875,5.0507812,3.109375
0.0,0.0,0.0,0.0,0.0,0.0,0.0,1.0,0.5,3.0,12.0,1.0,2.0,1.0,0.0,1481.32,5.1601562,5.171875,3.0195312
0.0,0.0,0.0,0.0,0.0,0.0,0.0,1.0,0.5,6.0,10.0,3.0,3.0,3.0,2.0,1481.34,5.109375,5.1289062,3.140625
0.0,0.0,0.0,0.0,0.0,0.0,0.0,1.0,0.5,7.0,11.0,1.0,2.0,2.0,0.0,1481.37,4.8085938,4.8789062,3.2109375
0.0,0.0,0.0,0.0,0.0,0.0,0.0,1.0,0.5,7.0,11.0,1.0,2.0,2.0,0.0,1481.37,4.8984375,4.9296875,3.1601562
0.0,0.0,0.0,0.0,0.0,0.0,0.0,1.0,0.38989258,8.0,14.0,3.0,3.0,3.0,0.0,1481.62,4.6992188,4.71875,2.9492188
0.0,0.0,0.0,0.0,0.0,0.0,0.0,1.0,0.5,5.0,11.0,2.0,2.0,2.0,0.0,1481.75,4.9296875,4.9804688,3.1894531
0.0,0.0,0.0,0.0,0.0,0.0,0.0,1.0,0.5,5.0,11.0,2.0,3.0,2.0,0.0,1481.75,4.921875,4.9609375,3.1699219
0.0,0.0,0.0,0.0,0.0,0.0,0.0,1.0,0.5,5.0,11.0,2.0,3.0,3.0,0.0,1481.75,4.9414062,4.9804688,3.1894531
0.0,0.0,0.0,0.0,0.0,0.0,0.0,1.0,0.5,5.0,11.0,3.0,3.0,2.0,0.0,1481.75,5.109375,5.171875,3.0996094
0.0,0.0,0.0,0.0,0.0,0.0,0.0,1.0,0.39990234,4.0,16.0,3.0,2.0,2.0,0.0,1481.86,4.75,4.7695312,2.8691406
0.0,0.0,0.0,0.0,0.0,0.0,0.0,1.0,0.41992188,5.0,13.0,3.0,3.0,3.0,0.0,1492.9,4.75,4.78125,2.9902344
0.0,0.0,0.0,0.0,0.0,0.0,0.0,1.0,0.7998047,5.0,3.0,2.0,2.0,2.0,0.0,1473.68,5.7617188,5.828125,3.7304688
0.0,0.0,0.0,0.0,0.0,0.0,0.0,1.0,0.58984375,8.0,11.0,3.0,3.0,3.0,0.0,1473.73,5.3398438,5.3789062,3.3496094
0.0,0.0,0.0,0.0,0.0,0.0,0.0,1.0,0.39990234,7.0,13.0,3.0,3.0,2.0,0.0,1473.78,4.7109375,4.7382812,2.9101562
0.0,0.0,0.0,0.0,0.0,0.0,0.0,1.0,0.5,3.0,13.0,2.0,2.0,1.0,0.0,1473.78,4.9414062,5.0195312,3.2304688
0.0,0.0,0.0,0.0,0.0,0.0,0.0,1.0,0.58984375,5.0,10.0,3.0,3.0,3.0,0.0,1474.06,5.328125,5.3710938,3.359375
0.0,0.0,0.0,0.0,0.0,0.0,0.0,1.0,0.39990234,4.0,16.0,2.0,3.0,2.0,0.0,1474.41,4.6015625,4.6601562,2.9492188
0.0,0.0,0.0,0.0,0.0,0.0,0.0,1.0,0.39990234,4.0,16.0,3.0,3.0,2.0,0.0,1474.41,4.75,4.8007812,2.859375
0.0,0.0,0.0,0.0,0.0,0.0,0.0,1.0,0.39990234,7.0,13.0,3.0,2.0,2.0,0.0,1474.41,4.6992188,4.71875,2.9101562
0.0,0.0,0.0,0.0,0.0,0.0,0.0,1.0,0.5,4.0,12.0,2.0,2.0,2.0,4.0,1474.59,5.0390625,5.078125,3.0605469
0.0,0.0,0.0,0.0,0.0,0.0,0.0,1.0,0.5498047,4.0,12.0,3.0,3.0,3.0,2.0,1474.7,5.2109375,5.25,3.2792969
0.0,0.0,0.0,0.0,0.0,0.0,0.0,1.0,0.3701172,7.0,18.0,3.0,3.0,3.0,0.0,1474.81,4.6484375,4.6601562,2.8398438
0.0,0.0,0.0,0.0,0.0,0.0,0.0,1.0,0.5,3.0,13.0,3.0,3.0,2.0,0.0,1472.04,5.1914062,5.2109375,3.0800781
0.0,0.0,0.0,0.0,0.0,0.0,0.0,1.0,0.5,7.0,11.0,3.0,3.0,3.0,1.0,1472.04,5.0703125,5.1015625,3.1796875
0.0,0.0,0.0,0.0,0.0,0.0,0.0,1.0,0.5,3.0,12.0,1.0,3.0,2.0,0.0,1472.09,4.8710938,4.921875,3.1796875
0.0,0.0,0.0,0.0,0.0,0.0,0.0,1.0,0.58984375,3.0,12.0,3.0,2.0,3.0,0.0,1472.19,5.3203125,5.359375,3.3398438
0.0,0.0,0.0,0.0,0.0,0.0,0.0,1.0,0.3400879,8.0,16.0,3.0,3.0,3.0,0.0,1472.4,4.4882812,4.5117188,2.8007812
0.0,0.0,0.0,0.0,0.0,0.0,0.0,1.0,0.36010742,8.0,15.0,3.0,3.0,3.0,0.0,1472.67,4.5507812,4.578125,2.8496094
0.0,0.0,0.0,0.0,0.0,0.0,0.0,1.0,0.3701172,8.0,15.0,3.0,3.0,3.0,0.0,1472.92,4.5507812,4.5898438,2.8808594
0.0,0.0,0.0,0.0,0.0,0.0,0.0,1.0,0.39990234,4.0,15.0,3.0,3.0,3.0,0.0,1473.04,4.6796875,4.7109375,2.9296875
0.0,0.0,0.0,0.0,0.0,0.0,0.0,1.0,0.5,2.0,14.0,3.0,3.0,3.0,1.0,1473.19,5.1484375,5.171875,3.109375
0.0,0.0,0.0,0.0,0.0,0.0,0.0,1.0,0.5,4.0,11.0,2.0,3.0,3.0,0.0,1473.25,5.0703125,5.0898438,3.140625
0.0,0.0,0.0,0.0,0.0,0.0,0.0,1.0,0.5600586,4.0,10.0,3.0,3.0,3.0,2.0,1473.68,5.25,5.28125,3.2890625
0.0,0.0,0.0,0.0,0.0,0.0,0.0,1.0,0.6098633,3.0,12.0,3.0,2.0,3.0,2.0,1497.52,5.421875,5.4296875,3.4003906
0.0,0.0,0.0,0.0,0.0,0.0,0.0,1.0,0.35009766,8.0,15.0,3.0,3.0,3.0,0.0,1497.93,4.5703125,4.6015625,2.7402344
0.0,0.0,0.0,0.0,0.0,0.0,0.0,1.0,0.35009766,8.0,15.0,3.0,3.0,3.0,0.0,1497.93,4.5195312,4.5390625,2.8300781
0.0,0.0,0.0,0.0,0.0,0.0,0.0,1.0,0.35009766,8.0,15.0,3.0,3.0,3.0,0.0,1497.93,4.5117188,4.53125,2.8105469
0.0,0.0,0.0,0.0,0.0,0.0,0.0,1.0,0.39990234,4.0,16.0,3.0,3.0,3.0,0.0,1498.03,4.7304688,4.75,2.9394531
0.0,0.0,0.0,0.0,0.0,0.0,0.0,1.0,0.39990234,4.0,16.0,3.0,3.0,3.0,0.0,1498.03,4.71875,4.7304688,2.9492188
0.0,0.0,0.0,0.0,0.0,0.0,0.0,1.0,0.39990234,7.0,13.0,3.0,3.0,3.0,0.0,1498.03,4.6992188,4.7382812,2.9394531
0.0,0.0,0.0,0.0,0.0,0.0,0.0,1.0,0.39990234,4.0,15.0,3.0,3.0,3.0,0.0,1498.76,4.6992188,4.7304688,2.9609375
0.0,0.0,0.0,0.0,0.0,0.0,0.0,1.0,0.6298828,4.0,9.0,3.0,3.0,3.0,0.0,1478.29,5.4492188,5.46875,3.3808594
0.0,0.0,0.0,0.0,0.0,0.0,0.0,1.0,0.64990234,6.0,8.0,2.0,3.0,1.0,0.0,1478.33,5.390625,5.46875,3.4804688
0.0,0.0,0.0,0.0,0.0,0.0,0.0,1.0,0.39990234,4.0,17.0,3.0,2.0,3.0,0.0,1507.58,4.671875,4.7109375,2.9199219
0.0,0.0,0.0,0.0,0.0,0.0,0.0,1.0,0.39990234,4.0,17.0,3.0,3.0,2.0,0.0,1507.58,4.6914062,4.75,2.9199219
0.0,0.0,0.0,0.0,0.0,0.0,0.0,1.0,0.5,4.0,11.0,2.0,2.0,3.0,0.0,1507.62,5.1914062,5.2109375,3.0390625
0.0,0.0,0.0,0.0,0.0,0.0,0.0,1.0,0.5,8.0,11.0,2.0,3.0,3.0,0.0,1507.79,4.9492188,4.9882812,3.2109375
0.0,0.0,0.0,0.0,0.0,0.0,0.0,1.0,0.5,8.0,11.0,2.0,3.0,3.0,0.0,1507.79,4.9414062,4.9804688,3.1894531
0.0,0.0,0.0,0.0,0.0,0.0,0.0,1.0,0.5097656,3.0,12.0,3.0,3.0,3.0,1.0,1508.15,5.0703125,5.1015625,3.1796875
0.0,0.0,0.0,0.0,0.0,0.0,0.0,1.0,0.5097656,3.0,12.0,3.0,2.0,3.0,2.0,1508.15,5.1484375,5.1796875,3.1894531
0.0,0.0,0.0,0.0,0.0,0.0,0.0,1.0,0.39990234,5.0,15.0,2.0,3.0,2.0,0.0,1508.16,4.609375,4.6601562,3.0
0.0,0.0,0.0,0.0,0.0,0.0,0.0,1.0,0.5,5.0,12.0,2.0,3.0,1.0,2.0,1508.36,5.0390625,5.1015625,3.140625
0.0,0.0,0.0,0.0,0.0,0.0,0.0,1.0,0.5,5.0,12.0,1.0,3.0,1.0,2.0,1508.36,4.8007812,4.890625,3.2304688
0.0,0.0,0.0,0.0,0.0,0.0,0.0,1.0,0.4099121,4.0,16.0,3.0,3.0,3.0,0.0,1508.39,4.75,4.7890625,2.9804688
0.0,0.0,0.0,0.0,0.0,0.0,0.0,1.0,0.39990234,4.0,17.0,3.0,3.0,2.0,0.0,1515.69,4.640625,4.6914062,2.9609375
0.0,0.0,0.0,0.0,0.0,0.0,0.0,1.0,0.5097656,3.0,17.0,3.0,3.0,3.0,4.0,1515.99,5.171875,5.1796875,3.140625
0.0,0.0,0.0,0.0,0.0,0.0,0.0,1.0,0.3701172,8.0,16.0,3.0,3.0,3.0,4.0,1516.1,4.578125,4.609375,2.8808594
0.0,0.0,0.0,0.0,0.0,0.0,0.0,1.0,0.39990234,6.0,15.0,3.0,2.0,2.0,0.0,1516.3,4.7109375,4.7382812,2.9492188
0.0,0.0,0.0,0.0,0.0,0.0,0.0,1.0,0.52001953,3.0,12.0,3.0,3.0,3.0,0.0,1516.4,5.1484375,5.1796875,3.2109375
0.0,0.0,0.0,0.0,0.0,0.0,0.0,1.0,0.5498047,4.0,11.0,3.0,3.0,3.0,0.0,1516.44,5.2109375,5.2304688,3.2695312
0.0,0.0,0.0,0.0,0.0,0.0,0.0,1.0,0.5,4.0,11.0,3.0,3.0,2.0,0.0,1516.45,5.0195312,5.0585938,3.1796875
0.0,0.0,0.0,0.0,0.0,0.0,0.0,1.0,0.36010742,8.0,15.0,3.0,3.0,3.0,0.0,1516.47,4.5390625,4.5585938,2.8496094
0.0,0.0,0.0,0.0,0.0,0.0,0.0,1.0,0.36010742,8.0,15.0,3.0,3.0,3.0,0.0,1516.47,4.5195312,4.5507812,2.8203125
0.0,0.0,0.0,0.0,0.0,0.0,0.0,1.0,0.4699707,3.0,15.0,3.0,3.0,3.0,0.0,1523.91,5.0,5.0117188,3.0996094
0.0,0.0,0.0,0.0,0.0,0.0,0.0,1.0,0.5498047,3.0,11.0,3.0,2.0,3.0,0.0,1524.06,5.2382812,5.2695312,3.2402344
0.0,0.0,0.0,0.0,0.0,0.0,0.0,1.0,0.5600586,5.0,10.0,3.0,3.0,3.0,0.0,1524.18,5.28125,5.3007812,3.2792969
0.0,0.0,0.0,0.0,0.0,0.0,0.0,1.0,0.5600586,6.0,10.0,3.0,3.0,3.0,0.0,1524.3,5.2382812,5.2695312,3.2792969
0.0,0.0,0.0,0.0,0.0,0.0,0.0,1.0,0.5,6.0,19.0,3.0,3.0,2.0,4.0,1524.38,5.0390625,5.1015625,3.1503906
0.0,0.0,0.0,0.0,0.0,0.0,0.0,1.0,0.6401367,6.0,8.0,3.0,3.0,3.0,2.0,1524.65,5.4804688,5.5117188,3.4609375
0.0,0.0,0.0,0.0,0.0,0.0,0.0,1.0,0.35009766,8.0,17.0,3.0,3.0,3.0,0.0,1524.67,4.6289062,4.6484375,2.7207031
0.0,0.0,0.0,0.0,0.0,0.0,0.0,1.0,0.3701172,8.0,15.0,3.0,3.0,3.0,0.0,1524.82,4.5585938,4.578125,2.8808594
0.0,0.0,0.0,0.0,0.0,0.0,0.0,1.0,0.48999023,4.0,13.0,2.0,3.0,1.0,2.0,1520.56,5.1289062,5.171875,3.0703125
0.0,0.0,0.0,0.0,0.0,0.0,0.0,1.0,0.5,6.0,10.0,3.0,3.0,3.0,2.0,1520.66,5.1210938,5.140625,3.1191406
0.0,0.0,0.0,0.0,0.0,0.0,0.0,1.0,0.5,6.0,10.0,3.0,3.0,3.0,2.0,1520.66,5.0585938,5.0898438,3.1796875
0.0,0.0,0.0,0.0,0.0,0.0,0.0,1.0,0.5,6.0,10.0,3.0,3.0,3.0,0.0,1520.66,5.0507812,5.0703125,3.1699219
0.0,0.0,0.0,0.0,0.0,0.0,0.0,1.0,0.5,3.0,12.0,3.0,3.0,3.0,0.0,1520.76,5.0703125,5.1015625,3.1699219
0.0,0.0,0.0,0.0,0.0,0.0,0.0,1.0,0.5,3.0,13.0,2.0,2.0,1.0,0.0,1520.79,5.0195312,5.0703125,3.140625
0.0,0.0,0.0,0.0,0.0,0.0,0.0,1.0,0.5,3.0,13.0,3.0,2.0,2.0,0.0,1520.79,5.0390625,5.078125,3.1699219
0.0,0.0,0.0,0.0,0.0,0.0,0.0,1.0,0.5,3.0,13.0,2.0,3.0,2.0,0.0,1520.79,4.9804688,5.0,3.1699219
0.0,0.0,0.0,0.0,0.0,0.0,0.0,1.0,0.5,4.0,12.0,2.0,2.0,1.0,2.0,1520.79,4.9101562,5.0117188,3.1894531
0.0,0.0,0.0,0.0,0.0,0.0,0.0,1.0,0.4099121,4.0,17.0,3.0,3.0,3.0,2.0,1520.86,4.8007812,4.828125,2.9199219
0.0,0.0,0.0,0.0,0.0,0.0,0.0,1.0,0.5,4.0,12.0,1.0,3.0,2.0,2.0,1521.07,4.859375,4.9296875,3.1796875
0.0,0.0,0.0,0.0,0.0,0.0,0.0,1.0,0.70996094,4.0,11.0,1.0,1.0,0.0,2.0,1518.9,5.6601562,5.7109375,3.4296875
0.0,0.0,0.0,0.0,0.0,0.0,0.0,1.0,0.3100586,9.0,18.0,3.0,3.0,3.0,2.0,1518.97,4.3085938,4.3398438,2.7109375
0.0,0.0,0.0,0.0,0.0,0.0,0.0,1.0,0.5,4.0,12.0,1.0,3.0,1.0,0.0,1521.07,4.8398438,4.9101562,3.2207031
0.0,0.0,0.0,0.0,0.0,0.0,0.0,1.0,0.5,4.0,11.0,3.0,3.0,3.0,2.0,1521.54,5.0703125,5.0898438,3.1796875
0.0,0.0,0.0,0.0,0.0,0.0,0.0,1.0,0.5,4.0,11.0,3.0,3.0,2.0,0.0,1521.54,5.140625,5.1601562,3.0800781
0.0,0.0,0.0,0.0,0.0,0.0,0.0,1.0,0.5,7.0,10.0,3.0,3.0,3.0,2.0,1521.54,5.0195312,5.0585938,3.1699219
0.0,0.0,0.0,0.0,0.0,0.0,0.0,1.0,0.5,8.0,11.0,2.0,3.0,2.0,0.0,1521.71,4.9101562,4.9804688,3.1992188
0.0,0.0,0.0,0.0,0.0,0.0,0.0,1.0,0.39990234,7.0,13.0,3.0,3.0,3.0,0.0,1521.83,4.6601562,4.6992188,2.9492188
0.0,0.0,0.0,0.0,0.0,0.0,0.0,1.0,0.8100586,7.0,5.0,3.0,3.0,3.0,0.0,1522.1,5.9492188,5.9804688,3.7109375
0.0,0.0,0.0,0.0,0.0,0.0,0.0,1.0,0.36010742,7.0,16.0,3.0,2.0,3.0,0.0,1522.55,4.578125,4.609375,2.8300781
0.0,0.0,0.0,0.0,0.0,0.0,0.0,1.0,0.5,4.0,11.0,3.0,3.0,2.0,0.0,1522.71,5.0507812,5.078125,3.1699219
0.0,0.0,0.0,0.0,0.0,0.0,0.0,1.0,0.5,4.0,12.0,3.0,3.0,2.0,2.0,1514.71,5.1015625,5.1484375,3.0898438
0.0,0.0,0.0,0.0,0.0,0.0,0.0,1.0,0.39990234,5.0,15.0,2.0,3.0,2.0,0.0,1514.92,4.6289062,4.6796875,2.9199219
0.0,0.0,0.0,0.0,0.0,0.0,0.0,1.0,0.5,4.0,12.0,2.0,3.0,2.0,0.0,1515.12,4.8984375,4.96875,3.1601562
0.0,0.0,0.0,0.0,0.0,0.0,0.0,1.0,0.5698242,6.0,11.0,3.0,3.0,3.0,0.0,1515.25,5.2890625,5.3203125,3.3203125
0.0,0.0,0.0,0.0,0.0,0.0,0.0,1.0,0.3701172,8.0,15.0,3.0,3.0,3.0,0.0,1533.57,4.5703125,4.578125,2.8691406
0.0,0.0,0.0,0.0,0.0,0.0,0.0,1.0,0.3701172,6.0,18.0,3.0,3.0,3.0,0.0,1533.59,4.6289062,4.640625,2.8300781
0.0,0.0,0.0,0.0,0.0,0.0,0.0,1.0,0.5,3.0,14.0,2.0,3.0,1.0,0.0,1533.62,5.0898438,5.1289062,3.0703125
0.0,0.0,0.0,0.0,0.0,0.0,0.0,1.0,0.75,5.0,6.0,3.0,3.0,3.0,0.0,1533.62,5.8984375,5.9414062,3.5390625
0.0,0.0,0.0,0.0,0.0,0.0,0.0,1.0,0.5,3.0,17.0,2.0,3.0,2.0,0.0,1533.66,5.03125,5.0585938,3.1191406
0.0,0.0,0.0,0.0,0.0,0.0,0.0,1.0,0.5,7.0,10.0,3.0,3.0,2.0,0.0,1533.69,5.078125,5.109375,3.0996094
0.0,0.0,0.0,0.0,0.0,0.0,0.0,1.0,0.5,3.0,13.0,2.0,2.0,2.0,0.0,1533.73,5.0390625,5.0898438,3.109375
0.0,0.0,0.0,0.0,0.0,0.0,0.0,1.0,0.5,3.0,13.0,2.0,3.0,2.0,0.0,1539.81,5.1015625,5.1484375,3.0292969
0.0,0.0,0.0,0.0,0.0,0.0,0.0,1.0,0.5,3.0,13.0,3.0,3.0,3.0,0.0,1539.81,5.0585938,5.0898438,3.1699219
0.0,0.0,0.0,0.0,0.0,0.0,0.0,1.0,0.5,3.0,13.0,1.0,0.0,1.0,0.0,1539.81,4.8398438,4.9101562,3.2207031
0.0,0.0,0.0,0.0,0.0,0.0,0.0,1.0,0.5,7.0,11.0,2.0,2.0,2.0,0.0,1539.81,4.921875,4.9804688,3.1699219
0.0,0.0,0.0,0.0,0.0,0.0,0.0,1.0,0.39990234,5.0,15.0,3.0,3.0,3.0,2.0,1539.93,4.6601562,4.6914062,2.9492188
0.0,0.0,0.0,0.0,0.0,0.0,0.0,1.0,0.39990234,5.0,15.0,3.0,3.0,2.0,0.0,1539.93,4.6601562,4.71875,2.9394531
0.0,0.0,0.0,0.0,0.0,0.0,0.0,1.0,0.39990234,5.0,15.0,3.0,2.0,3.0,0.0,1539.93,4.6914062,4.7109375,2.9394531
0.0,0.0,0.0,0.0,0.0,0.0,0.0,1.0,0.6201172,6.0,9.0,3.0,3.0,3.0,2.0,1540.07,5.4414062,5.46875,3.4101562
0.0,0.0,0.0,0.0,0.0,0.0,0.0,1.0,0.5,3.0,13.0,1.0,2.0,0.0,0.0,1540.45,5.0585938,5.109375,3.0800781
0.0,0.0,0.0,0.0,0.0,0.0,0.0,1.0,0.5,3.0,13.0,3.0,3.0,3.0,2.0,1540.57,5.0507812,5.078125,3.1699219
0.0,0.0,0.0,0.0,0.0,0.0,0.0,1.0,0.39990234,5.0,15.0,3.0,2.0,2.0,0.0,1540.6,4.6992188,4.75,2.890625
0.0,0.0,0.0,0.0,0.0,0.0,0.0,1.0,0.39990234,4.0,18.0,2.0,3.0,2.0,0.0,1540.6,4.7617188,4.8085938,2.8496094
0.0,0.0,0.0,0.0,0.0,0.0,0.0,1.0,0.42993164,5.0,13.0,3.0,3.0,3.0,0.0,1540.69,4.8085938,4.828125,3.0195312
0.0,0.0,0.0,0.0,0.0,0.0,0.0,1.0,0.5,6.0,10.0,3.0,3.0,3.0,2.0,1536.22,5.1289062,5.1601562,3.140625
0.0,0.0,0.0,0.0,0.0,0.0,0.0,1.0,0.5,5.0,13.0,0.0,3.0,1.0,0.0,1536.29,4.8515625,4.9101562,3.2695312
0.0,0.0,0.0,0.0,0.0,0.0,0.0,1.0,0.5,7.0,11.0,3.0,3.0,2.0,2.0,1536.39,5.109375,5.1289062,3.140625
0.0,0.0,0.0,0.0,0.0,0.0,0.0,1.0,0.60009766,6.0,9.0,3.0,3.0,3.0,0.0,1536.74,5.3789062,5.4101562,3.3691406
0.0,0.0,0.0,0.0,0.0,0.0,0.0,1.0,0.39990234,6.0,13.0,3.0,3.0,3.0,0.0,1533.86,4.78125,4.8007812,2.8691406
0.0,0.0,0.0,0.0,0.0,0.0,0.0,1.0,0.39990234,4.0,16.0,3.0,3.0,3.0,0.0,1533.95,4.6914062,4.7109375,2.9492188
0.0,0.0,0.0,0.0,0.0,0.0,0.0,1.0,0.39990234,4.0,16.0,3.0,3.0,3.0,0.0,1533.95,4.6914062,4.7109375,2.9394531
0.0,0.0,0.0,0.0,0.0,0.0,0.0,1.0,0.39990234,7.0,13.0,3.0,3.0,3.0,0.0,1533.95,4.7109375,4.7382812,2.9492188
0.0,0.0,0.0,0.0,0.0,0.0,0.0,1.0,0.4099121,4.0,15.0,3.0,3.0,3.0,0.0,1534.03,4.7304688,4.7617188,2.9609375
0.0,0.0,0.0,0.0,0.0,0.0,0.0,1.0,0.58984375,6.0,10.0,3.0,3.0,3.0,4.0,1534.37,5.3789062,5.3984375,3.3007812
0.0,0.0,0.0,0.0,0.0,0.0,0.0,1.0,0.5,5.0,11.0,3.0,3.0,3.0,0.0,1534.49,5.1914062,5.2109375,3.0703125
0.0,0.0,0.0,0.0,0.0,0.0,0.0,1.0,0.5,2.0,15.0,3.0,3.0,3.0,0.0,1534.52,5.1289062,5.1484375,3.1503906
0.0,0.0,0.0,0.0,0.0,0.0,0.0,1.0,0.5,2.0,15.0,3.0,3.0,3.0,0.0,1534.52,5.078125,5.109375,3.1699219
0.0,0.0,0.0,0.0,0.0,0.0,0.0,1.0,0.5,2.0,15.0,3.0,3.0,3.0,0.0,1534.52,5.0703125,5.0898438,3.140625
0.0,0.0,0.0,0.0,0.0,0.0,0.0,1.0,0.5,4.0,11.0,3.0,3.0,3.0,0.0,1534.52,5.0585938,5.0898438,3.1699219
0.0,0.0,0.0,0.0,0.0,0.0,0.0,1.0,0.5,5.0,12.0,2.0,2.0,2.0,0.0,1534.52,4.9609375,5.0,3.1992188
0.0,0.0,0.0,0.0,0.0,0.0,0.0,1.0,0.39990234,6.0,15.0,3.0,3.0,2.0,0.0,1534.57,4.6796875,4.7304688,2.9101562
0.0,0.0,0.0,0.0,0.0,0.0,0.0,1.0,0.35009766,8.0,18.0,3.0,3.0,3.0,0.0,1534.72,4.4609375,4.4882812,2.8007812
0.0,0.0,0.0,0.0,0.0,0.0,0.0,1.0,0.30004883,9.0,18.0,3.0,3.0,2.0,0.0,1535.06,4.3398438,4.359375,2.6308594
0.0,0.0,0.0,0.0,0.0,0.0,0.0,1.0,0.75,3.0,9.0,3.0,3.0,3.0,0.0,1535.11,5.7695312,5.8007812,3.6308594
0.0,0.0,0.0,0.0,0.0,0.0,0.0,1.0,0.5,6.0,11.0,2.0,2.0,2.0,2.0,1535.38,5.0,5.03125,3.140625
0.0,0.0,0.0,0.0,0.0,0.0,0.0,1.0,0.5,6.0,19.0,2.0,3.0,1.0,0.0,1532.76,4.8710938,4.9609375,3.1894531
0.0,0.0,0.0,0.0,0.0,0.0,0.0,1.0,0.5,4.0,13.0,2.0,3.0,2.0,1.0,1532.76,5.0117188,5.0390625,3.1796875
0.0,0.0,0.0,0.0,0.0,0.0,0.0,1.0,0.5,4.0,13.0,2.0,2.0,1.0,2.0,1532.76,4.9609375,5.0117188,3.1992188
0.0,0.0,0.0,0.0,0.0,0.0,0.0,1.0,0.5,4.0,13.0,1.0,2.0,2.0,1.0,1532.76,4.9492188,5.0,3.25
0.0,0.0,0.0,0.0,0.0,0.0,0.0,1.0,0.5,5.0,11.0,3.0,3.0,2.0,0.0,1532.76,5.0507812,5.1210938,3.1699219
0.0,0.0,0.0,0.0,0.0,0.0,0.0,1.0,0.35009766,8.0,17.0,3.0,3.0,3.0,2.0,1532.95,4.4804688,4.5,2.8398438
0.0,0.0,0.0,0.0,0.0,0.0,0.0,1.0,0.5,3.0,16.0,0.0,3.0,1.0,0.0,1533.05,4.75,4.8515625,3.2597656
0.0,0.0,0.0,0.0,0.0,0.0,0.0,1.0,0.5,8.0,11.0,2.0,2.0,2.0,0.0,1528.47,5.1015625,5.140625,3.0703125
0.0,0.0,0.0,0.0,0.0,0.0,0.0,1.0,0.3400879,8.0,17.0,2.0,3.0,2.0,0.0,1528.57,4.5507812,4.5703125,2.7402344
0.0,0.0,0.0,0.0,0.0,0.0,0.0,1.0,0.39990234,5.0,15.0,3.0,3.0,2.0,0.0,1529.11,4.6914062,4.71875,2.9003906
0.0,0.0,0.0,0.0,0.0,0.0,0.0,1.0,0.66015625,2.0,16.0,3.0,3.0,3.0,2.0,1529.25,5.6796875,5.7109375,3.3808594
0.0,0.0,0.0,0.0,0.0,0.0,0.0,1.0,0.5097656,4.0,11.0,3.0,3.0,3.0,2.0,1529.3,5.0898438,5.109375,3.1992188
0.0,0.0,0.0,0.0,0.0,0.0,0.0,1.0,0.5,3.0,12.0,2.0,3.0,2.0,0.0,1529.59,4.96875,5.03125,3.2109375
0.0,0.0,0.0,0.0,0.0,0.0,0.0,1.0,0.5,4.0,11.0,3.0,2.0,3.0,0.0,1529.6,5.03125,5.0703125,3.1699219
0.0,0.0,0.0,0.0,0.0,0.0,0.0,1.0,0.5,7.0,10.0,3.0,3.0,3.0,2.0,1529.6,5.0703125,5.0898438,3.1796875
0.0,0.0,0.0,0.0,0.0,0.0,0.0,1.0,0.39990234,7.0,15.0,2.0,3.0,3.0,0.0,1527.12,4.6601562,4.6914062,2.9492188
0.0,0.0,0.0,0.0,0.0,0.0,0.0,1.0,0.5,5.0,12.0,1.0,3.0,2.0,2.0,1526.21,5.1484375,5.1914062,3.0292969
0.0,0.0,0.0,0.0,0.0,0.0,0.0,1.0,0.4099121,5.0,16.0,3.0,3.0,3.0,2.0,1526.48,4.78125,4.8007812,2.9707031
0.0,0.0,0.0,0.0,0.0,0.0,0.0,1.0,0.39990234,6.0,16.0,2.0,3.0,1.0,0.0,1526.49,4.5898438,4.6601562,2.9707031
0.0,0.0,0.0,0.0,0.0,0.0,0.0,1.0,0.39990234,6.0,17.0,2.0,3.0,2.0,0.0,1526.59,4.6484375,4.6796875,2.9492188
0.0,0.0,0.0,0.0,0.0,0.0,0.0,1.0,0.39990234,6.0,17.0,2.0,3.0,2.0,0.0,1526.59,4.609375,4.6289062,2.9804688
0.0,0.0,0.0,0.0,0.0,0.0,0.0,1.0,0.5097656,4.0,11.0,3.0,3.0,3.0,0.0,1526.62,5.1601562,5.1992188,3.140625
0.0,0.0,0.0,0.0,0.0,0.0,0.0,1.0,0.5600586,3.0,12.0,3.0,3.0,3.0,2.0,1526.7,5.28125,5.3085938,3.25
0.0,0.0,0.0,0.0,0.0,0.0,0.0,1.0,0.5498047,7.0,10.0,3.0,3.0,3.0,4.0,1526.9,5.25,5.28125,3.25
0.0,0.0,0.0,0.0,0.0,0.0,0.0,1.0,0.35009766,8.0,15.0,3.0,3.0,3.0,0.0,1526.92,4.5,4.53125,2.8398438
0.0,0.0,0.0,0.0,0.0,0.0,0.0,1.0,0.5,4.0,12.0,2.0,2.0,1.0,0.0,1527.02,5.1796875,5.2382812,3.0292969
0.0,0.0,0.0,0.0,0.0,0.0,0.0,1.0,0.5,4.0,12.0,2.0,2.0,1.0,0.0,1527.02,4.9492188,5.0117188,3.1601562
0.0,0.0,0.0,0.0,0.0,0.0,0.0,1.0,0.52001953,8.0,10.0,3.0,3.0,3.0,4.0,1527.02,5.1289062,5.1601562,3.2109375
0.0,0.0,0.0,0.0,0.0,0.0,0.0,1.0,0.39990234,4.0,16.0,3.0,3.0,3.0,0.0,1527.12,4.6914062,4.7109375,2.9609375
0.0,0.0,0.0,0.0,0.0,0.0,0.0,1.0,0.39990234,4.0,18.0,2.0,3.0,2.0,0.0,1529.79,4.6914062,4.7382812,2.9492188
0.0,0.0,0.0,0.0,0.0,0.0,0.0,1.0,0.52001953,5.0,10.0,3.0,3.0,3.0,0.0,1530.03,5.1484375,5.1796875,3.1699219
0.0,0.0,0.0,0.0,0.0,0.0,0.0,1.0,0.5,6.0,12.0,0.0,2.0,1.0,0.0,1530.17,4.7695312,4.859375,3.2304688
0.0,0.0,0.0,0.0,0.0,0.0,0.0,1.0,0.5,4.0,13.0,2.0,3.0,1.0,2.0,1530.31,4.9804688,5.0703125,3.1503906
0.0,0.0,0.0,0.0,0.0,0.0,0.0,1.0,0.7001953,4.0,16.0,3.0,3.0,3.0,0.0,1530.36,5.7304688,5.7617188,3.4902344
0.0,0.0,0.0,0.0,0.0,0.0,0.0,1.0,0.45996094,3.0,16.0,3.0,2.0,2.0,0.0,1530.53,4.9492188,4.9882812,3.0605469
0.0,0.0,0.0,0.0,0.0,0.0,0.0,1.0,0.3400879,8.0,18.0,3.0,3.0,3.0,0.0,1530.87,4.4492188,4.46875,2.7792969
0.0,0.0,0.0,0.0,0.0,0.0,0.0,1.0,0.5,3.0,14.0,2.0,2.0,2.0,2.0,1531.13,4.9296875,4.9804688,3.1699219
0.0,0.0,0.0,0.0,0.0,0.0,0.0,1.0,0.39990234,5.0,16.0,2.0,2.0,2.0,0.0,1537.92,4.6015625,4.6484375,2.9492188
0.0,0.0,0.0,0.0,0.0,0.0,0.0,1.0,0.5,5.0,11.0,3.0,3.0,3.0,0.0,1537.95,5.1289062,5.1484375,3.109375
0.0,0.0,0.0,0.0,0.0,0.0,0.0,1.0,0.5,4.0,11.0,3.0,3.0,3.0,2.0,1537.96,5.0585938,5.0898438,3.1699219
0.0,0.0,0.0,0.0,0.0,0.0,0.0,1.0,0.39990234,6.0,17.0,3.0,3.0,3.0,1.0,1537.97,4.6914062,4.7109375,2.9296875
0.0,0.0,0.0,0.0,0.0,0.0,0.0,1.0,0.39990234,7.0,16.0,2.0,2.0,2.0,0.0,1537.97,4.5703125,4.6289062,2.9609375
0.0,0.0,0.0,0.0,0.0,0.0,0.0,1.0,0.41992188,6.0,13.0,3.0,3.0,3.0,0.0,1538.37,4.78125,4.7890625,2.9902344
0.0,0.0,0.0,0.0,0.0,0.0,0.0,1.0,0.5,5.0,11.0,3.0,3.0,3.0,0.0,1531.89,5.0390625,5.0703125,3.1796875
0.0,0.0,0.0,0.0,0.0,0.0,0.0,1.0,0.5,3.0,14.0,2.0,2.0,2.0,0.0,1531.96,5.03125,5.0898438,3.1601562
0.0,0.0,0.0,0.0,0.0,0.0,0.0,1.0,0.52978516,9.0,10.0,3.0,3.0,3.0,2.0,1532.04,5.1914062,5.2109375,3.2304688
0.0,0.0,0.0,0.0,0.0,0.0,0.0,1.0,0.5,4.0,11.0,3.0,3.0,3.0,2.0,1532.05,5.0195312,5.0585938,3.1796875
0.0,0.0,0.0,0.0,0.0,0.0,0.0,1.0,0.5,5.0,11.0,2.0,3.0,2.0,0.0,1532.07,4.921875,5.0,3.140625
0.0,0.0,0.0,0.0,0.0,0.0,0.0,1.0,0.45996094,4.0,14.0,3.0,2.0,2.0,0.0,1532.2,4.9414062,4.96875,3.0800781
0.0,0.0,0.0,0.0,0.0,0.0,0.0,1.0,0.3701172,8.0,18.0,3.0,3.0,3.0,4.0,1532.39,4.6796875,4.7109375,2.8105469
0.0,0.0,0.0,0.0,0.0,0.0,0.0,1.0,0.41992188,6.0,13.0,3.0,3.0,3.0,0.0,1532.59,4.8398438,4.8515625,2.9609375
0.0,0.0,0.0,0.0,0.0,0.0,0.0,1.0,0.39990234,6.0,15.0,3.0,2.0,2.0,0.0,1532.64,4.6601562,4.71875,2.9707031
0.0,0.0,0.0,0.0,0.0,0.0,0.0,1.0,0.5,3.0,12.0,3.0,3.0,3.0,2.0,1538.81,5.109375,5.140625,3.1308594
0.0,0.0,0.0,0.0,0.0,0.0,0.0,1.0,0.33007812,7.0,18.0,3.0,3.0,3.0,0.0,1538.85,4.5117188,4.53125,2.6992188
0.0,0.0,0.0,0.0,0.0,0.0,0.0,1.0,0.5,3.0,13.0,1.0,2.0,1.0,2.0,1538.9,4.828125,4.8984375,3.2304688
0.0,0.0,0.0,0.0,0.0,0.0,0.0,1.0,0.5,3.0,12.0,2.0,2.0,2.0,0.0,1538.91,5.0898438,5.1601562,3.0898438
0.0,0.0,0.0,0.0,0.0,0.0,0.0,1.0,0.5,4.0,11.0,3.0,3.0,3.0,0.0,1538.95,5.0390625,5.0703125,3.1796875
0.0,0.0,0.0,0.0,0.0,0.0,0.0,1.0,0.5,3.0,17.0,1.0,2.0,1.0,0.0,1539.02,4.8515625,4.9414062,3.2109375
0.0,0.0,0.0,0.0,0.0,0.0,0.0,1.0,0.39990234,8.0,17.0,3.0,3.0,3.0,4.0,1539.29,4.671875,4.6914062,2.9609375
0.0,0.0,0.0,0.0,0.0,0.0,0.0,1.0,0.39990234,6.0,16.0,2.0,3.0,2.0,0.0,1539.35,4.6289062,4.671875,2.890625
0.0,0.0,0.0,0.0,0.0,0.0,0.0,1.0,0.39990234,6.0,16.0,2.0,3.0,2.0,2.0,1539.35,4.6289062,4.6914062,2.9296875
0.0,0.0,0.0,0.0,0.0,0.0,0.0,1.0,0.39990234,6.0,16.0,3.0,3.0,2.0,0.0,1539.35,4.6601562,4.6992188,2.9394531
0.0,0.0,0.0,0.0,0.0,0.0,0.0,1.0,0.5,3.0,13.0,3.0,3.0,3.0,2.0,1539.81,5.078125,5.109375,3.1796875
0.0,0.0,0.0,0.0,0.0,0.0,0.0,1.0,0.39990234,5.0,17.0,3.0,3.0,3.0,2.0,1537.34,4.6796875,4.71875,2.9296875
0.0,0.0,0.0,0.0,0.0,0.0,0.0,1.0,0.39990234,6.0,15.0,2.0,2.0,2.0,0.0,1537.39,4.6015625,4.640625,2.9609375
0.0,0.0,0.0,0.0,0.0,0.0,0.0,1.0,0.5,4.0,19.0,3.0,3.0,3.0,4.0,1537.9,5.0585938,5.1015625,3.1601562
0.0,0.0,0.0,0.0,0.0,0.0,0.0,1.0,0.39990234,5.0,16.0,3.0,3.0,3.0,2.0,1537.92,4.6796875,4.71875,2.9492188
0.0,0.0,0.0,0.0,0.0,0.0,0.0,1.0,0.5097656,5.0,11.0,2.0,3.0,2.0,0.0,1538.75,4.9492188,5.0117188,3.2109375
0.0,0.0,0.0,0.0,0.0,0.0,0.0,1.0,0.5,3.0,12.0,2.0,3.0,3.0,2.0,1538.81,4.9414062,4.96875,3.2109375
0.0,0.0,0.0,0.0,0.0,0.0,0.0,1.0,0.5600586,3.0,13.0,3.0,3.0,3.0,0.0,1975.35,5.328125,5.359375,3.2402344
0.0,0.0,0.0,0.0,0.0,0.0,0.0,1.0,0.5,3.0,16.0,3.0,3.0,3.0,0.0,1975.38,5.078125,5.109375,3.140625
0.0,0.0,0.0,0.0,0.0,0.0,0.0,1.0,0.5,3.0,15.0,3.0,3.0,3.0,0.0,1975.38,5.0703125,5.109375,3.140625
0.0,0.0,0.0,0.0,0.0,0.0,0.0,1.0,0.5,3.0,15.0,3.0,3.0,3.0,0.0,1975.38,5.03125,5.0585938,3.1796875
0.0,0.0,0.0,0.0,0.0,0.0,0.0,1.0,0.5,4.0,13.0,3.0,3.0,3.0,0.0,1975.38,5.1289062,5.1601562,3.0800781
0.0,0.0,0.0,0.0,0.0,0.0,0.0,1.0,0.5,4.0,13.0,3.0,3.0,3.0,0.0,1975.38,5.109375,5.140625,3.140625
0.0,0.0,0.0,0.0,0.0,0.0,0.0,1.0,0.5,7.0,12.0,3.0,3.0,3.0,2.0,1975.38,5.0703125,5.078125,3.1699219
0.0,0.0,0.0,0.0,0.0,0.0,0.0,1.0,0.5,4.0,15.0,3.0,3.0,2.0,4.0,1975.49,5.0195312,5.0507812,3.1699219
0.0,0.0,0.0,0.0,0.0,0.0,0.0,1.0,0.5,6.0,13.0,3.0,3.0,3.0,0.0,1975.56,5.0390625,5.0585938,3.109375
0.0,0.0,0.0,0.0,0.0,0.0,0.0,1.0,0.5,4.0,17.0,2.0,2.0,1.0,0.0,1975.61,4.9609375,5.0195312,3.1699219
0.0,0.0,0.0,0.0,0.0,0.0,0.0,1.0,0.5,4.0,13.0,2.0,3.0,2.0,0.0,1975.64,4.9609375,5.0,3.1796875
0.0,0.0,0.0,0.0,0.0,0.0,0.0,1.0,0.5,4.0,13.0,2.0,3.0,3.0,0.0,1975.64,4.9609375,4.9804688,3.1992188
0.0,0.0,0.0,0.0,0.0,0.0,0.0,1.0,0.5,5.0,16.0,2.0,2.0,1.0,2.0,1997.22,4.8789062,4.9609375,3.1601562
0.0,0.0,0.0,0.0,0.0,0.0,0.0,1.0,0.5,8.0,12.0,3.0,3.0,3.0,0.0,1997.22,5.0898438,5.109375,3.1601562
0.0,0.0,0.0,0.0,0.0,0.0,0.0,1.0,0.5,5.0,14.0,1.0,3.0,1.0,2.0,1997.25,4.8007812,4.890625,3.2109375
0.0,0.0,0.0,0.0,0.0,0.0,0.0,1.0,0.5,3.0,17.0,3.0,3.0,3.0,1.0,1997.75,5.0390625,5.078125,3.1796875
0.0,0.0,0.0,0.0,0.0,0.0,0.0,1.0,0.5498047,5.0,12.0,3.0,3.0,3.0,2.0,1997.77,5.2304688,5.2695312,3.2597656
0.0,0.0,0.0,0.0,0.0,0.0,0.0,1.0,0.5498047,5.0,12.0,3.0,3.0,3.0,2.0,1997.77,5.21875,5.25,3.2890625
0.0,0.0,0.0,0.0,0.0,0.0,0.0,1.0,0.5,6.0,12.0,3.0,3.0,3.0,2.0,1997.86,5.1484375,5.171875,3.0996094
0.0,0.0,0.0,0.0,0.0,0.0,0.0,1.0,0.5,8.0,12.0,3.0,3.0,3.0,0.0,1997.91,5.0703125,5.0898438,3.1796875
0.0,0.0,0.0,0.0,0.0,0.0,0.0,1.0,0.5,8.0,12.0,3.0,3.0,3.0,0.0,1997.91,5.0585938,5.0898438,3.1191406
0.0,0.0,0.0,0.0,0.0,0.0,0.0,1.0,0.5,4.0,14.0,2.0,3.0,2.0,1.0,1973.74,5.0,5.0507812,3.1601562
0.0,0.0,0.0,0.0,0.0,0.0,0.0,1.0,0.5,4.0,14.0,3.0,3.0,2.0,4.0,1973.74,5.0,5.0703125,3.1503906
0.0,0.0,0.0,0.0,0.0,0.0,0.0,1.0,0.5,4.0,16.0,2.0,3.0,1.0,0.0,1973.83,5.0195312,5.078125,3.1699219
0.0,0.0,0.0,0.0,0.0,0.0,0.0,1.0,0.5,4.0,16.0,3.0,3.0,2.0,1.0,1973.83,5.078125,5.109375,3.1796875
0.0,0.0,0.0,0.0,0.0,0.0,0.0,1.0,0.7998047,6.0,6.0,3.0,3.0,3.0,0.0,1973.83,5.9414062,5.96875,3.6699219
0.0,0.0,0.0,0.0,0.0,0.0,0.0,1.0,0.64990234,4.0,12.0,3.0,3.0,3.0,1.0,1973.87,5.46875,5.5,3.4804688
0.0,0.0,0.0,0.0,0.0,0.0,0.0,1.0,0.58984375,3.0,15.0,3.0,3.0,3.0,2.0,1973.9,5.3515625,5.390625,3.359375
0.0,0.0,0.0,0.0,0.0,0.0,0.0,1.0,0.41992188,8.0,18.0,3.0,3.0,3.0,0.0,1974.16,4.7695312,4.8007812,2.9609375
0.0,0.0,0.0,0.0,0.0,0.0,0.0,1.0,0.5,4.0,13.0,3.0,3.0,3.0,0.0,2018.05,5.078125,5.1015625,3.0898438
0.0,0.0,0.0,0.0,0.0,0.0,0.0,1.0,0.5,4.0,13.0,3.0,3.0,3.0,0.0,2018.05,5.140625,5.1796875,3.109375
0.0,0.0,0.0,0.0,0.0,0.0,0.0,1.0,0.5,4.0,13.0,3.0,3.0,3.0,0.0,2018.05,5.109375,5.1289062,3.1503906
0.0,0.0,0.0,0.0,0.0,0.0,0.0,1.0,0.5,4.0,13.0,3.0,3.0,3.0,0.0,2018.05,5.0703125,5.0898438,3.140625
0.0,0.0,0.0,0.0,0.0,0.0,0.0,1.0,0.5,4.0,16.0,1.0,3.0,1.0,0.0,2018.08,4.890625,4.9492188,3.25
0.0,0.0,0.0,0.0,0.0,0.0,0.0,1.0,0.5,8.0,12.0,3.0,3.0,3.0,0.0,2018.69,5.0390625,5.0703125,3.1894531
0.0,0.0,0.0,0.0,0.0,0.0,0.0,1.0,0.5,4.0,13.0,3.0,3.0,3.0,2.0,2018.71,5.0703125,5.0898438,3.1796875
0.0,0.0,0.0,0.0,0.0,0.0,0.0,1.0,0.5097656,6.0,12.0,3.0,3.0,3.0,0.0,2018.71,5.1210938,5.1484375,3.2207031
0.0,0.0,0.0,0.0,0.0,0.0,0.0,1.0,0.5,3.0,16.0,3.0,3.0,3.0,0.0,2018.79,5.1484375,5.1796875,3.0800781
0.0,0.0,0.0,0.0,0.0,0.0,0.0,1.0,0.5,7.0,17.0,1.0,3.0,0.0,0.0,2018.8,4.9296875,5.0,3.1992188
0.0,0.0,0.0,0.0,0.0,0.0,0.0,1.0,0.42993164,9.0,17.0,3.0,3.0,3.0,1.0,1963.14,4.8984375,4.9296875,2.9492188
0.0,0.0,0.0,0.0,0.0,0.0,0.0,1.0,0.5,3.0,18.0,2.0,3.0,2.0,2.0,1963.17,4.9414062,4.9804688,3.1503906
0.0,0.0,0.0,0.0,0.0,0.0,0.0,1.0,0.5,3.0,18.0,1.0,3.0,2.0,0.0,1963.17,5.0117188,5.0703125,3.0507812
0.0,0.0,0.0,0.0,0.0,0.0,0.0,1.0,0.5,3.0,18.0,2.0,3.0,2.0,2.0,1963.17,5.0117188,5.0507812,3.1796875
0.0,0.0,0.0,0.0,0.0,0.0,0.0,1.0,0.52978516,4.0,13.0,3.0,3.0,3.0,0.0,1963.19,5.21875,5.25,3.2402344
0.0,0.0,0.0,0.0,0.0,0.0,0.0,1.0,0.5,4.0,13.0,3.0,3.0,3.0,0.0,1963.28,5.0703125,5.1015625,3.1894531
0.0,0.0,0.0,0.0,0.0,0.0,0.0,1.0,0.5,4.0,13.0,3.0,3.0,3.0,0.0,1963.28,5.0390625,5.0703125,3.1601562
0.0,0.0,0.0,0.0,0.0,0.0,0.0,1.0,0.60009766,3.0,16.0,3.0,3.0,3.0,0.0,1963.33,5.5,5.53125,3.2890625
0.0,0.0,0.0,0.0,0.0,0.0,0.0,1.0,0.5,3.0,17.0,2.0,3.0,2.0,0.0,1963.37,5.109375,5.1601562,3.0800781
0.0,0.0,0.0,0.0,0.0,0.0,0.0,1.0,0.5,3.0,17.0,3.0,3.0,3.0,2.0,1963.37,5.0390625,5.0585938,3.1699219
0.0,0.0,0.0,0.0,0.0,0.0,0.0,1.0,0.5,3.0,17.0,2.0,2.0,2.0,0.0,1963.37,5.03125,5.0703125,3.140625
0.0,0.0,0.0,0.0,0.0,0.0,0.0,1.0,0.5,4.0,18.0,2.0,3.0,1.0,0.0,2014.75,5.1289062,5.1601562,3.0800781
0.0,0.0,0.0,0.0,0.0,0.0,0.0,1.0,0.75,5.0,9.0,3.0,3.0,3.0,0.0,2014.9,5.75,5.7890625,3.6308594
0.0,0.0,0.0,0.0,0.0,0.0,0.0,1.0,0.5097656,4.0,13.0,3.0,3.0,3.0,0.0,2015.03,5.140625,5.171875,3.1699219
0.0,0.0,0.0,0.0,0.0,0.0,0.0,1.0,0.5,5.0,16.0,1.0,3.0,1.0,2.0,2015.29,4.8710938,4.96875,3.1601562
0.0,0.0,0.0,0.0,0.0,0.0,0.0,1.0,0.5097656,4.0,13.0,3.0,3.0,3.0,0.0,2015.34,5.1210938,5.140625,3.1699219
0.0,0.0,0.0,0.0,0.0,0.0,0.0,1.0,0.5,5.0,13.0,3.0,3.0,2.0,1.0,2015.41,5.109375,5.140625,3.0898438
0.0,0.0,0.0,0.0,0.0,0.0,0.0,1.0,0.5,5.0,13.0,2.0,2.0,1.0,0.0,2015.41,4.9609375,5.03125,3.1308594
0.0,0.0,0.0,0.0,0.0,0.0,0.0,1.0,0.5,4.0,13.0,3.0,3.0,3.0,0.0,2015.41,5.0585938,5.0898438,3.1699219
0.0,0.0,0.0,0.0,0.0,0.0,0.0,1.0,0.5498047,4.0,16.0,3.0,3.0,3.0,4.0,2016.74,5.21875,5.2382812,3.2792969
0.0,0.0,0.0,0.0,0.0,0.0,0.0,1.0,0.52978516,6.0,13.0,3.0,3.0,3.0,4.0,2016.76,5.1484375,5.1601562,3.2207031
0.0,0.0,0.0,0.0,0.0,0.0,0.0,1.0,0.7001953,2.0,15.0,3.0,3.0,3.0,0.0,2016.81,5.640625,5.6796875,3.5097656
0.0,0.0,0.0,0.0,0.0,0.0,0.0,1.0,0.5,4.0,15.0,3.0,3.0,3.0,2.0,2017.02,5.0585938,5.078125,3.1601562
0.0,0.0,0.0,0.0,0.0,0.0,0.0,1.0,0.5,3.0,17.0,3.0,3.0,3.0,1.0,2017.05,5.0390625,5.0703125,3.1699219
0.0,0.0,0.0,0.0,0.0,0.0,0.0,1.0,0.5097656,5.0,12.0,3.0,3.0,3.0,0.0,1972.16,5.1015625,5.1289062,3.1699219
0.0,0.0,0.0,0.0,0.0,0.0,0.0,1.0,0.5,4.0,13.0,3.0,3.0,3.0,2.0,1972.35,5.03125,5.0585938,3.140625
0.0,0.0,0.0,0.0,0.0,0.0,0.0,1.0,0.52001953,3.0,13.0,3.0,3.0,3.0,0.0,1972.58,5.1601562,5.1796875,3.2402344
0.0,0.0,0.0,0.0,0.0,0.0,0.0,1.0,0.5097656,3.0,14.0,2.0,3.0,3.0,0.0,1973.02,4.9882812,4.9609375,3.1992188
0.0,0.0,0.0,0.0,0.0,0.0,0.0,1.0,0.5498047,7.0,11.0,3.0,3.0,3.0,2.0,1973.02,5.2109375,5.2382812,3.2792969
0.0,0.0,0.0,0.0,0.0,0.0,0.0,1.0,0.5,4.0,14.0,3.0,3.0,2.0,4.0,1969.33,5.0195312,5.0585938,3.1796875
0.0,0.0,0.0,0.0,0.0,0.0,0.0,1.0,0.5,4.0,13.0,3.0,3.0,3.0,0.0,1969.33,5.0585938,5.078125,3.1796875
0.0,0.0,0.0,0.0,0.0,0.0,0.0,1.0,0.42993164,7.0,18.0,3.0,3.0,3.0,0.0,1969.53,4.8085938,4.8398438,3.0097656
0.0,0.0,0.0,0.0,0.0,0.0,0.0,1.0,0.5,3.0,16.0,3.0,3.0,2.0,0.0,1969.73,5.109375,5.140625,3.0898438
0.0,0.0,0.0,0.0,0.0,0.0,0.0,1.0,0.45996094,4.0,17.0,3.0,3.0,3.0,0.0,1969.8,5.0117188,5.03125,2.9902344
0.0,0.0,0.0,0.0,0.0,0.0,0.0,1.0,0.7998047,4.0,10.0,2.0,3.0,1.0,2.0,1969.83,5.8085938,5.8789062,3.7304688
0.0,0.0,0.0,0.0,0.0,0.0,0.0,1.0,0.6201172,8.0,10.0,3.0,3.0,3.0,0.0,1969.85,5.4804688,5.5,3.4003906
0.0,0.0,0.0,0.0,0.0,0.0,0.0,1.0,0.5,4.0,17.0,2.0,3.0,1.0,0.0,1969.86,4.9492188,4.9804688,3.1503906
0.0,0.0,0.0,0.0,0.0,0.0,0.0,1.0,0.5,3.0,14.0,3.0,3.0,3.0,0.0,1950.45,5.0585938,5.078125,3.1601562
0.0,0.0,0.0,0.0,0.0,0.0,0.0,1.0,0.5,7.0,14.0,0.0,2.0,2.0,0.0,1950.57,4.859375,4.921875,3.25
0.0,0.0,0.0,0.0,0.0,0.0,0.0,1.0,0.5,4.0,16.0,1.0,2.0,1.0,0.0,1951.16,4.8710938,4.921875,3.1191406
0.0,0.0,0.0,0.0,0.0,0.0,0.0,1.0,0.5,4.0,16.0,1.0,1.0,1.0,0.0,1951.16,5.1484375,5.1914062,2.9707031
0.0,0.0,0.0,0.0,0.0,0.0,0.0,1.0,0.5,3.0,17.0,3.0,3.0,2.0,0.0,1960.6,5.0507812,5.1015625,3.1601562
0.0,0.0,0.0,0.0,0.0,0.0,0.0,1.0,0.5,3.0,16.0,3.0,3.0,3.0,0.0,1960.6,5.0585938,5.0898438,3.140625
0.0,0.0,0.0,0.0,0.0,0.0,0.0,1.0,0.5,3.0,16.0,3.0,3.0,3.0,0.0,1960.6,5.0703125,5.0898438,3.1601562
0.0,0.0,0.0,0.0,0.0,0.0,0.0,1.0,0.5,3.0,16.0,2.0,3.0,1.0,0.0,1960.6,4.9414062,5.0,3.1191406
0.0,0.0,0.0,0.0,0.0,0.0,0.0,1.0,0.5,7.0,12.0,2.0,3.0,2.0,0.0,1960.6,5.0507812,5.078125,3.1503906
0.0,0.0,0.0,0.0,0.0,0.0,0.0,1.0,0.5,4.0,16.0,3.0,3.0,2.0,4.0,1960.64,5.0507812,5.078125,3.1503906
0.0,0.0,0.0,0.0,0.0,0.0,0.0,1.0,0.5,3.0,18.0,2.0,3.0,2.0,0.0,1960.82,5.0703125,5.1289062,3.0800781
0.0,0.0,0.0,0.0,0.0,0.0,0.0,1.0,0.42993164,7.0,17.0,3.0,3.0,3.0,0.0,1960.89,4.921875,4.9414062,2.9394531
0.0,0.0,0.0,0.0,0.0,0.0,0.0,1.0,0.5,6.0,12.0,3.0,3.0,3.0,0.0,2020.34,5.1210938,5.1484375,3.140625
0.0,0.0,0.0,0.0,0.0,0.0,0.0,1.0,0.5,6.0,12.0,3.0,3.0,3.0,0.0,2020.34,5.0507812,5.078125,3.1796875
0.0,0.0,0.0,0.0,0.0,0.0,0.0,1.0,0.58984375,7.0,12.0,2.0,2.0,1.0,0.0,2020.34,5.328125,5.359375,3.3300781
0.0,0.0,0.0,0.0,0.0,0.0,0.0,1.0,0.5,3.0,17.0,2.0,3.0,2.0,0.0,2020.46,5.0507812,5.1015625,3.1308594
0.0,0.0,0.0,0.0,0.0,0.0,0.0,1.0,0.5,3.0,17.0,2.0,3.0,2.0,0.0,2020.46,4.890625,4.9492188,3.1992188
0.0,0.0,0.0,0.0,0.0,0.0,0.0,1.0,0.5,8.0,12.0,2.0,3.0,2.0,0.0,2020.46,4.921875,4.96875,3.1894531
0.0,0.0,0.0,0.0,0.0,0.0,0.0,1.0,0.5,4.0,16.0,2.0,2.0,1.0,0.0,2020.58,4.96875,5.0507812,3.1601562
0.0,0.0,0.0,0.0,0.0,0.0,0.0,1.0,0.5,4.0,16.0,3.0,3.0,3.0,4.0,2020.58,5.109375,5.140625,3.109375
0.0,0.0,0.0,0.0,0.0,0.0,0.0,1.0,0.5498047,3.0,18.0,3.0,3.0,3.0,1.0,2020.61,5.171875,5.2109375,3.3007812
0.0,0.0,0.0,0.0,0.0,0.0,0.0,1.0,0.39990234,8.0,18.0,3.0,3.0,3.0,0.0,2020.7,4.6914062,4.71875,2.9492188
0.0,0.0,0.0,0.0,0.0,0.0,0.0,1.0,0.5,6.0,15.0,0.0,2.0,1.0,0.0,1984.04,4.8085938,4.8515625,3.25
0.0,0.0,0.0,0.0,0.0,0.0,0.0,1.0,0.5,5.0,18.0,0.0,2.0,1.0,0.0,1984.06,4.8398438,4.9101562,3.2402344
0.0,0.0,0.0,0.0,0.0,0.0,0.0,1.0,0.5,5.0,18.0,0.0,3.0,0.0,0.0,1984.06,4.8085938,4.8984375,3.2304688
0.0,0.0,0.0,0.0,0.0,0.0,0.0,1.0,0.5,3.0,18.0,3.0,3.0,3.0,2.0,1984.06,5.1015625,5.1289062,3.1699219
0.0,0.0,0.0,0.0,0.0,0.0,0.0,1.0,0.5,3.0,18.0,3.0,3.0,3.0,0.0,1984.06,5.0195312,5.0507812,3.1894531
0.0,0.0,0.0,0.0,0.0,0.0,0.0,1.0,0.5,6.0,18.0,0.0,3.0,1.0,0.0,1984.2,4.75,4.8515625,3.25
0.0,0.0,0.0,0.0,0.0,0.0,0.0,1.0,0.5,5.0,13.0,3.0,3.0,2.0,0.0,1984.23,5.1601562,5.1796875,3.0898438
0.0,0.0,0.0,0.0,0.0,0.0,0.0,1.0,0.5,3.0,17.0,3.0,2.0,2.0,0.0,1984.26,5.0585938,5.1015625,3.1699219
0.0,0.0,0.0,0.0,0.0,0.0,0.0,1.0,0.5,4.0,16.0,1.0,3.0,2.0,0.0,1985.18,4.828125,4.890625,3.2304688
0.0,0.0,0.0,0.0,0.0,0.0,0.0,1.0,0.72021484,6.0,9.0,3.0,3.0,3.0,0.0,1985.46,5.7382812,5.78125,3.5703125
0.0,0.0,0.0,0.0,0.0,0.0,0.0,1.0,0.72021484,8.0,9.0,3.0,2.0,2.0,0.0,1985.56,5.71875,5.7382812,3.5292969
0.0,0.0,0.0,0.0,0.0,0.0,0.0,1.0,0.5,3.0,17.0,2.0,2.0,2.0,0.0,1985.77,5.0390625,5.0898438,3.1308594
0.0,0.0,0.0,0.0,0.0,0.0,0.0,1.0,0.52001953,3.0,15.0,3.0,3.0,3.0,0.0,1985.85,5.25,5.2617188,3.1308594
0.0,0.0,0.0,0.0,0.0,0.0,0.0,1.0,0.5600586,8.0,11.0,3.0,3.0,3.0,2.0,1985.87,5.2890625,5.3085938,3.2890625
0.0,0.0,0.0,0.0,0.0,0.0,0.0,1.0,0.5,3.0,17.0,2.0,3.0,2.0,0.0,1985.92,5.1289062,5.1914062,3.0507812
0.0,0.0,0.0,0.0,0.0,0.0,0.0,1.0,0.5,8.0,12.0,3.0,3.0,3.0,0.0,1985.92,5.109375,5.1210938,3.109375
0.0,0.0,0.0,0.0,0.0,0.0,0.0,1.0,0.5,3.0,16.0,2.0,2.0,2.0,0.0,1985.94,4.9609375,4.9804688,3.1894531
0.0,0.0,0.0,0.0,0.0,0.0,0.0,1.0,0.5,6.0,16.0,0.0,3.0,2.0,0.0,1992.91,4.8007812,4.8710938,3.2402344
0.0,0.0,0.0,0.0,0.0,0.0,0.0,1.0,0.7001953,8.0,8.0,3.0,3.0,3.0,2.0,1993.12,5.640625,5.6796875,3.5390625
0.0,0.0,0.0,0.0,0.0,0.0,0.0,1.0,0.5,3.0,16.0,3.0,3.0,2.0,0.0,1993.46,5.1210938,5.1484375,3.0800781
0.0,0.0,0.0,0.0,0.0,0.0,0.0,1.0,0.5,3.0,16.0,2.0,2.0,2.0,0.0,1993.46,5.0,5.0390625,3.1503906
0.0,0.0,0.0,0.0,0.0,0.0,0.0,1.0,0.5,3.0,16.0,3.0,3.0,3.0,2.0,1993.46,5.109375,5.1289062,3.1308594
0.0,0.0,0.0,0.0,0.0,0.0,0.0,1.0,0.5,3.0,18.0,3.0,3.0,3.0,1.0,1984.99,5.1210938,5.1484375,3.140625
0.0,0.0,0.0,0.0,0.0,0.0,0.0,1.0,0.5,7.0,17.0,1.0,2.0,0.0,0.0,1985.0,4.8398438,4.9296875,3.2402344
0.0,0.0,0.0,0.0,0.0,0.0,0.0,1.0,0.5,4.0,13.0,3.0,3.0,3.0,2.0,1985.09,5.078125,5.1015625,3.1699219
0.0,0.0,0.0,0.0,0.0,0.0,0.0,1.0,0.5,4.0,13.0,3.0,3.0,3.0,2.0,1985.09,5.0898438,5.1210938,3.1796875
0.0,0.0,0.0,0.0,0.0,0.0,0.0,1.0,0.5,4.0,13.0,3.0,3.0,2.0,0.0,1985.09,5.109375,5.140625,3.0996094
0.0,0.0,0.0,0.0,0.0,0.0,0.0,1.0,0.5,4.0,13.0,3.0,2.0,2.0,0.0,1985.09,5.1601562,5.1796875,3.0898438
0.0,0.0,0.0,0.0,0.0,0.0,0.0,1.0,0.5,6.0,12.0,3.0,3.0,3.0,0.0,1985.09,5.0507812,5.078125,3.1699219
0.0,0.0,0.0,0.0,0.0,0.0,0.0,1.0,0.5,6.0,12.0,3.0,3.0,3.0,2.0,1985.09,5.1210938,5.1484375,3.1308594
0.0,0.0,0.0,0.0,0.0,0.0,0.0,1.0,0.5,6.0,12.0,3.0,3.0,3.0,2.0,1985.09,5.0585938,5.0898438,3.1699219
0.0,0.0,0.0,0.0,0.0,0.0,0.0,1.0,0.5,6.0,12.0,3.0,3.0,3.0,2.0,1985.09,5.0507812,5.0898438,3.1503906
0.0,0.0,0.0,0.0,0.0,0.0,0.0,1.0,0.5,4.0,18.0,3.0,3.0,3.0,1.0,1985.15,5.0585938,5.0898438,3.1699219
0.0,0.0,0.0,0.0,0.0,0.0,0.0,1.0,0.5498047,4.0,13.0,3.0,3.0,3.0,4.0,1973.14,5.2304688,5.25,3.2695312
0.0,0.0,0.0,0.0,0.0,0.0,0.0,1.0,0.5,4.0,16.0,2.0,3.0,1.0,0.0,1973.18,5.109375,5.1601562,3.0898438
0.0,0.0,0.0,0.0,0.0,0.0,0.0,1.0,0.5,4.0,16.0,1.0,2.0,1.0,0.0,1973.18,4.8515625,4.9414062,3.2402344
0.0,0.0,0.0,0.0,0.0,0.0,0.0,1.0,0.5,4.0,13.0,3.0,3.0,2.0,0.0,1973.23,5.0,5.0703125,3.1699219
0.0,0.0,0.0,0.0,0.0,0.0,0.0,1.0,0.5,4.0,13.0,3.0,3.0,3.0,2.0,1973.23,5.0507812,5.078125,3.1699219
0.0,0.0,0.0,0.0,0.0,0.0,0.0,1.0,0.60009766,5.0,19.0,3.0,3.0,3.0,0.0,1973.48,5.4492188,5.4609375,3.2695312
0.0,0.0,0.0,0.0,0.0,0.0,0.0,1.0,0.5,3.0,14.0,3.0,3.0,2.0,0.0,1973.69,5.03125,5.078125,3.1699219
0.0,0.0,0.0,0.0,0.0,0.0,0.0,1.0,0.64990234,4.0,11.0,3.0,3.0,3.0,2.0,1973.7,5.6015625,5.6289062,3.3808594
0.0,0.0,0.0,0.0,0.0,0.0,0.0,1.0,0.5,4.0,14.0,3.0,3.0,2.0,4.0,1973.74,4.9882812,5.0585938,3.1894531
0.0,0.0,0.0,0.0,0.0,0.0,0.0,1.0,0.5,4.0,14.0,2.0,3.0,2.0,2.0,1973.74,4.9414062,4.9882812,3.1894531
0.0,0.0,0.0,0.0,0.0,0.0,0.0,1.0,0.5,4.0,14.0,3.0,3.0,3.0,4.0,1973.74,5.0390625,5.078125,3.1601562
0.0,0.0,0.0,0.0,0.0,0.0,0.0,1.0,0.5,4.0,14.0,2.0,3.0,2.0,1.0,1973.74,5.0117188,5.0507812,3.1601562
0.0,0.0,0.0,0.0,0.0,0.0,0.0,1.0,0.72998047,4.0,8.0,3.0,3.0,3.0,2.0,2006.01,5.71875,5.7617188,3.5800781
0.0,0.0,0.0,0.0,0.0,0.0,0.0,1.0,0.5,4.0,16.0,1.0,3.0,1.0,2.0,2006.08,5.0,5.078125,3.0605469
0.0,0.0,0.0,0.0,0.0,0.0,0.0,1.0,0.5,4.0,16.0,1.0,3.0,2.0,0.0,2006.08,4.8710938,4.9414062,3.2597656
0.0,0.0,0.0,0.0,0.0,0.0,0.0,1.0,0.5,4.0,16.0,1.0,3.0,1.0,0.0,2006.08,4.8203125,4.890625,3.1894531
0.0,0.0,0.0,0.0,0.0,0.0,0.0,1.0,0.5,4.0,13.0,3.0,3.0,3.0,2.0,2006.18,5.03125,5.0507812,3.1601562
0.0,0.0,0.0,0.0,0.0,0.0,0.0,1.0,0.5,4.0,13.0,2.0,3.0,3.0,0.0,2006.18,4.9101562,4.9414062,3.1894531
0.0,0.0,0.0,0.0,0.0,0.0,0.0,1.0,0.5,6.0,12.0,3.0,3.0,3.0,0.0,2006.18,5.140625,5.1601562,3.1191406
0.0,0.0,0.0,0.0,0.0,0.0,0.0,1.0,0.5,6.0,12.0,3.0,3.0,3.0,0.0,2006.18,5.0703125,5.1015625,3.1796875
0.0,0.0,0.0,0.0,0.0,0.0,0.0,1.0,0.5,6.0,12.0,3.0,3.0,3.0,0.0,2006.18,5.0507812,5.078125,3.1503906
0.0,0.0,0.0,0.0,0.0,0.0,0.0,1.0,0.7998047,3.0,8.0,3.0,3.0,3.0,1.0,2006.4,5.9101562,5.9414062,3.6992188
0.0,0.0,0.0,0.0,0.0,0.0,0.0,1.0,0.5,6.0,12.0,3.0,3.0,3.0,0.0,1990.14,5.1484375,5.1914062,3.0898438
0.0,0.0,0.0,0.0,0.0,0.0,0.0,1.0,0.5,3.0,17.0,2.0,2.0,2.0,0.0,1990.18,4.9101562,4.96875,3.1894531
0.0,0.0,0.0,0.0,0.0,0.0,0.0,1.0,0.58984375,4.0,13.0,3.0,3.0,3.0,0.0,1990.22,5.3710938,5.3984375,3.3203125
0.0,0.0,0.0,0.0,0.0,0.0,0.0,1.0,0.5,5.0,15.0,1.0,3.0,1.0,1.0,1990.23,5.1015625,5.1484375,3.0390625
0.0,0.0,0.0,0.0,0.0,0.0,0.0,1.0,0.5800781,4.0,12.0,3.0,3.0,3.0,0.0,1990.53,5.2890625,5.3085938,3.3105469
0.0,0.0,0.0,0.0,0.0,0.0,0.0,1.0,0.7001953,3.0,11.0,3.0,3.0,3.0,4.0,1990.74,5.6289062,5.671875,3.5292969
0.0,0.0,0.0,0.0,0.0,0.0,0.0,1.0,0.5,5.0,13.0,2.0,3.0,2.0,1.0,1990.82,5.140625,5.171875,3.0703125
0.0,0.0,0.0,0.0,0.0,0.0,0.0,1.0,0.5,4.0,13.0,3.0,3.0,2.0,0.0,1991.02,5.0898438,5.1015625,3.1601562
0.0,0.0,0.0,0.0,0.0,0.0,0.0,1.0,0.60009766,5.0,11.0,3.0,3.0,3.0,0.0,1965.5,5.3789062,5.4101562,3.3691406
0.0,0.0,0.0,0.0,0.0,0.0,0.0,1.0,0.5,4.0,17.0,1.0,3.0,1.0,0.0,1965.55,4.8515625,4.9414062,3.1796875
0.0,0.0,0.0,0.0,0.0,0.0,0.0,1.0,0.5,4.0,17.0,2.0,3.0,1.0,0.0,1965.55,4.921875,4.9804688,3.1796875
0.0,0.0,0.0,0.0,0.0,0.0,0.0,1.0,0.5,8.0,12.0,3.0,3.0,3.0,2.0,1965.57,5.0703125,5.0898438,3.1894531
0.0,0.0,0.0,0.0,0.0,0.0,0.0,1.0,0.5,4.0,17.0,1.0,3.0,2.0,0.0,1983.34,4.8515625,4.9101562,3.2304688
0.0,0.0,0.0,0.0,0.0,0.0,0.0,1.0,0.52978516,5.0,12.0,3.0,3.0,3.0,0.0,1983.44,5.171875,5.1992188,3.1992188
0.0,0.0,0.0,0.0,0.0,0.0,0.0,1.0,0.7001953,6.0,10.0,2.0,3.0,2.0,2.0,1983.44,5.4804688,5.5585938,3.5800781
0.0,0.0,0.0,0.0,0.0,0.0,0.0,1.0,0.7001953,5.0,11.0,3.0,3.0,2.0,2.0,1983.47,5.5898438,5.6601562,3.5390625
0.0,0.0,0.0,0.0,0.0,0.0,0.0,1.0,0.5,4.0,13.0,3.0,3.0,3.0,0.0,1984.03,5.0507812,5.078125,3.1699219
0.0,0.0,0.0,0.0,0.0,0.0,0.0,1.0,0.5,4.0,13.0,3.0,3.0,3.0,0.0,1977.98,5.0507812,5.078125,3.1699219
0.0,0.0,0.0,0.0,0.0,0.0,0.0,1.0,0.5,4.0,13.0,3.0,3.0,3.0,0.0,1977.98,5.0507812,5.0703125,3.1699219
0.0,0.0,0.0,0.0,0.0,0.0,0.0,1.0,0.5,4.0,13.0,3.0,3.0,3.0,2.0,1977.98,5.0507812,5.0703125,3.1699219
0.0,0.0,0.0,0.0,0.0,0.0,0.0,1.0,0.5,6.0,12.0,3.0,3.0,3.0,2.0,1977.98,5.140625,5.171875,3.0898438
0.0,0.0,0.0,0.0,0.0,0.0,0.0,1.0,0.5,6.0,12.0,3.0,3.0,3.0,2.0,1977.98,5.0585938,5.0898438,3.1191406
0.0,0.0,0.0,0.0,0.0,0.0,0.0,1.0,1.0,3.0,8.0,3.0,2.0,2.0,6.0,1978.02,6.3789062,6.2890625,3.9902344
0.0,0.0,0.0,0.0,0.0,0.0,0.0,1.0,0.5,8.0,12.0,3.0,3.0,3.0,0.0,1978.08,5.0507812,5.078125,3.1699219
0.0,0.0,0.0,0.0,0.0,0.0,0.0,1.0,0.5,8.0,12.0,3.0,3.0,3.0,0.0,1978.08,5.0898438,5.1210938,3.109375
0.0,0.0,0.0,0.0,0.0,0.0,0.0,1.0,0.5,5.0,14.0,1.0,2.0,2.0,1.0,1978.2,4.890625,4.9492188,3.2207031
0.0,0.0,0.0,0.0,0.0,0.0,0.0,1.0,0.5,5.0,14.0,1.0,3.0,1.0,1.0,1978.2,4.8203125,4.9101562,3.1699219
0.0,0.0,0.0,0.0,0.0,0.0,0.0,1.0,0.5,5.0,14.0,0.0,3.0,2.0,0.0,1978.2,4.828125,4.859375,3.2792969
0.0,0.0,0.0,0.0,0.0,0.0,0.0,1.0,0.5,4.0,18.0,2.0,2.0,1.0,2.0,1978.2,5.1484375,5.2109375,3.0800781
0.0,0.0,0.0,0.0,0.0,0.0,0.0,1.0,0.52001953,3.0,15.0,3.0,3.0,3.0,0.0,1978.77,5.1914062,5.2109375,3.1601562
0.0,0.0,0.0,0.0,0.0,0.0,0.0,1.0,0.3701172,9.0,18.0,3.0,3.0,3.0,0.0,1978.97,4.5898438,4.609375,2.8496094
0.0,0.0,0.0,0.0,0.0,0.0,0.0,1.0,0.52978516,8.0,11.0,3.0,3.0,3.0,0.0,1970.03,5.1601562,5.1992188,3.1992188
0.0,0.0,0.0,0.0,0.0,0.0,0.0,1.0,0.5097656,3.0,14.0,3.0,3.0,3.0,2.0,1970.44,5.078125,5.109375,3.1894531
0.0,0.0,0.0,0.0,0.0,0.0,0.0,1.0,0.5,3.0,17.0,2.0,3.0,2.0,0.0,1970.54,4.9609375,5.0,3.1601562
0.0,0.0,0.0,0.0,0.0,0.0,0.0,1.0,0.5,3.0,16.0,2.0,3.0,2.0,2.0,1970.64,4.9882812,5.0507812,3.1601562
0.0,0.0,0.0,0.0,0.0,0.0,0.0,1.0,0.72998047,8.0,17.0,3.0,3.0,3.0,0.0,2022.9,5.8710938,5.890625,3.4707031
0.0,0.0,0.0,0.0,0.0,0.0,0.0,1.0,0.5,3.0,17.0,2.0,3.0,3.0,0.0,2023.07,5.0507812,5.0585938,3.1601562
0.0,0.0,0.0,0.0,0.0,0.0,0.0,1.0,0.5,6.0,12.0,3.0,3.0,3.0,0.0,2023.1,5.1289062,5.1484375,3.1503906
0.0,0.0,0.0,0.0,0.0,0.0,0.0,1.0,0.5,3.0,16.0,3.0,3.0,3.0,0.0,2023.12,5.0507812,5.078125,3.1699219
0.0,0.0,0.0,0.0,0.0,0.0,0.0,1.0,0.5,5.0,15.0,2.0,3.0,3.0,1.0,2023.17,4.9414062,4.9609375,3.1992188
0.0,0.0,0.0,0.0,0.0,0.0,0.0,1.0,0.39990234,8.0,18.0,3.0,3.0,3.0,0.0,2023.3,4.7304688,4.7695312,2.890625
0.0,0.0,0.0,0.0,0.0,0.0,0.0,1.0,0.5,3.0,17.0,2.0,3.0,2.0,2.0,2023.78,5.078125,5.1210938,3.0898438
0.0,0.0,0.0,0.0,0.0,0.0,0.0,1.0,0.5,5.0,16.0,0.0,2.0,1.0,0.0,1967.65,4.8398438,4.921875,3.1699219
0.0,0.0,0.0,0.0,0.0,0.0,0.0,1.0,0.5,7.0,12.0,3.0,3.0,3.0,0.0,1967.74,5.109375,5.140625,3.109375
0.0,0.0,0.0,0.0,0.0,0.0,0.0,1.0,0.52001953,5.0,12.0,3.0,3.0,3.0,0.0,1967.84,5.1210938,5.140625,3.2109375
0.0,0.0,0.0,0.0,0.0,0.0,0.0,1.0,0.5097656,5.0,12.0,3.0,3.0,3.0,0.0,1968.02,5.1601562,5.1914062,3.109375
0.0,0.0,0.0,0.0,0.0,0.0,0.0,1.0,0.5097656,5.0,12.0,3.0,3.0,3.0,2.0,1968.02,5.0703125,5.1015625,3.1992188
0.0,0.0,0.0,0.0,0.0,0.0,0.0,1.0,0.5,4.0,16.0,1.0,3.0,2.0,0.0,1968.16,4.8984375,4.9882812,3.1601562
0.0,0.0,0.0,0.0,0.0,0.0,0.0,1.0,0.5,3.0,17.0,2.0,3.0,2.0,0.0,1968.17,4.8984375,4.9492188,3.1992188
0.0,0.0,0.0,0.0,0.0,0.0,0.0,1.0,0.7998047,7.0,8.0,3.0,3.0,3.0,0.0,1968.35,5.9101562,5.9414062,3.6796875
0.0,0.0,0.0,0.0,0.0,0.0,0.0,1.0,0.5,3.0,16.0,2.0,3.0,2.0,0.0,1985.94,4.9296875,5.0195312,3.1992188
0.0,0.0,0.0,0.0,0.0,0.0,0.0,1.0,0.5,3.0,16.0,3.0,3.0,3.0,0.0,1985.95,5.0195312,5.0585938,3.1992188
0.0,0.0,0.0,0.0,0.0,0.0,0.0,1.0,0.5,3.0,18.0,2.0,3.0,2.0,2.0,1985.97,4.9414062,4.9804688,3.1699219
0.0,0.0,0.0,0.0,0.0,0.0,0.0,1.0,0.7001953,5.0,10.0,2.0,3.0,2.0,0.0,1986.0,5.5117188,5.578125,3.5195312
0.0,0.0,0.0,0.0,0.0,0.0,0.0,1.0,0.89990234,4.0,8.0,2.0,2.0,2.0,0.0,1986.0,6.0,6.0507812,3.8300781
0.0,0.0,0.0,0.0,0.0,0.0,0.0,1.0,0.5498047,7.0,11.0,3.0,3.0,3.0,0.0,1986.07,5.1992188,5.2304688,3.2695312
0.0,0.0,0.0,0.0,0.0,0.0,0.0,1.0,0.41992188,7.0,18.0,3.0,3.0,3.0,0.0,1986.32,4.78125,4.8007812,2.9902344
0.0,0.0,0.0,0.0,0.0,0.0,0.0,1.0,0.7001953,4.0,10.0,3.0,3.0,3.0,2.0,2023.84,5.6484375,5.6914062,3.5390625
0.0,0.0,0.0,0.0,0.0,0.0,0.0,1.0,0.70996094,2.0,16.0,3.0,3.0,3.0,0.0,2023.92,5.6601562,5.6992188,3.5390625
0.0,0.0,0.0,0.0,0.0,0.0,0.0,1.0,0.54003906,6.0,13.0,3.0,3.0,3.0,4.0,2024.48,5.1992188,5.2382812,3.2402344
0.0,0.0,0.0,0.0,0.0,0.0,0.0,1.0,0.5,3.0,18.0,2.0,3.0,2.0,0.0,2024.69,5.03125,5.0898438,3.0898438
0.0,0.0,0.0,0.0,0.0,0.0,0.0,1.0,0.5,4.0,17.0,2.0,3.0,2.0,2.0,2024.71,5.0195312,5.0390625,3.2109375
0.0,0.0,0.0,0.0,0.0,0.0,0.0,1.0,0.5,4.0,17.0,1.0,3.0,2.0,0.0,2024.71,5.1796875,5.2109375,2.9609375
0.0,0.0,0.0,0.0,0.0,0.0,0.0,1.0,0.5,4.0,17.0,2.0,3.0,1.0,0.0,2024.71,5.0703125,5.1210938,3.0800781
0.0,0.0,0.0,0.0,0.0,0.0,0.0,1.0,0.5,9.0,11.0,3.0,3.0,3.0,0.0,2011.1,5.140625,5.171875,3.0703125
0.0,0.0,0.0,0.0,0.0,0.0,0.0,1.0,0.5,3.0,18.0,2.0,2.0,2.0,0.0,2011.2,5.0117188,5.0703125,3.1601562
0.0,0.0,0.0,0.0,0.0,0.0,0.0,1.0,0.5,3.0,17.0,3.0,3.0,3.0,2.0,2011.24,5.1484375,5.171875,3.0996094
0.0,0.0,0.0,0.0,0.0,0.0,0.0,1.0,0.5,3.0,16.0,3.0,3.0,2.0,0.0,2011.25,5.0507812,5.1015625,3.1308594
0.0,0.0,0.0,0.0,0.0,0.0,0.0,1.0,0.5,3.0,16.0,3.0,2.0,2.0,0.0,2011.25,5.171875,5.1992188,3.0800781
0.0,0.0,0.0,0.0,0.0,0.0,0.0,1.0,0.7001953,6.0,10.0,2.0,3.0,2.0,2.0,2011.28,5.5703125,5.6210938,3.5605469
0.0,0.0,0.0,0.0,0.0,0.0,0.0,1.0,0.5,6.0,12.0,3.0,3.0,3.0,0.0,2011.69,5.0507812,5.078125,3.1699219
0.0,0.0,0.0,0.0,0.0,0.0,0.0,1.0,0.7001953,5.0,11.0,2.0,2.0,1.0,2.0,2011.95,5.640625,5.6992188,3.4609375
0.0,0.0,0.0,0.0,0.0,0.0,0.0,1.0,0.5498047,5.0,12.0,3.0,3.0,3.0,0.0,2100.33,5.2304688,5.25,3.2792969
0.0,0.0,0.0,0.0,0.0,0.0,0.0,1.0,0.7001953,5.0,10.0,3.0,3.0,3.0,2.0,2100.75,5.640625,5.6796875,3.5390625
0.0,0.0,0.0,0.0,0.0,0.0,0.0,1.0,0.5,4.0,14.0,1.0,2.0,2.0,0.0,2100.82,4.890625,4.96875,3.2207031
0.0,0.0,0.0,0.0,0.0,0.0,0.0,1.0,0.5,4.0,14.0,3.0,2.0,2.0,2.0,2100.82,5.03125,5.078125,3.1601562
0.0,0.0,0.0,0.0,0.0,0.0,0.0,1.0,0.5,4.0,14.0,2.0,3.0,2.0,2.0,2100.82,5.171875,5.21875,3.0703125
0.0,0.0,0.0,0.0,0.0,0.0,0.0,1.0,0.5,4.0,14.0,2.0,3.0,2.0,2.0,2100.82,5.03125,5.0703125,3.109375
0.0,0.0,0.0,0.0,0.0,0.0,0.0,1.0,0.5,4.0,14.0,2.0,3.0,2.0,2.0,2100.82,4.921875,4.9882812,3.1601562
0.0,0.0,0.0,0.0,0.0,0.0,0.0,1.0,0.5,4.0,14.0,2.0,3.0,2.0,2.0,2100.82,5.0585938,5.1015625,3.0996094
0.0,0.0,0.0,0.0,0.0,0.0,0.0,1.0,0.5,3.0,16.0,3.0,3.0,3.0,0.0,2101.6,5.1484375,5.171875,3.0800781
0.0,0.0,0.0,0.0,0.0,0.0,0.0,1.0,0.5,3.0,16.0,3.0,3.0,2.0,0.0,2048.45,5.0703125,5.1210938,3.0898438
0.0,0.0,0.0,0.0,0.0,0.0,0.0,1.0,0.5,3.0,16.0,3.0,3.0,3.0,0.0,2048.45,5.140625,5.171875,3.1191406
0.0,0.0,0.0,0.0,0.0,0.0,0.0,1.0,0.5,3.0,16.0,3.0,3.0,3.0,0.0,2048.45,5.0390625,5.0703125,3.1992188
0.0,0.0,0.0,0.0,0.0,0.0,0.0,1.0,0.5,3.0,16.0,3.0,3.0,3.0,0.0,2048.45,5.03125,5.0585938,3.1601562
0.0,0.0,0.0,0.0,0.0,0.0,0.0,1.0,0.5,3.0,16.0,3.0,3.0,3.0,2.0,2048.45,5.078125,5.109375,3.1796875
0.0,0.0,0.0,0.0,0.0,0.0,0.0,1.0,0.5,7.0,12.0,3.0,3.0,3.0,2.0,2048.45,5.1601562,5.1796875,3.0996094
0.0,0.0,0.0,0.0,0.0,0.0,0.0,1.0,0.5,7.0,12.0,3.0,3.0,3.0,2.0,2048.45,5.0703125,5.0898438,3.1308594
0.0,0.0,0.0,0.0,0.0,0.0,0.0,1.0,0.5,7.0,12.0,3.0,3.0,3.0,2.0,2048.45,5.109375,5.140625,3.1191406
0.0,0.0,0.0,0.0,0.0,0.0,0.0,1.0,0.5,6.0,12.0,3.0,3.0,3.0,0.0,2048.87,5.0703125,5.109375,3.1601562
0.0,0.0,0.0,0.0,0.0,0.0,0.0,1.0,0.5,6.0,12.0,3.0,3.0,3.0,0.0,2048.87,5.140625,5.1796875,3.0703125
0.0,0.0,0.0,0.0,0.0,0.0,0.0,1.0,0.52001953,3.0,14.0,3.0,3.0,3.0,0.0,2049.02,5.140625,5.171875,3.2304688
0.0,0.0,0.0,0.0,0.0,0.0,0.0,1.0,0.5,8.0,12.0,2.0,3.0,3.0,0.0,2093.1,4.9492188,4.96875,3.1699219
0.0,0.0,0.0,0.0,0.0,0.0,0.0,1.0,0.7001953,6.0,10.0,2.0,2.0,2.0,0.0,2093.68,5.5195312,5.578125,3.5292969
0.0,0.0,0.0,0.0,0.0,0.0,0.0,1.0,0.5,5.0,13.0,3.0,3.0,3.0,0.0,2093.99,5.0507812,5.078125,3.140625
0.0,0.0,0.0,0.0,0.0,0.0,0.0,1.0,0.5,3.0,18.0,3.0,3.0,3.0,0.0,2094.03,5.0703125,5.1015625,3.1699219
0.0,0.0,0.0,0.0,0.0,0.0,0.0,1.0,0.5,4.0,13.0,3.0,3.0,3.0,0.0,2094.06,5.078125,5.109375,3.109375
0.0,0.0,0.0,0.0,0.0,0.0,0.0,1.0,0.5,6.0,18.0,1.0,2.0,2.0,1.0,2094.15,4.828125,4.8984375,3.2109375
0.0,0.0,0.0,0.0,0.0,0.0,0.0,1.0,0.5,3.0,17.0,3.0,3.0,3.0,0.0,2094.76,5.0585938,5.0898438,3.1699219
0.0,0.0,0.0,0.0,0.0,0.0,0.0,1.0,0.5,3.0,16.0,3.0,3.0,3.0,0.0,2092.25,5.0507812,5.078125,3.1699219
0.0,0.0,0.0,0.0,0.0,0.0,0.0,1.0,0.5,7.0,12.0,3.0,3.0,3.0,0.0,2092.25,5.1914062,5.21875,3.0605469
0.0,0.0,0.0,0.0,0.0,0.0,0.0,1.0,0.5,7.0,12.0,3.0,3.0,3.0,0.0,2092.25,5.0507812,5.0703125,3.1699219
0.0,0.0,0.0,0.0,0.0,0.0,0.0,1.0,0.5,3.0,16.0,3.0,3.0,3.0,0.0,2092.26,5.0585938,5.0898438,3.1601562
0.0,0.0,0.0,0.0,0.0,0.0,0.0,1.0,0.5,4.0,18.0,2.0,3.0,1.0,2.0,2092.32,4.9414062,5.0,3.2109375
0.0,0.0,0.0,0.0,0.0,0.0,0.0,1.0,0.5,4.0,18.0,1.0,3.0,2.0,0.0,2092.32,4.890625,4.96875,3.1992188
0.0,0.0,0.0,0.0,0.0,0.0,0.0,1.0,0.5,5.0,16.0,1.0,2.0,2.0,0.0,2092.52,4.8515625,4.921875,3.1992188
0.0,0.0,0.0,0.0,0.0,0.0,0.0,1.0,0.64990234,4.0,12.0,3.0,3.0,3.0,0.0,2092.52,5.46875,5.5195312,3.4492188
0.0,0.0,0.0,0.0,0.0,0.0,0.0,1.0,0.5,4.0,13.0,3.0,3.0,3.0,0.0,2041.08,5.0390625,5.078125,3.1699219
0.0,0.0,0.0,0.0,0.0,0.0,0.0,1.0,0.5,4.0,13.0,3.0,3.0,3.0,0.0,2041.08,5.1289062,5.1601562,3.109375
0.0,0.0,0.0,0.0,0.0,0.0,0.0,1.0,0.5,4.0,13.0,3.0,3.0,3.0,0.0,2041.08,5.1210938,5.1484375,3.1191406
0.0,0.0,0.0,0.0,0.0,0.0,0.0,1.0,0.5,4.0,13.0,3.0,3.0,3.0,0.0,2041.08,5.078125,5.109375,3.1699219
0.0,0.0,0.0,0.0,0.0,0.0,0.0,1.0,0.5,6.0,12.0,3.0,3.0,3.0,0.0,2041.08,5.0898438,5.1015625,3.1191406
0.0,0.0,0.0,0.0,0.0,0.0,0.0,1.0,0.5,6.0,12.0,3.0,3.0,3.0,0.0,2041.08,5.0585938,5.078125,3.1894531
0.0,0.0,0.0,0.0,0.0,0.0,0.0,1.0,0.5,6.0,12.0,3.0,3.0,3.0,0.0,2041.08,5.0703125,5.078125,3.1894531
0.0,0.0,0.0,0.0,0.0,0.0,0.0,1.0,0.5,6.0,12.0,3.0,3.0,3.0,2.0,2041.08,5.109375,5.140625,3.1699219
0.0,0.0,0.0,0.0,0.0,0.0,0.0,1.0,0.5698242,5.0,12.0,3.0,3.0,3.0,2.0,2041.08,5.359375,5.3789062,3.2695312
0.0,0.0,0.0,0.0,0.0,0.0,0.0,1.0,0.52978516,5.0,12.0,3.0,3.0,3.0,0.0,2041.19,5.171875,5.1796875,3.2304688
0.0,0.0,0.0,0.0,0.0,0.0,0.0,1.0,0.52978516,5.0,12.0,3.0,3.0,3.0,0.0,2041.19,5.1796875,5.1992188,3.2207031
0.0,0.0,0.0,0.0,0.0,0.0,0.0,1.0,0.5,8.0,13.0,3.0,3.0,3.0,2.0,2041.33,5.0390625,5.0585938,3.1699219
0.0,0.0,0.0,0.0,0.0,0.0,0.0,1.0,0.5,3.0,17.0,2.0,3.0,3.0,0.0,2041.52,4.9101562,4.9492188,3.1894531
0.0,0.0,0.0,0.0,0.0,0.0,0.0,1.0,0.5,6.0,12.0,3.0,3.0,3.0,0.0,2041.55,5.1015625,5.1210938,3.1191406
0.0,0.0,0.0,0.0,0.0,0.0,0.0,1.0,0.5,6.0,14.0,1.0,3.0,2.0,0.0,2085.21,4.8515625,4.8984375,3.2402344
0.0,0.0,0.0,0.0,0.0,0.0,0.0,1.0,0.58984375,3.0,14.0,3.0,3.0,3.0,0.0,2085.3,5.3984375,5.4101562,3.3105469
0.0,0.0,0.0,0.0,0.0,0.0,0.0,1.0,0.7001953,7.0,10.0,2.0,3.0,1.0,2.0,2085.53,5.5117188,5.578125,3.5507812
0.0,0.0,0.0,0.0,0.0,0.0,0.0,1.0,0.5,4.0,18.0,3.0,3.0,3.0,4.0,2085.63,5.1015625,5.1210938,3.1699219
0.0,0.0,0.0,0.0,0.0,0.0,0.0,1.0,0.52001953,3.0,15.0,3.0,3.0,3.0,1.0,2085.93,5.1484375,5.171875,3.2207031
0.0,0.0,0.0,0.0,0.0,0.0,0.0,1.0,0.52001953,3.0,15.0,3.0,3.0,3.0,2.0,2085.93,5.171875,5.1992188,3.2207031
0.0,0.0,0.0,0.0,0.0,0.0,0.0,1.0,0.5,4.0,18.0,3.0,3.0,3.0,4.0,2086.21,5.0390625,5.078125,3.1308594
0.0,0.0,0.0,0.0,0.0,0.0,0.0,1.0,0.4099121,8.0,18.0,3.0,3.0,3.0,0.0,2086.29,4.7304688,4.75,2.9707031
0.0,0.0,0.0,0.0,0.0,0.0,0.0,1.0,0.5,4.0,16.0,1.0,3.0,2.0,0.0,2086.39,4.8710938,4.9296875,3.2304688
0.0,0.0,0.0,0.0,0.0,0.0,0.0,1.0,0.5,5.0,15.0,2.0,3.0,1.0,0.0,2086.39,5.109375,5.1992188,3.0097656
0.0,0.0,0.0,0.0,0.0,0.0,0.0,1.0,0.52001953,3.0,15.0,3.0,3.0,3.0,0.0,2089.58,5.1601562,5.1914062,3.1796875
0.0,0.0,0.0,0.0,0.0,0.0,0.0,1.0,0.5,7.0,16.0,1.0,3.0,2.0,4.0,2089.62,5.0,5.0195312,3.0800781
0.0,0.0,0.0,0.0,0.0,0.0,0.0,1.0,0.5800781,4.0,13.0,3.0,3.0,3.0,0.0,2089.7,5.328125,5.359375,3.3105469
0.0,0.0,0.0,0.0,0.0,0.0,0.0,1.0,0.5,3.0,16.0,3.0,3.0,3.0,0.0,2089.74,5.0507812,5.078125,3.1699219
0.0,0.0,0.0,0.0,0.0,0.0,0.0,1.0,0.5097656,3.0,16.0,3.0,2.0,3.0,0.0,2090.33,5.1601562,5.1796875,3.1191406
0.0,0.0,0.0,0.0,0.0,0.0,0.0,1.0,0.72021484,6.0,9.0,3.0,3.0,3.0,0.0,2090.41,5.6992188,5.7304688,3.5605469
0.0,0.0,0.0,0.0,0.0,0.0,0.0,1.0,0.52001953,4.0,16.0,3.0,2.0,3.0,1.0,2090.5,5.1210938,5.1484375,3.2207031
0.0,0.0,0.0,0.0,0.0,0.0,0.0,1.0,0.5,4.0,17.0,2.0,3.0,1.0,0.0,2090.53,4.9609375,5.0507812,3.1699219
0.0,0.0,0.0,0.0,0.0,0.0,0.0,1.0,0.6098633,7.0,12.0,3.0,3.0,3.0,1.0,2104.08,5.4296875,5.4609375,3.4199219
0.0,0.0,0.0,0.0,0.0,0.0,0.0,1.0,0.5097656,6.0,12.0,3.0,3.0,3.0,0.0,2104.09,5.140625,5.171875,3.1796875
0.0,0.0,0.0,0.0,0.0,0.0,0.0,1.0,0.7001953,4.0,10.0,3.0,3.0,3.0,0.0,2104.61,5.6601562,5.6992188,3.5390625
0.0,0.0,0.0,0.0,0.0,0.0,0.0,1.0,0.8100586,3.0,11.0,3.0,3.0,3.0,2.0,2104.83,5.9101562,5.9414062,3.7207031
0.0,0.0,0.0,0.0,0.0,0.0,0.0,1.0,0.5,4.0,17.0,2.0,3.0,1.0,0.0,2104.9,5.0195312,5.0585938,3.1796875
0.0,0.0,0.0,0.0,0.0,0.0,0.0,1.0,0.5,4.0,17.0,3.0,3.0,3.0,2.0,2104.9,5.1289062,5.1484375,3.1308594
0.0,0.0,0.0,0.0,0.0,0.0,0.0,1.0,0.5097656,8.0,12.0,3.0,3.0,3.0,0.0,2105.01,5.109375,5.1289062,3.1796875
0.0,0.0,0.0,0.0,0.0,0.0,0.0,1.0,0.5,5.0,15.0,1.0,3.0,1.0,0.0,2105.01,4.9296875,4.9609375,3.1796875
0.0,0.0,0.0,0.0,0.0,0.0,0.0,1.0,0.5,5.0,15.0,1.0,2.0,1.0,0.0,2105.01,4.9101562,4.96875,3.1796875
0.0,0.0,0.0,0.0,0.0,0.0,0.0,1.0,0.7001953,6.0,11.0,3.0,3.0,3.0,1.0,2069.27,5.71875,5.7304688,3.5292969
0.0,0.0,0.0,0.0,0.0,0.0,0.0,1.0,0.7998047,5.0,8.0,3.0,3.0,3.0,2.0,2069.27,6.0195312,6.0507812,3.609375
0.0,0.0,0.0,0.0,0.0,0.0,0.0,1.0,0.64990234,4.0,12.0,3.0,3.0,3.0,1.0,2069.32,5.4882812,5.53125,3.4707031
0.0,0.0,0.0,0.0,0.0,0.0,0.0,1.0,0.5,5.0,13.0,2.0,3.0,2.0,0.0,2069.41,5.1015625,5.1289062,3.0703125
0.0,0.0,0.0,0.0,0.0,0.0,0.0,1.0,0.5,8.0,12.0,2.0,3.0,2.0,0.0,2069.44,4.9804688,5.0390625,3.1601562
0.0,0.0,0.0,0.0,0.0,0.0,0.0,1.0,0.5,4.0,13.0,3.0,3.0,3.0,0.0,2069.46,5.0585938,5.0703125,3.1796875
0.0,0.0,0.0,0.0,0.0,0.0,0.0,1.0,0.5,6.0,12.0,3.0,3.0,3.0,0.0,2069.61,5.0898438,5.1210938,3.1308594
0.0,0.0,0.0,0.0,0.0,0.0,0.0,1.0,0.5097656,3.0,16.0,3.0,3.0,3.0,0.0,2069.87,5.171875,5.1992188,3.1503906
0.0,0.0,0.0,0.0,0.0,0.0,0.0,1.0,0.7998047,3.0,9.0,3.0,3.0,3.0,2.0,2087.54,5.8984375,5.9414062,3.6992188
0.0,0.0,0.0,0.0,0.0,0.0,0.0,1.0,0.64990234,5.0,11.0,3.0,3.0,3.0,2.0,2087.77,5.5585938,5.5898438,3.4492188
0.0,0.0,0.0,0.0,0.0,0.0,0.0,1.0,0.7001953,4.0,11.0,2.0,3.0,2.0,0.0,2087.81,5.6015625,5.640625,3.4902344
0.0,0.0,0.0,0.0,0.0,0.0,0.0,1.0,0.5,3.0,16.0,3.0,3.0,3.0,0.0,2088.15,5.0390625,5.0703125,3.1699219
0.0,0.0,0.0,0.0,0.0,0.0,0.0,1.0,0.5,3.0,16.0,3.0,3.0,3.0,0.0,2088.15,5.0703125,5.1015625,3.1699219
0.0,0.0,0.0,0.0,0.0,0.0,0.0,1.0,0.5,4.0,17.0,3.0,3.0,2.0,1.0,2088.23,5.0117188,5.078125,3.1699219
0.0,0.0,0.0,0.0,0.0,0.0,0.0,1.0,0.5,4.0,17.0,2.0,3.0,2.0,2.0,2088.23,4.9414062,5.0,3.2207031
0.0,0.0,0.0,0.0,0.0,0.0,0.0,1.0,0.5,4.0,17.0,2.0,2.0,1.0,0.0,2088.23,4.921875,4.9804688,3.1601562
0.0,0.0,0.0,0.0,0.0,0.0,0.0,1.0,0.5498047,3.0,15.0,3.0,3.0,3.0,0.0,2088.42,5.3085938,5.328125,3.1894531
0.0,0.0,0.0,0.0,0.0,0.0,0.0,1.0,0.5,5.0,14.0,2.0,3.0,3.0,4.0,2027.51,4.96875,5.0117188,3.2207031
0.0,0.0,0.0,0.0,0.0,0.0,0.0,1.0,0.5,5.0,13.0,2.0,2.0,1.0,0.0,2028.08,4.9414062,4.9804688,3.1601562
0.0,0.0,0.0,0.0,0.0,0.0,0.0,1.0,0.5,4.0,16.0,1.0,3.0,2.0,0.0,2028.12,4.859375,4.9101562,3.2207031
0.0,0.0,0.0,0.0,0.0,0.0,0.0,1.0,0.5,4.0,16.0,1.0,2.0,2.0,0.0,2028.12,4.828125,4.890625,3.1503906
0.0,0.0,0.0,0.0,0.0,0.0,0.0,1.0,0.5,6.0,12.0,3.0,3.0,3.0,2.0,2028.12,5.1210938,5.1601562,3.1191406
0.0,0.0,0.0,0.0,0.0,0.0,0.0,1.0,0.5,6.0,12.0,3.0,3.0,3.0,0.0,2028.12,5.078125,5.1015625,3.1601562
0.0,0.0,0.0,0.0,0.0,0.0,0.0,1.0,0.5,4.0,18.0,3.0,3.0,3.0,2.0,2028.12,5.0585938,5.0898438,3.1503906
0.0,0.0,0.0,0.0,0.0,0.0,0.0,1.0,0.5,4.0,18.0,3.0,3.0,3.0,2.0,2028.12,5.0585938,5.0898438,3.1796875
0.0,0.0,0.0,0.0,0.0,0.0,0.0,1.0,0.5,6.0,15.0,1.0,3.0,1.0,2.0,2068.56,4.859375,4.9492188,3.2597656
0.0,0.0,0.0,0.0,0.0,0.0,0.0,1.0,0.5,5.0,12.0,3.0,3.0,3.0,0.0,2068.7,5.078125,5.109375,3.1503906
0.0,0.0,0.0,0.0,0.0,0.0,0.0,1.0,0.5,3.0,17.0,3.0,3.0,3.0,2.0,2068.73,5.0898438,5.109375,3.1308594
0.0,0.0,0.0,0.0,0.0,0.0,0.0,1.0,0.5,3.0,17.0,2.0,3.0,2.0,0.0,2068.73,4.9804688,5.03125,3.109375
0.0,0.0,0.0,0.0,0.0,0.0,0.0,1.0,0.5,5.0,15.0,2.0,3.0,1.0,0.0,2068.73,4.9609375,5.0,3.1503906
0.0,0.0,0.0,0.0,0.0,0.0,0.0,1.0,0.60009766,3.0,13.0,3.0,3.0,3.0,0.0,2068.92,5.3710938,5.3984375,3.3808594
0.0,0.0,0.0,0.0,0.0,0.0,0.0,1.0,0.60009766,5.0,12.0,3.0,2.0,3.0,2.0,2069.02,5.421875,5.4414062,3.3496094
0.0,0.0,0.0,0.0,0.0,0.0,0.0,1.0,0.5,6.0,17.0,2.0,3.0,2.0,4.0,2078.77,4.9414062,5.0,3.1699219
0.0,0.0,0.0,0.0,0.0,0.0,0.0,1.0,0.5,3.0,16.0,3.0,3.0,2.0,0.0,2078.78,5.0585938,5.0898438,3.1191406
0.0,0.0,0.0,0.0,0.0,0.0,0.0,1.0,0.5,4.0,13.0,3.0,3.0,3.0,0.0,2078.9,5.0703125,5.1015625,3.1308594
0.0,0.0,0.0,0.0,0.0,0.0,0.0,1.0,0.52001953,4.0,13.0,3.0,3.0,3.0,2.0,2079.07,5.1289062,5.1484375,3.1992188
0.0,0.0,0.0,0.0,0.0,0.0,0.0,1.0,0.5,3.0,16.0,3.0,3.0,2.0,0.0,2079.23,5.1015625,5.1289062,3.1191406
0.0,0.0,0.0,0.0,0.0,0.0,0.0,1.0,0.52001953,4.0,16.0,3.0,3.0,3.0,4.0,2079.23,5.109375,5.140625,3.2109375
0.0,0.0,0.0,0.0,0.0,0.0,0.0,1.0,0.52001953,6.0,12.0,3.0,3.0,3.0,0.0,2079.23,5.1992188,5.2382812,3.1601562
0.0,0.0,0.0,0.0,0.0,0.0,0.0,1.0,0.52001953,4.0,14.0,3.0,3.0,3.0,0.0,2039.59,5.1601562,5.1796875,3.2402344
0.0,0.0,0.0,0.0,0.0,0.0,0.0,1.0,0.5,3.0,16.0,2.0,2.0,3.0,0.0,2040.0,5.0507812,5.0703125,3.1601562
0.0,0.0,0.0,0.0,0.0,0.0,0.0,1.0,0.5,3.0,16.0,3.0,2.0,2.0,0.0,2040.0,5.1289062,5.1601562,3.1308594
0.0,0.0,0.0,0.0,0.0,0.0,0.0,1.0,0.5,3.0,16.0,3.0,3.0,3.0,0.0,2040.0,5.0898438,5.109375,3.140625
0.0,0.0,0.0,0.0,0.0,0.0,0.0,1.0,0.5,4.0,13.0,3.0,3.0,2.0,0.0,2040.02,5.03125,5.0898438,3.1699219
0.0,0.0,0.0,0.0,0.0,0.0,0.0,1.0,0.5,4.0,13.0,3.0,3.0,3.0,2.0,2040.02,5.140625,5.1484375,3.0703125
0.0,0.0,0.0,0.0,0.0,0.0,0.0,1.0,0.5,6.0,12.0,3.0,3.0,3.0,0.0,2040.02,5.078125,5.109375,3.1699219
0.0,0.0,0.0,0.0,0.0,0.0,0.0,1.0,0.5,6.0,12.0,3.0,3.0,3.0,2.0,2040.02,5.0390625,5.0585938,3.1699219
0.0,0.0,0.0,0.0,0.0,0.0,0.0,1.0,0.58984375,4.0,12.0,3.0,3.0,3.0,0.0,2040.2,5.3984375,5.4414062,3.2597656
0.0,0.0,0.0,0.0,0.0,0.0,0.0,1.0,0.52978516,5.0,14.0,2.0,1.0,2.0,2.0,2044.06,5.25,5.2617188,3.1308594
0.0,0.0,0.0,0.0,0.0,0.0,0.0,1.0,0.5,3.0,16.0,2.0,3.0,2.0,0.0,2044.11,5.140625,5.1601562,3.0195312
0.0,0.0,0.0,0.0,0.0,0.0,0.0,1.0,0.5,3.0,16.0,2.0,3.0,2.0,0.0,2044.11,4.9296875,5.0,3.1601562
0.0,0.0,0.0,0.0,0.0,0.0,0.0,1.0,0.5,7.0,12.0,3.0,3.0,3.0,0.0,2044.11,5.1015625,5.1210938,3.1191406
0.0,0.0,0.0,0.0,0.0,0.0,0.0,1.0,0.5,4.0,16.0,2.0,3.0,1.0,0.0,2044.29,5.078125,5.140625,3.0898438
0.0,0.0,0.0,0.0,0.0,0.0,0.0,1.0,0.5,3.0,18.0,2.0,3.0,2.0,2.0,2044.29,4.9296875,4.9804688,3.1992188
0.0,0.0,0.0,0.0,0.0,0.0,0.0,1.0,0.5,6.0,16.0,0.0,3.0,1.0,0.0,2044.36,4.8085938,4.8710938,3.2304688
0.0,0.0,0.0,0.0,0.0,0.0,0.0,1.0,0.52001953,8.0,12.0,3.0,3.0,3.0,0.0,2038.02,5.2109375,5.2382812,3.1503906
0.0,0.0,0.0,0.0,0.0,0.0,0.0,1.0,0.7001953,6.0,10.0,2.0,3.0,2.0,0.0,2038.02,5.4882812,5.5585938,3.5605469
0.0,0.0,0.0,0.0,0.0,0.0,0.0,1.0,0.7001953,6.0,10.0,2.0,3.0,3.0,2.0,2038.02,5.4882812,5.5390625,3.5605469
0.0,0.0,0.0,0.0,0.0,0.0,0.0,1.0,0.52978516,3.0,14.0,3.0,3.0,3.0,0.0,2038.04,5.171875,5.1992188,3.1894531
0.0,0.0,0.0,0.0,0.0,0.0,0.0,1.0,0.5,3.0,16.0,2.0,3.0,3.0,0.0,2038.17,4.9609375,4.9804688,3.1992188
0.0,0.0,0.0,0.0,0.0,0.0,0.0,1.0,0.5,3.0,16.0,3.0,2.0,3.0,0.0,2038.17,5.078125,5.1015625,3.1191406
0.0,0.0,0.0,0.0,0.0,0.0,0.0,1.0,0.5,7.0,12.0,3.0,3.0,3.0,1.0,2038.17,5.0703125,5.1015625,3.1699219
0.0,0.0,0.0,0.0,0.0,0.0,0.0,1.0,0.5097656,3.0,14.0,3.0,3.0,3.0,0.0,2062.66,5.0898438,5.1289062,3.1992188
0.0,0.0,0.0,0.0,0.0,0.0,0.0,1.0,0.5,4.0,16.0,1.0,3.0,2.0,0.0,2062.7,4.9101562,4.96875,3.2207031
0.0,0.0,0.0,0.0,0.0,0.0,0.0,1.0,0.5,4.0,16.0,2.0,3.0,1.0,0.0,2062.7,5.0195312,5.0390625,3.2109375
0.0,0.0,0.0,0.0,0.0,0.0,0.0,1.0,0.5,4.0,16.0,2.0,3.0,1.0,0.0,2062.7,4.9492188,5.0117188,3.1894531
0.0,0.0,0.0,0.0,0.0,0.0,0.0,1.0,0.5,4.0,16.0,1.0,2.0,2.0,0.0,2062.7,4.8398438,4.8984375,3.25
0.0,0.0,0.0,0.0,0.0,0.0,0.0,1.0,0.5,3.0,15.0,3.0,3.0,3.0,2.0,2062.7,5.0585938,5.0898438,3.1796875
0.0,0.0,0.0,0.0,0.0,0.0,0.0,1.0,0.5,3.0,15.0,3.0,3.0,3.0,2.0,2062.7,5.0507812,5.078125,3.1699219
0.0,0.0,0.0,0.0,0.0,0.0,0.0,1.0,0.5,6.0,12.0,3.0,3.0,3.0,0.0,2062.7,5.1289062,5.1601562,3.140625
0.0,0.0,0.0,0.0,0.0,0.0,0.0,1.0,0.5,6.0,12.0,3.0,3.0,3.0,0.0,2062.7,5.0507812,5.0703125,3.1699219
0.0,0.0,0.0,0.0,0.0,0.0,0.0,1.0,0.5,8.0,12.0,3.0,3.0,3.0,0.0,2062.8,5.1289062,5.1601562,3.0800781
0.0,0.0,0.0,0.0,0.0,0.0,0.0,1.0,0.5097656,6.0,12.0,3.0,3.0,3.0,0.0,2061.76,5.171875,5.2109375,3.1503906
0.0,0.0,0.0,0.0,0.0,0.0,0.0,1.0,0.5097656,4.0,18.0,3.0,3.0,3.0,4.0,2061.76,5.1914062,5.2109375,3.0996094
0.0,0.0,0.0,0.0,0.0,0.0,0.0,1.0,0.5,4.0,17.0,1.0,3.0,1.0,0.0,2061.8,4.828125,4.890625,3.2207031
0.0,0.0,0.0,0.0,0.0,0.0,0.0,1.0,0.5,3.0,17.0,3.0,3.0,3.0,0.0,2061.87,5.0703125,5.1015625,3.1796875
0.0,0.0,0.0,0.0,0.0,0.0,0.0,1.0,0.5,3.0,17.0,3.0,3.0,3.0,0.0,2061.87,5.1484375,5.171875,3.0898438
0.0,0.0,0.0,0.0,0.0,0.0,0.0,1.0,0.5,3.0,17.0,3.0,3.0,3.0,2.0,2061.87,5.1484375,5.1796875,3.0996094
0.0,0.0,0.0,0.0,0.0,0.0,0.0,1.0,0.5,7.0,12.0,3.0,3.0,3.0,0.0,2098.19,5.1015625,5.1289062,3.1191406
0.0,0.0,0.0,0.0,0.0,0.0,0.0,1.0,0.5,3.0,17.0,3.0,3.0,3.0,0.0,2098.28,5.140625,5.1601562,3.109375
0.0,0.0,0.0,0.0,0.0,0.0,0.0,1.0,0.5,3.0,17.0,2.0,3.0,3.0,0.0,2098.28,5.171875,5.1796875,3.0507812
0.0,0.0,0.0,0.0,0.0,0.0,0.0,1.0,0.5,8.0,12.0,3.0,3.0,3.0,2.0,2098.28,5.1484375,5.171875,3.109375
0.0,0.0,0.0,0.0,0.0,0.0,0.0,1.0,0.5,3.0,17.0,2.0,3.0,3.0,0.0,2098.3,5.0,5.0195312,3.2109375
0.0,0.0,0.0,0.0,0.0,0.0,0.0,1.0,0.7998047,4.0,8.0,3.0,3.0,3.0,2.0,2098.47,5.8984375,5.921875,3.6992188
0.0,0.0,0.0,0.0,0.0,0.0,0.0,1.0,0.5,5.0,18.0,1.0,3.0,1.0,0.0,2111.79,4.7695312,4.8710938,3.2109375
0.0,0.0,0.0,0.0,0.0,0.0,0.0,1.0,0.5,5.0,17.0,1.0,3.0,2.0,0.0,2111.82,4.890625,4.9492188,3.2695312
0.0,0.0,0.0,0.0,0.0,0.0,0.0,1.0,0.7001953,3.0,12.0,2.0,3.0,3.0,2.0,2111.87,5.53125,5.5703125,3.5800781
0.0,0.0,0.0,0.0,0.0,0.0,0.0,1.0,0.5,3.0,16.0,3.0,3.0,3.0,0.0,2111.87,5.0507812,5.0703125,3.1601562
0.0,0.0,0.0,0.0,0.0,0.0,0.0,1.0,0.5,3.0,16.0,3.0,3.0,3.0,0.0,2111.87,5.0585938,5.078125,3.1699219
0.0,0.0,0.0,0.0,0.0,0.0,0.0,1.0,0.5,5.0,16.0,1.0,3.0,1.0,0.0,2111.98,4.8710938,4.921875,3.25
0.0,0.0,0.0,0.0,0.0,0.0,0.0,1.0,0.5,5.0,15.0,2.0,2.0,1.0,2.0,2112.09,4.96875,5.0390625,3.1308594
0.0,0.0,0.0,0.0,0.0,0.0,0.0,1.0,0.5,5.0,16.0,2.0,3.0,2.0,1.0,2112.2,4.9296875,4.9882812,3.1992188
0.0,0.0,0.0,0.0,0.0,0.0,0.0,1.0,0.5,5.0,18.0,2.0,3.0,2.0,4.0,2112.5,4.9101562,4.96875,3.1894531
0.0,0.0,0.0,0.0,0.0,0.0,0.0,1.0,0.5,5.0,18.0,2.0,2.0,1.0,4.0,2112.5,4.8984375,5.0,3.1601562
0.0,0.0,0.0,0.0,0.0,0.0,0.0,1.0,0.5,4.0,17.0,2.0,2.0,2.0,1.0,2105.76,5.0585938,5.1210938,3.0996094
0.0,0.0,0.0,0.0,0.0,0.0,0.0,1.0,0.5,4.0,17.0,3.0,3.0,2.0,1.0,2105.76,5.03125,5.0585938,3.1796875
0.0,0.0,0.0,0.0,0.0,0.0,0.0,1.0,0.5,4.0,17.0,2.0,3.0,2.0,2.0,2105.76,4.9414062,4.9882812,3.1796875
0.0,0.0,0.0,0.0,0.0,0.0,0.0,1.0,0.5,3.0,16.0,3.0,2.0,3.0,0.0,2105.94,5.0507812,5.078125,3.1699219
0.0,0.0,0.0,0.0,0.0,0.0,0.0,1.0,0.5,3.0,16.0,3.0,3.0,3.0,2.0,2105.94,5.0390625,5.0703125,3.1992188
0.0,0.0,0.0,0.0,0.0,0.0,0.0,1.0,0.5,5.0,16.0,1.0,3.0,1.0,0.0,2106.04,4.8984375,4.9882812,3.1503906
0.0,0.0,0.0,0.0,0.0,0.0,0.0,1.0,0.5,4.0,16.0,2.0,3.0,3.0,0.0,2106.06,5.0117188,5.0507812,3.1796875
0.0,0.0,0.0,0.0,0.0,0.0,0.0,1.0,0.5498047,7.0,12.0,3.0,3.0,3.0,2.0,2106.2,5.21875,5.2382812,3.2597656
0.0,0.0,0.0,0.0,0.0,0.0,0.0,1.0,0.52978516,6.0,12.0,3.0,3.0,3.0,0.0,2106.28,5.1601562,5.1914062,3.2304688
0.0,0.0,0.0,0.0,0.0,0.0,0.0,1.0,0.5,3.0,17.0,2.0,3.0,2.0,0.0,2051.69,4.9296875,4.96875,3.1894531
0.0,0.0,0.0,0.0,0.0,0.0,0.0,1.0,0.5,3.0,17.0,2.0,3.0,3.0,0.0,2051.69,4.9804688,5.0117188,3.2207031
0.0,0.0,0.0,0.0,0.0,0.0,0.0,1.0,0.5,3.0,17.0,2.0,3.0,2.0,0.0,2051.69,4.9804688,5.03125,3.109375
0.0,0.0,0.0,0.0,0.0,0.0,0.0,1.0,0.5,4.0,17.0,2.0,2.0,1.0,0.0,2051.74,4.9414062,5.0,3.1894531
0.0,0.0,0.0,0.0,0.0,0.0,0.0,1.0,0.5097656,6.0,12.0,3.0,3.0,3.0,0.0,2052.06,5.1484375,5.1796875,3.1699219
0.0,0.0,0.0,0.0,0.0,0.0,0.0,1.0,0.5,4.0,16.0,2.0,3.0,2.0,2.0,2028.32,5.0,5.0585938,3.1699219
0.0,0.0,0.0,0.0,0.0,0.0,0.0,1.0,0.5,4.0,16.0,2.0,3.0,1.0,0.0,2028.32,5.0898438,5.1289062,3.0898438
0.0,0.0,0.0,0.0,0.0,0.0,0.0,1.0,0.5,4.0,16.0,1.0,2.0,2.0,0.0,2028.32,5.0507812,5.109375,3.109375
0.0,0.0,0.0,0.0,0.0,0.0,0.0,1.0,0.5,8.0,13.0,1.0,2.0,1.0,2.0,2028.32,4.8398438,4.8984375,3.2109375
0.0,0.0,0.0,0.0,0.0,0.0,0.0,1.0,0.60009766,6.0,19.0,3.0,3.0,3.0,0.0,2028.34,5.3710938,5.3984375,3.3691406
0.0,0.0,0.0,0.0,0.0,0.0,0.0,1.0,0.5,3.0,17.0,3.0,3.0,3.0,0.0,2028.98,5.078125,5.109375,3.140625
0.0,0.0,0.0,0.0,0.0,0.0,0.0,1.0,0.5,3.0,17.0,2.0,3.0,2.0,0.0,2028.98,4.9296875,4.96875,3.1894531
0.0,0.0,0.0,0.0,0.0,0.0,0.0,1.0,0.5600586,5.0,12.0,3.0,3.0,3.0,0.0,2085.12,5.2304688,5.2695312,3.2890625
0.0,0.0,0.0,0.0,0.0,0.0,0.0,1.0,0.52978516,7.0,13.0,3.0,3.0,3.0,4.0,2085.19,5.171875,5.1914062,3.2304688
0.0,0.0,0.0,0.0,0.0,0.0,0.0,1.0,0.52978516,7.0,13.0,3.0,3.0,2.0,4.0,2085.19,5.2617188,5.28125,3.1601562
0.0,0.0,0.0,0.0,0.0,0.0,0.0,1.0,0.5,3.0,17.0,3.0,3.0,3.0,0.0,2085.21,5.1015625,5.109375,3.1191406
0.0,0.0,0.0,0.0,0.0,0.0,0.0,1.0,0.52978516,4.0,13.0,3.0,3.0,3.0,0.0,2075.91,5.1601562,5.1914062,3.2109375
0.0,0.0,0.0,0.0,0.0,0.0,0.0,1.0,0.52978516,4.0,13.0,3.0,2.0,3.0,0.0,2075.91,5.2304688,5.2382812,3.1601562
0.0,0.0,0.0,0.0,0.0,0.0,0.0,1.0,0.52978516,6.0,12.0,3.0,2.0,3.0,0.0,2075.91,5.1601562,5.1914062,3.2207031
0.0,0.0,0.0,0.0,0.0,0.0,0.0,1.0,0.5,6.0,12.0,3.0,3.0,3.0,0.0,2076.27,5.0507812,5.0703125,3.1796875
0.0,0.0,0.0,0.0,0.0,0.0,0.0,1.0,0.5,5.0,17.0,1.0,3.0,0.0,0.0,2076.53,4.9414062,5.0390625,3.0507812
0.0,0.0,0.0,0.0,0.0,0.0,0.0,1.0,0.5,3.0,18.0,3.0,3.0,2.0,0.0,2076.53,5.0585938,5.0898438,3.1796875
0.0,0.0,0.0,0.0,0.0,0.0,0.0,1.0,0.5,3.0,18.0,3.0,3.0,3.0,2.0,2076.53,5.0507812,5.078125,3.1699219
0.0,0.0,0.0,0.0,0.0,0.0,0.0,1.0,0.6298828,4.0,14.0,3.0,3.0,3.0,0.0,2076.75,5.46875,5.4882812,3.4296875
0.0,0.0,0.0,0.0,0.0,0.0,0.0,1.0,0.5,3.0,17.0,3.0,3.0,3.0,2.0,2077.01,5.109375,5.1289062,3.140625
0.0,0.0,0.0,0.0,0.0,0.0,0.0,1.0,0.5,3.0,17.0,3.0,3.0,2.0,0.0,2053.24,5.0390625,5.078125,3.1601562
0.0,0.0,0.0,0.0,0.0,0.0,0.0,1.0,0.5,3.0,17.0,3.0,3.0,2.0,0.0,2053.24,5.109375,5.1210938,3.1503906
0.0,0.0,0.0,0.0,0.0,0.0,0.0,1.0,0.5,3.0,18.0,3.0,3.0,3.0,2.0,2053.29,5.0898438,5.1289062,3.1894531
0.0,0.0,0.0,0.0,0.0,0.0,0.0,1.0,0.5,3.0,16.0,3.0,3.0,3.0,0.0,2053.38,5.0507812,5.0703125,3.1503906
0.0,0.0,0.0,0.0,0.0,0.0,0.0,1.0,0.5,5.0,16.0,2.0,2.0,2.0,4.0,2053.39,4.9882812,5.0117188,3.140625
0.0,0.0,0.0,0.0,0.0,0.0,0.0,1.0,0.5,5.0,16.0,1.0,3.0,1.0,2.0,2053.39,4.8710938,4.9101562,3.2304688
0.0,0.0,0.0,0.0,0.0,0.0,0.0,1.0,0.5097656,3.0,18.0,3.0,3.0,3.0,0.0,2053.42,5.109375,5.1289062,3.1992188
0.0,0.0,0.0,0.0,0.0,0.0,0.0,1.0,0.5,7.0,12.0,3.0,3.0,3.0,2.0,2053.47,5.1289062,5.1601562,3.1308594
0.0,0.0,0.0,0.0,0.0,0.0,0.0,1.0,0.5,4.0,16.0,2.0,3.0,1.0,0.0,2053.49,4.9882812,5.0898438,3.109375
0.0,0.0,0.0,0.0,0.0,0.0,0.0,1.0,0.5,4.0,16.0,1.0,2.0,1.0,0.0,2053.49,5.03125,5.078125,3.0390625
0.0,0.0,0.0,0.0,0.0,0.0,0.0,1.0,0.5,4.0,16.0,2.0,2.0,2.0,2.0,2053.49,5.1796875,5.21875,3.0097656
0.0,0.0,0.0,0.0,0.0,0.0,0.0,1.0,0.5,4.0,16.0,1.0,3.0,1.0,0.0,2053.49,4.9609375,5.0,3.140625
0.0,0.0,0.0,0.0,0.0,0.0,0.0,1.0,0.5,4.0,16.0,1.0,3.0,2.0,0.0,2053.49,4.890625,4.9609375,3.2207031
0.0,0.0,0.0,0.0,0.0,0.0,0.0,1.0,0.89990234,5.0,6.0,3.0,3.0,3.0,0.0,2079.3,6.1210938,6.1484375,3.8398438
0.0,0.0,0.0,0.0,0.0,0.0,0.0,1.0,0.5698242,8.0,11.0,3.0,3.0,3.0,0.0,2079.38,5.2890625,5.3085938,3.3203125
0.0,0.0,0.0,0.0,0.0,0.0,0.0,1.0,0.5,3.0,17.0,3.0,3.0,3.0,0.0,2079.61,5.0585938,5.0898438,3.1601562
0.0,0.0,0.0,0.0,0.0,0.0,0.0,1.0,0.5,5.0,15.0,1.0,2.0,1.0,0.0,2079.65,5.109375,5.1601562,3.0
0.0,0.0,0.0,0.0,0.0,0.0,0.0,1.0,0.5,4.0,15.0,2.0,2.0,1.0,0.0,2080.0,5.0507812,5.109375,3.0898438
0.0,0.0,0.0,0.0,0.0,0.0,0.0,1.0,0.5,4.0,15.0,3.0,3.0,2.0,2.0,2080.0,5.0,5.078125,3.1699219
0.0,0.0,0.0,0.0,0.0,0.0,0.0,1.0,0.5,4.0,15.0,3.0,3.0,3.0,0.0,2080.0,5.0703125,5.0898438,3.1699219
0.0,0.0,0.0,0.0,0.0,0.0,0.0,1.0,0.5,4.0,15.0,3.0,3.0,3.0,1.0,2080.0,5.078125,5.109375,3.1601562
0.0,0.0,0.0,0.0,0.0,0.0,0.0,1.0,0.5,4.0,15.0,2.0,3.0,2.0,0.0,2080.0,5.0117188,5.078125,3.109375
0.0,0.0,0.0,0.0,0.0,0.0,0.0,1.0,0.5,4.0,15.0,2.0,3.0,1.0,0.0,2080.0,5.0195312,5.078125,3.0996094
0.0,0.0,0.0,0.0,0.0,0.0,0.0,1.0,0.5,4.0,15.0,2.0,2.0,3.0,2.0,2080.0,5.0703125,5.1015625,3.1601562
0.0,0.0,0.0,0.0,0.0,0.0,0.0,1.0,0.5,7.0,13.0,2.0,3.0,2.0,0.0,2080.0,4.9296875,4.96875,3.1796875
0.0,0.0,0.0,0.0,0.0,0.0,0.0,1.0,0.5,4.0,17.0,2.0,3.0,1.0,0.0,2080.06,4.9492188,4.9882812,3.140625
0.0,0.0,0.0,0.0,0.0,0.0,0.0,1.0,0.5,3.0,17.0,3.0,3.0,3.0,0.0,2043.41,5.109375,5.140625,3.1601562
0.0,0.0,0.0,0.0,0.0,0.0,0.0,1.0,0.5,3.0,17.0,3.0,2.0,3.0,2.0,2043.41,5.1484375,5.1796875,3.0703125
0.0,0.0,0.0,0.0,0.0,0.0,0.0,1.0,0.5,8.0,12.0,2.0,3.0,2.0,0.0,2043.41,4.9609375,4.9882812,3.2207031
0.0,0.0,0.0,0.0,0.0,0.0,0.0,1.0,0.5,4.0,16.0,2.0,2.0,1.0,0.0,2043.45,4.9296875,4.9882812,3.1503906
0.0,0.0,0.0,0.0,0.0,0.0,0.0,1.0,0.39990234,8.0,18.0,3.0,3.0,3.0,0.0,2043.65,4.7109375,4.7304688,2.9609375
0.0,0.0,0.0,0.0,0.0,0.0,0.0,1.0,0.5,4.0,15.0,3.0,3.0,3.0,2.0,2043.82,5.078125,5.1015625,3.1699219
0.0,0.0,0.0,0.0,0.0,0.0,0.0,1.0,0.7001953,7.0,10.0,2.0,3.0,2.0,0.0,2043.9,5.5195312,5.6015625,3.5605469
0.0,0.0,0.0,0.0,0.0,0.0,0.0,1.0,0.5,5.0,15.0,1.0,3.0,0.0,0.0,2070.33,5.03125,5.1015625,3.0507812
0.0,0.0,0.0,0.0,0.0,0.0,0.0,1.0,0.5,5.0,15.0,2.0,3.0,1.0,1.0,2070.33,4.96875,5.0390625,3.1601562
0.0,0.0,0.0,0.0,0.0,0.0,0.0,1.0,0.5,5.0,15.0,1.0,2.0,0.0,0.0,2070.33,4.8085938,4.8984375,3.2207031
0.0,0.0,0.0,0.0,0.0,0.0,0.0,1.0,0.5,3.0,16.0,2.0,2.0,2.0,0.0,2070.35,5.0,5.0585938,3.1503906
0.0,0.0,0.0,0.0,0.0,0.0,0.0,1.0,0.5,3.0,16.0,3.0,2.0,3.0,0.0,2070.35,5.0898438,5.1210938,3.1894531
0.0,0.0,0.0,0.0,0.0,0.0,0.0,1.0,0.5,3.0,16.0,3.0,3.0,3.0,2.0,2070.35,5.078125,5.1015625,3.1796875
0.0,0.0,0.0,0.0,0.0,0.0,0.0,1.0,0.48999023,5.0,15.0,2.0,3.0,2.0,0.0,2070.39,4.9882812,5.0585938,3.1191406
0.0,0.0,0.0,0.0,0.0,0.0,0.0,1.0,0.5,3.0,17.0,2.0,3.0,2.0,0.0,2055.24,4.9492188,5.0,3.1992188
0.0,0.0,0.0,0.0,0.0,0.0,0.0,1.0,0.5,3.0,17.0,2.0,3.0,2.0,0.0,2055.24,4.9492188,4.9882812,3.1699219
0.0,0.0,0.0,0.0,0.0,0.0,0.0,1.0,0.48999023,7.0,16.0,1.0,3.0,1.0,0.0,2055.55,5.0,5.0585938,3.0507812
0.0,0.0,0.0,0.0,0.0,0.0,0.0,1.0,0.5,6.0,18.0,1.0,2.0,0.0,0.0,2055.78,4.8789062,4.9804688,3.1992188
0.0,0.0,0.0,0.0,0.0,0.0,0.0,1.0,0.5097656,4.0,13.0,3.0,3.0,3.0,0.0,2055.9,5.1015625,5.1210938,3.1992188
0.0,0.0,0.0,0.0,0.0,0.0,0.0,1.0,0.5,4.0,16.0,2.0,3.0,1.0,0.0,2056.0,4.921875,5.0,3.1308594
0.0,0.0,0.0,0.0,0.0,0.0,0.0,1.0,0.5,4.0,13.0,3.0,3.0,3.0,0.0,2056.05,5.0585938,5.0898438,3.1601562
0.0,0.0,0.0,0.0,0.0,0.0,0.0,1.0,0.5,5.0,16.0,1.0,3.0,1.0,0.0,2103.41,4.9101562,4.9609375,3.1992188
0.0,0.0,0.0,0.0,0.0,0.0,0.0,1.0,0.5,5.0,16.0,1.0,2.0,2.0,0.0,2103.41,5.0,5.0585938,3.1308594
0.0,0.0,0.0,0.0,0.0,0.0,0.0,1.0,0.5,4.0,14.0,2.0,3.0,3.0,2.0,2103.41,5.0585938,5.0898438,3.1503906
0.0,0.0,0.0,0.0,0.0,0.0,0.0,1.0,0.5,4.0,17.0,2.0,3.0,1.0,0.0,2103.46,4.9804688,5.0195312,3.1699219
0.0,0.0,0.0,0.0,0.0,0.0,0.0,1.0,0.7998047,3.0,12.0,3.0,3.0,2.0,2.0,2103.9,5.8515625,5.890625,3.7207031
0.0,0.0,0.0,0.0,0.0,0.0,0.0,1.0,0.5,6.0,15.0,1.0,3.0,2.0,0.0,2104.05,4.890625,4.9492188,3.1992188
0.0,0.0,0.0,0.0,0.0,0.0,0.0,1.0,0.5,3.0,18.0,3.0,3.0,3.0,0.0,2104.08,5.0703125,5.078125,3.1796875
0.0,0.0,0.0,0.0,0.0,0.0,0.0,1.0,0.5,3.0,18.0,2.0,3.0,2.0,0.0,2104.08,5.0195312,5.0703125,3.1308594
0.0,0.0,0.0,0.0,0.0,0.0,0.0,1.0,0.5097656,3.0,15.0,3.0,3.0,3.0,2.0,2104.08,5.2109375,5.2304688,3.109375
0.0,0.0,0.0,0.0,0.0,0.0,0.0,1.0,0.5097656,3.0,15.0,3.0,3.0,3.0,0.0,2104.08,5.1601562,5.1914062,3.1191406
0.0,0.0,0.0,0.0,0.0,0.0,0.0,1.0,0.5,5.0,14.0,2.0,3.0,1.0,1.0,2036.9,5.1484375,5.1914062,3.0097656
0.0,0.0,0.0,0.0,0.0,0.0,0.0,1.0,0.5,5.0,14.0,2.0,3.0,2.0,4.0,2036.9,4.9609375,4.9882812,3.1796875
0.0,0.0,0.0,0.0,0.0,0.0,0.0,1.0,0.5,5.0,14.0,1.0,3.0,2.0,0.0,2036.9,4.8515625,4.8984375,3.2109375
0.0,0.0,0.0,0.0,0.0,0.0,0.0,1.0,0.5,5.0,14.0,2.0,3.0,2.0,4.0,2036.9,4.9101562,4.96875,3.1796875
0.0,0.0,0.0,0.0,0.0,0.0,0.0,1.0,0.5,5.0,14.0,2.0,3.0,2.0,4.0,2036.9,4.9882812,5.0195312,3.1601562
0.0,0.0,0.0,0.0,0.0,0.0,0.0,1.0,0.5,5.0,14.0,1.0,3.0,1.0,0.0,2036.9,4.8789062,4.9492188,3.2402344
0.0,0.0,0.0,0.0,0.0,0.0,0.0,1.0,0.5,5.0,14.0,2.0,2.0,1.0,0.0,2036.9,4.9296875,5.0,3.1601562
0.0,0.0,0.0,0.0,0.0,0.0,0.0,1.0,0.5,4.0,18.0,3.0,3.0,3.0,1.0,2036.9,5.0195312,5.0507812,3.1601562
0.0,0.0,0.0,0.0,0.0,0.0,0.0,1.0,1.0,3.0,10.0,3.0,3.0,3.0,6.0,2037.08,6.3789062,6.3515625,3.9902344
0.0,0.0,0.0,0.0,0.0,0.0,0.0,1.0,0.7001953,4.0,11.0,2.0,3.0,2.0,0.0,2039.37,5.5898438,5.640625,3.5507812
0.0,0.0,0.0,0.0,0.0,0.0,0.0,1.0,0.5,3.0,17.0,3.0,3.0,3.0,0.0,2039.46,5.0390625,5.0703125,3.1601562
0.0,0.0,0.0,0.0,0.0,0.0,0.0,1.0,0.5,6.0,14.0,1.0,1.0,0.0,2.0,2039.46,5.0195312,5.0898438,3.0996094
0.0,0.0,0.0,0.0,0.0,0.0,0.0,1.0,0.5,5.0,15.0,0.0,2.0,1.0,0.0,2039.49,4.78125,4.8515625,3.2402344
0.0,0.0,0.0,0.0,0.0,0.0,0.0,1.0,0.5097656,6.0,12.0,3.0,3.0,3.0,2.0,2039.54,5.171875,5.1992188,3.1601562
0.0,0.0,0.0,0.0,0.0,0.0,0.0,1.0,0.5097656,6.0,12.0,3.0,3.0,3.0,2.0,2039.54,5.2109375,5.2382812,3.109375
0.0,0.0,0.0,0.0,0.0,0.0,0.0,1.0,0.5,5.0,13.0,3.0,2.0,2.0,0.0,2070.42,5.0390625,5.078125,3.1699219
0.0,0.0,0.0,0.0,0.0,0.0,0.0,1.0,0.5,4.0,14.0,3.0,2.0,2.0,0.0,2070.48,5.0195312,5.078125,3.1601562
0.0,0.0,0.0,0.0,0.0,0.0,0.0,1.0,0.5,3.0,16.0,3.0,3.0,3.0,0.0,2070.68,5.0585938,5.0898438,3.1796875
0.0,0.0,0.0,0.0,0.0,0.0,0.0,1.0,0.5698242,8.0,11.0,3.0,3.0,3.0,0.0,2071.01,5.2695312,5.3085938,3.2695312
0.0,0.0,0.0,0.0,0.0,0.0,0.0,1.0,0.5,5.0,16.0,1.0,3.0,1.0,0.0,2071.11,4.890625,4.9609375,3.1796875
0.0,0.0,0.0,0.0,0.0,0.0,0.0,1.0,0.5600586,5.0,12.0,3.0,3.0,3.0,0.0,2071.24,5.2890625,5.3203125,3.2695312
0.0,0.0,0.0,0.0,0.0,0.0,0.0,1.0,0.5,3.0,18.0,2.0,3.0,2.0,0.0,2071.25,4.9101562,4.96875,3.1796875
0.0,0.0,0.0,0.0,0.0,0.0,0.0,1.0,0.5,3.0,18.0,2.0,3.0,2.0,0.0,2071.25,5.0703125,5.1210938,3.140625
0.0,0.0,0.0,0.0,0.0,0.0,0.0,1.0,0.5,3.0,18.0,3.0,3.0,3.0,1.0,2071.25,5.0703125,5.109375,3.1308594
0.0,0.0,0.0,0.0,0.0,0.0,0.0,1.0,0.72998047,4.0,10.0,3.0,3.0,3.0,1.0,2071.31,5.8203125,5.8398438,3.5195312
0.0,0.0,0.0,0.0,0.0,0.0,0.0,1.0,0.52978516,4.0,13.0,3.0,3.0,3.0,2.0,2071.35,5.1601562,5.1796875,3.2304688
0.0,0.0,0.0,0.0,0.0,0.0,0.0,1.0,0.5,3.0,18.0,3.0,3.0,3.0,2.0,2071.45,5.1796875,5.1914062,3.1308594
0.0,0.0,0.0,0.0,0.0,0.0,0.0,1.0,0.52001953,7.0,12.0,3.0,3.0,3.0,2.0,2099.01,5.1289062,5.1601562,3.2304688
0.0,0.0,0.0,0.0,0.0,0.0,0.0,1.0,0.64990234,7.0,11.0,3.0,3.0,3.0,2.0,2099.02,5.53125,5.5507812,3.4707031
0.0,0.0,0.0,0.0,0.0,0.0,0.0,1.0,0.5,3.0,18.0,3.0,3.0,3.0,0.0,2099.04,5.109375,5.1289062,3.140625
0.0,0.0,0.0,0.0,0.0,0.0,0.0,1.0,0.5,3.0,18.0,3.0,3.0,3.0,2.0,2099.04,5.0507812,5.078125,3.1796875
0.0,0.0,0.0,0.0,0.0,0.0,0.0,1.0,0.5,4.0,16.0,3.0,3.0,3.0,2.0,2099.14,5.0390625,5.0703125,3.1601562
0.0,0.0,0.0,0.0,0.0,0.0,0.0,1.0,0.52001953,3.0,15.0,3.0,3.0,3.0,2.0,2099.18,5.171875,5.1796875,3.1503906
0.0,0.0,0.0,0.0,0.0,0.0,0.0,1.0,0.5,5.0,15.0,1.0,2.0,2.0,0.0,2099.23,4.9101562,4.9609375,3.2109375
0.0,0.0,0.0,0.0,0.0,0.0,0.0,1.0,0.7998047,8.0,9.0,3.0,3.0,3.0,0.0,2099.89,5.921875,5.9492188,3.6699219
0.0,0.0,0.0,0.0,0.0,0.0,0.0,1.0,0.5,3.0,16.0,3.0,3.0,3.0,0.0,2099.91,5.0585938,5.0898438,3.1503906
0.0,0.0,0.0,0.0,0.0,0.0,0.0,1.0,0.5,4.0,18.0,3.0,3.0,2.0,4.0,2099.93,5.0585938,5.0898438,3.1601562
0.0,0.0,0.0,0.0,0.0,0.0,0.0,1.0,0.5,3.0,16.0,3.0,3.0,2.0,0.0,2028.14,5.0585938,5.109375,3.1308594
0.0,0.0,0.0,0.0,0.0,0.0,0.0,1.0,0.5,4.0,17.0,1.0,3.0,2.0,0.0,2028.19,4.9296875,5.0,3.2109375
0.0,0.0,0.0,0.0,0.0,0.0,0.0,1.0,0.5097656,3.0,14.0,3.0,3.0,3.0,2.0,2028.19,5.078125,5.1015625,3.1894531
0.0,0.0,0.0,0.0,0.0,0.0,0.0,1.0,0.5,3.0,16.0,3.0,3.0,3.0,0.0,2028.2,5.0507812,5.0703125,3.1503906
0.0,0.0,0.0,0.0,0.0,0.0,0.0,1.0,0.5,3.0,16.0,3.0,3.0,3.0,0.0,2028.2,5.0585938,5.0898438,3.1601562
0.0,0.0,0.0,0.0,0.0,0.0,0.0,1.0,0.5,4.0,15.0,3.0,2.0,2.0,1.0,2028.27,5.0507812,5.109375,3.1796875
0.0,0.0,0.0,0.0,0.0,0.0,0.0,1.0,0.5,4.0,15.0,2.0,2.0,2.0,2.0,2028.27,5.109375,5.140625,3.0996094
0.0,0.0,0.0,0.0,0.0,0.0,0.0,1.0,0.5,4.0,15.0,2.0,3.0,2.0,4.0,2028.27,4.9609375,5.0117188,3.1699219
0.0,0.0,0.0,0.0,0.0,0.0,0.0,1.0,0.5,4.0,15.0,2.0,3.0,2.0,1.0,2028.27,5.1015625,5.1601562,3.0507812
0.0,0.0,0.0,0.0,0.0,0.0,0.0,1.0,0.5,4.0,15.0,2.0,3.0,1.0,0.0,2028.27,4.9804688,5.0585938,3.140625
0.0,0.0,0.0,0.0,0.0,0.0,0.0,1.0,0.5,4.0,16.0,2.0,3.0,1.0,0.0,2028.32,4.9296875,5.0,3.1699219
0.0,0.0,0.0,0.0,0.0,0.0,0.0,1.0,0.5,3.0,17.0,3.0,3.0,2.0,0.0,2073.7,5.0117188,5.0703125,3.1601562
0.0,0.0,0.0,0.0,0.0,0.0,0.0,1.0,0.5,3.0,17.0,3.0,3.0,3.0,0.0,2073.7,5.078125,5.1015625,3.1503906
0.0,0.0,0.0,0.0,0.0,0.0,0.0,1.0,0.5,3.0,17.0,3.0,3.0,3.0,0.0,2073.7,5.1015625,5.1289062,3.1601562
0.0,0.0,0.0,0.0,0.0,0.0,0.0,1.0,0.5,4.0,18.0,2.0,3.0,1.0,0.0,2073.77,5.0195312,5.1015625,3.1894531
0.0,0.0,0.0,0.0,0.0,0.0,0.0,1.0,0.52001953,6.0,12.0,3.0,3.0,3.0,0.0,2073.83,5.1992188,5.2382812,3.1699219
0.0,0.0,0.0,0.0,0.0,0.0,0.0,1.0,0.52001953,6.0,12.0,3.0,3.0,3.0,0.0,2073.83,5.171875,5.1992188,3.1894531
0.0,0.0,0.0,0.0,0.0,0.0,0.0,1.0,0.52001953,6.0,12.0,3.0,3.0,3.0,0.0,2073.83,5.140625,5.171875,3.2109375
0.0,0.0,0.0,0.0,0.0,0.0,0.0,1.0,0.5,4.0,16.0,2.0,3.0,1.0,0.0,2073.85,4.921875,4.9609375,3.1894531
0.0,0.0,0.0,0.0,0.0,0.0,0.0,1.0,0.5,4.0,16.0,2.0,3.0,1.0,0.0,2073.85,4.96875,5.0195312,3.2207031
0.0,0.0,0.0,0.0,0.0,0.0,0.0,1.0,0.5097656,3.0,15.0,2.0,2.0,3.0,0.0,2074.05,5.0703125,5.0898438,3.1796875
0.0,0.0,0.0,0.0,0.0,0.0,0.0,1.0,0.5,4.0,13.0,3.0,3.0,3.0,0.0,2040.22,5.0507812,5.0703125,3.1601562
0.0,0.0,0.0,0.0,0.0,0.0,0.0,1.0,0.5,4.0,13.0,3.0,3.0,3.0,0.0,2040.22,5.03125,5.0585938,3.1699219
0.0,0.0,0.0,0.0,0.0,0.0,0.0,1.0,0.5,4.0,13.0,3.0,3.0,3.0,0.0,2040.22,5.0585938,5.0898438,3.1796875
0.0,0.0,0.0,0.0,0.0,0.0,0.0,1.0,0.7001953,3.0,11.0,3.0,3.0,3.0,1.0,2040.31,5.6484375,5.671875,3.5507812
0.0,0.0,0.0,0.0,0.0,0.0,0.0,1.0,0.5498047,5.0,12.0,3.0,3.0,3.0,0.0,2040.43,5.3203125,5.328125,3.2207031
0.0,0.0,0.0,0.0,0.0,0.0,0.0,1.0,0.52001953,4.0,13.0,3.0,3.0,3.0,0.0,2040.57,5.1289062,5.1601562,3.1992188
0.0,0.0,0.0,0.0,0.0,0.0,0.0,1.0,0.5097656,4.0,13.0,3.0,3.0,3.0,0.0,2040.6,5.1484375,5.1796875,3.1699219
0.0,0.0,0.0,0.0,0.0,0.0,0.0,1.0,0.75,3.0,12.0,3.0,3.0,3.0,2.0,2040.7,5.7617188,5.7890625,3.640625
0.0,0.0,0.0,0.0,0.0,0.0,0.0,1.0,0.5,3.0,17.0,2.0,3.0,2.0,0.0,2040.81,4.9492188,4.96875,3.2109375
0.0,0.0,0.0,0.0,0.0,0.0,0.0,1.0,0.5,5.0,17.0,2.0,3.0,1.0,1.0,2040.84,4.9414062,5.0117188,3.1503906
0.0,0.0,0.0,0.0,0.0,0.0,0.0,1.0,0.5,4.0,13.0,3.0,3.0,3.0,0.0,2041.08,5.140625,5.171875,3.0996094
0.0,0.0,0.0,0.0,0.0,0.0,0.0,1.0,0.7597656,3.0,10.0,3.0,3.0,3.0,0.0,2059.52,5.8984375,5.9296875,3.5605469
0.0,0.0,0.0,0.0,0.0,0.0,0.0,1.0,0.66015625,4.0,13.0,3.0,3.0,3.0,2.0,2059.79,5.53125,5.5585938,3.4804688
0.0,0.0,0.0,0.0,0.0,0.0,0.0,1.0,0.5,5.0,17.0,1.0,2.0,1.0,0.0,2060.11,4.8515625,4.9296875,3.1308594
0.0,0.0,0.0,0.0,0.0,0.0,0.0,1.0,0.5,5.0,17.0,1.0,1.0,1.0,0.0,2060.11,4.8515625,4.9296875,3.2109375
0.0,0.0,0.0,0.0,0.0,0.0,0.0,1.0,0.5,4.0,16.0,2.0,3.0,2.0,2.0,2060.14,5.1289062,5.2109375,3.0195312
0.0,0.0,0.0,0.0,0.0,0.0,0.0,1.0,0.4699707,4.0,17.0,3.0,3.0,3.0,0.0,2060.18,4.9804688,5.0,3.0898438
0.0,0.0,0.0,0.0,0.0,0.0,0.0,1.0,0.5800781,5.0,13.0,3.0,3.0,3.0,2.0,2080.8,5.3007812,5.328125,3.3398438
0.0,0.0,0.0,0.0,0.0,0.0,0.0,1.0,0.5,5.0,16.0,2.0,2.0,1.0,0.0,2080.99,5.1015625,5.1601562,3.0097656
0.0,0.0,0.0,0.0,0.0,0.0,0.0,1.0,0.5,4.0,15.0,2.0,3.0,2.0,0.0,2081.08,4.9882812,5.0390625,3.109375
0.0,0.0,0.0,0.0,0.0,0.0,0.0,1.0,0.89990234,4.0,8.0,3.0,3.0,3.0,0.0,2081.18,6.1601562,6.1796875,3.859375
0.0,0.0,0.0,0.0,0.0,0.0,0.0,1.0,0.5,3.0,18.0,3.0,3.0,3.0,1.0,2081.29,5.109375,5.140625,3.0800781
0.0,0.0,0.0,0.0,0.0,0.0,0.0,1.0,0.5,4.0,16.0,2.0,3.0,2.0,2.0,2081.37,4.9804688,5.0390625,3.0703125
0.0,0.0,0.0,0.0,0.0,0.0,0.0,1.0,0.6098633,4.0,12.0,3.0,3.0,3.0,2.0,2081.4,5.3789062,5.421875,3.359375
0.0,0.0,0.0,0.0,0.0,0.0,0.0,1.0,0.5800781,8.0,11.0,3.0,3.0,3.0,0.0,2106.37,5.3398438,5.3710938,3.3300781
0.0,0.0,0.0,0.0,0.0,0.0,0.0,1.0,0.5,5.0,13.0,2.0,3.0,2.0,0.0,2106.67,5.140625,5.1914062,3.0195312
0.0,0.0,0.0,0.0,0.0,0.0,0.0,1.0,0.5,5.0,17.0,1.0,3.0,1.0,0.0,2106.75,4.890625,4.9492188,3.2207031
0.0,0.0,0.0,0.0,0.0,0.0,0.0,1.0,0.5,5.0,17.0,1.0,3.0,2.0,0.0,2106.75,4.8984375,4.9492188,3.2402344
0.0,0.0,0.0,0.0,0.0,0.0,0.0,1.0,0.5,4.0,16.0,2.0,2.0,3.0,2.0,2106.75,5.0195312,5.0507812,3.1699219
0.0,0.0,0.0,0.0,0.0,0.0,0.0,1.0,0.5,4.0,16.0,2.0,3.0,1.0,0.0,2106.75,4.8984375,4.9804688,3.1894531
0.0,0.0,0.0,0.0,0.0,0.0,0.0,1.0,0.5,4.0,15.0,3.0,3.0,2.0,1.0,2106.8,5.1601562,5.1992188,3.0703125
0.0,0.0,0.0,0.0,0.0,0.0,0.0,1.0,0.5,4.0,15.0,2.0,2.0,1.0,0.0,2106.8,4.921875,5.0195312,3.1503906
0.0,0.0,0.0,0.0,0.0,0.0,0.0,1.0,0.5,4.0,15.0,2.0,3.0,3.0,2.0,2106.8,5.1289062,5.1484375,3.0996094
0.0,0.0,0.0,0.0,0.0,0.0,0.0,1.0,0.5,5.0,13.0,2.0,2.0,2.0,0.0,2054.99,4.9804688,5.0117188,3.1894531
0.0,0.0,0.0,0.0,0.0,0.0,0.0,1.0,0.5097656,6.0,12.0,3.0,3.0,3.0,0.0,2055.01,5.140625,5.171875,3.1308594
0.0,0.0,0.0,0.0,0.0,0.0,0.0,1.0,0.5,6.0,14.0,1.0,2.0,1.0,2.0,2055.02,4.8710938,4.9414062,3.1796875
0.0,0.0,0.0,0.0,0.0,0.0,0.0,1.0,0.5,4.0,16.0,2.0,3.0,2.0,1.0,2055.16,5.109375,5.171875,3.0390625
0.0,0.0,0.0,0.0,0.0,0.0,0.0,1.0,0.5,4.0,16.0,2.0,3.0,2.0,1.0,2055.16,5.0507812,5.109375,3.0898438
0.0,0.0,0.0,0.0,0.0,0.0,0.0,1.0,0.5,4.0,16.0,3.0,3.0,3.0,4.0,2055.16,5.1484375,5.1796875,3.0703125
0.0,0.0,0.0,0.0,0.0,0.0,0.0,1.0,0.5,4.0,13.0,3.0,3.0,3.0,0.0,2055.18,5.0585938,5.1015625,3.1796875
0.0,0.0,0.0,0.0,0.0,0.0,0.0,1.0,0.89990234,4.0,5.0,2.0,3.0,3.0,2.0,2055.21,5.9882812,6.03125,3.8496094
0.0,0.0,0.0,0.0,0.0,0.0,0.0,1.0,0.5,3.0,17.0,2.0,3.0,2.0,0.0,2055.24,4.890625,4.9609375,3.1992188
0.0,0.0,0.0,0.0,0.0,0.0,0.0,1.0,0.5,3.0,17.0,2.0,3.0,2.0,0.0,2055.24,5.0,5.03125,3.1699219
0.0,0.0,0.0,0.0,0.0,0.0,0.0,1.0,0.5,4.0,13.0,3.0,3.0,3.0,0.0,2030.57,5.0703125,5.1015625,3.1503906
0.0,0.0,0.0,0.0,0.0,0.0,0.0,1.0,0.5,3.0,18.0,3.0,3.0,3.0,2.0,2030.57,5.1210938,5.1484375,3.1191406
0.0,0.0,0.0,0.0,0.0,0.0,0.0,1.0,0.5,4.0,16.0,2.0,3.0,1.0,0.0,2030.62,5.0585938,5.1210938,3.0390625
0.0,0.0,0.0,0.0,0.0,0.0,0.0,1.0,0.5,3.0,18.0,3.0,3.0,3.0,0.0,2030.78,5.1289062,5.1484375,3.1308594
0.0,0.0,0.0,0.0,0.0,0.0,0.0,1.0,0.5097656,3.0,15.0,3.0,2.0,3.0,0.0,2030.81,5.109375,5.1210938,3.1699219
0.0,0.0,0.0,0.0,0.0,0.0,0.0,1.0,0.5097656,4.0,13.0,3.0,3.0,3.0,0.0,2030.81,5.1015625,5.1210938,3.1992188
0.0,0.0,0.0,0.0,0.0,0.0,0.0,1.0,0.5097656,4.0,13.0,3.0,3.0,3.0,0.0,2030.81,5.1289062,5.1484375,3.1796875
0.0,0.0,0.0,0.0,0.0,0.0,0.0,1.0,0.39990234,8.0,18.0,3.0,3.0,3.0,0.0,2030.87,4.6992188,4.71875,2.8808594
0.0,0.0,0.0,0.0,0.0,0.0,0.0,1.0,0.5097656,6.0,12.0,3.0,3.0,3.0,0.0,2030.9,5.1796875,5.2109375,3.109375
0.0,0.0,0.0,0.0,0.0,0.0,0.0,1.0,0.5698242,3.0,15.0,3.0,3.0,3.0,0.0,2031.06,5.2617188,5.28125,3.3105469
0.0,0.0,0.0,0.0,0.0,0.0,0.0,1.0,0.5,4.0,13.0,3.0,3.0,3.0,0.0,2031.45,5.0390625,5.0703125,3.1699219
0.0,0.0,0.0,0.0,0.0,0.0,0.0,1.0,0.5,4.0,13.0,3.0,3.0,3.0,0.0,2031.45,5.0898438,5.109375,3.0898438
0.0,0.0,0.0,0.0,0.0,0.0,0.0,1.0,0.5,3.0,18.0,3.0,3.0,3.0,1.0,2047.47,5.0507812,5.078125,3.1894531
0.0,0.0,0.0,0.0,0.0,0.0,0.0,1.0,0.52978516,6.0,12.0,3.0,3.0,3.0,2.0,2047.5,5.140625,5.1601562,3.2304688
0.0,0.0,0.0,0.0,0.0,0.0,0.0,1.0,0.5,5.0,15.0,1.0,2.0,1.0,2.0,2041.76,4.8789062,4.9609375,3.1796875
0.0,0.0,0.0,0.0,0.0,0.0,0.0,1.0,0.95996094,3.0,3.0,3.0,3.0,3.0,2.0,2042.16,6.2617188,6.3007812,3.9199219
0.0,0.0,0.0,0.0,0.0,0.0,0.0,1.0,0.52001953,8.0,12.0,3.0,3.0,3.0,0.0,2042.4,5.1210938,5.140625,3.1992188
0.0,0.0,0.0,0.0,0.0,0.0,0.0,1.0,0.58984375,3.0,14.0,3.0,3.0,3.0,0.0,2042.45,5.328125,5.3710938,3.3300781
0.0,0.0,0.0,0.0,0.0,0.0,0.0,1.0,0.5,5.0,17.0,1.0,3.0,2.0,0.0,2042.53,4.890625,4.9414062,3.2109375
0.0,0.0,0.0,0.0,0.0,0.0,0.0,1.0,0.5,4.0,16.0,1.0,2.0,2.0,0.0,2042.62,4.8710938,4.921875,3.25
0.0,0.0,0.0,0.0,0.0,0.0,0.0,1.0,0.5,8.0,17.0,1.0,3.0,1.0,1.0,2077.86,4.96875,5.0117188,3.2304688
0.0,0.0,0.0,0.0,0.0,0.0,0.0,1.0,0.5,3.0,16.0,2.0,3.0,2.0,0.0,2077.87,4.9414062,4.9804688,3.1796875
0.0,0.0,0.0,0.0,0.0,0.0,0.0,1.0,0.5,3.0,16.0,2.0,3.0,3.0,0.0,2077.87,5.0390625,5.0507812,3.109375
0.0,0.0,0.0,0.0,0.0,0.0,0.0,1.0,0.5,4.0,17.0,2.0,2.0,1.0,0.0,2077.89,5.03125,5.1015625,3.109375
0.0,0.0,0.0,0.0,0.0,0.0,0.0,1.0,0.5,4.0,17.0,2.0,3.0,1.0,2.0,2077.89,5.03125,5.078125,3.1191406
0.0,0.0,0.0,0.0,0.0,0.0,0.0,1.0,0.5,3.0,17.0,2.0,3.0,3.0,0.0,2077.96,4.9804688,4.9882812,3.1894531
0.0,0.0,0.0,0.0,0.0,0.0,0.0,1.0,0.5,5.0,13.0,2.0,3.0,2.0,2.0,2078.02,4.8984375,4.9609375,3.1992188
0.0,0.0,0.0,0.0,0.0,0.0,0.0,1.0,0.5,5.0,18.0,1.0,3.0,1.0,2.0,2078.07,4.8007812,4.8789062,3.1894531
0.0,0.0,0.0,0.0,0.0,0.0,0.0,1.0,0.5,5.0,18.0,1.0,2.0,2.0,1.0,2078.07,5.0390625,5.0898438,2.9492188
0.0,0.0,0.0,0.0,0.0,0.0,0.0,1.0,0.5,5.0,18.0,0.0,3.0,2.0,2.0,2078.07,4.9101562,4.96875,3.1894531
0.0,0.0,0.0,0.0,0.0,0.0,0.0,1.0,0.5097656,3.0,14.0,3.0,2.0,3.0,0.0,2078.18,5.1210938,5.140625,3.1992188
0.0,0.0,0.0,0.0,0.0,0.0,0.0,1.0,0.5097656,3.0,16.0,3.0,2.0,3.0,2.0,2078.23,5.0703125,5.1015625,3.1796875
0.0,0.0,0.0,0.0,0.0,0.0,0.0,1.0,0.7001953,4.0,11.0,3.0,3.0,3.0,1.0,2078.29,5.6484375,5.6914062,3.5390625
0.0,0.0,0.0,0.0,0.0,0.0,0.0,1.0,0.5097656,4.0,15.0,3.0,3.0,3.0,4.0,2078.35,5.1015625,5.1289062,3.1796875
0.0,0.0,0.0,0.0,0.0,0.0,0.0,1.0,0.5698242,3.0,15.0,3.0,3.0,3.0,0.0,2078.36,5.2890625,5.3085938,3.3105469
0.0,0.0,0.0,0.0,0.0,0.0,0.0,1.0,0.5,7.0,13.0,3.0,3.0,3.0,4.0,2078.4,5.0585938,5.0898438,3.1796875
0.0,0.0,0.0,0.0,0.0,0.0,0.0,1.0,0.5,5.0,13.0,3.0,3.0,2.0,2.0,2078.47,5.0390625,5.0703125,3.1699219
0.0,0.0,0.0,0.0,0.0,0.0,0.0,1.0,0.5,5.0,13.0,3.0,2.0,3.0,2.0,2078.47,5.1289062,5.1484375,3.0996094
0.0,0.0,0.0,0.0,0.0,0.0,0.0,1.0,0.5,3.0,18.0,3.0,3.0,3.0,0.0,2078.47,5.1015625,5.109375,3.140625
0.0,0.0,0.0,0.0,0.0,0.0,0.0,1.0,0.5,3.0,18.0,3.0,3.0,2.0,0.0,2078.47,5.0585938,5.078125,3.1308594
0.0,0.0,0.0,0.0,0.0,0.0,0.0,1.0,0.5,5.0,16.0,1.0,3.0,1.0,0.0,2075.39,4.9414062,5.0,3.1601562
0.0,0.0,0.0,0.0,0.0,0.0,0.0,1.0,0.70996094,4.0,11.0,3.0,3.0,3.0,4.0,2075.56,5.6601562,5.6992188,3.5507812
0.0,0.0,0.0,0.0,0.0,0.0,0.0,1.0,0.5600586,5.0,12.0,3.0,3.0,3.0,2.0,2075.59,5.2109375,5.2382812,3.3105469
0.0,0.0,0.0,0.0,0.0,0.0,0.0,1.0,0.5,6.0,18.0,2.0,3.0,2.0,5.0,2075.66,5.1210938,5.171875,3.0898438
0.0,0.0,0.0,0.0,0.0,0.0,0.0,1.0,0.5600586,3.0,15.0,3.0,3.0,3.0,2.0,2075.71,5.25,5.2695312,3.3105469
0.0,0.0,0.0,0.0,0.0,0.0,0.0,1.0,0.5,3.0,17.0,3.0,3.0,3.0,2.0,2075.87,5.0390625,5.0703125,3.1699219
0.0,0.0,0.0,0.0,0.0,0.0,0.0,1.0,0.5,3.0,17.0,3.0,3.0,2.0,0.0,2075.87,5.0703125,5.0898438,3.140625
0.0,0.0,0.0,0.0,0.0,0.0,0.0,1.0,0.5,3.0,17.0,3.0,3.0,2.0,0.0,2075.87,5.078125,5.109375,3.0996094
0.0,0.0,0.0,0.0,0.0,0.0,0.0,1.0,0.5,8.0,12.0,3.0,3.0,3.0,0.0,2075.87,5.1796875,5.1992188,3.0996094
0.0,0.0,0.0,0.0,0.0,0.0,0.0,1.0,0.75,3.0,8.0,3.0,3.0,3.0,2.0,2075.87,5.75,5.7890625,3.6191406
0.0,0.0,0.0,0.0,0.0,0.0,0.0,1.0,0.5,4.0,17.0,1.0,3.0,2.0,0.0,2077.03,4.9414062,4.96875,3.1992188
0.0,0.0,0.0,0.0,0.0,0.0,0.0,1.0,0.5,4.0,17.0,2.0,2.0,1.0,0.0,2077.03,4.96875,5.0390625,3.1699219
0.0,0.0,0.0,0.0,0.0,0.0,0.0,1.0,0.5,4.0,17.0,2.0,3.0,2.0,2.0,2077.03,4.9492188,5.0117188,3.1601562
0.0,0.0,0.0,0.0,0.0,0.0,0.0,1.0,0.5,4.0,17.0,2.0,3.0,2.0,1.0,2077.03,5.1210938,5.171875,3.0507812
0.0,0.0,0.0,0.0,0.0,0.0,0.0,1.0,0.5,4.0,18.0,2.0,3.0,1.0,0.0,2077.11,5.1796875,5.2109375,3.0292969
0.0,0.0,0.0,0.0,0.0,0.0,0.0,1.0,0.5,4.0,18.0,2.0,3.0,2.0,1.0,2077.11,4.9101562,4.9804688,3.1894531
0.0,0.0,0.0,0.0,0.0,0.0,0.0,1.0,0.5,4.0,18.0,1.0,2.0,1.0,0.0,2077.11,4.9414062,5.0,3.2207031
0.0,0.0,0.0,0.0,0.0,0.0,0.0,1.0,0.5,4.0,13.0,3.0,3.0,3.0,0.0,2077.15,5.1484375,5.171875,3.0605469
0.0,0.0,0.0,0.0,0.0,0.0,0.0,1.0,0.7597656,5.0,11.0,3.0,3.0,3.0,2.0,2077.81,5.7890625,5.828125,3.6308594
0.0,0.0,0.0,0.0,0.0,0.0,0.0,1.0,0.52978516,4.0,13.0,3.0,3.0,3.0,0.0,2053.91,5.1914062,5.2109375,3.2207031
0.0,0.0,0.0,0.0,0.0,0.0,0.0,1.0,0.5498047,5.0,12.0,3.0,3.0,3.0,0.0,2053.92,5.2109375,5.25,3.2792969
0.0,0.0,0.0,0.0,0.0,0.0,0.0,1.0,0.5498047,5.0,12.0,3.0,3.0,3.0,2.0,2053.92,5.2617188,5.2890625,3.2109375
0.0,0.0,0.0,0.0,0.0,0.0,0.0,1.0,0.5,4.0,15.0,3.0,3.0,3.0,0.0,2054.28,5.078125,5.1015625,3.1796875
0.0,0.0,0.0,0.0,0.0,0.0,0.0,1.0,0.5,4.0,16.0,2.0,3.0,1.0,0.0,2054.33,4.890625,4.96875,3.1601562
0.0,0.0,0.0,0.0,0.0,0.0,0.0,1.0,0.7001953,5.0,9.0,3.0,3.0,3.0,0.0,2054.53,5.6484375,5.6914062,3.5605469
0.0,0.0,0.0,0.0,0.0,0.0,0.0,1.0,0.7001953,3.0,15.0,1.0,1.0,1.0,2.0,2054.93,5.4101562,5.5,3.609375
0.0,0.0,0.0,0.0,0.0,0.0,0.0,1.0,0.5,3.0,17.0,2.0,3.0,2.0,0.0,2086.47,4.9414062,5.0,3.1894531
0.0,0.0,0.0,0.0,0.0,0.0,0.0,1.0,0.5097656,6.0,13.0,3.0,3.0,3.0,0.0,2086.9,5.109375,5.1289062,3.1992188
0.0,0.0,0.0,0.0,0.0,0.0,0.0,1.0,0.5,7.0,13.0,2.0,3.0,2.0,0.0,2086.97,4.890625,4.9609375,3.1992188
0.0,0.0,0.0,0.0,0.0,0.0,0.0,1.0,0.5,3.0,16.0,3.0,3.0,3.0,0.0,2087.09,5.078125,5.1015625,3.1503906
0.0,0.0,0.0,0.0,0.0,0.0,0.0,1.0,0.5,6.0,15.0,1.0,3.0,1.0,2.0,2087.15,4.8203125,4.890625,3.2207031
0.0,0.0,0.0,0.0,0.0,0.0,0.0,1.0,0.5,5.0,13.0,2.0,3.0,2.0,2.0,2087.15,4.9609375,4.9804688,3.1894531
0.0,0.0,0.0,0.0,0.0,0.0,0.0,1.0,0.5,5.0,13.0,2.0,3.0,2.0,0.0,2087.15,4.9609375,5.0195312,3.1699219
0.0,0.0,0.0,0.0,0.0,0.0,0.0,1.0,0.5,7.0,18.0,2.0,3.0,2.0,5.0,2087.15,4.96875,5.0,3.1699219
0.0,0.0,0.0,0.0,0.0,0.0,0.0,1.0,0.5,3.0,16.0,3.0,3.0,3.0,2.0,2087.23,5.0390625,5.078125,3.1699219
0.0,0.0,0.0,0.0,0.0,0.0,0.0,1.0,0.5,5.0,15.0,1.0,3.0,2.0,0.0,2087.35,4.9414062,4.9804688,3.1992188
0.0,0.0,0.0,0.0,0.0,0.0,0.0,1.0,0.5600586,5.0,12.0,3.0,3.0,3.0,2.0,2046.29,5.2617188,5.3007812,3.3105469
0.0,0.0,0.0,0.0,0.0,0.0,0.0,1.0,0.7001953,4.0,10.0,3.0,3.0,3.0,0.0,2046.41,5.75,5.7695312,3.4394531
0.0,0.0,0.0,0.0,0.0,0.0,0.0,1.0,0.5,3.0,16.0,3.0,3.0,2.0,0.0,2046.62,5.0585938,5.109375,3.1601562
0.0,0.0,0.0,0.0,0.0,0.0,0.0,1.0,0.70996094,7.0,9.0,3.0,2.0,3.0,0.0,2046.73,5.6796875,5.71875,3.5703125
0.0,0.0,0.0,0.0,0.0,0.0,0.0,1.0,0.5698242,4.0,16.0,3.0,3.0,3.0,4.0,2046.91,5.25,5.2890625,3.3007812
0.0,0.0,0.0,0.0,0.0,0.0,0.0,1.0,0.44995117,6.0,17.0,3.0,3.0,3.0,0.0,2047.0,4.8710938,4.9101562,3.0703125
0.0,0.0,0.0,0.0,0.0,0.0,0.0,1.0,0.60009766,4.0,12.0,3.0,3.0,3.0,0.0,2047.24,5.390625,5.4101562,3.3808594
0.0,0.0,0.0,0.0,0.0,0.0,0.0,1.0,0.5,3.0,16.0,3.0,3.0,2.0,0.0,2105.03,5.0507812,5.109375,3.1699219
0.0,0.0,0.0,0.0,0.0,0.0,0.0,1.0,0.5,5.0,16.0,1.0,3.0,1.0,0.0,2105.05,4.921875,4.9804688,3.2402344
0.0,0.0,0.0,0.0,0.0,0.0,0.0,1.0,0.5,4.0,13.0,3.0,3.0,3.0,0.0,2105.05,5.1484375,5.1796875,3.0605469
0.0,0.0,0.0,0.0,0.0,0.0,0.0,1.0,0.5,6.0,12.0,3.0,3.0,3.0,0.0,2105.05,5.109375,5.1289062,3.1308594
0.0,0.0,0.0,0.0,0.0,0.0,0.0,1.0,0.5,6.0,12.0,3.0,3.0,3.0,0.0,2105.06,5.0390625,5.0703125,3.1601562
0.0,0.0,0.0,0.0,0.0,0.0,0.0,1.0,0.5,6.0,15.0,2.0,3.0,1.0,0.0,2105.06,4.890625,4.96875,3.2207031
0.0,0.0,0.0,0.0,0.0,0.0,0.0,1.0,0.5,3.0,18.0,2.0,3.0,2.0,0.0,2105.06,5.0195312,5.0703125,3.0605469
0.0,0.0,0.0,0.0,0.0,0.0,0.0,1.0,0.7001953,4.0,10.0,3.0,3.0,3.0,0.0,2105.63,5.7304688,5.7382812,3.4296875
0.0,0.0,0.0,0.0,0.0,0.0,0.0,1.0,0.5800781,4.0,13.0,3.0,3.0,3.0,0.0,2105.75,5.390625,5.4101562,3.2890625
0.0,0.0,0.0,0.0,0.0,0.0,0.0,1.0,0.5,4.0,17.0,3.0,3.0,2.0,0.0,2112.65,5.0195312,5.0703125,3.1699219
0.0,0.0,0.0,0.0,0.0,0.0,0.0,1.0,0.5,4.0,17.0,2.0,3.0,2.0,1.0,2112.65,4.9882812,5.0390625,3.2207031
0.0,0.0,0.0,0.0,0.0,0.0,0.0,1.0,0.5,4.0,17.0,1.0,3.0,2.0,2.0,2112.65,4.9492188,5.0,3.1894531
0.0,0.0,0.0,0.0,0.0,0.0,0.0,1.0,0.5,4.0,18.0,2.0,3.0,1.0,0.0,2112.7,4.96875,5.0390625,3.1699219
0.0,0.0,0.0,0.0,0.0,0.0,0.0,1.0,0.5,5.0,14.0,2.0,3.0,2.0,1.0,2112.84,4.9101562,4.96875,3.1699219
0.0,0.0,0.0,0.0,0.0,0.0,0.0,1.0,1.0,3.0,9.0,3.0,3.0,3.0,0.0,2113.04,6.3515625,6.3007812,4.0
0.0,0.0,0.0,0.0,0.0,0.0,0.0,1.0,0.5,5.0,15.0,1.0,2.0,2.0,0.0,2113.06,4.8710938,4.9296875,3.2109375
0.0,0.0,0.0,0.0,0.0,0.0,0.0,1.0,0.5,5.0,15.0,2.0,3.0,1.0,0.0,2113.36,4.9492188,5.0195312,3.1191406
0.0,0.0,0.0,0.0,0.0,0.0,0.0,1.0,0.5,3.0,17.0,3.0,3.0,3.0,0.0,2113.45,5.03125,5.0703125,3.1601562
0.0,0.0,0.0,0.0,0.0,0.0,0.0,1.0,0.6699219,5.0,11.0,3.0,3.0,3.0,1.0,2044.56,5.5507812,5.5703125,3.4707031
0.0,0.0,0.0,0.0,0.0,0.0,0.0,1.0,0.5,4.0,16.0,3.0,3.0,2.0,2.0,2044.65,5.0585938,5.0898438,3.1796875
0.0,0.0,0.0,0.0,0.0,0.0,0.0,1.0,0.5,7.0,12.0,3.0,3.0,3.0,0.0,2045.02,5.0898438,5.1210938,3.1503906
0.0,0.0,0.0,0.0,0.0,0.0,0.0,1.0,0.5,7.0,12.0,3.0,2.0,3.0,0.0,2045.02,5.0703125,5.1015625,3.1796875
0.0,0.0,0.0,0.0,0.0,0.0,0.0,1.0,0.5,3.0,18.0,2.0,3.0,2.0,0.0,2045.02,4.921875,4.9609375,3.1796875
0.0,0.0,0.0,0.0,0.0,0.0,0.0,1.0,0.7001953,4.0,12.0,0.0,2.0,1.0,2.0,2045.06,5.3789062,5.46875,3.609375
0.0,0.0,0.0,0.0,0.0,0.0,0.0,1.0,0.89990234,3.0,8.0,3.0,3.0,3.0,0.0,2045.18,6.140625,6.1601562,3.8496094
0.0,0.0,0.0,0.0,0.0,0.0,0.0,1.0,1.0,2.0,6.0,3.0,3.0,3.0,0.0,2111.38,6.3515625,6.390625,3.9609375
0.0,0.0,0.0,0.0,0.0,0.0,0.0,1.0,0.52978516,4.0,13.0,3.0,3.0,3.0,0.0,2111.62,5.1601562,5.1796875,3.2109375
0.0,0.0,0.0,0.0,0.0,0.0,0.0,1.0,0.5,3.0,17.0,3.0,3.0,3.0,0.0,2111.79,5.0507812,5.0898438,3.1601562
0.0,0.0,0.0,0.0,0.0,0.0,0.0,1.0,0.5,3.0,17.0,3.0,3.0,2.0,0.0,2111.79,5.078125,5.1289062,3.1503906
0.0,0.0,0.0,0.0,0.0,0.0,0.0,1.0,0.5,8.0,12.0,2.0,3.0,2.0,0.0,2111.79,4.9804688,5.0390625,3.1308594
0.0,0.0,0.0,0.0,0.0,0.0,0.0,1.0,0.5,5.0,18.0,1.0,2.0,1.0,0.0,2111.79,4.8710938,4.9101562,3.1992188
0.0,0.0,0.0,0.0,0.0,0.0,0.0,1.0,0.5,5.0,18.0,2.0,3.0,2.0,4.0,2111.79,4.9882812,5.0507812,3.1699219
0.0,0.0,0.0,0.0,0.0,0.0,0.0,1.0,0.5,5.0,18.0,1.0,3.0,1.0,0.0,2111.79,4.890625,4.9492188,3.1894531
0.0,0.0,0.0,0.0,0.0,0.0,0.0,1.0,0.5097656,4.0,15.0,3.0,3.0,3.0,4.0,2061.92,5.1914062,5.1992188,3.140625
0.0,0.0,0.0,0.0,0.0,0.0,0.0,1.0,0.5097656,5.0,12.0,3.0,3.0,3.0,2.0,2061.94,5.1015625,5.1289062,3.1894531
0.0,0.0,0.0,0.0,0.0,0.0,0.0,1.0,0.5,4.0,13.0,3.0,3.0,3.0,0.0,2061.99,5.0703125,5.109375,3.1894531
0.0,0.0,0.0,0.0,0.0,0.0,0.0,1.0,0.5,4.0,13.0,3.0,3.0,3.0,0.0,2061.99,5.078125,5.1015625,3.1503906
0.0,0.0,0.0,0.0,0.0,0.0,0.0,1.0,0.5,4.0,13.0,2.0,3.0,2.0,0.0,2061.99,5.0117188,5.0703125,3.1699219
0.0,0.0,0.0,0.0,0.0,0.0,0.0,1.0,0.5,6.0,12.0,3.0,3.0,3.0,0.0,2061.99,5.0195312,5.0585938,3.1699219
0.0,0.0,0.0,0.0,0.0,0.0,0.0,1.0,0.5,4.0,18.0,2.0,3.0,2.0,2.0,2062.01,4.9101562,4.9804688,3.1894531
0.0,0.0,0.0,0.0,0.0,0.0,0.0,1.0,0.7001953,7.0,9.0,3.0,3.0,3.0,0.0,2062.14,5.640625,5.671875,3.5507812
0.0,0.0,0.0,0.0,0.0,0.0,0.0,1.0,0.45996094,6.0,15.0,3.0,3.0,3.0,0.0,2062.32,4.8984375,4.921875,3.0898438
0.0,0.0,0.0,0.0,0.0,0.0,0.0,1.0,0.52001953,3.0,13.0,3.0,3.0,3.0,0.0,2062.32,5.140625,5.1484375,3.2304688
0.0,0.0,0.0,0.0,0.0,0.0,0.0,1.0,0.5600586,5.0,12.0,3.0,3.0,3.0,2.0,2062.41,5.2304688,5.2695312,3.2792969
0.0,0.0,0.0,0.0,0.0,0.0,0.0,1.0,0.58984375,5.0,13.0,3.0,3.0,3.0,5.0,2110.71,5.3984375,5.4296875,3.3300781
0.0,0.0,0.0,0.0,0.0,0.0,0.0,1.0,0.5,4.0,19.0,2.0,3.0,2.0,0.0,2110.81,5.0195312,5.0507812,3.109375
0.0,0.0,0.0,0.0,0.0,0.0,0.0,1.0,0.5,3.0,17.0,3.0,3.0,2.0,0.0,2110.84,5.1484375,5.1601562,3.0898438
0.0,0.0,0.0,0.0,0.0,0.0,0.0,1.0,0.5,3.0,17.0,3.0,3.0,3.0,0.0,2110.84,5.171875,5.1796875,3.0703125
0.0,0.0,0.0,0.0,0.0,0.0,0.0,1.0,0.5097656,3.0,15.0,3.0,3.0,3.0,0.0,2111.03,5.1484375,5.171875,3.1308594
0.0,0.0,0.0,0.0,0.0,0.0,0.0,1.0,0.5,4.0,14.0,2.0,2.0,2.0,0.0,2111.2,4.8984375,4.9609375,3.1894531
0.0,0.0,0.0,0.0,0.0,0.0,0.0,1.0,0.5,5.0,16.0,1.0,2.0,2.0,2.0,2111.21,4.859375,4.921875,3.25
0.0,0.0,0.0,0.0,0.0,0.0,0.0,1.0,0.5,3.0,17.0,3.0,3.0,3.0,0.0,2049.33,5.109375,5.1289062,3.0898438
0.0,0.0,0.0,0.0,0.0,0.0,0.0,1.0,0.5,8.0,12.0,2.0,2.0,2.0,0.0,2049.33,4.9609375,5.0117188,3.1992188
0.0,0.0,0.0,0.0,0.0,0.0,0.0,1.0,0.5,3.0,16.0,3.0,3.0,3.0,0.0,2049.78,5.1289062,5.1601562,3.0996094
0.0,0.0,0.0,0.0,0.0,0.0,0.0,1.0,0.5,5.0,13.0,2.0,3.0,2.0,0.0,2049.9,4.9101562,4.96875,3.1601562
0.0,0.0,0.0,0.0,0.0,0.0,0.0,1.0,0.5,3.0,16.0,3.0,3.0,3.0,2.0,2094.76,5.0898438,5.1210938,3.0898438
0.0,0.0,0.0,0.0,0.0,0.0,0.0,1.0,0.5,5.0,16.0,1.0,2.0,2.0,0.0,2094.84,4.8515625,4.8984375,3.1992188
0.0,0.0,0.0,0.0,0.0,0.0,0.0,1.0,0.5,5.0,16.0,1.0,3.0,2.0,0.0,2094.84,4.9414062,4.9804688,3.1503906
0.0,0.0,0.0,0.0,0.0,0.0,0.0,1.0,0.5,5.0,17.0,1.0,2.0,1.0,0.0,2094.92,4.9296875,4.9609375,3.2304688
0.0,0.0,0.0,0.0,0.0,0.0,0.0,1.0,0.4699707,4.0,17.0,3.0,3.0,3.0,0.0,2095.06,4.9609375,4.9882812,3.0898438
0.0,0.0,0.0,0.0,0.0,0.0,0.0,1.0,0.52001953,3.0,15.0,3.0,3.0,3.0,0.0,2095.41,5.1601562,5.1914062,3.1992188
0.0,0.0,0.0,0.0,0.0,0.0,0.0,1.0,0.52001953,3.0,15.0,3.0,3.0,3.0,0.0,2095.41,5.171875,5.1992188,3.1699219
0.0,0.0,0.0,0.0,0.0,0.0,0.0,1.0,0.5,6.0,16.0,0.0,2.0,2.0,0.0,2083.65,4.828125,4.859375,3.2402344
0.0,0.0,0.0,0.0,0.0,0.0,0.0,1.0,0.5,3.0,16.0,2.0,3.0,2.0,0.0,2083.8,4.96875,5.0195312,3.1601562
0.0,0.0,0.0,0.0,0.0,0.0,0.0,1.0,0.5,4.0,18.0,3.0,3.0,3.0,4.0,2083.8,5.0390625,5.078125,3.140625
0.0,0.0,0.0,0.0,0.0,0.0,0.0,1.0,0.5,5.0,14.0,2.0,2.0,1.0,0.0,2084.4,4.9296875,4.9882812,3.1894531
0.0,0.0,0.0,0.0,0.0,0.0,0.0,1.0,0.5,4.0,17.0,1.0,3.0,2.0,0.0,2084.78,4.8007812,4.8789062,3.2207031
0.0,0.0,0.0,0.0,0.0,0.0,0.0,1.0,0.5,4.0,17.0,3.0,2.0,3.0,1.0,2084.78,5.171875,5.1992188,3.0996094
0.0,0.0,0.0,0.0,0.0,0.0,0.0,1.0,0.5,4.0,17.0,2.0,2.0,1.0,0.0,2084.78,4.9414062,5.0117188,3.1601562
0.0,0.0,0.0,0.0,0.0,0.0,0.0,1.0,0.5,4.0,17.0,1.0,2.0,2.0,0.0,2084.78,5.0703125,5.1210938,2.9902344
0.0,0.0,0.0,0.0,0.0,0.0,0.0,1.0,0.5,4.0,17.0,2.0,3.0,1.0,0.0,2108.58,5.1015625,5.1601562,3.0800781
0.0,0.0,0.0,0.0,0.0,0.0,0.0,1.0,0.5,4.0,17.0,3.0,3.0,3.0,4.0,2108.58,5.1210938,5.1484375,3.0898438
0.0,0.0,0.0,0.0,0.0,0.0,0.0,1.0,0.5498047,4.0,13.0,3.0,3.0,3.0,0.0,2108.86,5.2382812,5.2695312,3.2695312
0.0,0.0,0.0,0.0,0.0,0.0,0.0,1.0,0.52001953,4.0,13.0,3.0,3.0,3.0,0.0,2108.9,5.1289062,5.1484375,3.1894531
0.0,0.0,0.0,0.0,0.0,0.0,0.0,1.0,0.5498047,4.0,15.0,2.0,3.0,3.0,2.0,2108.97,5.21875,5.2382812,3.2304688
0.0,0.0,0.0,0.0,0.0,0.0,0.0,1.0,0.41992188,9.0,18.0,3.0,3.0,3.0,2.0,2109.12,4.78125,4.8007812,3.0
0.0,0.0,0.0,0.0,0.0,0.0,0.0,1.0,0.5,3.0,16.0,3.0,3.0,3.0,0.0,2109.14,5.0507812,5.0898438,3.1601562
0.0,0.0,0.0,0.0,0.0,0.0,0.0,1.0,0.5,3.0,16.0,2.0,2.0,2.0,0.0,2109.14,5.1484375,5.2304688,3.0605469
0.0,0.0,0.0,0.0,0.0,0.0,0.0,1.0,0.5,5.0,13.0,3.0,3.0,3.0,0.0,2109.2,5.0507812,5.078125,3.1601562
0.0,0.0,0.0,0.0,0.0,0.0,0.0,1.0,0.5,5.0,17.0,2.0,3.0,3.0,4.0,2109.38,4.9414062,4.9882812,3.1503906
0.0,0.0,0.0,0.0,0.0,0.0,0.0,1.0,0.52001953,4.0,13.0,3.0,3.0,3.0,0.0,2081.59,5.2109375,5.25,3.1699219
0.0,0.0,0.0,0.0,0.0,0.0,0.0,1.0,0.5,4.0,16.0,3.0,3.0,3.0,4.0,2081.72,5.0390625,5.078125,3.1796875
0.0,0.0,0.0,0.0,0.0,0.0,0.0,1.0,0.5,5.0,15.0,1.0,3.0,2.0,0.0,2082.03,4.8515625,4.9101562,3.2109375
0.0,0.0,0.0,0.0,0.0,0.0,0.0,1.0,0.5,4.0,17.0,2.0,3.0,2.0,2.0,2082.2,5.0,5.0585938,3.1503906
0.0,0.0,0.0,0.0,0.0,0.0,0.0,1.0,0.5,3.0,17.0,3.0,3.0,2.0,0.0,2082.22,5.078125,5.1289062,3.1308594
0.0,0.0,0.0,0.0,0.0,0.0,0.0,1.0,0.5097656,3.0,15.0,3.0,3.0,2.0,0.0,2082.57,5.1015625,5.1289062,3.1796875
0.0,0.0,0.0,0.0,0.0,0.0,0.0,1.0,0.5097656,3.0,15.0,3.0,3.0,3.0,0.0,2082.57,5.078125,5.109375,3.1894531
0.0,0.0,0.0,0.0,0.0,0.0,0.0,1.0,0.52001953,4.0,15.0,3.0,3.0,3.0,4.0,2095.57,5.1601562,5.1914062,3.1503906
0.0,0.0,0.0,0.0,0.0,0.0,0.0,1.0,0.52978516,8.0,12.0,3.0,3.0,3.0,2.0,2095.58,5.25,5.2890625,3.1503906
0.0,0.0,0.0,0.0,0.0,0.0,0.0,1.0,0.5,5.0,13.0,2.0,3.0,2.0,0.0,2095.77,4.921875,4.9882812,3.1992188
0.0,0.0,0.0,0.0,0.0,0.0,0.0,1.0,0.5,5.0,16.0,1.0,2.0,1.0,0.0,2095.77,4.9296875,5.0,3.1796875
0.0,0.0,0.0,0.0,0.0,0.0,0.0,1.0,0.5,5.0,16.0,1.0,3.0,2.0,0.0,2095.77,4.828125,4.8984375,3.2207031
0.0,0.0,0.0,0.0,0.0,0.0,0.0,1.0,0.7001953,5.0,10.0,3.0,3.0,3.0,2.0,2095.96,5.6914062,5.7382812,3.4492188
0.0,0.0,0.0,0.0,0.0,0.0,0.0,1.0,0.7001953,4.0,12.0,3.0,3.0,3.0,2.0,2096.03,5.6601562,5.6914062,3.5507812
0.0,0.0,0.0,0.0,0.0,0.0,0.0,1.0,0.89990234,4.0,5.0,3.0,3.0,2.0,1.0,2096.28,6.1992188,6.2109375,3.8691406
0.0,0.0,0.0,0.0,0.0,0.0,0.0,1.0,0.5097656,3.0,15.0,3.0,2.0,2.0,0.0,2096.46,5.0585938,5.1015625,3.1796875
0.0,0.0,0.0,0.0,0.0,0.0,0.0,1.0,0.5,5.0,14.0,2.0,3.0,1.0,0.0,2096.5,5.0195312,5.078125,3.0703125
0.0,0.0,0.0,0.0,0.0,0.0,0.0,1.0,0.5,4.0,18.0,2.0,3.0,2.0,2.0,2096.5,5.0195312,5.078125,3.0898438
0.0,0.0,0.0,0.0,0.0,0.0,0.0,1.0,0.5,4.0,18.0,2.0,2.0,2.0,1.0,2096.5,5.03125,5.0585938,3.140625
0.0,0.0,0.0,0.0,0.0,0.0,0.0,1.0,0.52001953,8.0,12.0,3.0,3.0,3.0,0.0,2096.52,5.109375,5.140625,3.25
0.0,0.0,0.0,0.0,0.0,0.0,0.0,1.0,0.5,5.0,17.0,0.0,2.0,2.0,0.0,2109.38,4.859375,4.921875,3.2597656
0.0,0.0,0.0,0.0,0.0,0.0,0.0,1.0,0.5,5.0,17.0,1.0,3.0,1.0,1.0,2109.38,5.1210938,5.1601562,3.0195312
0.0,0.0,0.0,0.0,0.0,0.0,0.0,1.0,0.5,5.0,17.0,2.0,3.0,1.0,1.0,2109.38,4.9804688,5.0390625,3.140625
0.0,0.0,0.0,0.0,0.0,0.0,0.0,1.0,0.5,5.0,17.0,2.0,3.0,2.0,4.0,2109.38,4.9414062,4.96875,3.1699219
0.0,0.0,0.0,0.0,0.0,0.0,0.0,1.0,0.5,4.0,16.0,2.0,3.0,2.0,2.0,2109.38,5.140625,5.2109375,3.0898438
0.0,0.0,0.0,0.0,0.0,0.0,0.0,1.0,0.5,4.0,16.0,2.0,3.0,2.0,2.0,2109.38,4.96875,5.0117188,3.2207031
0.0,0.0,0.0,0.0,0.0,0.0,0.0,1.0,0.5,4.0,16.0,2.0,3.0,2.0,0.0,2109.38,5.1210938,5.1601562,3.0605469
0.0,0.0,0.0,0.0,0.0,0.0,0.0,1.0,0.5097656,4.0,14.0,3.0,3.0,3.0,4.0,2109.47,5.0898438,5.109375,3.1699219
0.0,0.0,0.0,0.0,0.0,0.0,0.0,1.0,0.5,4.0,18.0,2.0,3.0,1.0,0.0,2109.52,5.0585938,5.0898438,3.1601562
0.0,0.0,0.0,0.0,0.0,0.0,0.0,1.0,0.5,4.0,18.0,3.0,3.0,3.0,1.0,2109.52,5.140625,5.1601562,3.0898438
0.0,0.0,0.0,0.0,0.0,0.0,0.0,1.0,0.5097656,7.0,12.0,3.0,3.0,3.0,0.0,2109.54,5.1289062,5.1601562,3.1699219
0.0,0.0,0.0,0.0,0.0,0.0,0.0,1.0,0.5,7.0,12.0,3.0,3.0,3.0,0.0,2109.57,5.0507812,5.078125,3.1601562
0.0,0.0,0.0,0.0,0.0,0.0,0.0,1.0,0.5,4.0,13.0,3.0,3.0,3.0,0.0,2058.47,5.1015625,5.1210938,3.1191406
0.0,0.0,0.0,0.0,0.0,0.0,0.0,1.0,0.5,3.0,18.0,3.0,3.0,3.0,1.0,2058.5,5.1015625,5.1289062,3.0898438
0.0,0.0,0.0,0.0,0.0,0.0,0.0,1.0,0.5,5.0,16.0,1.0,3.0,0.0,0.0,2058.59,4.890625,4.9414062,3.1503906
0.0,0.0,0.0,0.0,0.0,0.0,0.0,1.0,0.5,5.0,16.0,1.0,3.0,2.0,2.0,2058.59,4.890625,4.921875,3.2597656
0.0,0.0,0.0,0.0,0.0,0.0,0.0,1.0,0.5,5.0,16.0,1.0,2.0,0.0,0.0,2058.59,5.03125,5.0898438,3.0703125
0.0,0.0,0.0,0.0,0.0,0.0,0.0,1.0,0.5097656,6.0,12.0,3.0,3.0,3.0,0.0,2059.12,5.078125,5.1210938,3.1796875
0.0,0.0,0.0,0.0,0.0,0.0,0.0,1.0,0.5097656,6.0,12.0,3.0,3.0,3.0,0.0,2059.12,5.078125,5.1210938,3.1894531
0.0,0.0,0.0,0.0,0.0,0.0,0.0,1.0,0.5,3.0,16.0,2.0,3.0,2.0,0.0,2059.4,5.0703125,5.140625,3.1191406
0.0,0.0,0.0,0.0,0.0,0.0,0.0,1.0,0.52978516,4.0,16.0,3.0,3.0,3.0,4.0,2059.48,5.1484375,5.1796875,3.2304688
0.0,0.0,0.0,0.0,0.0,0.0,0.0,1.0,0.5097656,4.0,15.0,3.0,3.0,3.0,0.0,2088.44,5.1914062,5.2109375,3.1503906
0.0,0.0,0.0,0.0,0.0,0.0,0.0,1.0,0.5097656,4.0,13.0,3.0,3.0,3.0,2.0,2088.62,5.1015625,5.1289062,3.1796875
0.0,0.0,0.0,0.0,0.0,0.0,0.0,1.0,0.79003906,5.0,10.0,3.0,3.0,3.0,4.0,2088.7,5.9101562,5.9414062,3.6503906
0.0,0.0,0.0,0.0,0.0,0.0,0.0,1.0,0.5,3.0,17.0,2.0,3.0,3.0,0.0,2088.84,4.9492188,4.9804688,3.1992188
0.0,0.0,0.0,0.0,0.0,0.0,0.0,1.0,0.5,3.0,17.0,3.0,2.0,3.0,0.0,2088.84,5.109375,5.140625,3.1308594
0.0,0.0,0.0,0.0,0.0,0.0,0.0,1.0,0.5,8.0,12.0,2.0,3.0,2.0,0.0,2088.84,4.9882812,5.0390625,3.1699219
0.0,0.0,0.0,0.0,0.0,0.0,0.0,1.0,0.5,8.0,12.0,3.0,3.0,3.0,2.0,2088.84,5.140625,5.1796875,3.0800781
0.0,0.0,0.0,0.0,0.0,0.0,0.0,1.0,0.5,4.0,16.0,2.0,3.0,1.0,0.0,2088.91,4.9296875,5.0117188,3.140625
0.0,0.0,0.0,0.0,0.0,0.0,0.0,1.0,0.5,4.0,16.0,1.0,3.0,2.0,0.0,2088.91,4.9414062,4.9882812,3.1992188
0.0,0.0,0.0,0.0,0.0,0.0,0.0,1.0,0.5,4.0,16.0,1.0,2.0,1.0,0.0,2088.91,5.1992188,5.2304688,3.0
0.0,0.0,0.0,0.0,0.0,0.0,0.0,1.0,0.60009766,5.0,11.0,3.0,3.0,3.0,0.0,2029.39,5.390625,5.421875,3.3808594
0.0,0.0,0.0,0.0,0.0,0.0,0.0,1.0,0.52001953,4.0,15.0,3.0,3.0,3.0,1.0,2029.79,5.140625,5.1796875,3.2109375
0.0,0.0,0.0,0.0,0.0,0.0,0.0,1.0,0.5,4.0,13.0,3.0,3.0,3.0,0.0,2029.85,5.0703125,5.1015625,3.1601562
0.0,0.0,0.0,0.0,0.0,0.0,0.0,1.0,0.5,5.0,14.0,1.0,3.0,2.0,0.0,2029.93,4.8515625,4.890625,3.2109375
0.0,0.0,0.0,0.0,0.0,0.0,0.0,1.0,0.5800781,3.0,14.0,3.0,3.0,3.0,0.0,2030.54,5.2890625,5.3203125,3.3203125
0.0,0.0,0.0,0.0,0.0,0.0,0.0,1.0,0.7998047,2.0,16.0,3.0,3.0,2.0,0.0,2030.54,5.8789062,5.9296875,3.6992188
0.0,0.0,0.0,0.0,0.0,0.0,0.0,1.0,0.52978516,5.0,12.0,3.0,3.0,3.0,0.0,2048.08,5.1484375,5.1796875,3.2402344
0.0,0.0,0.0,0.0,0.0,0.0,0.0,1.0,0.5,3.0,18.0,3.0,3.0,2.0,0.0,2048.21,5.078125,5.140625,3.109375
0.0,0.0,0.0,0.0,0.0,0.0,0.0,1.0,0.7998047,3.0,11.0,3.0,3.0,2.0,2.0,2048.33,5.9882812,6.0507812,3.6191406
0.0,0.0,0.0,0.0,0.0,0.0,0.0,1.0,0.5,5.0,16.0,1.0,3.0,2.0,0.0,2048.36,5.0898438,5.1210938,3.0507812
0.0,0.0,0.0,0.0,0.0,0.0,0.0,1.0,0.5,4.0,13.0,3.0,3.0,3.0,0.0,2048.36,5.0390625,5.078125,3.1699219
0.0,0.0,0.0,0.0,0.0,0.0,0.0,1.0,0.5,4.0,13.0,3.0,3.0,3.0,2.0,2048.36,5.0898438,5.1210938,3.1992188
0.0,0.0,0.0,0.0,0.0,0.0,0.0,1.0,0.5,6.0,12.0,3.0,3.0,3.0,0.0,2048.36,5.0898438,5.1210938,3.1191406
0.0,0.0,0.0,0.0,0.0,0.0,0.0,1.0,0.5,6.0,12.0,3.0,3.0,3.0,0.0,2048.36,5.0585938,5.0898438,3.1699219
0.0,0.0,0.0,0.0,0.0,0.0,0.0,1.0,0.5,6.0,12.0,3.0,3.0,3.0,0.0,2048.36,5.0507812,5.078125,3.1699219
0.0,0.0,0.0,0.0,0.0,0.0,0.0,1.0,0.5,6.0,12.0,3.0,3.0,3.0,0.0,2048.36,5.0585938,5.0898438,3.1796875
0.0,0.0,0.0,0.0,0.0,0.0,0.0,1.0,0.5,3.0,16.0,3.0,3.0,2.0,0.0,2048.45,5.0898438,5.1210938,3.0898438
0.0,0.0,0.0,0.0,0.0,0.0,0.0,1.0,0.5,3.0,16.0,2.0,3.0,2.0,0.0,2048.45,4.9609375,5.0117188,3.2304688
0.0,0.0,0.0,0.0,0.0,0.0,0.0,1.0,0.5,3.0,16.0,3.0,3.0,2.0,0.0,2048.45,5.078125,5.1210938,3.1601562
0.0,0.0,0.0,0.0,0.0,0.0,0.0,1.0,0.5,3.0,17.0,3.0,3.0,3.0,0.0,2101.62,5.109375,5.140625,3.1191406
0.0,0.0,0.0,0.0,0.0,0.0,0.0,1.0,0.5,3.0,17.0,2.0,3.0,2.0,0.0,2101.62,4.9101562,4.96875,3.1894531
0.0,0.0,0.0,0.0,0.0,0.0,0.0,1.0,0.5,3.0,17.0,2.0,3.0,2.0,0.0,2101.62,5.078125,5.1484375,3.0195312
0.0,0.0,0.0,0.0,0.0,0.0,0.0,1.0,0.5,5.0,15.0,1.0,2.0,1.0,0.0,2101.8,4.859375,4.9101562,3.2402344
0.0,0.0,0.0,0.0,0.0,0.0,0.0,1.0,0.5698242,5.0,12.0,3.0,3.0,3.0,0.0,2102.05,5.2695312,5.3007812,3.3105469
0.0,0.0,0.0,0.0,0.0,0.0,0.0,1.0,0.58984375,5.0,12.0,3.0,3.0,3.0,0.0,2102.45,5.328125,5.3710938,3.3496094
0.0,0.0,0.0,0.0,0.0,0.0,0.0,1.0,0.5,5.0,15.0,1.0,2.0,1.0,0.0,2102.5,4.7890625,4.8710938,3.2109375
0.0,0.0,0.0,0.0,0.0,0.0,0.0,1.0,0.5,3.0,16.0,3.0,3.0,2.0,0.0,2032.24,5.140625,5.1796875,3.0898438
0.0,0.0,0.0,0.0,0.0,0.0,0.0,1.0,0.5,3.0,17.0,3.0,3.0,2.0,0.0,2032.29,5.0898438,5.1289062,3.109375
0.0,0.0,0.0,0.0,0.0,0.0,0.0,1.0,0.5,5.0,13.0,3.0,3.0,3.0,2.0,2032.39,5.1601562,5.1796875,3.1191406
0.0,0.0,0.0,0.0,0.0,0.0,0.0,1.0,0.5,6.0,12.0,3.0,3.0,3.0,0.0,2032.44,5.0585938,5.0898438,3.1796875
0.0,0.0,0.0,0.0,0.0,0.0,0.0,1.0,0.5,6.0,12.0,3.0,3.0,3.0,0.0,2032.44,5.0585938,5.0898438,3.0996094
0.0,0.0,0.0,0.0,0.0,0.0,0.0,1.0,0.5,6.0,12.0,3.0,3.0,3.0,0.0,2033.21,5.1015625,5.1210938,3.1894531
0.0,0.0,0.0,0.0,0.0,0.0,0.0,1.0,0.5,3.0,17.0,3.0,3.0,2.0,0.0,2033.24,5.078125,5.1210938,3.1191406
0.0,0.0,0.0,0.0,0.0,0.0,0.0,1.0,0.5,3.0,17.0,3.0,3.0,3.0,0.0,2060.21,5.078125,5.1015625,3.1796875
0.0,0.0,0.0,0.0,0.0,0.0,0.0,1.0,0.5,5.0,18.0,1.0,3.0,2.0,2.0,2060.33,4.859375,4.890625,3.1992188
0.0,0.0,0.0,0.0,0.0,0.0,0.0,1.0,0.7998047,5.0,9.0,3.0,3.0,3.0,4.0,2060.45,5.890625,5.9296875,3.7109375
0.0,0.0,0.0,0.0,0.0,0.0,0.0,1.0,0.5698242,4.0,13.0,3.0,3.0,3.0,0.0,2060.62,5.28125,5.3085938,3.3203125
0.0,0.0,0.0,0.0,0.0,0.0,0.0,1.0,0.5,4.0,18.0,2.0,3.0,1.0,0.0,2060.99,5.0390625,5.0898438,3.0703125
0.0,0.0,0.0,0.0,0.0,0.0,0.0,1.0,0.5097656,6.0,12.0,3.0,3.0,3.0,0.0,2061.06,5.171875,5.1992188,3.140625
0.0,0.0,0.0,0.0,0.0,0.0,0.0,1.0,0.5097656,8.0,12.0,3.0,2.0,3.0,0.0,2061.11,5.078125,5.109375,3.1894531
0.0,0.0,0.0,0.0,0.0,0.0,0.0,1.0,0.5097656,9.0,12.0,3.0,3.0,3.0,2.0,2061.16,5.1015625,5.1210938,3.1992188
0.0,0.0,0.0,0.0,0.0,0.0,0.0,1.0,0.5,6.0,12.0,3.0,3.0,3.0,0.0,2090.55,5.1289062,5.1601562,3.0996094
0.0,0.0,0.0,0.0,0.0,0.0,0.0,1.0,0.5,5.0,15.0,2.0,3.0,1.0,0.0,2090.56,4.9609375,5.0117188,3.2109375
0.0,0.0,0.0,0.0,0.0,0.0,0.0,1.0,0.5,5.0,15.0,1.0,1.0,2.0,0.0,2090.56,4.890625,4.9609375,3.2597656
0.0,0.0,0.0,0.0,0.0,0.0,0.0,1.0,0.52978516,6.0,12.0,3.0,3.0,3.0,2.0,2090.57,5.140625,5.171875,3.2207031
0.0,0.0,0.0,0.0,0.0,0.0,0.0,1.0,0.5,5.0,13.0,2.0,3.0,2.0,0.0,2090.7,5.0,5.0390625,3.2207031
0.0,0.0,0.0,0.0,0.0,0.0,0.0,1.0,0.5,3.0,17.0,2.0,2.0,2.0,0.0,2090.73,4.9882812,5.0390625,3.1796875
0.0,0.0,0.0,0.0,0.0,0.0,0.0,1.0,0.5,4.0,18.0,2.0,2.0,1.0,0.0,2091.41,4.9882812,5.0507812,3.140625
0.0,0.0,0.0,0.0,0.0,0.0,0.0,1.0,0.5,4.0,18.0,2.0,3.0,1.0,0.0,2091.41,4.9804688,5.0390625,3.1796875
0.0,0.0,0.0,0.0,0.0,0.0,0.0,1.0,0.39990234,7.0,18.0,3.0,3.0,3.0,0.0,2065.96,4.6914062,4.71875,2.9394531
0.0,0.0,0.0,0.0,0.0,0.0,0.0,1.0,0.5,4.0,13.0,3.0,3.0,3.0,0.0,2066.16,5.0507812,5.0898438,3.1796875
0.0,0.0,0.0,0.0,0.0,0.0,0.0,1.0,0.5,4.0,18.0,1.0,2.0,2.0,0.0,2066.16,4.9414062,4.9804688,3.2109375
0.0,0.0,0.0,0.0,0.0,0.0,0.0,1.0,0.5,6.0,14.0,2.0,2.0,1.0,1.0,2066.22,5.0585938,5.109375,3.1191406
0.0,0.0,0.0,0.0,0.0,0.0,0.0,1.0,1.0097656,4.0,6.0,3.0,3.0,3.0,2.0,2066.37,6.3203125,6.359375,4.03125
0.0,0.0,0.0,0.0,0.0,0.0,0.0,1.0,0.7001953,6.0,11.0,1.0,2.0,2.0,0.0,2066.85,5.4882812,5.5390625,3.5800781
0.0,0.0,0.0,0.0,0.0,0.0,0.0,1.0,0.5,3.0,16.0,2.0,3.0,2.0,0.0,2066.92,5.0117188,5.0703125,3.0800781
0.0,0.0,0.0,0.0,0.0,0.0,0.0,1.0,0.5,3.0,16.0,2.0,2.0,2.0,0.0,2066.92,5.03125,5.0585938,3.1796875
0.0,0.0,0.0,0.0,0.0,0.0,0.0,1.0,0.5,3.0,16.0,3.0,3.0,3.0,0.0,2066.92,5.0585938,5.1015625,3.1796875
0.0,0.0,0.0,0.0,0.0,0.0,0.0,1.0,0.4399414,8.0,17.0,3.0,3.0,3.0,2.0,2067.01,4.8984375,4.921875,2.9902344
0.0,0.0,0.0,0.0,0.0,0.0,0.0,1.0,0.5,4.0,13.0,3.0,3.0,3.0,0.0,2067.04,5.0390625,5.0703125,3.1796875
0.0,0.0,0.0,0.0,0.0,0.0,0.0,1.0,0.5,6.0,12.0,3.0,3.0,3.0,0.0,2067.04,5.0195312,5.0703125,3.1601562
0.0,0.0,0.0,0.0,0.0,0.0,0.0,1.0,0.7001953,4.0,10.0,3.0,3.0,3.0,2.0,2057.34,5.671875,5.6992188,3.5390625
0.0,0.0,0.0,0.0,0.0,0.0,0.0,1.0,0.52978516,6.0,12.0,3.0,3.0,3.0,0.0,2057.58,5.1289062,5.1601562,3.2207031
0.0,0.0,0.0,0.0,0.0,0.0,0.0,1.0,0.5,3.0,16.0,3.0,3.0,3.0,0.0,2057.65,5.1210938,5.1484375,3.1191406
0.0,0.0,0.0,0.0,0.0,0.0,0.0,1.0,0.5,3.0,18.0,3.0,3.0,3.0,0.0,2057.76,5.0585938,5.0898438,3.1308594
0.0,0.0,0.0,0.0,0.0,0.0,0.0,1.0,0.5,3.0,18.0,3.0,3.0,3.0,0.0,2057.76,5.0507812,5.078125,3.1699219
0.0,0.0,0.0,0.0,0.0,0.0,0.0,1.0,0.5,4.0,18.0,2.0,2.0,2.0,2.0,2057.77,4.921875,4.9804688,3.1894531
0.0,0.0,0.0,0.0,0.0,0.0,0.0,1.0,0.5,5.0,14.0,1.0,3.0,1.0,0.0,2058.37,4.9492188,5.0,3.2207031
0.0,0.0,0.0,0.0,0.0,0.0,0.0,1.0,0.5,5.0,15.0,1.0,3.0,2.0,0.0,2058.45,4.8515625,4.8984375,3.2109375
0.0,0.0,0.0,0.0,0.0,0.0,0.0,1.0,0.5,5.0,15.0,1.0,3.0,2.0,0.0,2058.45,4.8398438,4.9101562,3.2304688
0.0,0.0,0.0,0.0,0.0,0.0,0.0,1.0,0.5,4.0,17.0,2.0,3.0,2.0,1.0,2050.02,5.0,5.0507812,3.1699219
0.0,0.0,0.0,0.0,0.0,0.0,0.0,1.0,0.8100586,3.0,8.0,3.0,2.0,3.0,2.0,2050.23,5.9609375,6.0,3.6992188
0.0,0.0,0.0,0.0,0.0,0.0,0.0,1.0,0.70996094,7.0,11.0,3.0,2.0,3.0,1.0,2050.53,5.671875,5.7109375,3.5195312
0.0,0.0,0.0,0.0,0.0,0.0,0.0,1.0,0.5,3.0,18.0,3.0,3.0,3.0,0.0,2050.63,5.078125,5.1015625,3.1503906
0.0,0.0,0.0,0.0,0.0,0.0,0.0,1.0,0.64990234,5.0,12.0,3.0,2.0,3.0,0.0,2050.77,5.5195312,5.5507812,3.4492188
0.0,0.0,0.0,0.0,0.0,0.0,0.0,1.0,0.5,4.0,18.0,2.0,3.0,3.0,1.0,2050.82,5.0585938,5.078125,3.0898438
0.0,0.0,0.0,0.0,0.0,0.0,0.0,1.0,0.5,3.0,16.0,3.0,2.0,2.0,0.0,2050.95,5.1484375,5.171875,3.0898438
0.0,0.0,0.0,0.0,0.0,0.0,0.0,1.0,0.7001953,4.0,11.0,2.0,3.0,3.0,0.0,2067.68,5.5195312,5.5585938,3.5703125
0.0,0.0,0.0,0.0,0.0,0.0,0.0,1.0,0.5,3.0,17.0,3.0,3.0,2.0,0.0,2067.78,5.0390625,5.0703125,3.1601562
0.0,0.0,0.0,0.0,0.0,0.0,0.0,1.0,0.5097656,3.0,18.0,3.0,3.0,3.0,2.0,2067.92,5.171875,5.1914062,3.109375
0.0,0.0,0.0,0.0,0.0,0.0,0.0,1.0,0.5097656,3.0,18.0,3.0,3.0,3.0,2.0,2067.92,5.1015625,5.1210938,3.1992188
0.0,0.0,0.0,0.0,0.0,0.0,0.0,1.0,0.5,3.0,17.0,3.0,3.0,2.0,0.0,2067.07,5.03125,5.0898438,3.1601562
0.0,0.0,0.0,0.0,0.0,0.0,0.0,1.0,0.5,8.0,12.0,2.0,3.0,3.0,0.0,2067.07,4.9414062,4.9804688,3.1796875
0.0,0.0,0.0,0.0,0.0,0.0,0.0,1.0,0.5,5.0,14.0,1.0,2.0,2.0,0.0,2067.16,4.828125,4.8984375,3.2597656
0.0,0.0,0.0,0.0,0.0,0.0,0.0,1.0,0.5,5.0,14.0,1.0,3.0,2.0,0.0,2067.16,4.7890625,4.8710938,3.1992188
0.0,0.0,0.0,0.0,0.0,0.0,0.0,1.0,0.5,5.0,14.0,2.0,3.0,3.0,4.0,2067.16,4.9882812,5.0390625,3.1699219
0.0,0.0,0.0,0.0,0.0,0.0,0.0,1.0,0.5,4.0,18.0,3.0,2.0,2.0,1.0,2067.16,5.0117188,5.0703125,3.1699219
0.0,0.0,0.0,0.0,0.0,0.0,0.0,1.0,0.5,5.0,17.0,1.0,2.0,2.0,2.0,2067.19,4.9882812,5.03125,3.2402344
0.0,0.0,0.0,0.0,0.0,0.0,0.0,1.0,0.5,5.0,15.0,2.0,3.0,1.0,0.0,2067.31,4.8710938,4.9609375,3.1894531
0.0,0.0,0.0,0.0,0.0,0.0,0.0,1.0,0.5600586,6.0,12.0,3.0,2.0,3.0,0.0,2067.33,5.2617188,5.2890625,3.2890625
0.0,0.0,0.0,0.0,0.0,0.0,0.0,1.0,0.52978516,3.0,14.0,3.0,3.0,3.0,0.0,2056.85,5.1601562,5.1796875,3.1699219
0.0,0.0,0.0,0.0,0.0,0.0,0.0,1.0,0.7001953,3.0,11.0,3.0,3.0,3.0,1.0,2057.14,5.6914062,5.7304688,3.5390625
0.0,0.0,0.0,0.0,0.0,0.0,0.0,1.0,0.7001953,3.0,11.0,3.0,2.0,2.0,0.0,2057.14,5.7304688,5.7695312,3.4101562
0.0,0.0,0.0,0.0,0.0,0.0,0.0,1.0,0.64990234,4.0,11.0,3.0,3.0,3.0,0.0,2057.19,5.5,5.5390625,3.4707031
0.0,0.0,0.0,0.0,0.0,0.0,0.0,1.0,0.7001953,3.0,12.0,2.0,3.0,2.0,0.0,2057.27,5.4804688,5.5507812,3.5605469
0.0,0.0,0.0,0.0,0.0,0.0,0.0,1.0,1.0,2.0,19.0,3.0,2.0,2.0,4.0,2033.24,6.3007812,6.3515625,3.9199219
0.0,0.0,0.0,0.0,0.0,0.0,0.0,1.0,0.5,4.0,16.0,3.0,3.0,2.0,1.0,2033.3,5.0585938,5.1015625,3.1503906
0.0,0.0,0.0,0.0,0.0,0.0,0.0,1.0,0.5,4.0,18.0,2.0,3.0,2.0,4.0,2033.31,4.9492188,5.0,3.1699219
0.0,0.0,0.0,0.0,0.0,0.0,0.0,1.0,0.5498047,3.0,15.0,3.0,3.0,3.0,0.0,2033.56,5.359375,5.390625,3.1894531
0.0,0.0,0.0,0.0,0.0,0.0,0.0,1.0,0.5,4.0,18.0,1.0,3.0,0.0,0.0,2033.92,5.0390625,5.1210938,3.0898438
0.0,0.0,0.0,0.0,0.0,0.0,0.0,1.0,0.5,3.0,18.0,3.0,3.0,3.0,0.0,2034.0,5.109375,5.1210938,3.1191406
0.0,0.0,0.0,0.0,0.0,0.0,0.0,1.0,0.5,3.0,16.0,2.0,3.0,2.0,0.0,2034.07,5.1289062,5.1914062,3.0292969
0.0,0.0,0.0,0.0,0.0,0.0,0.0,1.0,0.5,5.0,17.0,1.0,3.0,2.0,0.0,2034.08,4.8203125,4.8789062,3.2207031
0.0,0.0,0.0,0.0,0.0,0.0,0.0,1.0,0.6298828,5.0,11.0,3.0,3.0,3.0,0.0,2034.17,5.4492188,5.46875,3.4199219
0.0,0.0,0.0,0.0,0.0,0.0,0.0,1.0,0.5,4.0,17.0,2.0,2.0,1.0,0.0,2080.06,4.9804688,5.0195312,3.1191406
0.0,0.0,0.0,0.0,0.0,0.0,0.0,1.0,0.5,4.0,17.0,2.0,3.0,2.0,1.0,2080.06,5.0,5.0585938,3.1601562
0.0,0.0,0.0,0.0,0.0,0.0,0.0,1.0,0.5,4.0,17.0,2.0,3.0,2.0,1.0,2080.06,5.0117188,5.0703125,3.1699219
0.0,0.0,0.0,0.0,0.0,0.0,0.0,1.0,0.5,4.0,17.0,2.0,3.0,2.0,2.0,2080.06,4.9882812,5.0390625,3.1191406
0.0,0.0,0.0,0.0,0.0,0.0,0.0,1.0,0.5,4.0,17.0,2.0,2.0,2.0,2.0,2080.06,4.9492188,5.0117188,3.1894531
0.0,0.0,0.0,0.0,0.0,0.0,0.0,1.0,0.5,4.0,18.0,2.0,2.0,2.0,2.0,2080.16,4.9101562,4.96875,3.1894531
0.0,0.0,0.0,0.0,0.0,0.0,0.0,1.0,0.52978516,3.0,15.0,3.0,3.0,3.0,0.0,2080.19,5.25,5.28125,3.1796875
0.0,0.0,0.0,0.0,0.0,0.0,0.0,1.0,0.64990234,5.0,11.0,3.0,3.0,3.0,0.0,2080.36,5.53125,5.5507812,3.4296875
0.0,0.0,0.0,0.0,0.0,0.0,0.0,1.0,0.5097656,7.0,12.0,3.0,3.0,3.0,0.0,2080.42,5.0585938,5.0898438,3.1796875
0.0,0.0,0.0,0.0,0.0,0.0,0.0,1.0,0.5,4.0,18.0,3.0,3.0,2.0,1.0,2080.46,5.0390625,5.0703125,3.1699219
0.0,0.0,0.0,0.0,0.0,0.0,0.0,1.0,0.5,3.0,18.0,3.0,3.0,2.0,0.0,2080.56,5.0585938,5.1015625,3.1601562
0.0,0.0,0.0,0.0,0.0,0.0,0.0,1.0,0.5097656,3.0,16.0,3.0,2.0,3.0,0.0,2080.8,5.0898438,5.1210938,3.1992188
0.0,0.0,0.0,0.0,0.0,0.0,0.0,1.0,0.52978516,5.0,12.0,3.0,3.0,3.0,0.0,2052.37,5.1601562,5.1796875,3.2207031
0.0,0.0,0.0,0.0,0.0,0.0,0.0,1.0,0.5,4.0,17.0,2.0,2.0,1.0,0.0,2052.37,5.03125,5.078125,3.0996094
0.0,0.0,0.0,0.0,0.0,0.0,0.0,1.0,0.5,4.0,17.0,2.0,1.0,2.0,0.0,2052.37,5.0703125,5.1015625,3.0898438
0.0,0.0,0.0,0.0,0.0,0.0,0.0,1.0,0.5,3.0,16.0,3.0,3.0,2.0,0.0,2052.56,5.1484375,5.171875,3.0703125
0.0,0.0,0.0,0.0,0.0,0.0,0.0,1.0,0.5,4.0,18.0,3.0,3.0,3.0,4.0,2052.78,5.1796875,5.2109375,3.0605469
0.0,0.0,0.0,0.0,0.0,0.0,0.0,1.0,0.5,3.0,17.0,3.0,2.0,2.0,0.0,2053.24,5.0390625,5.1015625,3.1796875
0.0,0.0,0.0,0.0,0.0,0.0,0.0,1.0,0.5,3.0,17.0,2.0,2.0,2.0,0.0,2053.24,5.0195312,5.078125,3.1699219
0.0,0.0,0.0,0.0,0.0,0.0,0.0,1.0,0.5,3.0,17.0,2.0,3.0,2.0,0.0,2053.24,4.9882812,5.0507812,3.1503906
0.0,0.0,0.0,0.0,0.0,0.0,0.0,1.0,0.52978516,4.0,13.0,3.0,3.0,3.0,0.0,2091.83,5.1484375,5.171875,3.2304688
0.0,0.0,0.0,0.0,0.0,0.0,0.0,1.0,0.5,8.0,12.0,3.0,3.0,3.0,0.0,2092.21,5.1289062,5.1484375,3.1308594
0.0,0.0,0.0,0.0,0.0,0.0,0.0,1.0,0.5,8.0,12.0,3.0,3.0,3.0,0.0,2092.21,5.0507812,5.078125,3.1601562
0.0,0.0,0.0,0.0,0.0,0.0,0.0,1.0,0.5,5.0,17.0,1.0,3.0,1.0,0.0,2092.22,4.9101562,4.96875,3.1992188
0.0,0.0,0.0,0.0,0.0,0.0,0.0,1.0,0.5,5.0,17.0,1.0,2.0,1.0,0.0,2092.22,4.9101562,4.9882812,3.2207031
0.0,0.0,0.0,0.0,0.0,0.0,0.0,1.0,0.5,5.0,17.0,1.0,3.0,1.0,0.0,2092.22,4.96875,5.03125,3.0605469
0.0,0.0,0.0,0.0,0.0,0.0,0.0,1.0,0.5,3.0,16.0,3.0,2.0,2.0,0.0,2092.25,5.0195312,5.078125,3.1699219
0.0,0.0,0.0,0.0,0.0,0.0,0.0,1.0,0.5,3.0,16.0,3.0,3.0,3.0,0.0,2092.25,5.109375,5.140625,3.1796875
0.0,0.0,0.0,0.0,0.0,0.0,0.0,1.0,0.5097656,6.0,12.0,3.0,3.0,3.0,0.0,2082.57,5.1601562,5.1914062,3.140625
0.0,0.0,0.0,0.0,0.0,0.0,0.0,1.0,0.5,5.0,15.0,1.0,3.0,2.0,0.0,2082.67,4.859375,4.9296875,3.140625
0.0,0.0,0.0,0.0,0.0,0.0,0.0,1.0,0.5,5.0,15.0,1.0,2.0,2.0,2.0,2082.67,4.890625,4.9414062,3.2109375
0.0,0.0,0.0,0.0,0.0,0.0,0.0,1.0,0.5,4.0,14.0,3.0,3.0,2.0,2.0,2082.67,5.0390625,5.0703125,3.1601562
0.0,0.0,0.0,0.0,0.0,0.0,0.0,1.0,0.5,3.0,17.0,3.0,3.0,3.0,0.0,2082.93,5.0585938,5.078125,3.1601562
0.0,0.0,0.0,0.0,0.0,0.0,0.0,1.0,0.7001953,5.0,11.0,2.0,3.0,3.0,2.0,2082.93,5.578125,5.609375,3.5996094
0.0,0.0,0.0,0.0,0.0,0.0,0.0,1.0,0.5,5.0,16.0,1.0,2.0,2.0,0.0,2082.98,4.921875,4.9804688,3.2109375
0.0,0.0,0.0,0.0,0.0,0.0,0.0,1.0,0.52978516,5.0,13.0,3.0,3.0,3.0,2.0,2083.01,5.140625,5.171875,3.2304688
0.0,0.0,0.0,0.0,0.0,0.0,0.0,1.0,0.5,6.0,12.0,3.0,3.0,3.0,0.0,2083.08,5.140625,5.1601562,3.0800781
0.0,0.0,0.0,0.0,0.0,0.0,0.0,1.0,0.5,6.0,12.0,3.0,3.0,3.0,0.0,2083.08,5.03125,5.0703125,3.1503906
0.0,0.0,0.0,0.0,0.0,0.0,0.0,1.0,0.5,6.0,12.0,3.0,3.0,3.0,0.0,2083.08,5.0390625,5.0703125,3.1601562
0.0,0.0,0.0,0.0,0.0,0.0,0.0,1.0,0.5,6.0,12.0,3.0,3.0,3.0,0.0,2083.08,5.0585938,5.0898438,3.1601562
0.0,0.0,0.0,0.0,0.0,0.0,0.0,1.0,0.5,3.0,16.0,3.0,3.0,3.0,0.0,2096.53,5.078125,5.1015625,3.1601562
0.0,0.0,0.0,0.0,0.0,0.0,0.0,1.0,0.5,3.0,16.0,3.0,3.0,3.0,0.0,2096.53,5.1601562,5.1914062,3.0996094
0.0,0.0,0.0,0.0,0.0,0.0,0.0,1.0,0.5,3.0,16.0,3.0,3.0,3.0,0.0,2096.53,5.0703125,5.078125,3.1699219
0.0,0.0,0.0,0.0,0.0,0.0,0.0,1.0,0.5,3.0,16.0,3.0,3.0,3.0,0.0,2096.53,5.140625,5.1601562,3.109375
0.0,0.0,0.0,0.0,0.0,0.0,0.0,1.0,0.5,5.0,15.0,1.0,3.0,2.0,0.0,2096.66,4.828125,4.8789062,3.2402344
0.0,0.0,0.0,0.0,0.0,0.0,0.0,1.0,0.52978516,6.0,12.0,3.0,3.0,3.0,0.0,2096.98,5.1484375,5.171875,3.2304688
0.0,0.0,0.0,0.0,0.0,0.0,0.0,1.0,0.5097656,6.0,12.0,3.0,3.0,3.0,0.0,2097.03,5.1289062,5.1601562,3.1308594
0.0,0.0,0.0,0.0,0.0,0.0,0.0,1.0,0.5097656,3.0,15.0,3.0,3.0,3.0,0.0,2097.14,5.1289062,5.1484375,3.2109375
0.0,0.0,0.0,0.0,0.0,0.0,0.0,1.0,0.5,5.0,15.0,1.0,3.0,1.0,0.0,2097.31,4.78125,4.8789062,3.2207031
0.0,0.0,0.0,0.0,0.0,0.0,0.0,1.0,0.5,5.0,15.0,1.0,3.0,2.0,0.0,2097.38,4.828125,4.890625,3.2304688
0.0,0.0,0.0,0.0,0.0,0.0,0.0,1.0,0.5,3.0,18.0,3.0,3.0,2.0,0.0,2097.46,5.0507812,5.078125,3.1894531
0.0,0.0,0.0,0.0,0.0,0.0,0.0,1.0,0.39990234,8.0,18.0,3.0,3.0,3.0,0.0,2034.19,4.6992188,4.7109375,2.9394531
0.0,0.0,0.0,0.0,0.0,0.0,0.0,1.0,0.5097656,3.0,17.0,3.0,3.0,3.0,1.0,2034.32,5.1914062,5.1992188,3.1191406
0.0,0.0,0.0,0.0,0.0,0.0,0.0,1.0,0.5,4.0,13.0,3.0,3.0,3.0,2.0,2034.96,5.0703125,5.0898438,3.1699219
0.0,0.0,0.0,0.0,0.0,0.0,0.0,1.0,0.5498047,3.0,14.0,3.0,3.0,2.0,2.0,2035.27,5.1992188,5.2304688,3.2695312
0.0,0.0,0.0,0.0,0.0,0.0,0.0,1.0,0.5,5.0,15.0,1.0,3.0,1.0,0.0,2071.48,5.0117188,5.078125,3.0996094
0.0,0.0,0.0,0.0,0.0,0.0,0.0,1.0,0.58984375,5.0,12.0,3.0,3.0,3.0,0.0,2071.93,5.3515625,5.3710938,3.359375
0.0,0.0,0.0,0.0,0.0,0.0,0.0,1.0,0.5,3.0,17.0,3.0,3.0,3.0,0.0,2072.04,5.0195312,5.0507812,3.1894531
0.0,0.0,0.0,0.0,0.0,0.0,0.0,1.0,0.5,5.0,16.0,1.0,2.0,1.0,0.0,2072.09,4.8515625,4.9296875,3.25
0.0,0.0,0.0,0.0,0.0,0.0,0.0,1.0,1.0097656,3.0,10.0,3.0,3.0,3.0,6.0,2072.41,6.46875,6.4609375,3.9804688
0.0,0.0,0.0,0.0,0.0,0.0,0.0,1.0,0.54003906,3.0,15.0,3.0,3.0,3.0,0.0,2063.0,5.2304688,5.25,3.2207031
0.0,0.0,0.0,0.0,0.0,0.0,0.0,1.0,0.5,4.0,17.0,1.0,3.0,1.0,0.0,2063.52,4.9804688,5.03125,3.140625
0.0,0.0,0.0,0.0,0.0,0.0,0.0,1.0,0.5,3.0,17.0,3.0,3.0,3.0,0.0,2063.52,5.0585938,5.078125,3.1796875
0.0,0.0,0.0,0.0,0.0,0.0,0.0,1.0,0.5498047,7.0,12.0,3.0,3.0,3.0,2.0,2064.17,5.1992188,5.2304688,3.2597656
0.0,0.0,0.0,0.0,0.0,0.0,0.0,1.0,0.52978516,7.0,12.0,3.0,3.0,3.0,1.0,2064.25,5.1796875,5.1992188,3.1894531
0.0,0.0,0.0,0.0,0.0,0.0,0.0,1.0,0.41992188,8.0,18.0,3.0,3.0,3.0,0.0,2064.34,4.7695312,4.8007812,2.9902344
0.0,0.0,0.0,0.0,0.0,0.0,0.0,1.0,0.58984375,8.0,11.0,3.0,3.0,3.0,0.0,2074.15,5.3398438,5.3710938,3.3691406
0.0,0.0,0.0,0.0,0.0,0.0,0.0,1.0,0.5,5.0,15.0,1.0,2.0,1.0,0.0,2074.51,5.0,5.0585938,3.1601562
0.0,0.0,0.0,0.0,0.0,0.0,0.0,1.0,0.5,5.0,15.0,1.0,3.0,1.0,0.0,2074.51,4.8710938,4.9101562,3.2207031
0.0,0.0,0.0,0.0,0.0,0.0,0.0,1.0,0.5,5.0,17.0,1.0,2.0,1.0,0.0,2074.64,4.9609375,5.0507812,3.140625
0.0,0.0,0.0,0.0,0.0,0.0,0.0,1.0,0.5,7.0,12.0,3.0,3.0,3.0,0.0,2074.68,5.109375,5.140625,3.1796875
0.0,0.0,0.0,0.0,0.0,0.0,0.0,1.0,0.5,5.0,17.0,1.0,2.0,1.0,2.0,2074.8,4.9414062,5.0195312,3.1308594
0.0,0.0,0.0,0.0,0.0,0.0,0.0,1.0,0.5,5.0,18.0,2.0,3.0,1.0,4.0,2074.83,5.171875,5.1992188,3.0195312
0.0,0.0,0.0,0.0,0.0,0.0,0.0,1.0,0.5,4.0,14.0,3.0,3.0,3.0,4.0,2074.89,5.0507812,5.0898438,3.1699219
0.0,0.0,0.0,0.0,0.0,0.0,0.0,1.0,0.5,6.0,13.0,3.0,3.0,2.0,2.0,2074.89,5.0195312,5.0703125,3.1699219
0.0,0.0,0.0,0.0,0.0,0.0,0.0,1.0,0.5,7.0,12.0,3.0,3.0,3.0,0.0,2074.96,5.0507812,5.078125,3.1601562
0.0,0.0,0.0,0.0,0.0,0.0,0.0,1.0,0.5,7.0,12.0,3.0,3.0,3.0,0.0,2074.96,5.0195312,5.0585938,3.1699219
0.0,0.0,0.0,0.0,0.0,0.0,0.0,1.0,0.5,5.0,17.0,3.0,3.0,2.0,5.0,2031.58,5.0,5.0585938,3.1699219
0.0,0.0,0.0,0.0,0.0,0.0,0.0,1.0,0.5,7.0,12.0,3.0,3.0,3.0,2.0,2031.58,5.078125,5.109375,3.1308594
0.0,0.0,0.0,0.0,0.0,0.0,0.0,1.0,0.5,3.0,17.0,3.0,3.0,3.0,1.0,2031.58,5.0507812,5.0703125,3.1699219
0.0,0.0,0.0,0.0,0.0,0.0,0.0,1.0,0.5097656,3.0,15.0,2.0,2.0,2.0,0.0,2031.7,4.9492188,4.9882812,3.2109375
0.0,0.0,0.0,0.0,0.0,0.0,0.0,1.0,0.5,3.0,17.0,3.0,3.0,3.0,0.0,2031.77,5.1015625,5.140625,3.1308594
0.0,0.0,0.0,0.0,0.0,0.0,0.0,1.0,0.5097656,4.0,13.0,3.0,3.0,3.0,0.0,2031.78,5.0898438,5.1210938,3.1992188
0.0,0.0,0.0,0.0,0.0,0.0,0.0,1.0,0.5097656,6.0,12.0,3.0,3.0,3.0,2.0,2031.78,5.1015625,5.1289062,3.1992188
0.0,0.0,0.0,0.0,0.0,0.0,0.0,1.0,0.52978516,4.0,17.0,3.0,3.0,3.0,2.0,2186.82,5.1992188,5.21875,3.1796875
0.0,0.0,0.0,0.0,0.0,0.0,0.0,1.0,0.45996094,8.0,17.0,2.0,3.0,1.0,0.0,2186.89,4.7617188,4.8515625,3.0996094
0.0,0.0,0.0,0.0,0.0,0.0,0.0,1.0,0.5,7.0,17.0,2.0,3.0,2.0,4.0,2187.05,4.890625,4.9609375,3.1796875
0.0,0.0,0.0,0.0,0.0,0.0,0.0,1.0,0.5,4.0,16.0,2.0,2.0,1.0,0.0,2187.06,5.1289062,5.171875,3.0507812
0.0,0.0,0.0,0.0,0.0,0.0,0.0,1.0,0.5,4.0,16.0,3.0,3.0,2.0,0.0,2187.06,5.0390625,5.078125,3.1191406
0.0,0.0,0.0,0.0,0.0,0.0,0.0,1.0,0.5,4.0,16.0,2.0,3.0,2.0,2.0,2187.06,4.9101562,4.9492188,3.1601562
0.0,0.0,0.0,0.0,0.0,0.0,0.0,1.0,0.5,4.0,16.0,2.0,3.0,2.0,2.0,2187.06,5.0117188,5.078125,3.1601562
0.0,0.0,0.0,0.0,0.0,0.0,0.0,1.0,0.77001953,3.0,12.0,3.0,3.0,3.0,2.0,2187.15,5.8203125,5.8515625,3.640625
0.0,0.0,0.0,0.0,0.0,0.0,0.0,1.0,0.5,4.0,14.0,3.0,3.0,3.0,2.0,2187.19,5.1289062,5.1484375,3.1503906
0.0,0.0,0.0,0.0,0.0,0.0,0.0,1.0,0.5,4.0,14.0,2.0,3.0,3.0,0.0,2187.19,5.0507812,5.078125,3.1699219
0.0,0.0,0.0,0.0,0.0,0.0,0.0,1.0,0.5600586,3.0,16.0,3.0,3.0,3.0,2.0,2197.73,5.3515625,5.390625,3.2207031
0.0,0.0,0.0,0.0,0.0,0.0,0.0,1.0,0.5,6.0,15.0,3.0,3.0,2.0,4.0,2197.8,5.1015625,5.1601562,3.109375
0.0,0.0,0.0,0.0,0.0,0.0,0.0,1.0,0.5,6.0,15.0,2.0,2.0,2.0,4.0,2197.8,5.0703125,5.1015625,3.0507812
0.0,0.0,0.0,0.0,0.0,0.0,0.0,1.0,0.5,6.0,15.0,2.0,3.0,2.0,4.0,2197.8,4.96875,5.0195312,3.2207031
0.0,0.0,0.0,0.0,0.0,0.0,0.0,1.0,0.5,6.0,15.0,1.0,3.0,2.0,2.0,2197.8,4.78125,4.859375,3.1894531
0.0,0.0,0.0,0.0,0.0,0.0,0.0,1.0,0.5,6.0,15.0,1.0,2.0,2.0,2.0,2197.8,4.8710938,4.921875,3.1992188
0.0,0.0,0.0,0.0,0.0,0.0,0.0,1.0,0.5,4.0,17.0,2.0,3.0,2.0,0.0,2197.98,4.9882812,5.0507812,3.1699219
0.0,0.0,0.0,0.0,0.0,0.0,0.0,1.0,0.5,5.0,16.0,1.0,3.0,2.0,0.0,2197.98,4.9804688,5.0390625,3.0605469
0.0,0.0,0.0,0.0,0.0,0.0,0.0,1.0,0.5,5.0,18.0,2.0,2.0,1.0,0.0,2198.03,5.0195312,5.078125,3.1796875
0.0,0.0,0.0,0.0,0.0,0.0,0.0,1.0,0.58984375,3.0,15.0,3.0,3.0,3.0,0.0,2122.91,5.4296875,5.4609375,3.2695312
0.0,0.0,0.0,0.0,0.0,0.0,0.0,1.0,0.5097656,3.0,17.0,3.0,3.0,3.0,2.0,2123.13,5.078125,5.1210938,3.1894531
0.0,0.0,0.0,0.0,0.0,0.0,0.0,1.0,0.5097656,3.0,16.0,3.0,3.0,3.0,0.0,2123.15,5.1601562,5.171875,3.1308594
0.0,0.0,0.0,0.0,0.0,0.0,0.0,1.0,0.39990234,8.0,18.0,3.0,3.0,3.0,0.0,2123.38,4.71875,4.75,2.9609375
0.0,0.0,0.0,0.0,0.0,0.0,0.0,1.0,0.5,5.0,18.0,2.0,1.0,3.0,2.0,2123.5,5.1015625,5.1210938,3.140625
0.0,0.0,0.0,0.0,0.0,0.0,0.0,1.0,0.5,5.0,18.0,1.0,2.0,2.0,0.0,2123.5,4.8515625,4.9101562,3.2304688
0.0,0.0,0.0,0.0,0.0,0.0,0.0,1.0,0.5,5.0,13.0,3.0,3.0,3.0,1.0,2123.65,5.1210938,5.1484375,3.109375
0.0,0.0,0.0,0.0,0.0,0.0,0.0,1.0,0.5,4.0,18.0,2.0,3.0,2.0,2.0,2123.65,5.2109375,5.25,3.0195312
0.0,0.0,0.0,0.0,0.0,0.0,0.0,1.0,0.5,3.0,18.0,2.0,3.0,2.0,0.0,2123.69,5.0703125,5.1289062,3.1308594
0.0,0.0,0.0,0.0,0.0,0.0,0.0,1.0,0.7001953,4.0,10.0,3.0,3.0,3.0,0.0,2123.92,5.6796875,5.71875,3.4707031
0.0,0.0,0.0,0.0,0.0,0.0,0.0,1.0,0.5097656,4.0,15.0,2.0,3.0,2.0,0.0,2179.02,4.9804688,5.03125,3.2304688
0.0,0.0,0.0,0.0,0.0,0.0,0.0,1.0,0.5,4.0,18.0,2.0,3.0,1.0,2.0,2179.32,4.9609375,5.0195312,3.1894531
0.0,0.0,0.0,0.0,0.0,0.0,0.0,1.0,0.5,3.0,17.0,3.0,3.0,3.0,0.0,2179.46,5.0507812,5.0703125,3.1699219
0.0,0.0,0.0,0.0,0.0,0.0,0.0,1.0,0.52001953,3.0,16.0,3.0,3.0,3.0,0.0,2179.98,5.1992188,5.21875,3.1601562
0.0,0.0,0.0,0.0,0.0,0.0,0.0,1.0,0.5097656,9.0,13.0,3.0,3.0,3.0,0.0,2180.03,5.078125,5.109375,3.1796875
0.0,0.0,0.0,0.0,0.0,0.0,0.0,1.0,0.5097656,3.0,15.0,3.0,3.0,3.0,0.0,2180.05,5.0898438,5.1289062,3.1796875
0.0,0.0,0.0,0.0,0.0,0.0,0.0,1.0,0.52001953,7.0,12.0,3.0,3.0,3.0,2.0,2180.11,5.1601562,5.1796875,3.2109375
0.0,0.0,0.0,0.0,0.0,0.0,0.0,1.0,0.52001953,3.0,18.0,3.0,3.0,3.0,0.0,2187.2,5.1289062,5.1484375,3.1992188
0.0,0.0,0.0,0.0,0.0,0.0,0.0,1.0,0.5,4.0,15.0,2.0,3.0,2.0,0.0,2187.2,5.0585938,5.1289062,3.0703125
0.0,0.0,0.0,0.0,0.0,0.0,0.0,1.0,0.5,4.0,17.0,3.0,3.0,2.0,0.0,2350.82,5.0703125,5.109375,3.1601562
0.0,0.0,0.0,0.0,0.0,0.0,0.0,1.0,0.5,4.0,17.0,2.0,3.0,2.0,0.0,2350.82,5.109375,5.1601562,3.0292969
0.0,0.0,0.0,0.0,0.0,0.0,0.0,1.0,0.52978516,3.0,18.0,3.0,3.0,3.0,0.0,2350.82,5.171875,5.1992188,3.25
0.0,0.0,0.0,0.0,0.0,0.0,0.0,1.0,0.60009766,4.0,13.0,3.0,3.0,3.0,0.0,2350.89,5.4296875,5.4609375,3.3496094
0.0,0.0,0.0,0.0,0.0,0.0,0.0,1.0,0.5,6.0,17.0,3.0,3.0,3.0,4.0,2350.94,5.1015625,5.109375,3.0800781
0.0,0.0,0.0,0.0,0.0,0.0,0.0,1.0,0.5,6.0,17.0,3.0,3.0,3.0,4.0,2350.94,5.1484375,5.171875,3.1503906
0.0,0.0,0.0,0.0,0.0,0.0,0.0,1.0,0.5,6.0,17.0,2.0,3.0,1.0,0.0,2350.94,5.0898438,5.1210938,3.0507812
0.0,0.0,0.0,0.0,0.0,0.0,0.0,1.0,0.5,6.0,17.0,2.0,2.0,1.0,0.0,2350.94,4.9414062,5.0390625,3.140625
0.0,0.0,0.0,0.0,0.0,0.0,0.0,1.0,0.5,7.0,16.0,3.0,3.0,2.0,1.0,2350.94,5.03125,5.0898438,3.0996094
0.0,0.0,0.0,0.0,0.0,0.0,0.0,1.0,0.5,7.0,16.0,3.0,3.0,3.0,4.0,2350.94,5.0117188,5.0507812,3.1601562
0.0,0.0,0.0,0.0,0.0,0.0,0.0,1.0,0.5,5.0,18.0,2.0,3.0,2.0,2.0,2350.99,4.921875,4.9804688,3.1992188
0.0,0.0,0.0,0.0,0.0,0.0,0.0,1.0,0.5,5.0,18.0,2.0,2.0,1.0,0.0,2350.99,5.0898438,5.140625,3.0996094
0.0,0.0,0.0,0.0,0.0,0.0,0.0,1.0,0.5800781,4.0,14.0,3.0,3.0,3.0,4.0,2351.54,5.3984375,5.4414062,3.2597656
0.0,0.0,0.0,0.0,0.0,0.0,0.0,1.0,0.5,6.0,19.0,3.0,3.0,3.0,0.0,2322.91,5.1210938,5.1484375,3.1308594
0.0,0.0,0.0,0.0,0.0,0.0,0.0,1.0,0.5,7.0,18.0,1.0,3.0,1.0,0.0,2322.91,4.7890625,4.8789062,3.1699219
0.0,0.0,0.0,0.0,0.0,0.0,0.0,1.0,0.52978516,4.0,15.0,3.0,3.0,3.0,0.0,2323.53,5.1484375,5.1601562,3.2207031
0.0,0.0,0.0,0.0,0.0,0.0,0.0,1.0,0.54003906,7.0,17.0,3.0,3.0,3.0,4.0,2323.57,5.1796875,5.21875,3.2402344
0.0,0.0,0.0,0.0,0.0,0.0,0.0,1.0,0.5,5.0,17.0,2.0,3.0,2.0,2.0,2323.78,4.9804688,5.03125,3.1894531
0.0,0.0,0.0,0.0,0.0,0.0,0.0,1.0,0.5,7.0,15.0,3.0,3.0,3.0,4.0,2323.78,5.1289062,5.140625,3.1308594
0.0,0.0,0.0,0.0,0.0,0.0,0.0,1.0,0.52001953,6.0,18.0,3.0,3.0,3.0,4.0,2323.93,5.171875,5.1914062,3.2304688
0.0,0.0,0.0,0.0,0.0,0.0,0.0,1.0,0.5,4.0,16.0,2.0,3.0,2.0,0.0,2323.97,4.9804688,5.03125,3.1191406
0.0,0.0,0.0,0.0,0.0,0.0,0.0,1.0,0.5,4.0,16.0,3.0,2.0,3.0,0.0,2323.97,5.0703125,5.0898438,3.1699219
0.0,0.0,0.0,0.0,0.0,0.0,0.0,1.0,0.5,5.0,16.0,3.0,3.0,3.0,1.0,2324.09,5.0507812,5.078125,3.1699219
0.0,0.0,0.0,0.0,0.0,0.0,0.0,1.0,0.72998047,4.0,11.0,3.0,3.0,3.0,0.0,2324.26,5.71875,5.7382812,3.5800781
0.0,0.0,0.0,0.0,0.0,0.0,0.0,1.0,0.6098633,3.0,16.0,3.0,3.0,3.0,0.0,2324.57,5.421875,5.4414062,3.390625
0.0,0.0,0.0,0.0,0.0,0.0,0.0,1.0,0.5,4.0,15.0,3.0,3.0,3.0,0.0,2324.68,5.0703125,5.1015625,3.1699219
0.0,0.0,0.0,0.0,0.0,0.0,0.0,1.0,0.5,6.0,13.0,3.0,3.0,3.0,1.0,2353.56,5.0117188,5.0507812,3.1503906
0.0,0.0,0.0,0.0,0.0,0.0,0.0,1.0,0.5,6.0,13.0,3.0,3.0,3.0,1.0,2353.56,5.1015625,5.1289062,3.109375
0.0,0.0,0.0,0.0,0.0,0.0,0.0,1.0,0.5097656,8.0,13.0,3.0,3.0,3.0,2.0,2353.74,5.0703125,5.109375,3.2207031
0.0,0.0,0.0,0.0,0.0,0.0,0.0,1.0,0.52001953,4.0,14.0,3.0,3.0,3.0,2.0,2353.97,5.25,5.28125,3.140625
0.0,0.0,0.0,0.0,0.0,0.0,0.0,1.0,0.52001953,4.0,14.0,3.0,3.0,3.0,2.0,2353.97,5.109375,5.1289062,3.2109375
0.0,0.0,0.0,0.0,0.0,0.0,0.0,1.0,0.5498047,6.0,13.0,3.0,3.0,3.0,0.0,2354.21,5.2109375,5.25,3.2695312
0.0,0.0,0.0,0.0,0.0,0.0,0.0,1.0,0.5,5.0,16.0,2.0,3.0,1.0,0.0,2354.31,5.0195312,5.0898438,3.0703125
0.0,0.0,0.0,0.0,0.0,0.0,0.0,1.0,0.5,4.0,16.0,3.0,2.0,2.0,0.0,2354.37,5.0390625,5.1015625,3.1796875
0.0,0.0,0.0,0.0,0.0,0.0,0.0,1.0,0.5,4.0,16.0,3.0,3.0,2.0,0.0,2354.37,5.0585938,5.109375,3.0898438
0.0,0.0,0.0,0.0,0.0,0.0,0.0,1.0,0.5800781,4.0,14.0,3.0,3.0,3.0,0.0,2351.54,5.3085938,5.328125,3.3105469
0.0,0.0,0.0,0.0,0.0,0.0,0.0,1.0,0.4099121,9.0,18.0,3.0,3.0,3.0,0.0,2351.7,4.828125,4.859375,2.9804688
0.0,0.0,0.0,0.0,0.0,0.0,0.0,1.0,0.5,5.0,18.0,2.0,3.0,2.0,2.0,2351.7,5.0,5.0585938,3.1191406
0.0,0.0,0.0,0.0,0.0,0.0,0.0,1.0,0.5,5.0,17.0,2.0,3.0,1.0,0.0,2351.8,5.0703125,5.1210938,3.0898438
0.0,0.0,0.0,0.0,0.0,0.0,0.0,1.0,0.5,5.0,17.0,2.0,3.0,2.0,0.0,2351.8,4.9414062,4.9804688,3.1601562
0.0,0.0,0.0,0.0,0.0,0.0,0.0,1.0,0.5,5.0,17.0,2.0,3.0,1.0,0.0,2351.8,5.0,5.0703125,3.1601562
0.0,0.0,0.0,0.0,0.0,0.0,0.0,1.0,0.52978516,6.0,14.0,3.0,3.0,3.0,4.0,2351.87,5.1484375,5.171875,3.2304688
0.0,0.0,0.0,0.0,0.0,0.0,0.0,1.0,0.5097656,7.0,15.0,3.0,3.0,3.0,4.0,2352.05,5.109375,5.1484375,3.1601562
0.0,0.0,0.0,0.0,0.0,0.0,0.0,1.0,0.5,4.0,14.0,3.0,3.0,3.0,0.0,2352.39,5.03125,5.0703125,3.1601562
0.0,0.0,0.0,0.0,0.0,0.0,0.0,1.0,0.5,5.0,14.0,3.0,2.0,3.0,2.0,2352.48,5.1015625,5.1289062,3.140625
0.0,0.0,0.0,0.0,0.0,0.0,0.0,1.0,0.5,4.0,17.0,3.0,3.0,2.0,0.0,2304.0,5.0195312,5.0703125,3.1601562
0.0,0.0,0.0,0.0,0.0,0.0,0.0,1.0,0.5,4.0,15.0,3.0,3.0,3.0,0.0,2304.05,5.1289062,5.1601562,3.140625
0.0,0.0,0.0,0.0,0.0,0.0,0.0,1.0,0.5,5.0,14.0,2.0,3.0,2.0,2.0,2304.07,5.0703125,5.1210938,3.0507812
0.0,0.0,0.0,0.0,0.0,0.0,0.0,1.0,0.5,5.0,14.0,3.0,3.0,2.0,2.0,2304.07,5.1210938,5.1796875,3.0800781
0.0,0.0,0.0,0.0,0.0,0.0,0.0,1.0,0.5,5.0,14.0,2.0,3.0,1.0,0.0,2304.07,5.078125,5.140625,3.0996094
0.0,0.0,0.0,0.0,0.0,0.0,0.0,1.0,0.5,5.0,14.0,2.0,3.0,2.0,2.0,2304.07,4.9609375,5.0117188,3.1894531
0.0,0.0,0.0,0.0,0.0,0.0,0.0,1.0,0.5,4.0,18.0,2.0,3.0,2.0,0.0,2304.07,5.03125,5.0585938,3.1601562
0.0,0.0,0.0,0.0,0.0,0.0,0.0,1.0,0.5,4.0,18.0,3.0,3.0,3.0,1.0,2304.07,5.0898438,5.1210938,3.1308594
0.0,0.0,0.0,0.0,0.0,0.0,0.0,1.0,0.7001953,6.0,11.0,2.0,3.0,3.0,0.0,2304.07,5.5195312,5.5585938,3.5703125
0.0,0.0,0.0,0.0,0.0,0.0,0.0,1.0,0.7001953,6.0,11.0,2.0,3.0,2.0,0.0,2304.07,5.4804688,5.5585938,3.5703125
0.0,0.0,0.0,0.0,0.0,0.0,0.0,1.0,0.5698242,7.0,16.0,3.0,3.0,3.0,5.0,2304.08,5.2890625,5.3203125,3.2890625
0.0,0.0,0.0,0.0,0.0,0.0,0.0,1.0,0.5,5.0,16.0,2.0,3.0,1.0,0.0,2304.43,4.9804688,5.0390625,3.1308594
0.0,0.0,0.0,0.0,0.0,0.0,0.0,1.0,0.5,4.0,16.0,3.0,3.0,3.0,2.0,2304.45,5.0507812,5.0703125,3.1601562
0.0,0.0,0.0,0.0,0.0,0.0,0.0,1.0,0.5,4.0,17.0,2.0,2.0,2.0,0.0,2304.57,4.9492188,5.0117188,3.1992188
0.0,0.0,0.0,0.0,0.0,0.0,0.0,1.0,0.5,4.0,16.0,3.0,3.0,2.0,0.0,2347.68,5.03125,5.0898438,3.1601562
0.0,0.0,0.0,0.0,0.0,0.0,0.0,1.0,0.5,4.0,16.0,3.0,3.0,3.0,2.0,2347.68,5.1914062,5.1992188,3.109375
0.0,0.0,0.0,0.0,0.0,0.0,0.0,1.0,0.5,5.0,16.0,2.0,2.0,1.0,0.0,2348.26,5.1210938,5.140625,3.0
0.0,0.0,0.0,0.0,0.0,0.0,0.0,1.0,0.75,3.0,12.0,2.0,3.0,2.0,2.0,2348.26,5.6484375,5.71875,3.6503906
0.0,0.0,0.0,0.0,0.0,0.0,0.0,1.0,0.5,5.0,15.0,2.0,3.0,2.0,2.0,2348.41,4.9492188,5.0,3.1894531
0.0,0.0,0.0,0.0,0.0,0.0,0.0,1.0,0.5,5.0,15.0,2.0,3.0,2.0,2.0,2348.41,4.9804688,5.0195312,3.1796875
0.0,0.0,0.0,0.0,0.0,0.0,0.0,1.0,0.5,4.0,16.0,2.0,3.0,2.0,0.0,2348.51,4.921875,4.96875,3.1796875
0.0,0.0,0.0,0.0,0.0,0.0,0.0,1.0,0.52001953,7.0,15.0,3.0,3.0,3.0,4.0,2330.97,5.1914062,5.21875,3.1601562
0.0,0.0,0.0,0.0,0.0,0.0,0.0,1.0,0.52001953,4.0,17.0,3.0,3.0,3.0,2.0,2331.0,5.25,5.28125,3.1503906
0.0,0.0,0.0,0.0,0.0,0.0,0.0,1.0,0.5,8.0,17.0,2.0,3.0,2.0,4.0,2331.36,5.140625,5.1992188,3.0605469
0.0,0.0,0.0,0.0,0.0,0.0,0.0,1.0,0.5,5.0,17.0,2.0,3.0,2.0,0.0,2331.52,4.9296875,4.9492188,3.1992188
0.0,0.0,0.0,0.0,0.0,0.0,0.0,1.0,0.5,6.0,17.0,2.0,3.0,2.0,1.0,2331.59,4.9296875,4.9804688,3.1601562
0.0,0.0,0.0,0.0,0.0,0.0,0.0,1.0,0.5,8.0,18.0,2.0,3.0,1.0,2.0,2331.59,4.9492188,5.0117188,3.1992188
0.0,0.0,0.0,0.0,0.0,0.0,0.0,1.0,0.5,7.0,13.0,3.0,3.0,3.0,0.0,2331.64,5.0507812,5.0898438,3.1191406
0.0,0.0,0.0,0.0,0.0,0.0,0.0,1.0,0.5,6.0,18.0,1.0,3.0,2.0,0.0,2331.76,4.859375,4.921875,3.1894531
0.0,0.0,0.0,0.0,0.0,0.0,0.0,1.0,0.52978516,5.0,13.0,3.0,3.0,3.0,2.0,2343.66,5.1484375,5.1914062,3.2304688
0.0,0.0,0.0,0.0,0.0,0.0,0.0,1.0,0.5097656,6.0,16.0,3.0,3.0,3.0,4.0,2344.01,5.0898438,5.1210938,3.1503906
0.0,0.0,0.0,0.0,0.0,0.0,0.0,1.0,0.5,6.0,15.0,2.0,3.0,2.0,2.0,2344.03,4.9296875,5.0,3.2109375
0.0,0.0,0.0,0.0,0.0,0.0,0.0,1.0,0.5,6.0,13.0,2.0,3.0,2.0,0.0,2344.1,4.9804688,5.03125,3.1894531
0.0,0.0,0.0,0.0,0.0,0.0,0.0,1.0,0.5,5.0,17.0,2.0,3.0,1.0,0.0,2344.52,5.0,5.0390625,3.1191406
0.0,0.0,0.0,0.0,0.0,0.0,0.0,1.0,0.5,6.0,13.0,3.0,3.0,3.0,0.0,2344.61,5.0585938,5.0703125,3.1699219
0.0,0.0,0.0,0.0,0.0,0.0,0.0,1.0,0.5,4.0,18.0,3.0,3.0,3.0,2.0,2344.61,5.1015625,5.140625,3.0996094
0.0,0.0,0.0,0.0,0.0,0.0,0.0,1.0,0.5800781,3.0,15.0,3.0,3.0,3.0,0.0,2344.71,5.3710938,5.390625,3.2792969
0.0,0.0,0.0,0.0,0.0,0.0,0.0,1.0,0.5,4.0,16.0,3.0,3.0,3.0,2.0,2344.89,5.109375,5.140625,3.1699219
0.0,0.0,0.0,0.0,0.0,0.0,0.0,1.0,0.5097656,8.0,13.0,3.0,3.0,3.0,0.0,2344.99,5.078125,5.109375,3.1894531
0.0,0.0,0.0,0.0,0.0,0.0,0.0,1.0,0.58984375,7.0,12.0,3.0,3.0,3.0,0.0,2352.51,5.359375,5.390625,3.3496094
0.0,0.0,0.0,0.0,0.0,0.0,0.0,1.0,0.5,4.0,17.0,2.0,2.0,2.0,0.0,2352.55,5.0585938,5.1210938,3.0703125
0.0,0.0,0.0,0.0,0.0,0.0,0.0,1.0,0.5,5.0,16.0,2.0,2.0,1.0,0.0,2352.55,5.0117188,5.0585938,3.1894531
0.0,0.0,0.0,0.0,0.0,0.0,0.0,1.0,0.5,5.0,13.0,3.0,3.0,3.0,2.0,2352.56,5.0507812,5.078125,3.1601562
0.0,0.0,0.0,0.0,0.0,0.0,0.0,1.0,0.5,7.0,15.0,2.0,3.0,2.0,2.0,2352.62,4.921875,4.96875,3.1699219
0.0,0.0,0.0,0.0,0.0,0.0,0.0,1.0,0.5,7.0,15.0,2.0,2.0,2.0,2.0,2352.62,5.140625,5.1601562,3.0097656
0.0,0.0,0.0,0.0,0.0,0.0,0.0,1.0,0.7998047,3.0,11.0,3.0,3.0,3.0,2.0,2352.7,5.921875,5.9492188,3.7207031
0.0,0.0,0.0,0.0,0.0,0.0,0.0,1.0,0.7998047,5.0,9.0,3.0,3.0,3.0,0.0,2352.82,5.8789062,5.921875,3.6796875
0.0,0.0,0.0,0.0,0.0,0.0,0.0,1.0,0.5,5.0,15.0,2.0,3.0,2.0,2.0,2353.27,5.0117188,5.0585938,3.1503906
0.0,0.0,0.0,0.0,0.0,0.0,0.0,1.0,0.5,5.0,15.0,3.0,3.0,3.0,1.0,2353.27,5.0390625,5.0703125,3.1699219
0.0,0.0,0.0,0.0,0.0,0.0,0.0,1.0,0.5097656,8.0,13.0,3.0,3.0,3.0,2.0,2353.27,5.1210938,5.1484375,3.1992188
0.0,0.0,0.0,0.0,0.0,0.0,0.0,1.0,0.5,6.0,18.0,2.0,2.0,1.0,0.0,2336.93,5.0117188,5.0507812,3.140625
0.0,0.0,0.0,0.0,0.0,0.0,0.0,1.0,0.5,7.0,14.0,2.0,3.0,2.0,2.0,2336.97,5.0703125,5.1210938,3.1503906
0.0,0.0,0.0,0.0,0.0,0.0,0.0,1.0,0.5600586,3.0,16.0,3.0,3.0,3.0,0.0,2337.0,5.28125,5.3007812,3.2890625
0.0,0.0,0.0,0.0,0.0,0.0,0.0,1.0,0.5,7.0,13.0,3.0,3.0,3.0,2.0,2337.0,5.140625,5.1601562,3.140625
0.0,0.0,0.0,0.0,0.0,0.0,0.0,1.0,0.5,7.0,13.0,3.0,3.0,3.0,2.0,2337.0,5.0585938,5.078125,3.1796875
0.0,0.0,0.0,0.0,0.0,0.0,0.0,1.0,0.5,6.0,15.0,1.0,3.0,2.0,0.0,2337.04,5.1210938,5.140625,3.0
0.0,0.0,0.0,0.0,0.0,0.0,0.0,1.0,0.6098633,4.0,13.0,3.0,3.0,3.0,0.0,2337.05,5.3710938,5.4101562,3.3691406
0.0,0.0,0.0,0.0,0.0,0.0,0.0,1.0,0.5,4.0,16.0,3.0,3.0,2.0,0.0,2337.35,5.0898438,5.1210938,3.1503906
0.0,0.0,0.0,0.0,0.0,0.0,0.0,1.0,0.7998047,4.0,10.0,3.0,3.0,3.0,1.0,2337.64,5.9296875,5.9609375,3.6992188
0.0,0.0,0.0,0.0,0.0,0.0,0.0,1.0,0.60009766,7.0,12.0,3.0,3.0,3.0,1.0,2337.69,5.3710938,5.390625,3.3691406
0.0,0.0,0.0,0.0,0.0,0.0,0.0,1.0,0.5800781,6.0,12.0,3.0,3.0,3.0,0.0,2337.83,5.3085938,5.3515625,3.2597656
0.0,0.0,0.0,0.0,0.0,0.0,0.0,1.0,0.5,5.0,13.0,3.0,3.0,3.0,0.0,2332.28,5.0898438,5.1210938,3.1601562
0.0,0.0,0.0,0.0,0.0,0.0,0.0,1.0,0.5,5.0,17.0,2.0,2.0,2.0,0.0,2448.26,4.921875,4.9804688,3.1894531
0.0,0.0,0.0,0.0,0.0,0.0,0.0,1.0,0.5,5.0,17.0,2.0,3.0,2.0,0.0,2448.26,5.0703125,5.1210938,3.0605469
0.0,0.0,0.0,0.0,0.0,0.0,0.0,1.0,0.5,5.0,16.0,3.0,3.0,2.0,0.0,2448.26,5.0,5.0507812,3.1601562
0.0,0.0,0.0,0.0,0.0,0.0,0.0,1.0,0.5,5.0,16.0,3.0,2.0,2.0,0.0,2448.26,5.1210938,5.140625,3.140625
0.0,0.0,0.0,0.0,0.0,0.0,0.0,1.0,0.5,5.0,16.0,3.0,3.0,2.0,0.0,2448.26,5.0585938,5.0898438,3.1601562
0.0,0.0,0.0,0.0,0.0,0.0,0.0,1.0,0.5,5.0,15.0,2.0,3.0,2.0,0.0,2448.27,4.8984375,4.9609375,3.1699219
0.0,0.0,0.0,0.0,0.0,0.0,0.0,1.0,0.5,5.0,15.0,2.0,3.0,2.0,0.0,2448.27,4.96875,5.0390625,3.1503906
0.0,0.0,0.0,0.0,0.0,0.0,0.0,1.0,0.5,5.0,15.0,2.0,3.0,2.0,0.0,2448.27,4.9101562,4.96875,3.1699219
0.0,0.0,0.0,0.0,0.0,0.0,0.0,1.0,0.5,5.0,15.0,3.0,3.0,3.0,2.0,2448.28,5.0390625,5.0703125,3.1601562
0.0,0.0,0.0,0.0,0.0,0.0,0.0,1.0,0.5,5.0,15.0,3.0,3.0,2.0,0.0,2448.28,5.0,5.0507812,3.1699219
0.0,0.0,0.0,0.0,0.0,0.0,0.0,1.0,0.7001953,6.0,10.0,3.0,3.0,3.0,0.0,2448.32,5.75,5.7695312,3.4609375
0.0,0.0,0.0,0.0,0.0,0.0,0.0,1.0,0.5,4.0,15.0,3.0,3.0,3.0,0.0,2448.49,5.0703125,5.1015625,3.1601562
0.0,0.0,0.0,0.0,0.0,0.0,0.0,1.0,0.5,4.0,15.0,3.0,3.0,3.0,0.0,2448.49,5.0390625,5.0703125,3.1601562
0.0,0.0,0.0,0.0,0.0,0.0,0.0,1.0,0.5,4.0,15.0,3.0,3.0,3.0,0.0,2448.49,5.140625,5.1796875,3.0996094
0.0,0.0,0.0,0.0,0.0,0.0,0.0,1.0,0.5,7.0,13.0,3.0,3.0,3.0,0.0,2448.49,5.0898438,5.1015625,3.1601562
0.0,0.0,0.0,0.0,0.0,0.0,0.0,1.0,0.5,5.0,15.0,2.0,3.0,3.0,0.0,2455.65,4.9296875,4.9804688,3.1601562
0.0,0.0,0.0,0.0,0.0,0.0,0.0,1.0,0.5,5.0,18.0,2.0,3.0,2.0,0.0,2455.69,4.9101562,4.9804688,3.1894531
0.0,0.0,0.0,0.0,0.0,0.0,0.0,1.0,0.5,6.0,15.0,3.0,3.0,2.0,2.0,2527.87,5.1210938,5.1601562,3.0800781
0.0,0.0,0.0,0.0,0.0,0.0,0.0,1.0,0.5,6.0,15.0,3.0,3.0,2.0,2.0,2527.87,5.0390625,5.1015625,3.1601562
0.0,0.0,0.0,0.0,0.0,0.0,0.0,1.0,0.77978516,6.0,11.0,3.0,3.0,3.0,4.0,2527.87,5.9296875,5.9609375,3.5703125
0.0,0.0,0.0,0.0,0.0,0.0,0.0,1.0,0.5,6.0,17.0,2.0,3.0,3.0,0.0,2527.88,4.96875,5.0,3.1992188
0.0,0.0,0.0,0.0,0.0,0.0,0.0,1.0,0.5,4.0,17.0,3.0,3.0,3.0,0.0,2527.95,5.0507812,5.078125,3.1796875
0.0,0.0,0.0,0.0,0.0,0.0,0.0,1.0,0.6201172,6.0,12.0,3.0,3.0,3.0,0.0,2528.05,5.5585938,5.5703125,3.3300781
0.0,0.0,0.0,0.0,0.0,0.0,0.0,1.0,0.5498047,6.0,13.0,3.0,3.0,3.0,2.0,2528.23,5.2304688,5.2617188,3.2597656
0.0,0.0,0.0,0.0,0.0,0.0,0.0,1.0,0.42993164,9.0,18.0,3.0,3.0,3.0,0.0,2528.27,4.921875,4.9414062,2.9707031
0.0,0.0,0.0,0.0,0.0,0.0,0.0,1.0,0.89990234,3.0,11.0,2.0,2.0,2.0,1.0,2528.46,5.9296875,6.0195312,3.9003906
0.0,0.0,0.0,0.0,0.0,0.0,0.0,1.0,0.52001953,8.0,14.0,3.0,3.0,3.0,4.0,2550.82,5.1992188,5.21875,3.1503906
0.0,0.0,0.0,0.0,0.0,0.0,0.0,1.0,0.52001953,4.0,17.0,3.0,3.0,3.0,0.0,2550.85,5.1484375,5.171875,3.2207031
0.0,0.0,0.0,0.0,0.0,0.0,0.0,1.0,0.5498047,5.0,13.0,3.0,3.0,3.0,0.0,2551.24,5.2382812,5.28125,3.2207031
0.0,0.0,0.0,0.0,0.0,0.0,0.0,1.0,0.7998047,7.0,9.0,3.0,2.0,3.0,0.0,2551.26,6.0195312,6.0390625,3.609375
0.0,0.0,0.0,0.0,0.0,0.0,0.0,1.0,0.52978516,4.0,18.0,3.0,3.0,3.0,1.0,2551.31,5.1992188,5.2304688,3.2402344
0.0,0.0,0.0,0.0,0.0,0.0,0.0,1.0,0.5,5.0,17.0,2.0,3.0,3.0,0.0,2551.31,5.078125,5.109375,3.1503906
0.0,0.0,0.0,0.0,0.0,0.0,0.0,1.0,0.6098633,7.0,12.0,3.0,3.0,3.0,2.0,2551.35,5.4101562,5.4296875,3.3808594
0.0,0.0,0.0,0.0,0.0,0.0,0.0,1.0,0.52978516,5.0,13.0,3.0,3.0,3.0,0.0,2551.36,5.171875,5.1992188,3.25
0.0,0.0,0.0,0.0,0.0,0.0,0.0,1.0,0.5498047,4.0,16.0,3.0,3.0,3.0,0.0,2551.39,5.2617188,5.2890625,3.2402344
0.0,0.0,0.0,0.0,0.0,0.0,0.0,1.0,0.5,5.0,16.0,3.0,3.0,2.0,0.0,2551.42,5.0390625,5.109375,3.0898438
0.0,0.0,0.0,0.0,0.0,0.0,0.0,1.0,0.5498047,5.0,16.0,3.0,3.0,3.0,1.0,2551.46,5.21875,5.25,3.25
0.0,0.0,0.0,0.0,0.0,0.0,0.0,1.0,0.5097656,5.0,16.0,2.0,3.0,2.0,0.0,2551.49,5.1796875,5.2382812,3.0507812
0.0,0.0,0.0,0.0,0.0,0.0,0.0,1.0,0.8300781,9.0,9.0,3.0,3.0,3.0,1.0,2551.5,6.03125,6.0507812,3.7597656
0.0,0.0,0.0,0.0,0.0,0.0,0.0,1.0,0.5,5.0,16.0,3.0,3.0,3.0,2.0,2568.5,5.0390625,5.078125,3.1699219
0.0,0.0,0.0,0.0,0.0,0.0,0.0,1.0,0.5,8.0,14.0,3.0,2.0,3.0,0.0,2568.5,5.0585938,5.0898438,3.1601562
0.0,0.0,0.0,0.0,0.0,0.0,0.0,1.0,0.5,7.0,17.0,3.0,3.0,3.0,1.0,2568.78,5.0898438,5.109375,3.1796875
0.0,0.0,0.0,0.0,0.0,0.0,0.0,1.0,0.5,7.0,17.0,3.0,3.0,3.0,1.0,2568.78,5.0390625,5.0703125,3.1601562
0.0,0.0,0.0,0.0,0.0,0.0,0.0,1.0,0.5,6.0,18.0,2.0,3.0,2.0,0.0,2568.78,5.0390625,5.078125,3.1796875
0.0,0.0,0.0,0.0,0.0,0.0,0.0,1.0,0.5,6.0,18.0,2.0,3.0,3.0,0.0,2568.78,5.0585938,5.078125,3.1191406
0.0,0.0,0.0,0.0,0.0,0.0,0.0,1.0,0.5,6.0,18.0,2.0,3.0,2.0,0.0,2568.78,4.96875,5.0117188,3.1796875
0.0,0.0,0.0,0.0,0.0,0.0,0.0,1.0,0.5,6.0,18.0,2.0,3.0,3.0,0.0,2568.78,5.0898438,5.1210938,3.109375
0.0,0.0,0.0,0.0,0.0,0.0,0.0,1.0,0.5,6.0,18.0,2.0,3.0,2.0,0.0,2568.78,4.9296875,4.9882812,3.1796875
0.0,0.0,0.0,0.0,0.0,0.0,0.0,1.0,0.5,8.0,17.0,2.0,3.0,3.0,2.0,2568.8,4.9414062,4.9804688,3.2109375
0.0,0.0,0.0,0.0,0.0,0.0,0.0,1.0,0.5,5.0,17.0,2.0,3.0,2.0,0.0,2568.8,5.1015625,5.1601562,3.0800781
0.0,0.0,0.0,0.0,0.0,0.0,0.0,1.0,0.5,4.0,16.0,3.0,3.0,3.0,0.0,2568.8,5.0898438,5.109375,3.1308594
0.0,0.0,0.0,0.0,0.0,0.0,0.0,1.0,0.5600586,6.0,13.0,3.0,3.0,3.0,2.0,2447.07,5.2382812,5.2695312,3.2890625
0.0,0.0,0.0,0.0,0.0,0.0,0.0,1.0,0.5,5.0,17.0,2.0,3.0,2.0,0.0,2447.12,4.9296875,4.9609375,3.2207031
0.0,0.0,0.0,0.0,0.0,0.0,0.0,1.0,0.5,5.0,18.0,2.0,3.0,2.0,0.0,2447.17,4.9492188,5.0,3.1191406
0.0,0.0,0.0,0.0,0.0,0.0,0.0,1.0,0.5,4.0,18.0,3.0,2.0,3.0,0.0,2447.32,5.140625,5.1601562,3.0703125
0.0,0.0,0.0,0.0,0.0,0.0,0.0,1.0,0.7001953,4.0,12.0,2.0,3.0,2.0,0.0,2447.39,5.5390625,5.5898438,3.5195312
0.0,0.0,0.0,0.0,0.0,0.0,0.0,1.0,1.0,3.0,10.0,3.0,3.0,2.0,0.0,2447.48,6.5117188,6.46875,3.8808594
0.0,0.0,0.0,0.0,0.0,0.0,0.0,1.0,0.5,5.0,15.0,2.0,2.0,2.0,0.0,2447.64,5.0195312,5.0703125,3.109375
0.0,0.0,0.0,0.0,0.0,0.0,0.0,1.0,0.5,5.0,15.0,3.0,3.0,2.0,0.0,2447.64,5.140625,5.1601562,3.0703125
0.0,0.0,0.0,0.0,0.0,0.0,0.0,1.0,0.5,6.0,16.0,2.0,3.0,2.0,0.0,2507.91,5.0585938,5.0898438,3.0898438
0.0,0.0,0.0,0.0,0.0,0.0,0.0,1.0,0.5,6.0,15.0,2.0,2.0,2.0,0.0,2507.96,4.9296875,4.9804688,3.1796875
0.0,0.0,0.0,0.0,0.0,0.0,0.0,1.0,0.5,8.0,13.0,3.0,3.0,3.0,2.0,2508.02,5.1796875,5.1992188,3.0996094
0.0,0.0,0.0,0.0,0.0,0.0,0.0,1.0,0.5,5.0,16.0,2.0,3.0,2.0,0.0,2508.1,5.0390625,5.109375,3.1503906
0.0,0.0,0.0,0.0,0.0,0.0,0.0,1.0,0.75,4.0,11.0,3.0,3.0,3.0,0.0,2508.11,5.7890625,5.8203125,3.6308594
0.0,0.0,0.0,0.0,0.0,0.0,0.0,1.0,0.64990234,3.0,14.0,3.0,3.0,3.0,0.0,2508.64,5.5585938,5.5898438,3.4296875
0.0,0.0,0.0,0.0,0.0,0.0,0.0,1.0,0.5,7.0,15.0,3.0,3.0,3.0,1.0,2508.78,5.0507812,5.0703125,3.1796875
0.0,0.0,0.0,0.0,0.0,0.0,0.0,1.0,0.5,8.0,13.0,3.0,3.0,3.0,2.0,2508.85,5.03125,5.0703125,3.1699219
0.0,0.0,0.0,0.0,0.0,0.0,0.0,1.0,0.5,4.0,16.0,3.0,3.0,3.0,0.0,2508.86,5.1015625,5.1210938,3.1191406
0.0,0.0,0.0,0.0,0.0,0.0,0.0,1.0,0.5,4.0,16.0,3.0,3.0,3.0,0.0,2508.86,5.0703125,5.1015625,3.1796875
0.0,0.0,0.0,0.0,0.0,0.0,0.0,1.0,0.5,5.0,16.0,2.0,3.0,2.0,2.0,2470.85,4.9414062,5.0,3.1894531
0.0,0.0,0.0,0.0,0.0,0.0,0.0,1.0,0.5,5.0,16.0,2.0,2.0,2.0,0.0,2470.85,4.9414062,5.0,3.1601562
0.0,0.0,0.0,0.0,0.0,0.0,0.0,1.0,0.5,5.0,16.0,2.0,3.0,2.0,0.0,2470.85,5.109375,5.171875,3.0605469
0.0,0.0,0.0,0.0,0.0,0.0,0.0,1.0,0.58984375,4.0,14.0,3.0,3.0,3.0,2.0,2470.9,5.4101562,5.4414062,3.3007812
0.0,0.0,0.0,0.0,0.0,0.0,0.0,1.0,0.5,4.0,17.0,3.0,3.0,3.0,0.0,2470.92,5.0703125,5.0898438,3.1796875
0.0,0.0,0.0,0.0,0.0,0.0,0.0,1.0,0.5,6.0,18.0,3.0,3.0,3.0,1.0,2470.95,5.0585938,5.0898438,3.1699219
0.0,0.0,0.0,0.0,0.0,0.0,0.0,1.0,0.5600586,6.0,14.0,3.0,3.0,3.0,0.0,2471.36,5.3085938,5.3515625,3.2695312
0.0,0.0,0.0,0.0,0.0,0.0,0.0,1.0,0.6201172,3.0,16.0,3.0,3.0,3.0,0.0,2471.39,5.5390625,5.5585938,3.3203125
0.0,0.0,0.0,0.0,0.0,0.0,0.0,1.0,0.5,4.0,17.0,3.0,3.0,3.0,0.0,2471.74,5.171875,5.1796875,3.0996094
0.0,0.0,0.0,0.0,0.0,0.0,0.0,1.0,0.5,4.0,17.0,3.0,3.0,3.0,0.0,2471.74,5.1289062,5.1484375,3.109375
0.0,0.0,0.0,0.0,0.0,0.0,0.0,1.0,0.5,4.0,17.0,3.0,3.0,3.0,0.0,2471.74,5.1210938,5.1484375,3.1308594
0.0,0.0,0.0,0.0,0.0,0.0,0.0,1.0,0.5,6.0,18.0,3.0,3.0,3.0,1.0,2471.74,5.0390625,5.0585938,3.1699219
0.0,0.0,0.0,0.0,0.0,0.0,0.0,1.0,0.5,4.0,18.0,3.0,3.0,2.0,0.0,2452.64,5.0195312,5.0585938,3.1699219
0.0,0.0,0.0,0.0,0.0,0.0,0.0,1.0,0.5,4.0,18.0,3.0,3.0,3.0,0.0,2452.64,5.0703125,5.0898438,3.1699219
0.0,0.0,0.0,0.0,0.0,0.0,0.0,1.0,0.5,4.0,18.0,3.0,3.0,3.0,0.0,2452.64,5.0898438,5.109375,3.1699219
0.0,0.0,0.0,0.0,0.0,0.0,0.0,1.0,0.5,4.0,18.0,3.0,3.0,3.0,0.0,2452.64,5.1484375,5.171875,3.1308594
0.0,0.0,0.0,0.0,0.0,0.0,0.0,1.0,0.5,4.0,16.0,3.0,3.0,3.0,0.0,2452.69,5.03125,5.0585938,3.1699219
0.0,0.0,0.0,0.0,0.0,0.0,0.0,1.0,0.5,5.0,15.0,3.0,3.0,3.0,2.0,2452.76,5.140625,5.171875,3.1191406
0.0,0.0,0.0,0.0,0.0,0.0,0.0,1.0,0.89990234,6.0,5.0,3.0,3.0,3.0,0.0,2452.76,6.1015625,6.140625,3.859375
0.0,0.0,0.0,0.0,0.0,0.0,0.0,1.0,0.5,4.0,17.0,3.0,3.0,3.0,0.0,2453.1,5.0,5.0390625,3.1796875
0.0,0.0,0.0,0.0,0.0,0.0,0.0,1.0,0.5,4.0,17.0,3.0,3.0,3.0,0.0,2453.1,5.03125,5.0585938,3.1601562
0.0,0.0,0.0,0.0,0.0,0.0,0.0,1.0,0.5,5.0,18.0,2.0,3.0,2.0,0.0,2453.2,4.9296875,4.9609375,3.1894531
0.0,0.0,0.0,0.0,0.0,0.0,0.0,1.0,0.52001953,4.0,14.0,3.0,3.0,3.0,0.0,2453.41,5.109375,5.1289062,3.1992188
0.0,0.0,0.0,0.0,0.0,0.0,0.0,1.0,0.5,6.0,14.0,3.0,3.0,2.0,0.0,2453.69,5.0898438,5.1289062,3.1191406
